city_id,teryt_code,city_name,year,month,supply_type,cumulative_value,period_value,attribute,months_available,is_full_year,period_derivation_issue
1,2061000,Białystok,2005,1,completed,40.0,40.0,,12,True,False
1,2061000,Białystok,2005,2,completed,85.0,45.0,,12,True,False
1,2061000,Białystok,2005,3,completed,144.0,59.0,,12,True,False
1,2061000,Białystok,2005,4,completed,211.0,67.0,,12,True,False
1,2061000,Białystok,2005,5,completed,291.0,80.0,,12,True,False
1,2061000,Białystok,2005,6,completed,383.0,92.0,,12,True,False
1,2061000,Białystok,2005,7,completed,500.0,117.0,,12,True,False
1,2061000,Białystok,2005,8,completed,678.0,178.0,,12,True,False
1,2061000,Białystok,2005,9,completed,826.0,148.0,,12,True,False
1,2061000,Białystok,2005,10,completed,902.0,76.0,,12,True,False
1,2061000,Białystok,2005,11,completed,1068.0,166.0,,12,True,False
1,2061000,Białystok,2005,12,completed,1225.0,157.0,,12,True,False
1,2061000,Białystok,2006,1,completed,113.0,113.0,,12,True,False
1,2061000,Białystok,2006,2,completed,143.0,30.0,,12,True,False
1,2061000,Białystok,2006,3,completed,255.0,112.0,,12,True,False
1,2061000,Białystok,2006,4,completed,301.0,46.0,,12,True,False
1,2061000,Białystok,2006,5,completed,315.0,14.0,,12,True,False
1,2061000,Białystok,2006,6,completed,496.0,181.0,,12,True,False
1,2061000,Białystok,2006,7,completed,577.0,81.0,,12,True,False
1,2061000,Białystok,2006,8,completed,613.0,36.0,,12,True,False
1,2061000,Białystok,2006,9,completed,695.0,82.0,,12,True,False
1,2061000,Białystok,2006,10,completed,738.0,43.0,,12,True,False
1,2061000,Białystok,2006,11,completed,893.0,155.0,,12,True,False
1,2061000,Białystok,2006,12,completed,1219.0,326.0,,12,True,False
1,2061000,Białystok,2007,1,completed,14.0,14.0,,12,True,False
1,2061000,Białystok,2007,2,completed,85.0,71.0,,12,True,False
1,2061000,Białystok,2007,3,completed,135.0,50.0,,12,True,False
1,2061000,Białystok,2007,4,completed,232.0,97.0,,12,True,False
1,2061000,Białystok,2007,5,completed,260.0,28.0,,12,True,False
1,2061000,Białystok,2007,6,completed,402.0,142.0,,12,True,False
1,2061000,Białystok,2007,7,completed,492.0,90.0,,12,True,False
1,2061000,Białystok,2007,8,completed,789.0,297.0,,12,True,False
1,2061000,Białystok,2007,9,completed,858.0,69.0,,12,True,False
1,2061000,Białystok,2007,10,completed,1064.0,206.0,,12,True,False
1,2061000,Białystok,2007,11,completed,1364.0,300.0,,12,True,False
1,2061000,Białystok,2007,12,completed,1667.0,303.0,,12,True,False
1,2061000,Białystok,2008,1,completed,143.0,143.0,,12,True,False
1,2061000,Białystok,2008,2,completed,265.0,122.0,,12,True,False
1,2061000,Białystok,2008,3,completed,311.0,46.0,,12,True,False
1,2061000,Białystok,2008,4,completed,478.0,167.0,,12,True,False
1,2061000,Białystok,2008,5,completed,544.0,66.0,,12,True,False
1,2061000,Białystok,2008,6,completed,628.0,84.0,,12,True,False
1,2061000,Białystok,2008,7,completed,699.0,71.0,,12,True,False
1,2061000,Białystok,2008,8,completed,779.0,80.0,,12,True,False
1,2061000,Białystok,2008,9,completed,1144.0,365.0,,12,True,False
1,2061000,Białystok,2008,10,completed,1198.0,54.0,,12,True,False
1,2061000,Białystok,2008,11,completed,1336.0,138.0,,12,True,False
1,2061000,Białystok,2008,12,completed,1574.0,238.0,,12,True,False
1,2061000,Białystok,2009,1,completed,200.0,200.0,,12,True,False
1,2061000,Białystok,2009,2,completed,305.0,105.0,,12,True,False
1,2061000,Białystok,2009,3,completed,348.0,43.0,,12,True,False
1,2061000,Białystok,2009,4,completed,395.0,47.0,,12,True,False
1,2061000,Białystok,2009,5,completed,458.0,63.0,,12,True,False
1,2061000,Białystok,2009,6,completed,483.0,25.0,,12,True,False
1,2061000,Białystok,2009,7,completed,574.0,91.0,,12,True,False
1,2061000,Białystok,2009,8,completed,653.0,79.0,,12,True,False
1,2061000,Białystok,2009,9,completed,851.0,198.0,,12,True,False
1,2061000,Białystok,2009,10,completed,899.0,48.0,,12,True,False
1,2061000,Białystok,2009,11,completed,1136.0,237.0,,12,True,False
1,2061000,Białystok,2009,12,completed,1533.0,397.0,,12,True,False
1,2061000,Białystok,2010,1,completed,170.0,170.0,,12,True,False
1,2061000,Białystok,2010,2,completed,269.0,99.0,,12,True,False
1,2061000,Białystok,2010,3,completed,427.0,158.0,,12,True,False
1,2061000,Białystok,2010,4,completed,499.0,72.0,,12,True,False
1,2061000,Białystok,2010,5,completed,512.0,13.0,,12,True,False
1,2061000,Białystok,2010,6,completed,736.0,224.0,,12,True,False
1,2061000,Białystok,2010,7,completed,901.0,165.0,,12,True,False
1,2061000,Białystok,2010,8,completed,972.0,71.0,,12,True,False
1,2061000,Białystok,2010,9,completed,1182.0,210.0,,12,True,False
1,2061000,Białystok,2010,10,completed,1206.0,24.0,,12,True,False
1,2061000,Białystok,2010,11,completed,1455.0,249.0,,12,True,False
1,2061000,Białystok,2010,12,completed,1630.0,175.0,,12,True,False
1,2061000,Białystok,2011,1,completed,46.0,46.0,,12,True,False
1,2061000,Białystok,2011,2,completed,131.0,85.0,,12,True,False
1,2061000,Białystok,2011,3,completed,222.0,91.0,,12,True,False
1,2061000,Białystok,2011,4,completed,312.0,90.0,,12,True,False
1,2061000,Białystok,2011,5,completed,408.0,96.0,,12,True,False
1,2061000,Białystok,2011,6,completed,592.0,184.0,,12,True,False
1,2061000,Białystok,2011,7,completed,796.0,204.0,,12,True,False
1,2061000,Białystok,2011,8,completed,915.0,119.0,,12,True,False
1,2061000,Białystok,2011,9,completed,938.0,23.0,,12,True,False
1,2061000,Białystok,2011,10,completed,1023.0,85.0,,12,True,False
1,2061000,Białystok,2011,11,completed,1139.0,116.0,,12,True,False
1,2061000,Białystok,2011,12,completed,1711.0,572.0,,12,True,False
1,2061000,Białystok,2012,1,completed,83.0,83.0,,12,True,False
1,2061000,Białystok,2012,2,completed,232.0,149.0,,12,True,False
1,2061000,Białystok,2012,3,completed,256.0,24.0,,12,True,False
1,2061000,Białystok,2012,4,completed,543.0,287.0,,12,True,False
1,2061000,Białystok,2012,5,completed,739.0,196.0,,12,True,False
1,2061000,Białystok,2012,6,completed,1074.0,335.0,,12,True,False
1,2061000,Białystok,2012,7,completed,1143.0,69.0,,12,True,False
1,2061000,Białystok,2012,8,completed,1383.0,240.0,,12,True,False
1,2061000,Białystok,2012,9,completed,1667.0,284.0,,12,True,False
1,2061000,Białystok,2012,10,completed,1767.0,100.0,,12,True,False
1,2061000,Białystok,2012,11,completed,1983.0,216.0,,12,True,False
1,2061000,Białystok,2012,12,completed,2249.0,266.0,,12,True,False
1,2061000,Białystok,2013,1,completed,24.0,24.0,,12,True,False
1,2061000,Białystok,2013,2,completed,39.0,15.0,,12,True,False
1,2061000,Białystok,2013,3,completed,105.0,66.0,,12,True,False
1,2061000,Białystok,2013,4,completed,306.0,201.0,,12,True,False
1,2061000,Białystok,2013,5,completed,352.0,46.0,,12,True,False
1,2061000,Białystok,2013,6,completed,403.0,51.0,,12,True,False
1,2061000,Białystok,2013,7,completed,655.0,252.0,,12,True,False
1,2061000,Białystok,2013,8,completed,865.0,210.0,,12,True,False
1,2061000,Białystok,2013,9,completed,1032.0,167.0,,12,True,False
1,2061000,Białystok,2013,10,completed,1114.0,82.0,,12,True,False
1,2061000,Białystok,2013,11,completed,1300.0,186.0,,12,True,False
1,2061000,Białystok,2013,12,completed,1574.0,274.0,,12,True,False
1,2061000,Białystok,2014,1,completed,121.0,121.0,,12,True,False
1,2061000,Białystok,2014,2,completed,250.0,129.0,,12,True,False
1,2061000,Białystok,2014,3,completed,355.0,105.0,,12,True,False
1,2061000,Białystok,2014,4,completed,533.0,178.0,,12,True,False
1,2061000,Białystok,2014,5,completed,785.0,252.0,,12,True,False
1,2061000,Białystok,2014,6,completed,860.0,75.0,,12,True,False
1,2061000,Białystok,2014,7,completed,920.0,60.0,,12,True,False
1,2061000,Białystok,2014,8,completed,1048.0,128.0,,12,True,False
1,2061000,Białystok,2014,9,completed,1111.0,63.0,,12,True,False
1,2061000,Białystok,2014,10,completed,1369.0,258.0,,12,True,False
1,2061000,Białystok,2014,11,completed,1712.0,343.0,,12,True,False
1,2061000,Białystok,2014,12,completed,1736.0,24.0,,12,True,False
1,2061000,Białystok,2015,1,completed,119.0,119.0,,12,True,False
1,2061000,Białystok,2015,2,completed,280.0,161.0,,12,True,False
1,2061000,Białystok,2015,3,completed,323.0,43.0,,12,True,False
1,2061000,Białystok,2015,4,completed,359.0,36.0,,12,True,False
1,2061000,Białystok,2015,5,completed,524.0,165.0,,12,True,False
1,2061000,Białystok,2015,6,completed,915.0,391.0,,12,True,False
1,2061000,Białystok,2015,7,completed,1047.0,132.0,,12,True,False
1,2061000,Białystok,2015,8,completed,1133.0,86.0,,12,True,False
1,2061000,Białystok,2015,9,completed,1241.0,108.0,,12,True,False
1,2061000,Białystok,2015,10,completed,1479.0,238.0,,12,True,False
1,2061000,Białystok,2015,11,completed,1689.0,210.0,,12,True,False
1,2061000,Białystok,2015,12,completed,2088.0,399.0,,12,True,False
1,2061000,Białystok,2016,1,completed,174.0,174.0,,12,True,False
1,2061000,Białystok,2016,2,completed,277.0,103.0,,12,True,False
1,2061000,Białystok,2016,3,completed,303.0,26.0,,12,True,False
1,2061000,Białystok,2016,4,completed,343.0,40.0,,12,True,False
1,2061000,Białystok,2016,5,completed,497.0,154.0,,12,True,False
1,2061000,Białystok,2016,6,completed,875.0,378.0,,12,True,False
1,2061000,Białystok,2016,7,completed,965.0,90.0,,12,True,False
1,2061000,Białystok,2016,8,completed,1106.0,141.0,,12,True,False
1,2061000,Białystok,2016,9,completed,1177.0,71.0,,12,True,False
1,2061000,Białystok,2016,10,completed,1403.0,226.0,,12,True,False
1,2061000,Białystok,2016,11,completed,1651.0,248.0,,12,True,False
1,2061000,Białystok,2016,12,completed,1795.0,144.0,,12,True,False
1,2061000,Białystok,2017,1,completed,404.0,404.0,,12,True,False
1,2061000,Białystok,2017,2,completed,563.0,159.0,,12,True,False
1,2061000,Białystok,2017,3,completed,653.0,90.0,,12,True,False
1,2061000,Białystok,2017,4,completed,690.0,37.0,,12,True,False
1,2061000,Białystok,2017,5,completed,880.0,190.0,,12,True,False
1,2061000,Białystok,2017,6,completed,1086.0,206.0,,12,True,False
1,2061000,Białystok,2017,7,completed,1327.0,241.0,,12,True,False
1,2061000,Białystok,2017,8,completed,1565.0,238.0,,12,True,False
1,2061000,Białystok,2017,9,completed,1604.0,39.0,,12,True,False
1,2061000,Białystok,2017,10,completed,1713.0,109.0,,12,True,False
1,2061000,Białystok,2017,11,completed,1775.0,62.0,,12,True,False
1,2061000,Białystok,2017,12,completed,2033.0,258.0,,12,True,False
1,2061000,Białystok,2018,1,completed,110.0,110.0,,12,True,False
1,2061000,Białystok,2018,2,completed,125.0,15.0,,12,True,False
1,2061000,Białystok,2018,3,completed,262.0,137.0,,12,True,False
1,2061000,Białystok,2018,4,completed,501.0,239.0,,12,True,False
1,2061000,Białystok,2018,5,completed,573.0,72.0,,12,True,False
1,2061000,Białystok,2018,6,completed,716.0,143.0,,12,True,False
1,2061000,Białystok,2018,7,completed,982.0,266.0,,12,True,False
1,2061000,Białystok,2018,8,completed,1231.0,249.0,,12,True,False
1,2061000,Białystok,2018,9,completed,1262.0,31.0,,12,True,False
1,2061000,Białystok,2018,10,completed,1469.0,207.0,,12,True,False
1,2061000,Białystok,2018,11,completed,1634.0,165.0,,12,True,False
1,2061000,Białystok,2018,12,completed,1927.0,293.0,,12,True,False
1,2061000,Białystok,2019,1,completed,143.0,143.0,,12,True,False
1,2061000,Białystok,2019,2,completed,220.0,77.0,,12,True,False
1,2061000,Białystok,2019,3,completed,421.0,201.0,,12,True,False
1,2061000,Białystok,2019,4,completed,469.0,48.0,,12,True,False
1,2061000,Białystok,2019,5,completed,816.0,347.0,,12,True,False
1,2061000,Białystok,2019,6,completed,861.0,45.0,,12,True,False
1,2061000,Białystok,2019,7,completed,1301.0,440.0,,12,True,False
1,2061000,Białystok,2019,8,completed,1469.0,168.0,,12,True,False
1,2061000,Białystok,2019,9,completed,1753.0,284.0,,12,True,False
1,2061000,Białystok,2019,10,completed,1876.0,123.0,,12,True,False
1,2061000,Białystok,2019,11,completed,2235.0,359.0,,12,True,False
1,2061000,Białystok,2019,12,completed,2450.0,215.0,,12,True,False
1,2061000,Białystok,2020,1,completed,49.0,49.0,,12,True,False
1,2061000,Białystok,2020,2,completed,387.0,338.0,,12,True,False
1,2061000,Białystok,2020,3,completed,596.0,209.0,,12,True,False
1,2061000,Białystok,2020,4,completed,688.0,92.0,,12,True,False
1,2061000,Białystok,2020,5,completed,839.0,151.0,,12,True,False
1,2061000,Białystok,2020,6,completed,1104.0,265.0,,12,True,False
1,2061000,Białystok,2020,7,completed,1472.0,368.0,,12,True,False
1,2061000,Białystok,2020,8,completed,1524.0,52.0,,12,True,False
1,2061000,Białystok,2020,9,completed,1639.0,115.0,,12,True,False
1,2061000,Białystok,2020,10,completed,1969.0,330.0,,12,True,False
1,2061000,Białystok,2020,11,completed,2428.0,459.0,,12,True,False
1,2061000,Białystok,2020,12,completed,2832.0,404.0,,12,True,False
1,2061000,Białystok,2021,1,completed,16.0,16.0,,12,True,False
1,2061000,Białystok,2021,2,completed,223.0,207.0,,12,True,False
1,2061000,Białystok,2021,3,completed,377.0,154.0,,12,True,False
1,2061000,Białystok,2021,4,completed,776.0,399.0,,12,True,False
1,2061000,Białystok,2021,5,completed,1174.0,398.0,,12,True,False
1,2061000,Białystok,2021,6,completed,1440.0,266.0,,12,True,False
1,2061000,Białystok,2021,7,completed,1510.0,70.0,,12,True,False
1,2061000,Białystok,2021,8,completed,1558.0,48.0,,12,True,False
1,2061000,Białystok,2021,9,completed,1780.0,222.0,,12,True,False
1,2061000,Białystok,2021,10,completed,2351.0,571.0,,12,True,False
1,2061000,Białystok,2021,11,completed,2804.0,453.0,,12,True,False
1,2061000,Białystok,2021,12,completed,3234.0,430.0,,12,True,False
1,2061000,Białystok,2022,1,completed,202.0,202.0,,12,True,False
1,2061000,Białystok,2022,2,completed,255.0,53.0,,12,True,False
1,2061000,Białystok,2022,3,completed,344.0,89.0,,12,True,False
1,2061000,Białystok,2022,4,completed,499.0,155.0,,12,True,False
1,2061000,Białystok,2022,5,completed,812.0,313.0,,12,True,False
1,2061000,Białystok,2022,6,completed,1207.0,395.0,,12,True,False
1,2061000,Białystok,2022,7,completed,1232.0,25.0,,12,True,False
1,2061000,Białystok,2022,8,completed,1280.0,48.0,,12,True,False
1,2061000,Białystok,2022,9,completed,1503.0,223.0,,12,True,False
1,2061000,Białystok,2022,10,completed,1656.0,153.0,,12,True,False
1,2061000,Białystok,2022,11,completed,1873.0,217.0,,12,True,False
1,2061000,Białystok,2022,12,completed,1979.0,106.0,,12,True,False
1,2061000,Białystok,2023,1,completed,431.0,431.0,,12,True,False
1,2061000,Białystok,2023,2,completed,724.0,293.0,,12,True,False
1,2061000,Białystok,2023,3,completed,905.0,181.0,,12,True,False
1,2061000,Białystok,2023,4,completed,1212.0,307.0,,12,True,False
1,2061000,Białystok,2023,5,completed,1323.0,111.0,,12,True,False
1,2061000,Białystok,2023,6,completed,1633.0,310.0,,12,True,False
1,2061000,Białystok,2023,7,completed,1766.0,133.0,,12,True,False
1,2061000,Białystok,2023,8,completed,1838.0,72.0,,12,True,False
1,2061000,Białystok,2023,9,completed,1882.0,44.0,,12,True,False
1,2061000,Białystok,2023,10,completed,2170.0,288.0,,12,True,False
1,2061000,Białystok,2023,11,completed,2337.0,167.0,,12,True,False
1,2061000,Białystok,2023,12,completed,2786.0,449.0,,12,True,False
1,2061000,Białystok,2024,1,completed,823.0,823.0,,12,True,False
1,2061000,Białystok,2024,2,completed,1087.0,264.0,,12,True,False
1,2061000,Białystok,2024,3,completed,1207.0,120.0,,12,True,False
1,2061000,Białystok,2024,4,completed,1338.0,131.0,,12,True,False
1,2061000,Białystok,2024,5,completed,1428.0,90.0,,12,True,False
1,2061000,Białystok,2024,6,completed,1513.0,85.0,,12,True,False
1,2061000,Białystok,2024,7,completed,1733.0,220.0,,12,True,False
1,2061000,Białystok,2024,8,completed,1906.0,173.0,,12,True,False
1,2061000,Białystok,2024,9,completed,1952.0,46.0,,12,True,False
1,2061000,Białystok,2024,10,completed,2409.0,457.0,,12,True,False
1,2061000,Białystok,2024,11,completed,2439.0,30.0,,12,True,False
1,2061000,Białystok,2024,12,completed,2503.0,64.0,,12,True,False
1,2061000,Białystok,2025,1,completed,151.0,151.0,,12,True,False
1,2061000,Białystok,2025,2,completed,224.0,73.0,,12,True,False
1,2061000,Białystok,2025,3,completed,617.0,393.0,,12,True,False
1,2061000,Białystok,2025,4,completed,685.0,68.0,,12,True,False
1,2061000,Białystok,2025,5,completed,968.0,283.0,,12,True,False
1,2061000,Białystok,2025,6,completed,1120.0,152.0,,12,True,False
1,2061000,Białystok,2025,7,completed,1130.0,10.0,,12,True,False
1,2061000,Białystok,2025,8,completed,1308.0,178.0,,12,True,False
1,2061000,Białystok,2025,9,completed,1327.0,19.0,,12,True,False
1,2061000,Białystok,2025,10,completed,1517.0,190.0,,12,True,False
1,2061000,Białystok,2025,11,completed,1579.0,62.0,,12,True,False
1,2061000,Białystok,2025,12,completed,1693.0,114.0,,12,True,False
1,2061000,Białystok,2026,1,completed,55.0,55.0,,6,False,False
1,2061000,Białystok,2026,2,completed,151.0,96.0,,6,False,False
1,2061000,Białystok,2026,3,completed,158.0,7.0,,6,False,False
1,2061000,Białystok,2026,4,completed,165.0,7.0,,6,False,False
1,2061000,Białystok,2026,5,completed,256.0,91.0,,6,False,False
1,2061000,Białystok,2026,6,completed,311.0,55.0,,6,False,False
2,0461000,Bydgoszcz,2005,1,completed,117.0,117.0,,12,True,False
2,0461000,Bydgoszcz,2005,2,completed,150.0,33.0,,12,True,False
2,0461000,Bydgoszcz,2005,3,completed,197.0,47.0,,12,True,False
2,0461000,Bydgoszcz,2005,4,completed,201.0,4.0,,12,True,False
2,0461000,Bydgoszcz,2005,5,completed,227.0,26.0,,12,True,False
2,0461000,Bydgoszcz,2005,6,completed,257.0,30.0,,12,True,False
2,0461000,Bydgoszcz,2005,7,completed,285.0,28.0,,12,True,False
2,0461000,Bydgoszcz,2005,8,completed,319.0,34.0,,12,True,False
2,0461000,Bydgoszcz,2005,9,completed,333.0,14.0,,12,True,False
2,0461000,Bydgoszcz,2005,10,completed,415.0,82.0,,12,True,False
2,0461000,Bydgoszcz,2005,11,completed,500.0,85.0,,12,True,False
2,0461000,Bydgoszcz,2005,12,completed,505.0,5.0,,12,True,False
2,0461000,Bydgoszcz,2006,1,completed,74.0,74.0,,12,True,False
2,0461000,Bydgoszcz,2006,2,completed,98.0,24.0,,12,True,False
2,0461000,Bydgoszcz,2006,3,completed,116.0,18.0,,12,True,False
2,0461000,Bydgoszcz,2006,4,completed,124.0,8.0,,12,True,False
2,0461000,Bydgoszcz,2006,5,completed,138.0,14.0,,12,True,False
2,0461000,Bydgoszcz,2006,6,completed,150.0,12.0,,12,True,False
2,0461000,Bydgoszcz,2006,7,completed,158.0,8.0,,12,True,False
2,0461000,Bydgoszcz,2006,8,completed,365.0,207.0,,12,True,False
2,0461000,Bydgoszcz,2006,9,completed,448.0,83.0,,12,True,False
2,0461000,Bydgoszcz,2006,10,completed,509.0,61.0,,12,True,False
2,0461000,Bydgoszcz,2006,11,completed,638.0,129.0,,12,True,False
2,0461000,Bydgoszcz,2006,12,completed,681.0,43.0,,12,True,False
2,0461000,Bydgoszcz,2007,1,completed,8.0,8.0,,12,True,False
2,0461000,Bydgoszcz,2007,2,completed,115.0,107.0,,12,True,False
2,0461000,Bydgoszcz,2007,3,completed,127.0,12.0,,12,True,False
2,0461000,Bydgoszcz,2007,4,completed,162.0,35.0,,12,True,False
2,0461000,Bydgoszcz,2007,5,completed,344.0,182.0,,12,True,False
2,0461000,Bydgoszcz,2007,6,completed,414.0,70.0,,12,True,False
2,0461000,Bydgoszcz,2007,7,completed,470.0,56.0,,12,True,False
2,0461000,Bydgoszcz,2007,8,completed,494.0,24.0,,12,True,False
2,0461000,Bydgoszcz,2007,9,completed,526.0,32.0,,12,True,False
2,0461000,Bydgoszcz,2007,10,completed,593.0,67.0,,12,True,False
2,0461000,Bydgoszcz,2007,11,completed,655.0,62.0,,12,True,False
2,0461000,Bydgoszcz,2007,12,completed,668.0,13.0,,12,True,False
2,0461000,Bydgoszcz,2008,1,completed,127.0,127.0,,12,True,False
2,0461000,Bydgoszcz,2008,2,completed,189.0,62.0,,12,True,False
2,0461000,Bydgoszcz,2008,3,completed,277.0,88.0,,12,True,False
2,0461000,Bydgoszcz,2008,4,completed,526.0,249.0,,12,True,False
2,0461000,Bydgoszcz,2008,5,completed,529.0,3.0,,12,True,False
2,0461000,Bydgoszcz,2008,6,completed,586.0,57.0,,12,True,False
2,0461000,Bydgoszcz,2008,7,completed,794.0,208.0,,12,True,False
2,0461000,Bydgoszcz,2008,8,completed,829.0,35.0,,12,True,False
2,0461000,Bydgoszcz,2008,9,completed,921.0,92.0,,12,True,False
2,0461000,Bydgoszcz,2008,10,completed,1240.0,319.0,,12,True,False
2,0461000,Bydgoszcz,2008,11,completed,1258.0,18.0,,12,True,False
2,0461000,Bydgoszcz,2008,12,completed,1512.0,254.0,,12,True,False
2,0461000,Bydgoszcz,2009,1,completed,109.0,109.0,,12,True,False
2,0461000,Bydgoszcz,2009,2,completed,118.0,9.0,,12,True,False
2,0461000,Bydgoszcz,2009,3,completed,122.0,4.0,,12,True,False
2,0461000,Bydgoszcz,2009,4,completed,127.0,5.0,,12,True,False
2,0461000,Bydgoszcz,2009,5,completed,212.0,85.0,,12,True,False
2,0461000,Bydgoszcz,2009,6,completed,237.0,25.0,,12,True,False
2,0461000,Bydgoszcz,2009,7,completed,420.0,183.0,,12,True,False
2,0461000,Bydgoszcz,2009,8,completed,428.0,8.0,,12,True,False
2,0461000,Bydgoszcz,2009,9,completed,486.0,58.0,,12,True,False
2,0461000,Bydgoszcz,2009,10,completed,571.0,85.0,,12,True,False
2,0461000,Bydgoszcz,2009,11,completed,948.0,377.0,,12,True,False
2,0461000,Bydgoszcz,2009,12,completed,987.0,39.0,,12,True,False
2,0461000,Bydgoszcz,2010,1,completed,227.0,227.0,,12,True,False
2,0461000,Bydgoszcz,2010,2,completed,237.0,10.0,,12,True,False
2,0461000,Bydgoszcz,2010,3,completed,275.0,38.0,,12,True,False
2,0461000,Bydgoszcz,2010,4,completed,444.0,169.0,,12,True,False
2,0461000,Bydgoszcz,2010,5,completed,517.0,73.0,,12,True,False
2,0461000,Bydgoszcz,2010,6,completed,619.0,102.0,,12,True,False
2,0461000,Bydgoszcz,2010,7,completed,700.0,81.0,,12,True,False
2,0461000,Bydgoszcz,2010,8,completed,729.0,29.0,,12,True,False
2,0461000,Bydgoszcz,2010,9,completed,761.0,32.0,,12,True,False
2,0461000,Bydgoszcz,2010,10,completed,779.0,18.0,,12,True,False
2,0461000,Bydgoszcz,2010,11,completed,834.0,55.0,,12,True,False
2,0461000,Bydgoszcz,2010,12,completed,996.0,162.0,,12,True,False
2,0461000,Bydgoszcz,2011,1,completed,5.0,5.0,,12,True,False
2,0461000,Bydgoszcz,2011,2,completed,50.0,45.0,,12,True,False
2,0461000,Bydgoszcz,2011,3,completed,58.0,8.0,,12,True,False
2,0461000,Bydgoszcz,2011,4,completed,64.0,6.0,,12,True,False
2,0461000,Bydgoszcz,2011,5,completed,156.0,92.0,,12,True,False
2,0461000,Bydgoszcz,2011,6,completed,171.0,15.0,,12,True,False
2,0461000,Bydgoszcz,2011,7,completed,279.0,108.0,,12,True,False
2,0461000,Bydgoszcz,2011,8,completed,451.0,172.0,,12,True,False
2,0461000,Bydgoszcz,2011,9,completed,514.0,63.0,,12,True,False
2,0461000,Bydgoszcz,2011,10,completed,569.0,55.0,,12,True,False
2,0461000,Bydgoszcz,2011,11,completed,689.0,120.0,,12,True,False
2,0461000,Bydgoszcz,2011,12,completed,865.0,176.0,,12,True,False
2,0461000,Bydgoszcz,2012,1,completed,111.0,111.0,,12,True,False
2,0461000,Bydgoszcz,2012,2,completed,197.0,86.0,,12,True,False
2,0461000,Bydgoszcz,2012,3,completed,200.0,3.0,,12,True,False
2,0461000,Bydgoszcz,2012,4,completed,331.0,131.0,,12,True,False
2,0461000,Bydgoszcz,2012,5,completed,342.0,11.0,,12,True,False
2,0461000,Bydgoszcz,2012,6,completed,468.0,126.0,,12,True,False
2,0461000,Bydgoszcz,2012,7,completed,527.0,59.0,,12,True,False
2,0461000,Bydgoszcz,2012,8,completed,568.0,41.0,,12,True,False
2,0461000,Bydgoszcz,2012,9,completed,651.0,83.0,,12,True,False
2,0461000,Bydgoszcz,2012,10,completed,672.0,21.0,,12,True,False
2,0461000,Bydgoszcz,2012,11,completed,758.0,86.0,,12,True,False
2,0461000,Bydgoszcz,2012,12,completed,1023.0,265.0,,12,True,False
2,0461000,Bydgoszcz,2013,1,completed,160.0,160.0,,12,True,False
2,0461000,Bydgoszcz,2013,2,completed,281.0,121.0,,12,True,False
2,0461000,Bydgoszcz,2013,3,completed,477.0,196.0,,12,True,False
2,0461000,Bydgoszcz,2013,4,completed,514.0,37.0,,12,True,False
2,0461000,Bydgoszcz,2013,5,completed,555.0,41.0,,12,True,False
2,0461000,Bydgoszcz,2013,6,completed,589.0,34.0,,12,True,False
2,0461000,Bydgoszcz,2013,7,completed,599.0,10.0,,12,True,False
2,0461000,Bydgoszcz,2013,8,completed,666.0,67.0,,12,True,False
2,0461000,Bydgoszcz,2013,9,completed,694.0,28.0,,12,True,False
2,0461000,Bydgoszcz,2013,10,completed,727.0,33.0,,12,True,False
2,0461000,Bydgoszcz,2013,11,completed,923.0,196.0,,12,True,False
2,0461000,Bydgoszcz,2013,12,completed,1044.0,121.0,,12,True,False
2,0461000,Bydgoszcz,2014,1,completed,65.0,65.0,,12,True,False
2,0461000,Bydgoszcz,2014,2,completed,218.0,153.0,,12,True,False
2,0461000,Bydgoszcz,2014,3,completed,458.0,240.0,,12,True,False
2,0461000,Bydgoszcz,2014,4,completed,482.0,24.0,,12,True,False
2,0461000,Bydgoszcz,2014,5,completed,485.0,3.0,,12,True,False
2,0461000,Bydgoszcz,2014,6,completed,554.0,69.0,,12,True,False
2,0461000,Bydgoszcz,2014,7,completed,636.0,82.0,,12,True,False
2,0461000,Bydgoszcz,2014,8,completed,701.0,65.0,,12,True,False
2,0461000,Bydgoszcz,2014,9,completed,837.0,136.0,,12,True,False
2,0461000,Bydgoszcz,2014,10,completed,897.0,60.0,,12,True,False
2,0461000,Bydgoszcz,2014,11,completed,1116.0,219.0,,12,True,False
2,0461000,Bydgoszcz,2014,12,completed,1225.0,109.0,,12,True,False
2,0461000,Bydgoszcz,2015,1,completed,78.0,78.0,,12,True,False
2,0461000,Bydgoszcz,2015,2,completed,82.0,4.0,,12,True,False
2,0461000,Bydgoszcz,2015,3,completed,165.0,83.0,,12,True,False
2,0461000,Bydgoszcz,2015,4,completed,173.0,8.0,,12,True,False
2,0461000,Bydgoszcz,2015,5,completed,211.0,38.0,,12,True,False
2,0461000,Bydgoszcz,2015,6,completed,217.0,6.0,,12,True,False
2,0461000,Bydgoszcz,2015,7,completed,227.0,10.0,,12,True,False
2,0461000,Bydgoszcz,2015,8,completed,307.0,80.0,,12,True,False
2,0461000,Bydgoszcz,2015,9,completed,426.0,119.0,,12,True,False
2,0461000,Bydgoszcz,2015,10,completed,478.0,52.0,,12,True,False
2,0461000,Bydgoszcz,2015,11,completed,816.0,338.0,,12,True,False
2,0461000,Bydgoszcz,2015,12,completed,940.0,124.0,,12,True,False
2,0461000,Bydgoszcz,2016,1,completed,133.0,133.0,,12,True,False
2,0461000,Bydgoszcz,2016,2,completed,193.0,60.0,,12,True,False
2,0461000,Bydgoszcz,2016,3,completed,359.0,166.0,,12,True,False
2,0461000,Bydgoszcz,2016,4,completed,373.0,14.0,,12,True,False
2,0461000,Bydgoszcz,2016,5,completed,377.0,4.0,,12,True,False
2,0461000,Bydgoszcz,2016,6,completed,474.0,97.0,,12,True,False
2,0461000,Bydgoszcz,2016,7,completed,535.0,61.0,,12,True,False
2,0461000,Bydgoszcz,2016,8,completed,540.0,5.0,,12,True,False
2,0461000,Bydgoszcz,2016,9,completed,606.0,66.0,,12,True,False
2,0461000,Bydgoszcz,2016,10,completed,611.0,5.0,,12,True,False
2,0461000,Bydgoszcz,2016,11,completed,702.0,91.0,,12,True,False
2,0461000,Bydgoszcz,2016,12,completed,864.0,162.0,,12,True,False
2,0461000,Bydgoszcz,2017,1,completed,143.0,143.0,,12,True,False
2,0461000,Bydgoszcz,2017,2,completed,231.0,88.0,,12,True,False
2,0461000,Bydgoszcz,2017,3,completed,478.0,247.0,,12,True,False
2,0461000,Bydgoszcz,2017,4,completed,486.0,8.0,,12,True,False
2,0461000,Bydgoszcz,2017,5,completed,490.0,4.0,,12,True,False
2,0461000,Bydgoszcz,2017,6,completed,714.0,224.0,,12,True,False
2,0461000,Bydgoszcz,2017,7,completed,831.0,117.0,,12,True,False
2,0461000,Bydgoszcz,2017,8,completed,993.0,162.0,,12,True,False
2,0461000,Bydgoszcz,2017,9,completed,1023.0,30.0,,12,True,False
2,0461000,Bydgoszcz,2017,10,completed,1208.0,185.0,,12,True,False
2,0461000,Bydgoszcz,2017,11,completed,1327.0,119.0,,12,True,False
2,0461000,Bydgoszcz,2017,12,completed,1432.0,105.0,,12,True,False
2,0461000,Bydgoszcz,2018,1,completed,275.0,275.0,,12,True,False
2,0461000,Bydgoszcz,2018,2,completed,362.0,87.0,,12,True,False
2,0461000,Bydgoszcz,2018,3,completed,393.0,31.0,,12,True,False
2,0461000,Bydgoszcz,2018,4,completed,394.0,1.0,,12,True,False
2,0461000,Bydgoszcz,2018,5,completed,528.0,134.0,,12,True,False
2,0461000,Bydgoszcz,2018,6,completed,589.0,61.0,,12,True,False
2,0461000,Bydgoszcz,2018,7,completed,671.0,82.0,,12,True,False
2,0461000,Bydgoszcz,2018,8,completed,713.0,42.0,,12,True,False
2,0461000,Bydgoszcz,2018,9,completed,852.0,139.0,,12,True,False
2,0461000,Bydgoszcz,2018,10,completed,941.0,89.0,,12,True,False
2,0461000,Bydgoszcz,2018,11,completed,990.0,49.0,,12,True,False
2,0461000,Bydgoszcz,2018,12,completed,1139.0,149.0,,12,True,False
2,0461000,Bydgoszcz,2019,1,completed,57.0,57.0,,12,True,False
2,0461000,Bydgoszcz,2019,2,completed,243.0,186.0,,12,True,False
2,0461000,Bydgoszcz,2019,3,completed,329.0,86.0,,12,True,False
2,0461000,Bydgoszcz,2019,4,completed,422.0,93.0,,12,True,False
2,0461000,Bydgoszcz,2019,5,completed,611.0,189.0,,12,True,False
2,0461000,Bydgoszcz,2019,6,completed,783.0,172.0,,12,True,False
2,0461000,Bydgoszcz,2019,7,completed,932.0,149.0,,12,True,False
2,0461000,Bydgoszcz,2019,8,completed,1008.0,76.0,,12,True,False
2,0461000,Bydgoszcz,2019,9,completed,1035.0,27.0,,12,True,False
2,0461000,Bydgoszcz,2019,10,completed,1165.0,130.0,,12,True,False
2,0461000,Bydgoszcz,2019,11,completed,1332.0,167.0,,12,True,False
2,0461000,Bydgoszcz,2019,12,completed,1340.0,8.0,,12,True,False
2,0461000,Bydgoszcz,2020,1,completed,131.0,131.0,,12,True,False
2,0461000,Bydgoszcz,2020,2,completed,189.0,58.0,,12,True,False
2,0461000,Bydgoszcz,2020,3,completed,212.0,23.0,,12,True,False
2,0461000,Bydgoszcz,2020,4,completed,335.0,123.0,,12,True,False
2,0461000,Bydgoszcz,2020,5,completed,764.0,429.0,,12,True,False
2,0461000,Bydgoszcz,2020,6,completed,873.0,109.0,,12,True,False
2,0461000,Bydgoszcz,2020,7,completed,932.0,59.0,,12,True,False
2,0461000,Bydgoszcz,2020,8,completed,1023.0,91.0,,12,True,False
2,0461000,Bydgoszcz,2020,9,completed,1079.0,56.0,,12,True,False
2,0461000,Bydgoszcz,2020,10,completed,1140.0,61.0,,12,True,False
2,0461000,Bydgoszcz,2020,11,completed,1430.0,290.0,,12,True,False
2,0461000,Bydgoszcz,2020,12,completed,1665.0,235.0,,12,True,False
2,0461000,Bydgoszcz,2021,1,completed,41.0,41.0,,12,True,False
2,0461000,Bydgoszcz,2021,2,completed,47.0,6.0,,12,True,False
2,0461000,Bydgoszcz,2021,3,completed,161.0,114.0,,12,True,False
2,0461000,Bydgoszcz,2021,4,completed,603.0,442.0,,12,True,False
2,0461000,Bydgoszcz,2021,5,completed,742.0,139.0,,12,True,False
2,0461000,Bydgoszcz,2021,6,completed,901.0,159.0,,12,True,False
2,0461000,Bydgoszcz,2021,7,completed,974.0,73.0,,12,True,False
2,0461000,Bydgoszcz,2021,8,completed,1039.0,65.0,,12,True,False
2,0461000,Bydgoszcz,2021,9,completed,1151.0,112.0,,12,True,False
2,0461000,Bydgoszcz,2021,10,completed,1224.0,73.0,,12,True,False
2,0461000,Bydgoszcz,2021,11,completed,1340.0,116.0,,12,True,False
2,0461000,Bydgoszcz,2021,12,completed,1438.0,98.0,,12,True,False
2,0461000,Bydgoszcz,2022,1,completed,28.0,28.0,,12,True,False
2,0461000,Bydgoszcz,2022,2,completed,50.0,22.0,,12,True,False
2,0461000,Bydgoszcz,2022,3,completed,221.0,171.0,,12,True,False
2,0461000,Bydgoszcz,2022,4,completed,229.0,8.0,,12,True,False
2,0461000,Bydgoszcz,2022,5,completed,299.0,70.0,,12,True,False
2,0461000,Bydgoszcz,2022,6,completed,561.0,262.0,,12,True,False
2,0461000,Bydgoszcz,2022,7,completed,606.0,45.0,,12,True,False
2,0461000,Bydgoszcz,2022,8,completed,613.0,7.0,,12,True,False
2,0461000,Bydgoszcz,2022,9,completed,1252.0,639.0,,12,True,False
2,0461000,Bydgoszcz,2022,10,completed,1403.0,151.0,,12,True,False
2,0461000,Bydgoszcz,2022,11,completed,1542.0,139.0,,12,True,False
2,0461000,Bydgoszcz,2022,12,completed,1642.0,100.0,,12,True,False
2,0461000,Bydgoszcz,2023,1,completed,138.0,138.0,,12,True,False
2,0461000,Bydgoszcz,2023,2,completed,271.0,133.0,,12,True,False
2,0461000,Bydgoszcz,2023,3,completed,403.0,132.0,,12,True,False
2,0461000,Bydgoszcz,2023,4,completed,532.0,129.0,,12,True,False
2,0461000,Bydgoszcz,2023,5,completed,857.0,325.0,,12,True,False
2,0461000,Bydgoszcz,2023,6,completed,1102.0,245.0,,12,True,False
2,0461000,Bydgoszcz,2023,7,completed,1309.0,207.0,,12,True,False
2,0461000,Bydgoszcz,2023,8,completed,1571.0,262.0,,12,True,False
2,0461000,Bydgoszcz,2023,9,completed,1850.0,279.0,,12,True,False
2,0461000,Bydgoszcz,2023,10,completed,2283.0,433.0,,12,True,False
2,0461000,Bydgoszcz,2023,11,completed,2362.0,79.0,,12,True,False
2,0461000,Bydgoszcz,2023,12,completed,2375.0,13.0,,12,True,False
2,0461000,Bydgoszcz,2024,1,completed,99.0,99.0,,12,True,False
2,0461000,Bydgoszcz,2024,2,completed,105.0,6.0,,12,True,False
2,0461000,Bydgoszcz,2024,3,completed,448.0,343.0,,12,True,False
2,0461000,Bydgoszcz,2024,4,completed,503.0,55.0,,12,True,False
2,0461000,Bydgoszcz,2024,5,completed,674.0,171.0,,12,True,False
2,0461000,Bydgoszcz,2024,6,completed,815.0,141.0,,12,True,False
2,0461000,Bydgoszcz,2024,7,completed,917.0,102.0,,12,True,False
2,0461000,Bydgoszcz,2024,8,completed,937.0,20.0,,12,True,False
2,0461000,Bydgoszcz,2024,9,completed,1118.0,181.0,,12,True,False
2,0461000,Bydgoszcz,2024,10,completed,1380.0,262.0,,12,True,False
2,0461000,Bydgoszcz,2024,11,completed,1436.0,56.0,,12,True,False
2,0461000,Bydgoszcz,2024,12,completed,1513.0,77.0,,12,True,False
2,0461000,Bydgoszcz,2025,1,completed,6.0,6.0,,12,True,False
2,0461000,Bydgoszcz,2025,2,completed,73.0,67.0,,12,True,False
2,0461000,Bydgoszcz,2025,3,completed,130.0,57.0,,12,True,False
2,0461000,Bydgoszcz,2025,4,completed,239.0,109.0,,12,True,False
2,0461000,Bydgoszcz,2025,5,completed,319.0,80.0,,12,True,False
2,0461000,Bydgoszcz,2025,6,completed,345.0,26.0,,12,True,False
2,0461000,Bydgoszcz,2025,7,completed,397.0,52.0,,12,True,False
2,0461000,Bydgoszcz,2025,8,completed,652.0,255.0,,12,True,False
2,0461000,Bydgoszcz,2025,9,completed,764.0,112.0,,12,True,False
2,0461000,Bydgoszcz,2025,10,completed,839.0,75.0,,12,True,False
2,0461000,Bydgoszcz,2025,11,completed,1170.0,331.0,,12,True,False
2,0461000,Bydgoszcz,2025,12,completed,1178.0,8.0,,12,True,False
2,0461000,Bydgoszcz,2026,1,completed,6.0,6.0,,6,False,False
2,0461000,Bydgoszcz,2026,2,completed,12.0,6.0,,6,False,False
2,0461000,Bydgoszcz,2026,3,completed,57.0,45.0,,6,False,False
2,0461000,Bydgoszcz,2026,4,completed,177.0,120.0,,6,False,False
2,0461000,Bydgoszcz,2026,5,completed,387.0,210.0,,6,False,False
2,0461000,Bydgoszcz,2026,6,completed,985.0,598.0,,6,False,False
3,2261000,Gdańsk,2005,1,completed,184.0,184.0,,12,True,False
3,2261000,Gdańsk,2005,2,completed,422.0,238.0,,12,True,False
3,2261000,Gdańsk,2005,3,completed,774.0,352.0,,12,True,False
3,2261000,Gdańsk,2005,4,completed,967.0,193.0,,12,True,False
3,2261000,Gdańsk,2005,5,completed,1126.0,159.0,,12,True,False
3,2261000,Gdańsk,2005,6,completed,1263.0,137.0,,12,True,False
3,2261000,Gdańsk,2005,7,completed,1407.0,144.0,,12,True,False
3,2261000,Gdańsk,2005,8,completed,1657.0,250.0,,12,True,False
3,2261000,Gdańsk,2005,9,completed,1806.0,149.0,,12,True,False
3,2261000,Gdańsk,2005,10,completed,1924.0,118.0,,12,True,False
3,2261000,Gdańsk,2005,11,completed,2233.0,309.0,,12,True,False
3,2261000,Gdańsk,2005,12,completed,2636.0,403.0,,12,True,False
3,2261000,Gdańsk,2006,1,completed,155.0,155.0,,12,True,False
3,2261000,Gdańsk,2006,2,completed,406.0,251.0,,12,True,False
3,2261000,Gdańsk,2006,3,completed,639.0,233.0,,12,True,False
3,2261000,Gdańsk,2006,4,completed,961.0,322.0,,12,True,False
3,2261000,Gdańsk,2006,5,completed,1035.0,74.0,,12,True,False
3,2261000,Gdańsk,2006,6,completed,1118.0,83.0,,12,True,False
3,2261000,Gdańsk,2006,7,completed,1383.0,265.0,,12,True,False
3,2261000,Gdańsk,2006,8,completed,1545.0,162.0,,12,True,False
3,2261000,Gdańsk,2006,9,completed,1649.0,104.0,,12,True,False
3,2261000,Gdańsk,2006,10,completed,1975.0,326.0,,12,True,False
3,2261000,Gdańsk,2006,11,completed,2232.0,257.0,,12,True,False
3,2261000,Gdańsk,2006,12,completed,3099.0,867.0,,12,True,False
3,2261000,Gdańsk,2007,1,completed,117.0,117.0,,12,True,False
3,2261000,Gdańsk,2007,2,completed,388.0,271.0,,12,True,False
3,2261000,Gdańsk,2007,3,completed,498.0,110.0,,12,True,False
3,2261000,Gdańsk,2007,4,completed,703.0,205.0,,12,True,False
3,2261000,Gdańsk,2007,5,completed,768.0,65.0,,12,True,False
3,2261000,Gdańsk,2007,6,completed,1021.0,253.0,,12,True,False
3,2261000,Gdańsk,2007,7,completed,1295.0,274.0,,12,True,False
3,2261000,Gdańsk,2007,8,completed,1693.0,398.0,,12,True,False
3,2261000,Gdańsk,2007,9,completed,2215.0,522.0,,12,True,False
3,2261000,Gdańsk,2007,10,completed,2334.0,119.0,,12,True,False
3,2261000,Gdańsk,2007,11,completed,2906.0,572.0,,12,True,False
3,2261000,Gdańsk,2007,12,completed,3295.0,389.0,,12,True,False
3,2261000,Gdańsk,2008,1,completed,491.0,491.0,,12,True,False
3,2261000,Gdańsk,2008,2,completed,923.0,432.0,,12,True,False
3,2261000,Gdańsk,2008,3,completed,1167.0,244.0,,12,True,False
3,2261000,Gdańsk,2008,4,completed,1320.0,153.0,,12,True,False
3,2261000,Gdańsk,2008,5,completed,1413.0,93.0,,12,True,False
3,2261000,Gdańsk,2008,6,completed,1772.0,359.0,,12,True,False
3,2261000,Gdańsk,2008,7,completed,2330.0,558.0,,12,True,False
3,2261000,Gdańsk,2008,8,completed,2462.0,132.0,,12,True,False
3,2261000,Gdańsk,2008,9,completed,2956.0,494.0,,12,True,False
3,2261000,Gdańsk,2008,10,completed,3536.0,580.0,,12,True,False
3,2261000,Gdańsk,2008,11,completed,3893.0,357.0,,12,True,False
3,2261000,Gdańsk,2008,12,completed,4550.0,657.0,,12,True,False
3,2261000,Gdańsk,2009,1,completed,68.0,68.0,,12,True,False
3,2261000,Gdańsk,2009,2,completed,252.0,184.0,,12,True,False
3,2261000,Gdańsk,2009,3,completed,434.0,182.0,,12,True,False
3,2261000,Gdańsk,2009,4,completed,574.0,140.0,,12,True,False
3,2261000,Gdańsk,2009,5,completed,1015.0,441.0,,12,True,False
3,2261000,Gdańsk,2009,6,completed,1523.0,508.0,,12,True,False
3,2261000,Gdańsk,2009,7,completed,2398.0,875.0,,12,True,False
3,2261000,Gdańsk,2009,8,completed,2821.0,423.0,,12,True,False
3,2261000,Gdańsk,2009,9,completed,3388.0,567.0,,12,True,False
3,2261000,Gdańsk,2009,10,completed,3662.0,274.0,,12,True,False
3,2261000,Gdańsk,2009,11,completed,4010.0,348.0,,12,True,False
3,2261000,Gdańsk,2009,12,completed,4276.0,266.0,,12,True,False
3,2261000,Gdańsk,2010,1,completed,246.0,246.0,,12,True,False
3,2261000,Gdańsk,2010,2,completed,556.0,310.0,,12,True,False
3,2261000,Gdańsk,2010,3,completed,706.0,150.0,,12,True,False
3,2261000,Gdańsk,2010,4,completed,1035.0,329.0,,12,True,False
3,2261000,Gdańsk,2010,5,completed,1381.0,346.0,,12,True,False
3,2261000,Gdańsk,2010,6,completed,1611.0,230.0,,12,True,False
3,2261000,Gdańsk,2010,7,completed,1816.0,205.0,,12,True,False
3,2261000,Gdańsk,2010,8,completed,1948.0,132.0,,12,True,False
3,2261000,Gdańsk,2010,9,completed,2019.0,71.0,,12,True,False
3,2261000,Gdańsk,2010,10,completed,2627.0,608.0,,12,True,False
3,2261000,Gdańsk,2010,11,completed,2794.0,167.0,,12,True,False
3,2261000,Gdańsk,2010,12,completed,3534.0,740.0,,12,True,False
3,2261000,Gdańsk,2011,1,completed,87.0,87.0,,12,True,False
3,2261000,Gdańsk,2011,2,completed,163.0,76.0,,12,True,False
3,2261000,Gdańsk,2011,3,completed,286.0,123.0,,12,True,False
3,2261000,Gdańsk,2011,4,completed,474.0,188.0,,12,True,False
3,2261000,Gdańsk,2011,5,completed,723.0,249.0,,12,True,False
3,2261000,Gdańsk,2011,6,completed,1009.0,286.0,,12,True,False
3,2261000,Gdańsk,2011,7,completed,1120.0,111.0,,12,True,False
3,2261000,Gdańsk,2011,8,completed,1536.0,416.0,,12,True,False
3,2261000,Gdańsk,2011,9,completed,2005.0,469.0,,12,True,False
3,2261000,Gdańsk,2011,10,completed,2566.0,561.0,,12,True,False
3,2261000,Gdańsk,2011,11,completed,3512.0,946.0,,12,True,False
3,2261000,Gdańsk,2011,12,completed,4422.0,910.0,,12,True,False
3,2261000,Gdańsk,2012,1,completed,65.0,65.0,,12,True,False
3,2261000,Gdańsk,2012,2,completed,246.0,181.0,,12,True,False
3,2261000,Gdańsk,2012,3,completed,491.0,245.0,,12,True,False
3,2261000,Gdańsk,2012,4,completed,565.0,74.0,,12,True,False
3,2261000,Gdańsk,2012,5,completed,754.0,189.0,,12,True,False
3,2261000,Gdańsk,2012,6,completed,1144.0,390.0,,12,True,False
3,2261000,Gdańsk,2012,7,completed,1325.0,181.0,,12,True,False
3,2261000,Gdańsk,2012,8,completed,1941.0,616.0,,12,True,False
3,2261000,Gdańsk,2012,9,completed,2158.0,217.0,,12,True,False
3,2261000,Gdańsk,2012,10,completed,3134.0,976.0,,12,True,False
3,2261000,Gdańsk,2012,11,completed,3808.0,674.0,,12,True,False
3,2261000,Gdańsk,2012,12,completed,5095.0,1287.0,,12,True,False
3,2261000,Gdańsk,2013,1,completed,340.0,340.0,,12,True,False
3,2261000,Gdańsk,2013,2,completed,727.0,387.0,,12,True,False
3,2261000,Gdańsk,2013,3,completed,1228.0,501.0,,12,True,False
3,2261000,Gdańsk,2013,4,completed,1380.0,152.0,,12,True,False
3,2261000,Gdańsk,2013,5,completed,1513.0,133.0,,12,True,False
3,2261000,Gdańsk,2013,6,completed,1645.0,132.0,,12,True,False
3,2261000,Gdańsk,2013,7,completed,1967.0,322.0,,12,True,False
3,2261000,Gdańsk,2013,8,completed,2169.0,202.0,,12,True,False
3,2261000,Gdańsk,2013,9,completed,2811.0,642.0,,12,True,False
3,2261000,Gdańsk,2013,10,completed,3276.0,465.0,,12,True,False
3,2261000,Gdańsk,2013,11,completed,3584.0,308.0,,12,True,False
3,2261000,Gdańsk,2013,12,completed,3851.0,267.0,,12,True,False
3,2261000,Gdańsk,2014,1,completed,265.0,265.0,,12,True,False
3,2261000,Gdańsk,2014,2,completed,407.0,142.0,,12,True,False
3,2261000,Gdańsk,2014,3,completed,425.0,18.0,,12,True,False
3,2261000,Gdańsk,2014,4,completed,829.0,404.0,,12,True,False
3,2261000,Gdańsk,2014,5,completed,958.0,129.0,,12,True,False
3,2261000,Gdańsk,2014,6,completed,1275.0,317.0,,12,True,False
3,2261000,Gdańsk,2014,7,completed,1473.0,198.0,,12,True,False
3,2261000,Gdańsk,2014,8,completed,1762.0,289.0,,12,True,False
3,2261000,Gdańsk,2014,9,completed,1889.0,127.0,,12,True,False
3,2261000,Gdańsk,2014,10,completed,2322.0,433.0,,12,True,False
3,2261000,Gdańsk,2014,11,completed,3273.0,951.0,,12,True,False
3,2261000,Gdańsk,2014,12,completed,3945.0,672.0,,12,True,False
3,2261000,Gdańsk,2015,1,completed,173.0,173.0,,12,True,False
3,2261000,Gdańsk,2015,2,completed,201.0,28.0,,12,True,False
3,2261000,Gdańsk,2015,3,completed,450.0,249.0,,12,True,False
3,2261000,Gdańsk,2015,4,completed,666.0,216.0,,12,True,False
3,2261000,Gdańsk,2015,5,completed,930.0,264.0,,12,True,False
3,2261000,Gdańsk,2015,6,completed,1205.0,275.0,,12,True,False
3,2261000,Gdańsk,2015,7,completed,1611.0,406.0,,12,True,False
3,2261000,Gdańsk,2015,8,completed,2120.0,509.0,,12,True,False
3,2261000,Gdańsk,2015,9,completed,2513.0,393.0,,12,True,False
3,2261000,Gdańsk,2015,10,completed,3093.0,580.0,,12,True,False
3,2261000,Gdańsk,2015,11,completed,3538.0,445.0,,12,True,False
3,2261000,Gdańsk,2015,12,completed,4506.0,968.0,,12,True,False
3,2261000,Gdańsk,2016,1,completed,167.0,167.0,,12,True,False
3,2261000,Gdańsk,2016,2,completed,496.0,329.0,,12,True,False
3,2261000,Gdańsk,2016,3,completed,800.0,304.0,,12,True,False
3,2261000,Gdańsk,2016,4,completed,1157.0,357.0,,12,True,False
3,2261000,Gdańsk,2016,5,completed,1187.0,30.0,,12,True,False
3,2261000,Gdańsk,2016,6,completed,1456.0,269.0,,12,True,False
3,2261000,Gdańsk,2016,7,completed,1803.0,347.0,,12,True,False
3,2261000,Gdańsk,2016,8,completed,2117.0,314.0,,12,True,False
3,2261000,Gdańsk,2016,9,completed,2480.0,363.0,,12,True,False
3,2261000,Gdańsk,2016,10,completed,3019.0,539.0,,12,True,False
3,2261000,Gdańsk,2016,11,completed,4442.0,1423.0,,12,True,False
3,2261000,Gdańsk,2016,12,completed,5080.0,638.0,,12,True,False
3,2261000,Gdańsk,2017,1,completed,463.0,463.0,,12,True,False
3,2261000,Gdańsk,2017,2,completed,857.0,394.0,,12,True,False
3,2261000,Gdańsk,2017,3,completed,1212.0,355.0,,12,True,False
3,2261000,Gdańsk,2017,4,completed,1407.0,195.0,,12,True,False
3,2261000,Gdańsk,2017,5,completed,1881.0,474.0,,12,True,False
3,2261000,Gdańsk,2017,6,completed,2460.0,579.0,,12,True,False
3,2261000,Gdańsk,2017,7,completed,3319.0,859.0,,12,True,False
3,2261000,Gdańsk,2017,8,completed,3577.0,258.0,,12,True,False
3,2261000,Gdańsk,2017,9,completed,4203.0,626.0,,12,True,False
3,2261000,Gdańsk,2017,10,completed,4601.0,398.0,,12,True,False
3,2261000,Gdańsk,2017,11,completed,5761.0,1160.0,,12,True,False
3,2261000,Gdańsk,2017,12,completed,6442.0,681.0,,12,True,False
3,2261000,Gdańsk,2018,1,completed,317.0,317.0,,12,True,False
3,2261000,Gdańsk,2018,2,completed,665.0,348.0,,12,True,False
3,2261000,Gdańsk,2018,3,completed,844.0,179.0,,12,True,False
3,2261000,Gdańsk,2018,4,completed,1477.0,633.0,,12,True,False
3,2261000,Gdańsk,2018,5,completed,1820.0,343.0,,12,True,False
3,2261000,Gdańsk,2018,6,completed,1894.0,74.0,,12,True,False
3,2261000,Gdańsk,2018,7,completed,2950.0,1056.0,,12,True,False
3,2261000,Gdańsk,2018,8,completed,3597.0,647.0,,12,True,False
3,2261000,Gdańsk,2018,9,completed,4563.0,966.0,,12,True,False
3,2261000,Gdańsk,2018,10,completed,5016.0,453.0,,12,True,False
3,2261000,Gdańsk,2018,11,completed,6098.0,1082.0,,12,True,False
3,2261000,Gdańsk,2018,12,completed,6851.0,753.0,,12,True,False
3,2261000,Gdańsk,2019,1,completed,422.0,422.0,,12,True,False
3,2261000,Gdańsk,2019,2,completed,871.0,449.0,,12,True,False
3,2261000,Gdańsk,2019,3,completed,1057.0,186.0,,12,True,False
3,2261000,Gdańsk,2019,4,completed,1939.0,882.0,,12,True,False
3,2261000,Gdańsk,2019,5,completed,2371.0,432.0,,12,True,False
3,2261000,Gdańsk,2019,6,completed,2914.0,543.0,,12,True,False
3,2261000,Gdańsk,2019,7,completed,3352.0,438.0,,12,True,False
3,2261000,Gdańsk,2019,8,completed,3969.0,617.0,,12,True,False
3,2261000,Gdańsk,2019,9,completed,4555.0,586.0,,12,True,False
3,2261000,Gdańsk,2019,10,completed,5253.0,698.0,,12,True,False
3,2261000,Gdańsk,2019,11,completed,5733.0,480.0,,12,True,False
3,2261000,Gdańsk,2019,12,completed,7265.0,1532.0,,12,True,False
3,2261000,Gdańsk,2020,1,completed,294.0,294.0,,12,True,False
3,2261000,Gdańsk,2020,2,completed,421.0,127.0,,12,True,False
3,2261000,Gdańsk,2020,3,completed,929.0,508.0,,12,True,False
3,2261000,Gdańsk,2020,4,completed,1473.0,544.0,,12,True,False
3,2261000,Gdańsk,2020,5,completed,2049.0,576.0,,12,True,False
3,2261000,Gdańsk,2020,6,completed,2459.0,410.0,,12,True,False
3,2261000,Gdańsk,2020,7,completed,2849.0,390.0,,12,True,False
3,2261000,Gdańsk,2020,8,completed,3326.0,477.0,,12,True,False
3,2261000,Gdańsk,2020,9,completed,3856.0,530.0,,12,True,False
3,2261000,Gdańsk,2020,10,completed,4314.0,458.0,,12,True,False
3,2261000,Gdańsk,2020,11,completed,5536.0,1222.0,,12,True,False
3,2261000,Gdańsk,2020,12,completed,6558.0,1022.0,,12,True,False
3,2261000,Gdańsk,2021,1,completed,101.0,101.0,,12,True,False
3,2261000,Gdańsk,2021,2,completed,660.0,559.0,,12,True,False
3,2261000,Gdańsk,2021,3,completed,1227.0,567.0,,12,True,False
3,2261000,Gdańsk,2021,4,completed,1374.0,147.0,,12,True,False
3,2261000,Gdańsk,2021,5,completed,1464.0,90.0,,12,True,False
3,2261000,Gdańsk,2021,6,completed,2458.0,994.0,,12,True,False
3,2261000,Gdańsk,2021,7,completed,2650.0,192.0,,12,True,False
3,2261000,Gdańsk,2021,8,completed,2880.0,230.0,,12,True,False
3,2261000,Gdańsk,2021,9,completed,3662.0,782.0,,12,True,False
3,2261000,Gdańsk,2021,10,completed,4083.0,421.0,,12,True,False
3,2261000,Gdańsk,2021,11,completed,6045.0,1962.0,,12,True,False
3,2261000,Gdańsk,2021,12,completed,7328.0,1283.0,,12,True,False
3,2261000,Gdańsk,2022,1,completed,120.0,120.0,,12,True,False
3,2261000,Gdańsk,2022,2,completed,529.0,409.0,,12,True,False
3,2261000,Gdańsk,2022,3,completed,1083.0,554.0,,12,True,False
3,2261000,Gdańsk,2022,4,completed,1318.0,235.0,,12,True,False
3,2261000,Gdańsk,2022,5,completed,1947.0,629.0,,12,True,False
3,2261000,Gdańsk,2022,6,completed,2152.0,205.0,,12,True,False
3,2261000,Gdańsk,2022,7,completed,2222.0,70.0,,12,True,False
3,2261000,Gdańsk,2022,8,completed,2680.0,458.0,,12,True,False
3,2261000,Gdańsk,2022,9,completed,3677.0,997.0,,12,True,False
3,2261000,Gdańsk,2022,10,completed,4583.0,906.0,,12,True,False
3,2261000,Gdańsk,2022,11,completed,6118.0,1535.0,,12,True,False
3,2261000,Gdańsk,2022,12,completed,7165.0,1047.0,,12,True,False
3,2261000,Gdańsk,2023,1,completed,140.0,140.0,,12,True,False
3,2261000,Gdańsk,2023,2,completed,517.0,377.0,,12,True,False
3,2261000,Gdańsk,2023,3,completed,764.0,247.0,,12,True,False
3,2261000,Gdańsk,2023,4,completed,1013.0,249.0,,12,True,False
3,2261000,Gdańsk,2023,5,completed,1610.0,597.0,,12,True,False
3,2261000,Gdańsk,2023,6,completed,2291.0,681.0,,12,True,False
3,2261000,Gdańsk,2023,7,completed,2641.0,350.0,,12,True,False
3,2261000,Gdańsk,2023,8,completed,3414.0,773.0,,12,True,False
3,2261000,Gdańsk,2023,9,completed,3924.0,510.0,,12,True,False
3,2261000,Gdańsk,2023,10,completed,4625.0,701.0,,12,True,False
3,2261000,Gdańsk,2023,11,completed,5196.0,571.0,,12,True,False
3,2261000,Gdańsk,2023,12,completed,6236.0,1040.0,,12,True,False
3,2261000,Gdańsk,2024,1,completed,326.0,326.0,,12,True,False
3,2261000,Gdańsk,2024,2,completed,1057.0,731.0,,12,True,False
3,2261000,Gdańsk,2024,3,completed,1531.0,474.0,,12,True,False
3,2261000,Gdańsk,2024,4,completed,2068.0,537.0,,12,True,False
3,2261000,Gdańsk,2024,5,completed,2658.0,590.0,,12,True,False
3,2261000,Gdańsk,2024,6,completed,3364.0,706.0,,12,True,False
3,2261000,Gdańsk,2024,7,completed,4049.0,685.0,,12,True,False
3,2261000,Gdańsk,2024,8,completed,4398.0,349.0,,12,True,False
3,2261000,Gdańsk,2024,9,completed,4722.0,324.0,,12,True,False
3,2261000,Gdańsk,2024,10,completed,5250.0,528.0,,12,True,False
3,2261000,Gdańsk,2024,11,completed,6244.0,994.0,,12,True,False
3,2261000,Gdańsk,2024,12,completed,6452.0,208.0,,12,True,False
3,2261000,Gdańsk,2025,1,completed,199.0,199.0,,12,True,False
3,2261000,Gdańsk,2025,2,completed,725.0,526.0,,12,True,False
3,2261000,Gdańsk,2025,3,completed,1128.0,403.0,,12,True,False
3,2261000,Gdańsk,2025,4,completed,1641.0,513.0,,12,True,False
3,2261000,Gdańsk,2025,5,completed,1823.0,182.0,,12,True,False
3,2261000,Gdańsk,2025,6,completed,2194.0,371.0,,12,True,False
3,2261000,Gdańsk,2025,7,completed,2666.0,472.0,,12,True,False
3,2261000,Gdańsk,2025,8,completed,3218.0,552.0,,12,True,False
3,2261000,Gdańsk,2025,9,completed,3724.0,506.0,,12,True,False
3,2261000,Gdańsk,2025,10,completed,4330.0,606.0,,12,True,False
3,2261000,Gdańsk,2025,11,completed,5085.0,755.0,,12,True,False
3,2261000,Gdańsk,2025,12,completed,5750.0,665.0,,12,True,False
3,2261000,Gdańsk,2026,1,completed,159.0,159.0,,6,False,False
3,2261000,Gdańsk,2026,2,completed,237.0,78.0,,6,False,False
3,2261000,Gdańsk,2026,3,completed,594.0,357.0,,6,False,False
3,2261000,Gdańsk,2026,4,completed,873.0,279.0,,6,False,False
3,2261000,Gdańsk,2026,5,completed,1064.0,191.0,,6,False,False
3,2261000,Gdańsk,2026,6,completed,1618.0,554.0,,6,False,False
4,2262000,Gdynia,2005,1,completed,149.0,149.0,,12,True,False
4,2262000,Gdynia,2005,2,completed,195.0,46.0,,12,True,False
4,2262000,Gdynia,2005,3,completed,228.0,33.0,,12,True,False
4,2262000,Gdynia,2005,4,completed,310.0,82.0,,12,True,False
4,2262000,Gdynia,2005,5,completed,327.0,17.0,,12,True,False
4,2262000,Gdynia,2005,6,completed,368.0,41.0,,12,True,False
4,2262000,Gdynia,2005,7,completed,444.0,76.0,,12,True,False
4,2262000,Gdynia,2005,8,completed,518.0,74.0,,12,True,False
4,2262000,Gdynia,2005,9,completed,623.0,105.0,,12,True,False
4,2262000,Gdynia,2005,10,completed,995.0,372.0,,12,True,False
4,2262000,Gdynia,2005,11,completed,1127.0,132.0,,12,True,False
4,2262000,Gdynia,2005,12,completed,1300.0,173.0,,12,True,False
4,2262000,Gdynia,2006,1,completed,21.0,21.0,,12,True,False
4,2262000,Gdynia,2006,2,completed,136.0,115.0,,12,True,False
4,2262000,Gdynia,2006,3,completed,311.0,175.0,,12,True,False
4,2262000,Gdynia,2006,4,completed,453.0,142.0,,12,True,False
4,2262000,Gdynia,2006,5,completed,462.0,9.0,,12,True,False
4,2262000,Gdynia,2006,6,completed,755.0,293.0,,12,True,False
4,2262000,Gdynia,2006,7,completed,889.0,134.0,,12,True,False
4,2262000,Gdynia,2006,8,completed,919.0,30.0,,12,True,False
4,2262000,Gdynia,2006,9,completed,1016.0,97.0,,12,True,False
4,2262000,Gdynia,2006,10,completed,1209.0,193.0,,12,True,False
4,2262000,Gdynia,2006,11,completed,1252.0,43.0,,12,True,False
4,2262000,Gdynia,2006,12,completed,1448.0,196.0,,12,True,False
4,2262000,Gdynia,2007,1,completed,188.0,188.0,,12,True,False
4,2262000,Gdynia,2007,2,completed,239.0,51.0,,12,True,False
4,2262000,Gdynia,2007,3,completed,385.0,146.0,,12,True,False
4,2262000,Gdynia,2007,4,completed,500.0,115.0,,12,True,False
4,2262000,Gdynia,2007,5,completed,626.0,126.0,,12,True,False
4,2262000,Gdynia,2007,6,completed,735.0,109.0,,12,True,False
4,2262000,Gdynia,2007,7,completed,845.0,110.0,,12,True,False
4,2262000,Gdynia,2007,8,completed,1070.0,225.0,,12,True,False
4,2262000,Gdynia,2007,9,completed,1154.0,84.0,,12,True,False
4,2262000,Gdynia,2007,10,completed,1213.0,59.0,,12,True,False
4,2262000,Gdynia,2007,11,completed,1231.0,18.0,,12,True,False
4,2262000,Gdynia,2007,12,completed,1256.0,25.0,,12,True,False
4,2262000,Gdynia,2008,1,completed,44.0,44.0,,12,True,False
4,2262000,Gdynia,2008,2,completed,144.0,100.0,,12,True,False
4,2262000,Gdynia,2008,3,completed,271.0,127.0,,12,True,False
4,2262000,Gdynia,2008,4,completed,273.0,2.0,,12,True,False
4,2262000,Gdynia,2008,5,completed,430.0,157.0,,12,True,False
4,2262000,Gdynia,2008,6,completed,627.0,197.0,,12,True,False
4,2262000,Gdynia,2008,7,completed,765.0,138.0,,12,True,False
4,2262000,Gdynia,2008,8,completed,822.0,57.0,,12,True,False
4,2262000,Gdynia,2008,9,completed,914.0,92.0,,12,True,False
4,2262000,Gdynia,2008,10,completed,1110.0,196.0,,12,True,False
4,2262000,Gdynia,2008,11,completed,1229.0,119.0,,12,True,False
4,2262000,Gdynia,2008,12,completed,1747.0,518.0,,12,True,False
4,2262000,Gdynia,2009,1,completed,156.0,156.0,,12,True,False
4,2262000,Gdynia,2009,2,completed,183.0,27.0,,12,True,False
4,2262000,Gdynia,2009,3,completed,194.0,11.0,,12,True,False
4,2262000,Gdynia,2009,4,completed,290.0,96.0,,12,True,False
4,2262000,Gdynia,2009,5,completed,359.0,69.0,,12,True,False
4,2262000,Gdynia,2009,6,completed,377.0,18.0,,12,True,False
4,2262000,Gdynia,2009,7,completed,446.0,69.0,,12,True,False
4,2262000,Gdynia,2009,8,completed,526.0,80.0,,12,True,False
4,2262000,Gdynia,2009,9,completed,621.0,95.0,,12,True,False
4,2262000,Gdynia,2009,10,completed,770.0,149.0,,12,True,False
4,2262000,Gdynia,2009,11,completed,917.0,147.0,,12,True,False
4,2262000,Gdynia,2009,12,completed,965.0,48.0,,12,True,False
4,2262000,Gdynia,2010,1,completed,224.0,224.0,,12,True,False
4,2262000,Gdynia,2010,2,completed,354.0,130.0,,12,True,False
4,2262000,Gdynia,2010,3,completed,504.0,150.0,,12,True,False
4,2262000,Gdynia,2010,4,completed,566.0,62.0,,12,True,False
4,2262000,Gdynia,2010,5,completed,587.0,21.0,,12,True,False
4,2262000,Gdynia,2010,6,completed,801.0,214.0,,12,True,False
4,2262000,Gdynia,2010,7,completed,823.0,22.0,,12,True,False
4,2262000,Gdynia,2010,8,completed,872.0,49.0,,12,True,False
4,2262000,Gdynia,2010,9,completed,901.0,29.0,,12,True,False
4,2262000,Gdynia,2010,10,completed,971.0,70.0,,12,True,False
4,2262000,Gdynia,2010,11,completed,1050.0,79.0,,12,True,False
4,2262000,Gdynia,2010,12,completed,1119.0,69.0,,12,True,False
4,2262000,Gdynia,2011,1,completed,11.0,11.0,,12,True,False
4,2262000,Gdynia,2011,2,completed,101.0,90.0,,12,True,False
4,2262000,Gdynia,2011,3,completed,227.0,126.0,,12,True,False
4,2262000,Gdynia,2011,4,completed,249.0,22.0,,12,True,False
4,2262000,Gdynia,2011,5,completed,287.0,38.0,,12,True,False
4,2262000,Gdynia,2011,6,completed,388.0,101.0,,12,True,False
4,2262000,Gdynia,2011,7,completed,503.0,115.0,,12,True,False
4,2262000,Gdynia,2011,8,completed,689.0,186.0,,12,True,False
4,2262000,Gdynia,2011,9,completed,836.0,147.0,,12,True,False
4,2262000,Gdynia,2011,10,completed,853.0,17.0,,12,True,False
4,2262000,Gdynia,2011,11,completed,1027.0,174.0,,12,True,False
4,2262000,Gdynia,2011,12,completed,1100.0,73.0,,12,True,False
4,2262000,Gdynia,2012,1,completed,123.0,123.0,,12,True,False
4,2262000,Gdynia,2012,2,completed,240.0,117.0,,12,True,False
4,2262000,Gdynia,2012,3,completed,385.0,145.0,,12,True,False
4,2262000,Gdynia,2012,4,completed,490.0,105.0,,12,True,False
4,2262000,Gdynia,2012,5,completed,513.0,23.0,,12,True,False
4,2262000,Gdynia,2012,6,completed,598.0,85.0,,12,True,False
4,2262000,Gdynia,2012,7,completed,738.0,140.0,,12,True,False
4,2262000,Gdynia,2012,8,completed,823.0,85.0,,12,True,False
4,2262000,Gdynia,2012,9,completed,988.0,165.0,,12,True,False
4,2262000,Gdynia,2012,10,completed,1005.0,17.0,,12,True,False
4,2262000,Gdynia,2012,11,completed,1082.0,77.0,,12,True,False
4,2262000,Gdynia,2012,12,completed,1133.0,51.0,,12,True,False
4,2262000,Gdynia,2013,1,completed,94.0,94.0,,12,True,False
4,2262000,Gdynia,2013,2,completed,100.0,6.0,,12,True,False
4,2262000,Gdynia,2013,3,completed,115.0,15.0,,12,True,False
4,2262000,Gdynia,2013,4,completed,129.0,14.0,,12,True,False
4,2262000,Gdynia,2013,5,completed,218.0,89.0,,12,True,False
4,2262000,Gdynia,2013,6,completed,366.0,148.0,,12,True,False
4,2262000,Gdynia,2013,7,completed,591.0,225.0,,12,True,False
4,2262000,Gdynia,2013,8,completed,632.0,41.0,,12,True,False
4,2262000,Gdynia,2013,9,completed,662.0,30.0,,12,True,False
4,2262000,Gdynia,2013,10,completed,887.0,225.0,,12,True,False
4,2262000,Gdynia,2013,11,completed,1046.0,159.0,,12,True,False
4,2262000,Gdynia,2013,12,completed,1066.0,20.0,,12,True,False
4,2262000,Gdynia,2014,1,completed,9.0,9.0,,12,True,False
4,2262000,Gdynia,2014,2,completed,60.0,51.0,,12,True,False
4,2262000,Gdynia,2014,3,completed,185.0,125.0,,12,True,False
4,2262000,Gdynia,2014,4,completed,280.0,95.0,,12,True,False
4,2262000,Gdynia,2014,5,completed,289.0,9.0,,12,True,False
4,2262000,Gdynia,2014,6,completed,535.0,246.0,,12,True,False
4,2262000,Gdynia,2014,7,completed,546.0,11.0,,12,True,False
4,2262000,Gdynia,2014,8,completed,657.0,111.0,,12,True,False
4,2262000,Gdynia,2014,9,completed,720.0,63.0,,12,True,False
4,2262000,Gdynia,2014,10,completed,877.0,157.0,,12,True,False
4,2262000,Gdynia,2014,11,completed,919.0,42.0,,12,True,False
4,2262000,Gdynia,2014,12,completed,932.0,13.0,,12,True,False
4,2262000,Gdynia,2015,1,completed,107.0,107.0,,12,True,False
4,2262000,Gdynia,2015,2,completed,178.0,71.0,,12,True,False
4,2262000,Gdynia,2015,3,completed,393.0,215.0,,12,True,False
4,2262000,Gdynia,2015,4,completed,397.0,4.0,,12,True,False
4,2262000,Gdynia,2015,5,completed,431.0,34.0,,12,True,False
4,2262000,Gdynia,2015,6,completed,599.0,168.0,,12,True,False
4,2262000,Gdynia,2015,7,completed,652.0,53.0,,12,True,False
4,2262000,Gdynia,2015,8,completed,662.0,10.0,,12,True,False
4,2262000,Gdynia,2015,9,completed,842.0,180.0,,12,True,False
4,2262000,Gdynia,2015,10,completed,936.0,94.0,,12,True,False
4,2262000,Gdynia,2015,11,completed,1080.0,144.0,,12,True,False
4,2262000,Gdynia,2015,12,completed,1109.0,29.0,,12,True,False
4,2262000,Gdynia,2016,1,completed,9.0,9.0,,12,True,False
4,2262000,Gdynia,2016,2,completed,151.0,142.0,,12,True,False
4,2262000,Gdynia,2016,3,completed,205.0,54.0,,12,True,False
4,2262000,Gdynia,2016,4,completed,214.0,9.0,,12,True,False
4,2262000,Gdynia,2016,5,completed,359.0,145.0,,12,True,False
4,2262000,Gdynia,2016,6,completed,423.0,64.0,,12,True,False
4,2262000,Gdynia,2016,7,completed,524.0,101.0,,12,True,False
4,2262000,Gdynia,2016,8,completed,570.0,46.0,,12,True,False
4,2262000,Gdynia,2016,9,completed,660.0,90.0,,12,True,False
4,2262000,Gdynia,2016,10,completed,794.0,134.0,,12,True,False
4,2262000,Gdynia,2016,11,completed,926.0,132.0,,12,True,False
4,2262000,Gdynia,2016,12,completed,1216.0,290.0,,12,True,False
4,2262000,Gdynia,2017,1,completed,87.0,87.0,,12,True,False
4,2262000,Gdynia,2017,2,completed,92.0,5.0,,12,True,False
4,2262000,Gdynia,2017,3,completed,284.0,192.0,,12,True,False
4,2262000,Gdynia,2017,4,completed,370.0,86.0,,12,True,False
4,2262000,Gdynia,2017,5,completed,471.0,101.0,,12,True,False
4,2262000,Gdynia,2017,6,completed,528.0,57.0,,12,True,False
4,2262000,Gdynia,2017,7,completed,647.0,119.0,,12,True,False
4,2262000,Gdynia,2017,8,completed,805.0,158.0,,12,True,False
4,2262000,Gdynia,2017,9,completed,938.0,133.0,,12,True,False
4,2262000,Gdynia,2017,10,completed,999.0,61.0,,12,True,False
4,2262000,Gdynia,2017,11,completed,1085.0,86.0,,12,True,False
4,2262000,Gdynia,2017,12,completed,1111.0,26.0,,12,True,False
4,2262000,Gdynia,2018,1,completed,67.0,67.0,,12,True,False
4,2262000,Gdynia,2018,2,completed,148.0,81.0,,12,True,False
4,2262000,Gdynia,2018,3,completed,213.0,65.0,,12,True,False
4,2262000,Gdynia,2018,4,completed,317.0,104.0,,12,True,False
4,2262000,Gdynia,2018,5,completed,420.0,103.0,,12,True,False
4,2262000,Gdynia,2018,6,completed,454.0,34.0,,12,True,False
4,2262000,Gdynia,2018,7,completed,898.0,444.0,,12,True,False
4,2262000,Gdynia,2018,8,completed,946.0,48.0,,12,True,False
4,2262000,Gdynia,2018,9,completed,1033.0,87.0,,12,True,False
4,2262000,Gdynia,2018,10,completed,1056.0,23.0,,12,True,False
4,2262000,Gdynia,2018,11,completed,1242.0,186.0,,12,True,False
4,2262000,Gdynia,2018,12,completed,1521.0,279.0,,12,True,False
4,2262000,Gdynia,2019,1,completed,110.0,110.0,,12,True,False
4,2262000,Gdynia,2019,2,completed,124.0,14.0,,12,True,False
4,2262000,Gdynia,2019,3,completed,322.0,198.0,,12,True,False
4,2262000,Gdynia,2019,4,completed,395.0,73.0,,12,True,False
4,2262000,Gdynia,2019,5,completed,635.0,240.0,,12,True,False
4,2262000,Gdynia,2019,6,completed,688.0,53.0,,12,True,False
4,2262000,Gdynia,2019,7,completed,739.0,51.0,,12,True,False
4,2262000,Gdynia,2019,8,completed,947.0,208.0,,12,True,False
4,2262000,Gdynia,2019,9,completed,964.0,17.0,,12,True,False
4,2262000,Gdynia,2019,10,completed,1036.0,72.0,,12,True,False
4,2262000,Gdynia,2019,11,completed,1058.0,22.0,,12,True,False
4,2262000,Gdynia,2019,12,completed,1479.0,421.0,,12,True,False
4,2262000,Gdynia,2020,1,completed,47.0,47.0,,12,True,False
4,2262000,Gdynia,2020,2,completed,251.0,204.0,,12,True,False
4,2262000,Gdynia,2020,3,completed,267.0,16.0,,12,True,False
4,2262000,Gdynia,2020,4,completed,275.0,8.0,,12,True,False
4,2262000,Gdynia,2020,5,completed,476.0,201.0,,12,True,False
4,2262000,Gdynia,2020,6,completed,829.0,353.0,,12,True,False
4,2262000,Gdynia,2020,7,completed,1048.0,219.0,,12,True,False
4,2262000,Gdynia,2020,8,completed,1186.0,138.0,,12,True,False
4,2262000,Gdynia,2020,9,completed,1494.0,308.0,,12,True,False
4,2262000,Gdynia,2020,10,completed,1844.0,350.0,,12,True,False
4,2262000,Gdynia,2020,11,completed,1905.0,61.0,,12,True,False
4,2262000,Gdynia,2020,12,completed,1985.0,80.0,,12,True,False
4,2262000,Gdynia,2021,1,completed,279.0,279.0,,12,True,False
4,2262000,Gdynia,2021,2,completed,295.0,16.0,,12,True,False
4,2262000,Gdynia,2021,3,completed,440.0,145.0,,12,True,False
4,2262000,Gdynia,2021,4,completed,496.0,56.0,,12,True,False
4,2262000,Gdynia,2021,5,completed,764.0,268.0,,12,True,False
4,2262000,Gdynia,2021,6,completed,807.0,43.0,,12,True,False
4,2262000,Gdynia,2021,7,completed,1131.0,324.0,,12,True,False
4,2262000,Gdynia,2021,8,completed,1812.0,681.0,,12,True,False
4,2262000,Gdynia,2021,9,completed,1890.0,78.0,,12,True,False
4,2262000,Gdynia,2021,10,completed,2077.0,187.0,,12,True,False
4,2262000,Gdynia,2021,11,completed,2131.0,54.0,,12,True,False
4,2262000,Gdynia,2021,12,completed,2375.0,244.0,,12,True,False
4,2262000,Gdynia,2022,1,completed,116.0,116.0,,12,True,False
4,2262000,Gdynia,2022,2,completed,191.0,75.0,,12,True,False
4,2262000,Gdynia,2022,3,completed,404.0,213.0,,12,True,False
4,2262000,Gdynia,2022,4,completed,552.0,148.0,,12,True,False
4,2262000,Gdynia,2022,5,completed,661.0,109.0,,12,True,False
4,2262000,Gdynia,2022,6,completed,678.0,17.0,,12,True,False
4,2262000,Gdynia,2022,7,completed,700.0,22.0,,12,True,False
4,2262000,Gdynia,2022,8,completed,771.0,71.0,,12,True,False
4,2262000,Gdynia,2022,9,completed,792.0,21.0,,12,True,False
4,2262000,Gdynia,2022,10,completed,829.0,37.0,,12,True,False
4,2262000,Gdynia,2022,11,completed,954.0,125.0,,12,True,False
4,2262000,Gdynia,2022,12,completed,1001.0,47.0,,12,True,False
4,2262000,Gdynia,2023,1,completed,155.0,155.0,,12,True,False
4,2262000,Gdynia,2023,2,completed,175.0,20.0,,12,True,False
4,2262000,Gdynia,2023,3,completed,399.0,224.0,,12,True,False
4,2262000,Gdynia,2023,4,completed,652.0,253.0,,12,True,False
4,2262000,Gdynia,2023,5,completed,720.0,68.0,,12,True,False
4,2262000,Gdynia,2023,6,completed,844.0,124.0,,12,True,False
4,2262000,Gdynia,2023,7,completed,851.0,7.0,,12,True,False
4,2262000,Gdynia,2023,8,completed,980.0,129.0,,12,True,False
4,2262000,Gdynia,2023,9,completed,1124.0,144.0,,12,True,False
4,2262000,Gdynia,2023,10,completed,1188.0,64.0,,12,True,False
4,2262000,Gdynia,2023,11,completed,1257.0,69.0,,12,True,False
4,2262000,Gdynia,2023,12,completed,1374.0,117.0,,12,True,False
4,2262000,Gdynia,2024,1,completed,32.0,32.0,,12,True,False
4,2262000,Gdynia,2024,2,completed,157.0,125.0,,12,True,False
4,2262000,Gdynia,2024,3,completed,167.0,10.0,,12,True,False
4,2262000,Gdynia,2024,4,completed,269.0,102.0,,12,True,False
4,2262000,Gdynia,2024,5,completed,463.0,194.0,,12,True,False
4,2262000,Gdynia,2024,6,completed,479.0,16.0,,12,True,False
4,2262000,Gdynia,2024,7,completed,728.0,249.0,,12,True,False
4,2262000,Gdynia,2024,8,completed,841.0,113.0,,12,True,False
4,2262000,Gdynia,2024,9,completed,1151.0,310.0,,12,True,False
4,2262000,Gdynia,2024,10,completed,1349.0,198.0,,12,True,False
4,2262000,Gdynia,2024,11,completed,1670.0,321.0,,12,True,False
4,2262000,Gdynia,2024,12,completed,1813.0,143.0,,12,True,False
4,2262000,Gdynia,2025,1,completed,106.0,106.0,,12,True,False
4,2262000,Gdynia,2025,2,completed,120.0,14.0,,12,True,False
4,2262000,Gdynia,2025,3,completed,136.0,16.0,,12,True,False
4,2262000,Gdynia,2025,4,completed,243.0,107.0,,12,True,False
4,2262000,Gdynia,2025,5,completed,273.0,30.0,,12,True,False
4,2262000,Gdynia,2025,6,completed,296.0,23.0,,12,True,False
4,2262000,Gdynia,2025,7,completed,319.0,23.0,,12,True,False
4,2262000,Gdynia,2025,8,completed,333.0,14.0,,12,True,False
4,2262000,Gdynia,2025,9,completed,438.0,105.0,,12,True,False
4,2262000,Gdynia,2025,10,completed,616.0,178.0,,12,True,False
4,2262000,Gdynia,2025,11,completed,713.0,97.0,,12,True,False
4,2262000,Gdynia,2025,12,completed,864.0,151.0,,12,True,False
4,2262000,Gdynia,2026,1,completed,15.0,15.0,,6,False,False
4,2262000,Gdynia,2026,2,completed,90.0,75.0,,6,False,False
4,2262000,Gdynia,2026,3,completed,145.0,55.0,,6,False,False
4,2262000,Gdynia,2026,4,completed,221.0,76.0,,6,False,False
4,2262000,Gdynia,2026,5,completed,232.0,11.0,,6,False,False
4,2262000,Gdynia,2026,6,completed,247.0,15.0,,6,False,False
5,2469000,Katowice,2005,1,completed,14.0,14.0,,12,True,False
5,2469000,Katowice,2005,2,completed,23.0,9.0,,12,True,False
5,2469000,Katowice,2005,3,completed,40.0,17.0,,12,True,False
5,2469000,Katowice,2005,4,completed,60.0,20.0,,12,True,False
5,2469000,Katowice,2005,5,completed,72.0,12.0,,12,True,False
5,2469000,Katowice,2005,6,completed,92.0,20.0,,12,True,False
5,2469000,Katowice,2005,7,completed,100.0,8.0,,12,True,False
5,2469000,Katowice,2005,8,completed,110.0,10.0,,12,True,False
5,2469000,Katowice,2005,9,completed,187.0,77.0,,12,True,False
5,2469000,Katowice,2005,10,completed,214.0,27.0,,12,True,False
5,2469000,Katowice,2005,11,completed,239.0,25.0,,12,True,False
5,2469000,Katowice,2005,12,completed,317.0,78.0,,12,True,False
5,2469000,Katowice,2006,1,completed,36.0,36.0,,12,True,False
5,2469000,Katowice,2006,2,completed,44.0,8.0,,12,True,False
5,2469000,Katowice,2006,3,completed,46.0,2.0,,12,True,False
5,2469000,Katowice,2006,4,completed,57.0,11.0,,12,True,False
5,2469000,Katowice,2006,5,completed,81.0,24.0,,12,True,False
5,2469000,Katowice,2006,6,completed,98.0,17.0,,12,True,False
5,2469000,Katowice,2006,7,completed,144.0,46.0,,12,True,False
5,2469000,Katowice,2006,8,completed,152.0,8.0,,12,True,False
5,2469000,Katowice,2006,9,completed,200.0,48.0,,12,True,False
5,2469000,Katowice,2006,10,completed,246.0,46.0,,12,True,False
5,2469000,Katowice,2006,11,completed,265.0,19.0,,12,True,False
5,2469000,Katowice,2006,12,completed,440.0,175.0,,12,True,False
5,2469000,Katowice,2007,1,completed,40.0,40.0,,12,True,False
5,2469000,Katowice,2007,2,completed,59.0,19.0,,12,True,False
5,2469000,Katowice,2007,3,completed,69.0,10.0,,12,True,False
5,2469000,Katowice,2007,4,completed,101.0,32.0,,12,True,False
5,2469000,Katowice,2007,5,completed,122.0,21.0,,12,True,False
5,2469000,Katowice,2007,6,completed,160.0,38.0,,12,True,False
5,2469000,Katowice,2007,7,completed,175.0,15.0,,12,True,False
5,2469000,Katowice,2007,8,completed,276.0,101.0,,12,True,False
5,2469000,Katowice,2007,9,completed,296.0,20.0,,12,True,False
5,2469000,Katowice,2007,10,completed,337.0,41.0,,12,True,False
5,2469000,Katowice,2007,11,completed,463.0,126.0,,12,True,False
5,2469000,Katowice,2007,12,completed,619.0,156.0,,12,True,False
5,2469000,Katowice,2008,1,completed,42.0,42.0,,12,True,False
5,2469000,Katowice,2008,2,completed,148.0,106.0,,12,True,False
5,2469000,Katowice,2008,3,completed,185.0,37.0,,12,True,False
5,2469000,Katowice,2008,4,completed,196.0,11.0,,12,True,False
5,2469000,Katowice,2008,5,completed,246.0,50.0,,12,True,False
5,2469000,Katowice,2008,6,completed,378.0,132.0,,12,True,False
5,2469000,Katowice,2008,7,completed,397.0,19.0,,12,True,False
5,2469000,Katowice,2008,8,completed,740.0,343.0,,12,True,False
5,2469000,Katowice,2008,9,completed,947.0,207.0,,12,True,False
5,2469000,Katowice,2008,10,completed,1152.0,205.0,,12,True,False
5,2469000,Katowice,2008,11,completed,1171.0,19.0,,12,True,False
5,2469000,Katowice,2008,12,completed,1303.0,132.0,,12,True,False
5,2469000,Katowice,2009,1,completed,121.0,121.0,,12,True,False
5,2469000,Katowice,2009,2,completed,212.0,91.0,,12,True,False
5,2469000,Katowice,2009,3,completed,224.0,12.0,,12,True,False
5,2469000,Katowice,2009,4,completed,379.0,155.0,,12,True,False
5,2469000,Katowice,2009,5,completed,395.0,16.0,,12,True,False
5,2469000,Katowice,2009,6,completed,423.0,28.0,,12,True,False
5,2469000,Katowice,2009,7,completed,514.0,91.0,,12,True,False
5,2469000,Katowice,2009,8,completed,578.0,64.0,,12,True,False
5,2469000,Katowice,2009,9,completed,726.0,148.0,,12,True,False
5,2469000,Katowice,2009,10,completed,742.0,16.0,,12,True,False
5,2469000,Katowice,2009,11,completed,837.0,95.0,,12,True,False
5,2469000,Katowice,2009,12,completed,949.0,112.0,,12,True,False
5,2469000,Katowice,2010,1,completed,11.0,11.0,,12,True,False
5,2469000,Katowice,2010,2,completed,154.0,143.0,,12,True,False
5,2469000,Katowice,2010,3,completed,215.0,61.0,,12,True,False
5,2469000,Katowice,2010,4,completed,259.0,44.0,,12,True,False
5,2469000,Katowice,2010,5,completed,321.0,62.0,,12,True,False
5,2469000,Katowice,2010,6,completed,333.0,12.0,,12,True,False
5,2469000,Katowice,2010,7,completed,390.0,57.0,,12,True,False
5,2469000,Katowice,2010,8,completed,394.0,4.0,,12,True,False
5,2469000,Katowice,2010,9,completed,417.0,23.0,,12,True,False
5,2469000,Katowice,2010,10,completed,531.0,114.0,,12,True,False
5,2469000,Katowice,2010,11,completed,566.0,35.0,,12,True,False
5,2469000,Katowice,2010,12,completed,1137.0,571.0,,12,True,False
5,2469000,Katowice,2011,1,completed,11.0,11.0,,12,True,False
5,2469000,Katowice,2011,2,completed,39.0,28.0,,12,True,False
5,2469000,Katowice,2011,3,completed,52.0,13.0,,12,True,False
5,2469000,Katowice,2011,4,completed,91.0,39.0,,12,True,False
5,2469000,Katowice,2011,5,completed,137.0,46.0,,12,True,False
5,2469000,Katowice,2011,6,completed,147.0,10.0,,12,True,False
5,2469000,Katowice,2011,7,completed,176.0,29.0,,12,True,False
5,2469000,Katowice,2011,8,completed,368.0,192.0,,12,True,False
5,2469000,Katowice,2011,9,completed,583.0,215.0,,12,True,False
5,2469000,Katowice,2011,10,completed,589.0,6.0,,12,True,False
5,2469000,Katowice,2011,11,completed,611.0,22.0,,12,True,False
5,2469000,Katowice,2011,12,completed,663.0,52.0,,12,True,False
5,2469000,Katowice,2012,1,completed,13.0,13.0,,12,True,False
5,2469000,Katowice,2012,2,completed,151.0,138.0,,12,True,False
5,2469000,Katowice,2012,3,completed,172.0,21.0,,12,True,False
5,2469000,Katowice,2012,4,completed,186.0,14.0,,12,True,False
5,2469000,Katowice,2012,5,completed,203.0,17.0,,12,True,False
5,2469000,Katowice,2012,6,completed,221.0,18.0,,12,True,False
5,2469000,Katowice,2012,7,completed,255.0,34.0,,12,True,False
5,2469000,Katowice,2012,8,completed,275.0,20.0,,12,True,False
5,2469000,Katowice,2012,9,completed,289.0,14.0,,12,True,False
5,2469000,Katowice,2012,10,completed,304.0,15.0,,12,True,False
5,2469000,Katowice,2012,11,completed,355.0,51.0,,12,True,False
5,2469000,Katowice,2012,12,completed,376.0,21.0,,12,True,False
5,2469000,Katowice,2013,1,completed,48.0,48.0,,12,True,False
5,2469000,Katowice,2013,2,completed,58.0,10.0,,12,True,False
5,2469000,Katowice,2013,3,completed,65.0,7.0,,12,True,False
5,2469000,Katowice,2013,4,completed,91.0,26.0,,12,True,False
5,2469000,Katowice,2013,5,completed,183.0,92.0,,12,True,False
5,2469000,Katowice,2013,6,completed,214.0,31.0,,12,True,False
5,2469000,Katowice,2013,7,completed,348.0,134.0,,12,True,False
5,2469000,Katowice,2013,8,completed,358.0,10.0,,12,True,False
5,2469000,Katowice,2013,9,completed,441.0,83.0,,12,True,False
5,2469000,Katowice,2013,10,completed,465.0,24.0,,12,True,False
5,2469000,Katowice,2013,11,completed,504.0,39.0,,12,True,False
5,2469000,Katowice,2013,12,completed,510.0,6.0,,12,True,False
5,2469000,Katowice,2014,1,completed,239.0,239.0,,12,True,False
5,2469000,Katowice,2014,2,completed,259.0,20.0,,12,True,False
5,2469000,Katowice,2014,3,completed,309.0,50.0,,12,True,False
5,2469000,Katowice,2014,4,completed,709.0,400.0,,12,True,False
5,2469000,Katowice,2014,5,completed,728.0,19.0,,12,True,False
5,2469000,Katowice,2014,6,completed,961.0,233.0,,12,True,False
5,2469000,Katowice,2014,7,completed,1042.0,81.0,,12,True,False
5,2469000,Katowice,2014,8,completed,1076.0,34.0,,12,True,False
5,2469000,Katowice,2014,9,completed,1129.0,53.0,,12,True,False
5,2469000,Katowice,2014,10,completed,1239.0,110.0,,12,True,False
5,2469000,Katowice,2014,11,completed,1246.0,7.0,,12,True,False
5,2469000,Katowice,2014,12,completed,1314.0,68.0,,12,True,False
5,2469000,Katowice,2015,1,completed,88.0,88.0,,12,True,False
5,2469000,Katowice,2015,2,completed,95.0,7.0,,12,True,False
5,2469000,Katowice,2015,3,completed,105.0,10.0,,12,True,False
5,2469000,Katowice,2015,4,completed,136.0,31.0,,12,True,False
5,2469000,Katowice,2015,5,completed,611.0,475.0,,12,True,False
5,2469000,Katowice,2015,6,completed,619.0,8.0,,12,True,False
5,2469000,Katowice,2015,7,completed,631.0,12.0,,12,True,False
5,2469000,Katowice,2015,8,completed,698.0,67.0,,12,True,False
5,2469000,Katowice,2015,9,completed,879.0,181.0,,12,True,False
5,2469000,Katowice,2015,10,completed,911.0,32.0,,12,True,False
5,2469000,Katowice,2015,11,completed,1065.0,154.0,,12,True,False
5,2469000,Katowice,2015,12,completed,1159.0,94.0,,12,True,False
5,2469000,Katowice,2016,1,completed,15.0,15.0,,12,True,False
5,2469000,Katowice,2016,2,completed,443.0,428.0,,12,True,False
5,2469000,Katowice,2016,3,completed,456.0,13.0,,12,True,False
5,2469000,Katowice,2016,4,completed,605.0,149.0,,12,True,False
5,2469000,Katowice,2016,5,completed,653.0,48.0,,12,True,False
5,2469000,Katowice,2016,6,completed,667.0,14.0,,12,True,False
5,2469000,Katowice,2016,7,completed,709.0,42.0,,12,True,False
5,2469000,Katowice,2016,8,completed,819.0,110.0,,12,True,False
5,2469000,Katowice,2016,9,completed,959.0,140.0,,12,True,False
5,2469000,Katowice,2016,10,completed,1238.0,279.0,,12,True,False
5,2469000,Katowice,2016,11,completed,1438.0,200.0,,12,True,False
5,2469000,Katowice,2016,12,completed,1675.0,237.0,,12,True,False
5,2469000,Katowice,2017,1,completed,32.0,32.0,,12,True,False
5,2469000,Katowice,2017,2,completed,128.0,96.0,,12,True,False
5,2469000,Katowice,2017,3,completed,337.0,209.0,,12,True,False
5,2469000,Katowice,2017,4,completed,487.0,150.0,,12,True,False
5,2469000,Katowice,2017,5,completed,495.0,8.0,,12,True,False
5,2469000,Katowice,2017,6,completed,551.0,56.0,,12,True,False
5,2469000,Katowice,2017,7,completed,725.0,174.0,,12,True,False
5,2469000,Katowice,2017,8,completed,1004.0,279.0,,12,True,False
5,2469000,Katowice,2017,9,completed,1118.0,114.0,,12,True,False
5,2469000,Katowice,2017,10,completed,1329.0,211.0,,12,True,False
5,2469000,Katowice,2017,11,completed,1521.0,192.0,,12,True,False
5,2469000,Katowice,2017,12,completed,1642.0,121.0,,12,True,False
5,2469000,Katowice,2018,1,completed,46.0,46.0,,12,True,False
5,2469000,Katowice,2018,2,completed,87.0,41.0,,12,True,False
5,2469000,Katowice,2018,3,completed,186.0,99.0,,12,True,False
5,2469000,Katowice,2018,4,completed,198.0,12.0,,12,True,False
5,2469000,Katowice,2018,5,completed,313.0,115.0,,12,True,False
5,2469000,Katowice,2018,6,completed,376.0,63.0,,12,True,False
5,2469000,Katowice,2018,7,completed,384.0,8.0,,12,True,False
5,2469000,Katowice,2018,8,completed,410.0,26.0,,12,True,False
5,2469000,Katowice,2018,9,completed,639.0,229.0,,12,True,False
5,2469000,Katowice,2018,10,completed,698.0,59.0,,12,True,False
5,2469000,Katowice,2018,11,completed,708.0,10.0,,12,True,False
5,2469000,Katowice,2018,12,completed,894.0,186.0,,12,True,False
5,2469000,Katowice,2019,1,completed,166.0,166.0,,12,True,False
5,2469000,Katowice,2019,2,completed,178.0,12.0,,12,True,False
5,2469000,Katowice,2019,3,completed,412.0,234.0,,12,True,False
5,2469000,Katowice,2019,4,completed,523.0,111.0,,12,True,False
5,2469000,Katowice,2019,5,completed,602.0,79.0,,12,True,False
5,2469000,Katowice,2019,6,completed,631.0,29.0,,12,True,False
5,2469000,Katowice,2019,7,completed,697.0,66.0,,12,True,False
5,2469000,Katowice,2019,8,completed,847.0,150.0,,12,True,False
5,2469000,Katowice,2019,9,completed,901.0,54.0,,12,True,False
5,2469000,Katowice,2019,10,completed,1028.0,127.0,,12,True,False
5,2469000,Katowice,2019,11,completed,1103.0,75.0,,12,True,False
5,2469000,Katowice,2019,12,completed,1344.0,241.0,,12,True,False
5,2469000,Katowice,2020,1,completed,65.0,65.0,,12,True,False
5,2469000,Katowice,2020,2,completed,79.0,14.0,,12,True,False
5,2469000,Katowice,2020,3,completed,810.0,731.0,,12,True,False
5,2469000,Katowice,2020,4,completed,836.0,26.0,,12,True,False
5,2469000,Katowice,2020,5,completed,1009.0,173.0,,12,True,False
5,2469000,Katowice,2020,6,completed,1226.0,217.0,,12,True,False
5,2469000,Katowice,2020,7,completed,1918.0,692.0,,12,True,False
5,2469000,Katowice,2020,8,completed,2179.0,261.0,,12,True,False
5,2469000,Katowice,2020,9,completed,2504.0,325.0,,12,True,False
5,2469000,Katowice,2020,10,completed,2663.0,159.0,,12,True,False
5,2469000,Katowice,2020,11,completed,2761.0,98.0,,12,True,False
5,2469000,Katowice,2020,12,completed,3451.0,690.0,,12,True,False
5,2469000,Katowice,2021,1,completed,12.0,12.0,,12,True,False
5,2469000,Katowice,2021,2,completed,79.0,67.0,,12,True,False
5,2469000,Katowice,2021,3,completed,341.0,262.0,,12,True,False
5,2469000,Katowice,2021,4,completed,860.0,519.0,,12,True,False
5,2469000,Katowice,2021,5,completed,940.0,80.0,,12,True,False
5,2469000,Katowice,2021,6,completed,1323.0,383.0,,12,True,False
5,2469000,Katowice,2021,7,completed,1455.0,132.0,,12,True,False
5,2469000,Katowice,2021,8,completed,1520.0,65.0,,12,True,False
5,2469000,Katowice,2021,9,completed,2093.0,573.0,,12,True,False
5,2469000,Katowice,2021,10,completed,2200.0,107.0,,12,True,False
5,2469000,Katowice,2021,11,completed,2288.0,88.0,,12,True,False
5,2469000,Katowice,2021,12,completed,2325.0,37.0,,12,True,False
5,2469000,Katowice,2022,1,completed,21.0,21.0,,12,True,False
5,2469000,Katowice,2022,2,completed,31.0,10.0,,12,True,False
5,2469000,Katowice,2022,3,completed,406.0,375.0,,12,True,False
5,2469000,Katowice,2022,4,completed,671.0,265.0,,12,True,False
5,2469000,Katowice,2022,5,completed,680.0,9.0,,12,True,False
5,2469000,Katowice,2022,6,completed,787.0,107.0,,12,True,False
5,2469000,Katowice,2022,7,completed,1040.0,253.0,,12,True,False
5,2469000,Katowice,2022,8,completed,1296.0,256.0,,12,True,False
5,2469000,Katowice,2022,9,completed,1364.0,68.0,,12,True,False
5,2469000,Katowice,2022,10,completed,1392.0,28.0,,12,True,False
5,2469000,Katowice,2022,11,completed,1549.0,157.0,,12,True,False
5,2469000,Katowice,2022,12,completed,1870.0,321.0,,12,True,False
5,2469000,Katowice,2023,1,completed,176.0,176.0,,12,True,False
5,2469000,Katowice,2023,2,completed,341.0,165.0,,12,True,False
5,2469000,Katowice,2023,3,completed,352.0,11.0,,12,True,False
5,2469000,Katowice,2023,4,completed,620.0,268.0,,12,True,False
5,2469000,Katowice,2023,5,completed,671.0,51.0,,12,True,False
5,2469000,Katowice,2023,6,completed,679.0,8.0,,12,True,False
5,2469000,Katowice,2023,7,completed,712.0,33.0,,12,True,False
5,2469000,Katowice,2023,8,completed,725.0,13.0,,12,True,False
5,2469000,Katowice,2023,9,completed,1170.0,445.0,,12,True,False
5,2469000,Katowice,2023,10,completed,1725.0,555.0,,12,True,False
5,2469000,Katowice,2023,11,completed,2137.0,412.0,,12,True,False
5,2469000,Katowice,2023,12,completed,2968.0,831.0,,12,True,False
5,2469000,Katowice,2024,1,completed,9.0,9.0,,12,True,False
5,2469000,Katowice,2024,2,completed,109.0,100.0,,12,True,False
5,2469000,Katowice,2024,3,completed,301.0,192.0,,12,True,False
5,2469000,Katowice,2024,4,completed,381.0,80.0,,12,True,False
5,2469000,Katowice,2024,5,completed,648.0,267.0,,12,True,False
5,2469000,Katowice,2024,6,completed,1165.0,517.0,,12,True,False
5,2469000,Katowice,2024,7,completed,1311.0,146.0,,12,True,False
5,2469000,Katowice,2024,8,completed,1516.0,205.0,,12,True,False
5,2469000,Katowice,2024,9,completed,2002.0,486.0,,12,True,False
5,2469000,Katowice,2024,10,completed,2012.0,10.0,,12,True,False
5,2469000,Katowice,2024,11,completed,2032.0,20.0,,12,True,False
5,2469000,Katowice,2024,12,completed,2664.0,632.0,,12,True,False
5,2469000,Katowice,2025,1,completed,328.0,328.0,,12,True,False
5,2469000,Katowice,2025,2,completed,376.0,48.0,,12,True,False
5,2469000,Katowice,2025,3,completed,404.0,28.0,,12,True,False
5,2469000,Katowice,2025,4,completed,752.0,348.0,,12,True,False
5,2469000,Katowice,2025,5,completed,978.0,226.0,,12,True,False
5,2469000,Katowice,2025,6,completed,1269.0,291.0,,12,True,False
5,2469000,Katowice,2025,7,completed,1394.0,125.0,,12,True,False
5,2469000,Katowice,2025,8,completed,1589.0,195.0,,12,True,False
5,2469000,Katowice,2025,9,completed,1866.0,277.0,,12,True,False
5,2469000,Katowice,2025,10,completed,1875.0,9.0,,12,True,False
5,2469000,Katowice,2025,11,completed,2016.0,141.0,,12,True,False
5,2469000,Katowice,2025,12,completed,2334.0,318.0,,12,True,False
5,2469000,Katowice,2026,1,completed,10.0,10.0,,6,False,False
5,2469000,Katowice,2026,2,completed,16.0,6.0,,6,False,False
5,2469000,Katowice,2026,3,completed,871.0,855.0,,6,False,False
5,2469000,Katowice,2026,4,completed,1124.0,253.0,,6,False,False
5,2469000,Katowice,2026,5,completed,1153.0,29.0,,6,False,False
5,2469000,Katowice,2026,6,completed,1420.0,267.0,,6,False,False
6,2661000,Kielce,2005,1,completed,165.0,165.0,,12,True,False
6,2661000,Kielce,2005,2,completed,191.0,26.0,,12,True,False
6,2661000,Kielce,2005,3,completed,215.0,24.0,,12,True,False
6,2661000,Kielce,2005,4,completed,247.0,32.0,,12,True,False
6,2661000,Kielce,2005,5,completed,313.0,66.0,,12,True,False
6,2661000,Kielce,2005,6,completed,332.0,19.0,,12,True,False
6,2661000,Kielce,2005,7,completed,348.0,16.0,,12,True,False
6,2661000,Kielce,2005,8,completed,416.0,68.0,,12,True,False
6,2661000,Kielce,2005,9,completed,428.0,12.0,,12,True,False
6,2661000,Kielce,2005,10,completed,491.0,63.0,,12,True,False
6,2661000,Kielce,2005,11,completed,507.0,16.0,,12,True,False
6,2661000,Kielce,2005,12,completed,726.0,219.0,,12,True,False
6,2661000,Kielce,2006,1,completed,61.0,61.0,,12,True,False
6,2661000,Kielce,2006,2,completed,74.0,13.0,,12,True,False
6,2661000,Kielce,2006,3,completed,112.0,38.0,,12,True,False
6,2661000,Kielce,2006,4,completed,123.0,11.0,,12,True,False
6,2661000,Kielce,2006,5,completed,133.0,10.0,,12,True,False
6,2661000,Kielce,2006,6,completed,206.0,73.0,,12,True,False
6,2661000,Kielce,2006,7,completed,219.0,13.0,,12,True,False
6,2661000,Kielce,2006,8,completed,255.0,36.0,,12,True,False
6,2661000,Kielce,2006,9,completed,292.0,37.0,,12,True,False
6,2661000,Kielce,2006,10,completed,301.0,9.0,,12,True,False
6,2661000,Kielce,2006,11,completed,385.0,84.0,,12,True,False
6,2661000,Kielce,2006,12,completed,442.0,57.0,,12,True,False
6,2661000,Kielce,2007,1,completed,25.0,25.0,,12,True,False
6,2661000,Kielce,2007,2,completed,33.0,8.0,,12,True,False
6,2661000,Kielce,2007,3,completed,46.0,13.0,,12,True,False
6,2661000,Kielce,2007,4,completed,50.0,4.0,,12,True,False
6,2661000,Kielce,2007,5,completed,73.0,23.0,,12,True,False
6,2661000,Kielce,2007,6,completed,136.0,63.0,,12,True,False
6,2661000,Kielce,2007,7,completed,165.0,29.0,,12,True,False
6,2661000,Kielce,2007,8,completed,234.0,69.0,,12,True,False
6,2661000,Kielce,2007,9,completed,264.0,30.0,,12,True,False
6,2661000,Kielce,2007,10,completed,361.0,97.0,,12,True,False
6,2661000,Kielce,2007,11,completed,447.0,86.0,,12,True,False
6,2661000,Kielce,2007,12,completed,578.0,131.0,,12,True,False
6,2661000,Kielce,2008,1,completed,145.0,145.0,,12,True,False
6,2661000,Kielce,2008,2,completed,166.0,21.0,,12,True,False
6,2661000,Kielce,2008,3,completed,198.0,32.0,,12,True,False
6,2661000,Kielce,2008,4,completed,256.0,58.0,,12,True,False
6,2661000,Kielce,2008,5,completed,283.0,27.0,,12,True,False
6,2661000,Kielce,2008,6,completed,401.0,118.0,,12,True,False
6,2661000,Kielce,2008,7,completed,417.0,16.0,,12,True,False
6,2661000,Kielce,2008,8,completed,429.0,12.0,,12,True,False
6,2661000,Kielce,2008,9,completed,502.0,73.0,,12,True,False
6,2661000,Kielce,2008,10,completed,591.0,89.0,,12,True,False
6,2661000,Kielce,2008,11,completed,606.0,15.0,,12,True,False
6,2661000,Kielce,2008,12,completed,768.0,162.0,,12,True,False
6,2661000,Kielce,2009,1,completed,56.0,56.0,,12,True,False
6,2661000,Kielce,2009,2,completed,128.0,72.0,,12,True,False
6,2661000,Kielce,2009,3,completed,162.0,34.0,,12,True,False
6,2661000,Kielce,2009,4,completed,172.0,10.0,,12,True,False
6,2661000,Kielce,2009,5,completed,218.0,46.0,,12,True,False
6,2661000,Kielce,2009,6,completed,276.0,58.0,,12,True,False
6,2661000,Kielce,2009,7,completed,304.0,28.0,,12,True,False
6,2661000,Kielce,2009,8,completed,424.0,120.0,,12,True,False
6,2661000,Kielce,2009,9,completed,476.0,52.0,,12,True,False
6,2661000,Kielce,2009,10,completed,504.0,28.0,,12,True,False
6,2661000,Kielce,2009,11,completed,597.0,93.0,,12,True,False
6,2661000,Kielce,2009,12,completed,626.0,29.0,,12,True,False
6,2661000,Kielce,2010,1,completed,143.0,143.0,,12,True,False
6,2661000,Kielce,2010,2,completed,210.0,67.0,,12,True,False
6,2661000,Kielce,2010,3,completed,249.0,39.0,,12,True,False
6,2661000,Kielce,2010,4,completed,323.0,74.0,,12,True,False
6,2661000,Kielce,2010,5,completed,341.0,18.0,,12,True,False
6,2661000,Kielce,2010,6,completed,416.0,75.0,,12,True,False
6,2661000,Kielce,2010,7,completed,445.0,29.0,,12,True,False
6,2661000,Kielce,2010,8,completed,485.0,40.0,,12,True,False
6,2661000,Kielce,2010,9,completed,498.0,13.0,,12,True,False
6,2661000,Kielce,2010,10,completed,599.0,101.0,,12,True,False
6,2661000,Kielce,2010,11,completed,724.0,125.0,,12,True,False
6,2661000,Kielce,2010,12,completed,744.0,20.0,,12,True,False
6,2661000,Kielce,2011,1,completed,21.0,21.0,,12,True,False
6,2661000,Kielce,2011,2,completed,84.0,63.0,,12,True,False
6,2661000,Kielce,2011,3,completed,211.0,127.0,,12,True,False
6,2661000,Kielce,2011,4,completed,236.0,25.0,,12,True,False
6,2661000,Kielce,2011,5,completed,370.0,134.0,,12,True,False
6,2661000,Kielce,2011,6,completed,379.0,9.0,,12,True,False
6,2661000,Kielce,2011,7,completed,384.0,5.0,,12,True,False
6,2661000,Kielce,2011,8,completed,482.0,98.0,,12,True,False
6,2661000,Kielce,2011,9,completed,555.0,73.0,,12,True,False
6,2661000,Kielce,2011,10,completed,643.0,88.0,,12,True,False
6,2661000,Kielce,2011,11,completed,707.0,64.0,,12,True,False
6,2661000,Kielce,2011,12,completed,876.0,169.0,,12,True,False
6,2661000,Kielce,2012,1,completed,98.0,98.0,,12,True,False
6,2661000,Kielce,2012,2,completed,119.0,21.0,,12,True,False
6,2661000,Kielce,2012,3,completed,182.0,63.0,,12,True,False
6,2661000,Kielce,2012,4,completed,240.0,58.0,,12,True,False
6,2661000,Kielce,2012,5,completed,248.0,8.0,,12,True,False
6,2661000,Kielce,2012,6,completed,342.0,94.0,,12,True,False
6,2661000,Kielce,2012,7,completed,365.0,23.0,,12,True,False
6,2661000,Kielce,2012,8,completed,437.0,72.0,,12,True,False
6,2661000,Kielce,2012,9,completed,489.0,52.0,,12,True,False
6,2661000,Kielce,2012,10,completed,521.0,32.0,,12,True,False
6,2661000,Kielce,2012,11,completed,670.0,149.0,,12,True,False
6,2661000,Kielce,2012,12,completed,810.0,140.0,,12,True,False
6,2661000,Kielce,2013,1,completed,22.0,22.0,,12,True,False
6,2661000,Kielce,2013,2,completed,54.0,32.0,,12,True,False
6,2661000,Kielce,2013,3,completed,110.0,56.0,,12,True,False
6,2661000,Kielce,2013,4,completed,128.0,18.0,,12,True,False
6,2661000,Kielce,2013,5,completed,148.0,20.0,,12,True,False
6,2661000,Kielce,2013,6,completed,152.0,4.0,,12,True,False
6,2661000,Kielce,2013,7,completed,207.0,55.0,,12,True,False
6,2661000,Kielce,2013,8,completed,246.0,39.0,,12,True,False
6,2661000,Kielce,2013,9,completed,259.0,13.0,,12,True,False
6,2661000,Kielce,2013,10,completed,431.0,172.0,,12,True,False
6,2661000,Kielce,2013,11,completed,573.0,142.0,,12,True,False
6,2661000,Kielce,2013,12,completed,666.0,93.0,,12,True,False
6,2661000,Kielce,2014,1,completed,18.0,18.0,,12,True,False
6,2661000,Kielce,2014,2,completed,171.0,153.0,,12,True,False
6,2661000,Kielce,2014,3,completed,301.0,130.0,,12,True,False
6,2661000,Kielce,2014,4,completed,312.0,11.0,,12,True,False
6,2661000,Kielce,2014,5,completed,332.0,20.0,,12,True,False
6,2661000,Kielce,2014,6,completed,361.0,29.0,,12,True,False
6,2661000,Kielce,2014,7,completed,459.0,98.0,,12,True,False
6,2661000,Kielce,2014,8,completed,650.0,191.0,,12,True,False
6,2661000,Kielce,2014,9,completed,971.0,321.0,,12,True,False
6,2661000,Kielce,2014,10,completed,1053.0,82.0,,12,True,False
6,2661000,Kielce,2014,11,completed,1333.0,280.0,,12,True,False
6,2661000,Kielce,2014,12,completed,1377.0,44.0,,12,True,False
6,2661000,Kielce,2015,1,completed,13.0,13.0,,12,True,False
6,2661000,Kielce,2015,2,completed,26.0,13.0,,12,True,False
6,2661000,Kielce,2015,3,completed,78.0,52.0,,12,True,False
6,2661000,Kielce,2015,4,completed,116.0,38.0,,12,True,False
6,2661000,Kielce,2015,5,completed,201.0,85.0,,12,True,False
6,2661000,Kielce,2015,6,completed,211.0,10.0,,12,True,False
6,2661000,Kielce,2015,7,completed,239.0,28.0,,12,True,False
6,2661000,Kielce,2015,8,completed,287.0,48.0,,12,True,False
6,2661000,Kielce,2015,9,completed,290.0,3.0,,12,True,False
6,2661000,Kielce,2015,10,completed,476.0,186.0,,12,True,False
6,2661000,Kielce,2015,11,completed,673.0,197.0,,12,True,False
6,2661000,Kielce,2015,12,completed,943.0,270.0,,12,True,False
6,2661000,Kielce,2016,1,completed,86.0,86.0,,12,True,False
6,2661000,Kielce,2016,2,completed,157.0,71.0,,12,True,False
6,2661000,Kielce,2016,3,completed,163.0,6.0,,12,True,False
6,2661000,Kielce,2016,4,completed,196.0,33.0,,12,True,False
6,2661000,Kielce,2016,5,completed,342.0,146.0,,12,True,False
6,2661000,Kielce,2016,6,completed,397.0,55.0,,12,True,False
6,2661000,Kielce,2016,7,completed,439.0,42.0,,12,True,False
6,2661000,Kielce,2016,8,completed,445.0,6.0,,12,True,False
6,2661000,Kielce,2016,9,completed,484.0,39.0,,12,True,False
6,2661000,Kielce,2016,10,completed,544.0,60.0,,12,True,False
6,2661000,Kielce,2016,11,completed,631.0,87.0,,12,True,False
6,2661000,Kielce,2016,12,completed,755.0,124.0,,12,True,False
6,2661000,Kielce,2017,1,completed,118.0,118.0,,12,True,False
6,2661000,Kielce,2017,2,completed,122.0,4.0,,12,True,False
6,2661000,Kielce,2017,3,completed,154.0,32.0,,12,True,False
6,2661000,Kielce,2017,4,completed,156.0,2.0,,12,True,False
6,2661000,Kielce,2017,5,completed,321.0,165.0,,12,True,False
6,2661000,Kielce,2017,6,completed,389.0,68.0,,12,True,False
6,2661000,Kielce,2017,7,completed,412.0,23.0,,12,True,False
6,2661000,Kielce,2017,8,completed,542.0,130.0,,12,True,False
6,2661000,Kielce,2017,9,completed,557.0,15.0,,12,True,False
6,2661000,Kielce,2017,10,completed,572.0,15.0,,12,True,False
6,2661000,Kielce,2017,11,completed,580.0,8.0,,12,True,False
6,2661000,Kielce,2017,12,completed,609.0,29.0,,12,True,False
6,2661000,Kielce,2018,1,completed,112.0,112.0,,12,True,False
6,2661000,Kielce,2018,2,completed,254.0,142.0,,12,True,False
6,2661000,Kielce,2018,3,completed,369.0,115.0,,12,True,False
6,2661000,Kielce,2018,4,completed,404.0,35.0,,12,True,False
6,2661000,Kielce,2018,5,completed,425.0,21.0,,12,True,False
6,2661000,Kielce,2018,6,completed,518.0,93.0,,12,True,False
6,2661000,Kielce,2018,7,completed,646.0,128.0,,12,True,False
6,2661000,Kielce,2018,8,completed,659.0,13.0,,12,True,False
6,2661000,Kielce,2018,9,completed,879.0,220.0,,12,True,False
6,2661000,Kielce,2018,10,completed,882.0,3.0,,12,True,False
6,2661000,Kielce,2018,11,completed,891.0,9.0,,12,True,False
6,2661000,Kielce,2018,12,completed,895.0,4.0,,12,True,False
6,2661000,Kielce,2019,1,completed,143.0,143.0,,12,True,False
6,2661000,Kielce,2019,2,completed,288.0,145.0,,12,True,False
6,2661000,Kielce,2019,3,completed,319.0,31.0,,12,True,False
6,2661000,Kielce,2019,4,completed,375.0,56.0,,12,True,False
6,2661000,Kielce,2019,5,completed,529.0,154.0,,12,True,False
6,2661000,Kielce,2019,6,completed,551.0,22.0,,12,True,False
6,2661000,Kielce,2019,7,completed,661.0,110.0,,12,True,False
6,2661000,Kielce,2019,8,completed,807.0,146.0,,12,True,False
6,2661000,Kielce,2019,9,completed,866.0,59.0,,12,True,False
6,2661000,Kielce,2019,10,completed,1004.0,138.0,,12,True,False
6,2661000,Kielce,2019,11,completed,1076.0,72.0,,12,True,False
6,2661000,Kielce,2019,12,completed,1424.0,348.0,,12,True,False
6,2661000,Kielce,2020,1,completed,230.0,230.0,,12,True,False
6,2661000,Kielce,2020,2,completed,240.0,10.0,,12,True,False
6,2661000,Kielce,2020,3,completed,274.0,34.0,,12,True,False
6,2661000,Kielce,2020,4,completed,387.0,113.0,,12,True,False
6,2661000,Kielce,2020,5,completed,525.0,138.0,,12,True,False
6,2661000,Kielce,2020,6,completed,840.0,315.0,,12,True,False
6,2661000,Kielce,2020,7,completed,1019.0,179.0,,12,True,False
6,2661000,Kielce,2020,8,completed,1161.0,142.0,,12,True,False
6,2661000,Kielce,2020,9,completed,1191.0,30.0,,12,True,False
6,2661000,Kielce,2020,10,completed,1237.0,46.0,,12,True,False
6,2661000,Kielce,2020,11,completed,1252.0,15.0,,12,True,False
6,2661000,Kielce,2020,12,completed,1545.0,293.0,,12,True,False
6,2661000,Kielce,2021,1,completed,12.0,12.0,,12,True,False
6,2661000,Kielce,2021,2,completed,121.0,109.0,,12,True,False
6,2661000,Kielce,2021,3,completed,462.0,341.0,,12,True,False
6,2661000,Kielce,2021,4,completed,684.0,222.0,,12,True,False
6,2661000,Kielce,2021,5,completed,694.0,10.0,,12,True,False
6,2661000,Kielce,2021,6,completed,772.0,78.0,,12,True,False
6,2661000,Kielce,2021,7,completed,815.0,43.0,,12,True,False
6,2661000,Kielce,2021,8,completed,896.0,81.0,,12,True,False
6,2661000,Kielce,2021,9,completed,921.0,25.0,,12,True,False
6,2661000,Kielce,2021,10,completed,939.0,18.0,,12,True,False
6,2661000,Kielce,2021,11,completed,1102.0,163.0,,12,True,False
6,2661000,Kielce,2021,12,completed,1173.0,71.0,,12,True,False
6,2661000,Kielce,2022,1,completed,237.0,237.0,,12,True,False
6,2661000,Kielce,2022,2,completed,269.0,32.0,,12,True,False
6,2661000,Kielce,2022,3,completed,375.0,106.0,,12,True,False
6,2661000,Kielce,2022,4,completed,523.0,148.0,,12,True,False
6,2661000,Kielce,2022,5,completed,661.0,138.0,,12,True,False
6,2661000,Kielce,2022,6,completed,831.0,170.0,,12,True,False
6,2661000,Kielce,2022,7,completed,838.0,7.0,,12,True,False
6,2661000,Kielce,2022,8,completed,844.0,6.0,,12,True,False
6,2661000,Kielce,2022,9,completed,947.0,103.0,,12,True,False
6,2661000,Kielce,2022,10,completed,974.0,27.0,,12,True,False
6,2661000,Kielce,2022,11,completed,1017.0,43.0,,12,True,False
6,2661000,Kielce,2022,12,completed,1093.0,76.0,,12,True,False
6,2661000,Kielce,2023,1,completed,256.0,256.0,,12,True,False
6,2661000,Kielce,2023,2,completed,521.0,265.0,,12,True,False
6,2661000,Kielce,2023,3,completed,653.0,132.0,,12,True,False
6,2661000,Kielce,2023,4,completed,733.0,80.0,,12,True,False
6,2661000,Kielce,2023,5,completed,786.0,53.0,,12,True,False
6,2661000,Kielce,2023,6,completed,797.0,11.0,,12,True,False
6,2661000,Kielce,2023,7,completed,864.0,67.0,,12,True,False
6,2661000,Kielce,2023,8,completed,873.0,9.0,,12,True,False
6,2661000,Kielce,2023,9,completed,909.0,36.0,,12,True,False
6,2661000,Kielce,2023,10,completed,962.0,53.0,,12,True,False
6,2661000,Kielce,2023,11,completed,1004.0,42.0,,12,True,False
6,2661000,Kielce,2023,12,completed,1177.0,173.0,,12,True,False
6,2661000,Kielce,2024,1,completed,89.0,89.0,,12,True,False
6,2661000,Kielce,2024,2,completed,158.0,69.0,,12,True,False
6,2661000,Kielce,2024,3,completed,539.0,381.0,,12,True,False
6,2661000,Kielce,2024,4,completed,644.0,105.0,,12,True,False
6,2661000,Kielce,2024,5,completed,714.0,70.0,,12,True,False
6,2661000,Kielce,2024,6,completed,782.0,68.0,,12,True,False
6,2661000,Kielce,2024,7,completed,905.0,123.0,,12,True,False
6,2661000,Kielce,2024,8,completed,1008.0,103.0,,12,True,False
6,2661000,Kielce,2024,9,completed,1020.0,12.0,,12,True,False
6,2661000,Kielce,2024,10,completed,1027.0,7.0,,12,True,False
6,2661000,Kielce,2024,11,completed,1166.0,139.0,,12,True,False
6,2661000,Kielce,2024,12,completed,1303.0,137.0,,12,True,False
6,2661000,Kielce,2025,1,completed,6.0,6.0,,12,True,False
6,2661000,Kielce,2025,2,completed,118.0,112.0,,12,True,False
6,2661000,Kielce,2025,3,completed,343.0,225.0,,12,True,False
6,2661000,Kielce,2025,4,completed,549.0,206.0,,12,True,False
6,2661000,Kielce,2025,5,completed,580.0,31.0,,12,True,False
6,2661000,Kielce,2025,6,completed,587.0,7.0,,12,True,False
6,2661000,Kielce,2025,7,completed,590.0,3.0,,12,True,False
6,2661000,Kielce,2025,8,completed,756.0,166.0,,12,True,False
6,2661000,Kielce,2025,9,completed,780.0,24.0,,12,True,False
6,2661000,Kielce,2025,10,completed,787.0,7.0,,12,True,False
6,2661000,Kielce,2025,11,completed,913.0,126.0,,12,True,False
6,2661000,Kielce,2025,12,completed,1045.0,132.0,,12,True,False
6,2661000,Kielce,2026,1,completed,251.0,251.0,,6,False,False
6,2661000,Kielce,2026,2,completed,315.0,64.0,,6,False,False
6,2661000,Kielce,2026,3,completed,320.0,5.0,,6,False,False
6,2661000,Kielce,2026,4,completed,323.0,3.0,,6,False,False
6,2661000,Kielce,2026,5,completed,406.0,83.0,,6,False,False
6,2661000,Kielce,2026,6,completed,493.0,87.0,,6,False,False
7,1261000,Kraków,2005,1,completed,1210.0,1210.0,,12,True,False
7,1261000,Kraków,2005,2,completed,1393.0,183.0,,12,True,False
7,1261000,Kraków,2005,3,completed,1511.0,118.0,,12,True,False
7,1261000,Kraków,2005,4,completed,2195.0,684.0,,12,True,False
7,1261000,Kraków,2005,5,completed,2759.0,564.0,,12,True,False
7,1261000,Kraków,2005,6,completed,3190.0,431.0,,12,True,False
7,1261000,Kraków,2005,7,completed,3611.0,421.0,,12,True,False
7,1261000,Kraków,2005,8,completed,3915.0,304.0,,12,True,False
7,1261000,Kraków,2005,9,completed,4117.0,202.0,,12,True,False
7,1261000,Kraków,2005,10,completed,4419.0,302.0,,12,True,False
7,1261000,Kraków,2005,11,completed,4535.0,116.0,,12,True,False
7,1261000,Kraków,2005,12,completed,4557.0,22.0,,12,True,False
7,1261000,Kraków,2006,1,completed,963.0,963.0,,12,True,False
7,1261000,Kraków,2006,2,completed,2492.0,1529.0,,12,True,False
7,1261000,Kraków,2006,3,completed,3832.0,1340.0,,12,True,False
7,1261000,Kraków,2006,4,completed,3940.0,108.0,,12,True,False
7,1261000,Kraków,2006,5,completed,4286.0,346.0,,12,True,False
7,1261000,Kraków,2006,6,completed,4472.0,186.0,,12,True,False
7,1261000,Kraków,2006,7,completed,4727.0,255.0,,12,True,False
7,1261000,Kraków,2006,8,completed,5202.0,475.0,,12,True,False
7,1261000,Kraków,2006,9,completed,5350.0,148.0,,12,True,False
7,1261000,Kraków,2006,10,completed,5719.0,369.0,,12,True,False
7,1261000,Kraków,2006,11,completed,6102.0,383.0,,12,True,False
7,1261000,Kraków,2006,12,completed,6612.0,510.0,,12,True,False
7,1261000,Kraków,2007,1,completed,562.0,562.0,,12,True,False
7,1261000,Kraków,2007,2,completed,887.0,325.0,,12,True,False
7,1261000,Kraków,2007,3,completed,1243.0,356.0,,12,True,False
7,1261000,Kraków,2007,4,completed,1611.0,368.0,,12,True,False
7,1261000,Kraków,2007,5,completed,1988.0,377.0,,12,True,False
7,1261000,Kraków,2007,6,completed,2289.0,301.0,,12,True,False
7,1261000,Kraków,2007,7,completed,2907.0,618.0,,12,True,False
7,1261000,Kraków,2007,8,completed,3109.0,202.0,,12,True,False
7,1261000,Kraków,2007,9,completed,3500.0,391.0,,12,True,False
7,1261000,Kraków,2007,10,completed,4179.0,679.0,,12,True,False
7,1261000,Kraków,2007,11,completed,4533.0,354.0,,12,True,False
7,1261000,Kraków,2007,12,completed,4922.0,389.0,,12,True,False
7,1261000,Kraków,2008,1,completed,337.0,337.0,,12,True,False
7,1261000,Kraków,2008,2,completed,1173.0,836.0,,12,True,False
7,1261000,Kraków,2008,3,completed,1641.0,468.0,,12,True,False
7,1261000,Kraków,2008,4,completed,2223.0,582.0,,12,True,False
7,1261000,Kraków,2008,5,completed,2818.0,595.0,,12,True,False
7,1261000,Kraków,2008,6,completed,3538.0,720.0,,12,True,False
7,1261000,Kraków,2008,7,completed,4271.0,733.0,,12,True,False
7,1261000,Kraków,2008,8,completed,4703.0,432.0,,12,True,False
7,1261000,Kraków,2008,9,completed,5381.0,678.0,,12,True,False
7,1261000,Kraków,2008,10,completed,5806.0,425.0,,12,True,False
7,1261000,Kraków,2008,11,completed,6120.0,314.0,,12,True,False
7,1261000,Kraków,2008,12,completed,6621.0,501.0,,12,True,False
7,1261000,Kraków,2009,1,completed,2866.0,2866.0,,12,True,False
7,1261000,Kraków,2009,2,completed,3230.0,364.0,,12,True,False
7,1261000,Kraków,2009,3,completed,3465.0,235.0,,12,True,False
7,1261000,Kraków,2009,4,completed,4861.0,1396.0,,12,True,False
7,1261000,Kraków,2009,5,completed,5161.0,300.0,,12,True,False
7,1261000,Kraków,2009,6,completed,6120.0,959.0,,12,True,False
7,1261000,Kraków,2009,7,completed,7199.0,1079.0,,12,True,False
7,1261000,Kraków,2009,8,completed,7584.0,385.0,,12,True,False
7,1261000,Kraków,2009,9,completed,7897.0,313.0,,12,True,False
7,1261000,Kraków,2009,10,completed,9630.0,1733.0,,12,True,False
7,1261000,Kraków,2009,11,completed,9902.0,272.0,,12,True,False
7,1261000,Kraków,2009,12,completed,10344.0,442.0,,12,True,False
7,1261000,Kraków,2010,1,completed,523.0,523.0,,12,True,False
7,1261000,Kraków,2010,2,completed,1030.0,507.0,,12,True,False
7,1261000,Kraków,2010,3,completed,1811.0,781.0,,12,True,False
7,1261000,Kraków,2010,4,completed,2066.0,255.0,,12,True,False
7,1261000,Kraków,2010,5,completed,2163.0,97.0,,12,True,False
7,1261000,Kraków,2010,6,completed,2559.0,396.0,,12,True,False
7,1261000,Kraków,2010,7,completed,3073.0,514.0,,12,True,False
7,1261000,Kraków,2010,8,completed,3462.0,389.0,,12,True,False
7,1261000,Kraków,2010,9,completed,3902.0,440.0,,12,True,False
7,1261000,Kraków,2010,10,completed,4075.0,173.0,,12,True,False
7,1261000,Kraków,2010,11,completed,4384.0,309.0,,12,True,False
7,1261000,Kraków,2010,12,completed,4716.0,332.0,,12,True,False
7,1261000,Kraków,2011,1,completed,867.0,867.0,,12,True,False
7,1261000,Kraków,2011,2,completed,1135.0,268.0,,12,True,False
7,1261000,Kraków,2011,3,completed,1473.0,338.0,,12,True,False
7,1261000,Kraków,2011,4,completed,2041.0,568.0,,12,True,False
7,1261000,Kraków,2011,5,completed,2182.0,141.0,,12,True,False
7,1261000,Kraków,2011,6,completed,2443.0,261.0,,12,True,False
7,1261000,Kraków,2011,7,completed,2755.0,312.0,,12,True,False
7,1261000,Kraków,2011,8,completed,2931.0,176.0,,12,True,False
7,1261000,Kraków,2011,9,completed,3186.0,255.0,,12,True,False
7,1261000,Kraków,2011,10,completed,3964.0,778.0,,12,True,False
7,1261000,Kraków,2011,11,completed,4581.0,617.0,,12,True,False
7,1261000,Kraków,2011,12,completed,4852.0,271.0,,12,True,False
7,1261000,Kraków,2012,1,completed,733.0,733.0,,12,True,False
7,1261000,Kraków,2012,2,completed,1294.0,561.0,,12,True,False
7,1261000,Kraków,2012,3,completed,1829.0,535.0,,12,True,False
7,1261000,Kraków,2012,4,completed,2520.0,691.0,,12,True,False
7,1261000,Kraków,2012,5,completed,2813.0,293.0,,12,True,False
7,1261000,Kraków,2012,6,completed,3095.0,282.0,,12,True,False
7,1261000,Kraków,2012,7,completed,3488.0,393.0,,12,True,False
7,1261000,Kraków,2012,8,completed,4161.0,673.0,,12,True,False
7,1261000,Kraków,2012,9,completed,4612.0,451.0,,12,True,False
7,1261000,Kraków,2012,10,completed,4917.0,305.0,,12,True,False
7,1261000,Kraków,2012,11,completed,5836.0,919.0,,12,True,False
7,1261000,Kraków,2012,12,completed,6824.0,988.0,,12,True,False
7,1261000,Kraków,2013,1,completed,1202.0,1202.0,,12,True,False
7,1261000,Kraków,2013,2,completed,1866.0,664.0,,12,True,False
7,1261000,Kraków,2013,3,completed,2417.0,551.0,,12,True,False
7,1261000,Kraków,2013,4,completed,3205.0,788.0,,12,True,False
7,1261000,Kraków,2013,5,completed,3589.0,384.0,,12,True,False
7,1261000,Kraków,2013,6,completed,3904.0,315.0,,12,True,False
7,1261000,Kraków,2013,7,completed,4263.0,359.0,,12,True,False
7,1261000,Kraków,2013,8,completed,4736.0,473.0,,12,True,False
7,1261000,Kraków,2013,9,completed,4953.0,217.0,,12,True,False
7,1261000,Kraków,2013,10,completed,5353.0,400.0,,12,True,False
7,1261000,Kraków,2013,11,completed,5906.0,553.0,,12,True,False
7,1261000,Kraków,2013,12,completed,7019.0,1113.0,,12,True,False
7,1261000,Kraków,2014,1,completed,694.0,694.0,,12,True,False
7,1261000,Kraków,2014,2,completed,1944.0,1250.0,,12,True,False
7,1261000,Kraków,2014,3,completed,2300.0,356.0,,12,True,False
7,1261000,Kraków,2014,4,completed,2601.0,301.0,,12,True,False
7,1261000,Kraków,2014,5,completed,3065.0,464.0,,12,True,False
7,1261000,Kraków,2014,6,completed,3356.0,291.0,,12,True,False
7,1261000,Kraków,2014,7,completed,4264.0,908.0,,12,True,False
7,1261000,Kraków,2014,8,completed,4807.0,543.0,,12,True,False
7,1261000,Kraków,2014,9,completed,5195.0,388.0,,12,True,False
7,1261000,Kraków,2014,10,completed,6158.0,963.0,,12,True,False
7,1261000,Kraków,2014,11,completed,6846.0,688.0,,12,True,False
7,1261000,Kraków,2014,12,completed,7346.0,500.0,,12,True,False
7,1261000,Kraków,2015,1,completed,950.0,950.0,,12,True,False
7,1261000,Kraków,2015,2,completed,1478.0,528.0,,12,True,False
7,1261000,Kraków,2015,3,completed,1732.0,254.0,,12,True,False
7,1261000,Kraków,2015,4,completed,2520.0,788.0,,12,True,False
7,1261000,Kraków,2015,5,completed,3131.0,611.0,,12,True,False
7,1261000,Kraków,2015,6,completed,3256.0,125.0,,12,True,False
7,1261000,Kraków,2015,7,completed,3397.0,141.0,,12,True,False
7,1261000,Kraków,2015,8,completed,3956.0,559.0,,12,True,False
7,1261000,Kraków,2015,9,completed,4175.0,219.0,,12,True,False
7,1261000,Kraków,2015,10,completed,4814.0,639.0,,12,True,False
7,1261000,Kraków,2015,11,completed,5987.0,1173.0,,12,True,False
7,1261000,Kraków,2015,12,completed,6455.0,468.0,,12,True,False
7,1261000,Kraków,2016,1,completed,1259.0,1259.0,,12,True,False
7,1261000,Kraków,2016,2,completed,1946.0,687.0,,12,True,False
7,1261000,Kraków,2016,3,completed,2161.0,215.0,,12,True,False
7,1261000,Kraków,2016,4,completed,3705.0,1544.0,,12,True,False
7,1261000,Kraków,2016,5,completed,4294.0,589.0,,12,True,False
7,1261000,Kraków,2016,6,completed,4431.0,137.0,,12,True,False
7,1261000,Kraków,2016,7,completed,5581.0,1150.0,,12,True,False
7,1261000,Kraków,2016,8,completed,6307.0,726.0,,12,True,False
7,1261000,Kraków,2016,9,completed,6464.0,157.0,,12,True,False
7,1261000,Kraków,2016,10,completed,7281.0,817.0,,12,True,False
7,1261000,Kraków,2016,11,completed,8374.0,1093.0,,12,True,False
7,1261000,Kraków,2016,12,completed,9363.0,989.0,,12,True,False
7,1261000,Kraków,2017,1,completed,1431.0,1431.0,,12,True,False
7,1261000,Kraków,2017,2,completed,2129.0,698.0,,12,True,False
7,1261000,Kraków,2017,3,completed,2848.0,719.0,,12,True,False
7,1261000,Kraków,2017,4,completed,4484.0,1636.0,,12,True,False
7,1261000,Kraków,2017,5,completed,4693.0,209.0,,12,True,False
7,1261000,Kraków,2017,6,completed,5257.0,564.0,,12,True,False
7,1261000,Kraków,2017,7,completed,7346.0,2089.0,,12,True,False
7,1261000,Kraków,2017,8,completed,7847.0,501.0,,12,True,False
7,1261000,Kraków,2017,9,completed,8249.0,402.0,,12,True,False
7,1261000,Kraków,2017,10,completed,8933.0,684.0,,12,True,False
7,1261000,Kraków,2017,11,completed,10387.0,1454.0,,12,True,False
7,1261000,Kraków,2017,12,completed,11044.0,657.0,,12,True,False
7,1261000,Kraków,2018,1,completed,1189.0,1189.0,,12,True,False
7,1261000,Kraków,2018,2,completed,1732.0,543.0,,12,True,False
7,1261000,Kraków,2018,3,completed,2235.0,503.0,,12,True,False
7,1261000,Kraków,2018,4,completed,3674.0,1439.0,,12,True,False
7,1261000,Kraków,2018,5,completed,4147.0,473.0,,12,True,False
7,1261000,Kraków,2018,6,completed,4506.0,359.0,,12,True,False
7,1261000,Kraków,2018,7,completed,5884.0,1378.0,,12,True,False
7,1261000,Kraków,2018,8,completed,6357.0,473.0,,12,True,False
7,1261000,Kraków,2018,9,completed,6646.0,289.0,,12,True,False
7,1261000,Kraków,2018,10,completed,8886.0,2240.0,,12,True,False
7,1261000,Kraków,2018,11,completed,9263.0,377.0,,12,True,False
7,1261000,Kraków,2018,12,completed,9606.0,343.0,,12,True,False
7,1261000,Kraków,2019,1,completed,1509.0,1509.0,,12,True,False
7,1261000,Kraków,2019,2,completed,2462.0,953.0,,12,True,False
7,1261000,Kraków,2019,3,completed,3499.0,1037.0,,12,True,False
7,1261000,Kraków,2019,4,completed,5852.0,2353.0,,12,True,False
7,1261000,Kraków,2019,5,completed,6626.0,774.0,,12,True,False
7,1261000,Kraków,2019,6,completed,7030.0,404.0,,12,True,False
7,1261000,Kraków,2019,7,completed,8461.0,1431.0,,12,True,False
7,1261000,Kraków,2019,8,completed,9181.0,720.0,,12,True,False
7,1261000,Kraków,2019,9,completed,9306.0,125.0,,12,True,False
7,1261000,Kraków,2019,10,completed,11551.0,2245.0,,12,True,False
7,1261000,Kraków,2019,11,completed,12663.0,1112.0,,12,True,False
7,1261000,Kraków,2019,12,completed,13039.0,376.0,,12,True,False
7,1261000,Kraków,2020,1,completed,2819.0,2819.0,,12,True,False
7,1261000,Kraków,2020,2,completed,3224.0,405.0,,12,True,False
7,1261000,Kraków,2020,3,completed,3436.0,212.0,,12,True,False
7,1261000,Kraków,2020,4,completed,4300.0,864.0,,12,True,False
7,1261000,Kraków,2020,5,completed,4777.0,477.0,,12,True,False
7,1261000,Kraków,2020,6,completed,5047.0,270.0,,12,True,False
7,1261000,Kraków,2020,7,completed,6420.0,1373.0,,12,True,False
7,1261000,Kraków,2020,8,completed,6858.0,438.0,,12,True,False
7,1261000,Kraków,2020,9,completed,7409.0,551.0,,12,True,False
7,1261000,Kraków,2020,10,completed,9136.0,1727.0,,12,True,False
7,1261000,Kraków,2020,11,completed,9772.0,636.0,,12,True,False
7,1261000,Kraków,2020,12,completed,10158.0,386.0,,12,True,False
7,1261000,Kraków,2021,1,completed,881.0,881.0,,12,True,False
7,1261000,Kraków,2021,2,completed,1206.0,325.0,,12,True,False
7,1261000,Kraków,2021,3,completed,2165.0,959.0,,12,True,False
7,1261000,Kraków,2021,4,completed,3012.0,847.0,,12,True,False
7,1261000,Kraków,2021,5,completed,3947.0,935.0,,12,True,False
7,1261000,Kraków,2021,6,completed,4117.0,170.0,,12,True,False
7,1261000,Kraków,2021,7,completed,5480.0,1363.0,,12,True,False
7,1261000,Kraków,2021,8,completed,6027.0,547.0,,12,True,False
7,1261000,Kraków,2021,9,completed,6686.0,659.0,,12,True,False
7,1261000,Kraków,2021,10,completed,9243.0,2557.0,,12,True,False
7,1261000,Kraków,2021,11,completed,9816.0,573.0,,12,True,False
7,1261000,Kraków,2021,12,completed,10101.0,285.0,,12,True,False
7,1261000,Kraków,2022,1,completed,1325.0,1325.0,,12,True,False
7,1261000,Kraków,2022,2,completed,2444.0,1119.0,,12,True,False
7,1261000,Kraków,2022,3,completed,2877.0,433.0,,12,True,False
7,1261000,Kraków,2022,4,completed,3631.0,754.0,,12,True,False
7,1261000,Kraków,2022,5,completed,4206.0,575.0,,12,True,False
7,1261000,Kraków,2022,6,completed,4941.0,735.0,,12,True,False
7,1261000,Kraków,2022,7,completed,5349.0,408.0,,12,True,False
7,1261000,Kraków,2022,8,completed,6551.0,1202.0,,12,True,False
7,1261000,Kraków,2022,9,completed,7559.0,1008.0,,12,True,False
7,1261000,Kraków,2022,10,completed,9226.0,1667.0,,12,True,False
7,1261000,Kraków,2022,11,completed,10375.0,1149.0,,12,True,False
7,1261000,Kraków,2022,12,completed,10766.0,391.0,,12,True,False
7,1261000,Kraków,2023,1,completed,1546.0,1546.0,,12,True,False
7,1261000,Kraków,2023,2,completed,1689.0,143.0,,12,True,False
7,1261000,Kraków,2023,3,completed,2461.0,772.0,,12,True,False
7,1261000,Kraków,2023,4,completed,3343.0,882.0,,12,True,False
7,1261000,Kraków,2023,5,completed,3832.0,489.0,,12,True,False
7,1261000,Kraków,2023,6,completed,4262.0,430.0,,12,True,False
7,1261000,Kraków,2023,7,completed,5237.0,975.0,,12,True,False
7,1261000,Kraków,2023,8,completed,6694.0,1457.0,,12,True,False
7,1261000,Kraków,2023,9,completed,7070.0,376.0,,12,True,False
7,1261000,Kraków,2023,10,completed,8174.0,1104.0,,12,True,False
7,1261000,Kraków,2023,11,completed,8994.0,820.0,,12,True,False
7,1261000,Kraków,2023,12,completed,9635.0,641.0,,12,True,False
7,1261000,Kraków,2024,1,completed,681.0,681.0,,12,True,False
7,1261000,Kraków,2024,2,completed,1348.0,667.0,,12,True,False
7,1261000,Kraków,2024,3,completed,2392.0,1044.0,,12,True,False
7,1261000,Kraków,2024,4,completed,3050.0,658.0,,12,True,False
7,1261000,Kraków,2024,5,completed,3477.0,427.0,,12,True,False
7,1261000,Kraków,2024,6,completed,3954.0,477.0,,12,True,False
7,1261000,Kraków,2024,7,completed,5201.0,1247.0,,12,True,False
7,1261000,Kraków,2024,8,completed,5513.0,312.0,,12,True,False
7,1261000,Kraków,2024,9,completed,6273.0,760.0,,12,True,False
7,1261000,Kraków,2024,10,completed,6733.0,460.0,,12,True,False
7,1261000,Kraków,2024,11,completed,7619.0,886.0,,12,True,False
7,1261000,Kraków,2024,12,completed,8653.0,1034.0,,12,True,False
7,1261000,Kraków,2025,1,completed,583.0,583.0,,12,True,False
7,1261000,Kraków,2025,2,completed,883.0,300.0,,12,True,False
7,1261000,Kraków,2025,3,completed,1253.0,370.0,,12,True,False
7,1261000,Kraków,2025,4,completed,1924.0,671.0,,12,True,False
7,1261000,Kraków,2025,5,completed,2213.0,289.0,,12,True,False
7,1261000,Kraków,2025,6,completed,2731.0,518.0,,12,True,False
7,1261000,Kraków,2025,7,completed,3168.0,437.0,,12,True,False
7,1261000,Kraków,2025,8,completed,3378.0,210.0,,12,True,False
7,1261000,Kraków,2025,9,completed,4780.0,1402.0,,12,True,False
7,1261000,Kraków,2025,10,completed,5986.0,1206.0,,12,True,False
7,1261000,Kraków,2025,11,completed,6465.0,479.0,,12,True,False
7,1261000,Kraków,2025,12,completed,7946.0,1481.0,,12,True,False
7,1261000,Kraków,2026,1,completed,297.0,297.0,,6,False,False
7,1261000,Kraków,2026,2,completed,1133.0,836.0,,6,False,False
7,1261000,Kraków,2026,3,completed,2107.0,974.0,,6,False,False
7,1261000,Kraków,2026,4,completed,3394.0,1287.0,,6,False,False
7,1261000,Kraków,2026,5,completed,3928.0,534.0,,6,False,False
7,1261000,Kraków,2026,6,completed,4501.0,573.0,,6,False,False
8,0663000,Lublin,2005,1,completed,154.0,154.0,,12,True,False
8,0663000,Lublin,2005,2,completed,257.0,103.0,,12,True,False
8,0663000,Lublin,2005,3,completed,327.0,70.0,,12,True,False
8,0663000,Lublin,2005,4,completed,384.0,57.0,,12,True,False
8,0663000,Lublin,2005,5,completed,510.0,126.0,,12,True,False
8,0663000,Lublin,2005,6,completed,666.0,156.0,,12,True,False
8,0663000,Lublin,2005,7,completed,737.0,71.0,,12,True,False
8,0663000,Lublin,2005,8,completed,819.0,82.0,,12,True,False
8,0663000,Lublin,2005,9,completed,1006.0,187.0,,12,True,False
8,0663000,Lublin,2005,10,completed,1124.0,118.0,,12,True,False
8,0663000,Lublin,2005,11,completed,1218.0,94.0,,12,True,False
8,0663000,Lublin,2005,12,completed,1661.0,443.0,,12,True,False
8,0663000,Lublin,2006,1,completed,308.0,308.0,,12,True,False
8,0663000,Lublin,2006,2,completed,325.0,17.0,,12,True,False
8,0663000,Lublin,2006,3,completed,369.0,44.0,,12,True,False
8,0663000,Lublin,2006,4,completed,377.0,8.0,,12,True,False
8,0663000,Lublin,2006,5,completed,394.0,17.0,,12,True,False
8,0663000,Lublin,2006,6,completed,402.0,8.0,,12,True,False
8,0663000,Lublin,2006,7,completed,568.0,166.0,,12,True,False
8,0663000,Lublin,2006,8,completed,577.0,9.0,,12,True,False
8,0663000,Lublin,2006,9,completed,605.0,28.0,,12,True,False
8,0663000,Lublin,2006,10,completed,929.0,324.0,,12,True,False
8,0663000,Lublin,2006,11,completed,1221.0,292.0,,12,True,False
8,0663000,Lublin,2006,12,completed,1404.0,183.0,,12,True,False
8,0663000,Lublin,2007,1,completed,385.0,385.0,,12,True,False
8,0663000,Lublin,2007,2,completed,431.0,46.0,,12,True,False
8,0663000,Lublin,2007,3,completed,591.0,160.0,,12,True,False
8,0663000,Lublin,2007,4,completed,644.0,53.0,,12,True,False
8,0663000,Lublin,2007,5,completed,787.0,143.0,,12,True,False
8,0663000,Lublin,2007,6,completed,895.0,108.0,,12,True,False
8,0663000,Lublin,2007,7,completed,959.0,64.0,,12,True,False
8,0663000,Lublin,2007,8,completed,990.0,31.0,,12,True,False
8,0663000,Lublin,2007,9,completed,1010.0,20.0,,12,True,False
8,0663000,Lublin,2007,10,completed,1084.0,74.0,,12,True,False
8,0663000,Lublin,2007,11,completed,1272.0,188.0,,12,True,False
8,0663000,Lublin,2007,12,completed,1379.0,107.0,,12,True,False
8,0663000,Lublin,2008,1,completed,258.0,258.0,,12,True,False
8,0663000,Lublin,2008,2,completed,545.0,287.0,,12,True,False
8,0663000,Lublin,2008,3,completed,713.0,168.0,,12,True,False
8,0663000,Lublin,2008,4,completed,898.0,185.0,,12,True,False
8,0663000,Lublin,2008,5,completed,961.0,63.0,,12,True,False
8,0663000,Lublin,2008,6,completed,1110.0,149.0,,12,True,False
8,0663000,Lublin,2008,7,completed,1278.0,168.0,,12,True,False
8,0663000,Lublin,2008,8,completed,1371.0,93.0,,12,True,False
8,0663000,Lublin,2008,9,completed,1577.0,206.0,,12,True,False
8,0663000,Lublin,2008,10,completed,1962.0,385.0,,12,True,False
8,0663000,Lublin,2008,11,completed,2028.0,66.0,,12,True,False
8,0663000,Lublin,2008,12,completed,2196.0,168.0,,12,True,False
8,0663000,Lublin,2009,1,completed,195.0,195.0,,12,True,False
8,0663000,Lublin,2009,2,completed,361.0,166.0,,12,True,False
8,0663000,Lublin,2009,3,completed,381.0,20.0,,12,True,False
8,0663000,Lublin,2009,4,completed,420.0,39.0,,12,True,False
8,0663000,Lublin,2009,5,completed,501.0,81.0,,12,True,False
8,0663000,Lublin,2009,6,completed,514.0,13.0,,12,True,False
8,0663000,Lublin,2009,7,completed,619.0,105.0,,12,True,False
8,0663000,Lublin,2009,8,completed,670.0,51.0,,12,True,False
8,0663000,Lublin,2009,9,completed,887.0,217.0,,12,True,False
8,0663000,Lublin,2009,10,completed,901.0,14.0,,12,True,False
8,0663000,Lublin,2009,11,completed,1041.0,140.0,,12,True,False
8,0663000,Lublin,2009,12,completed,1250.0,209.0,,12,True,False
8,0663000,Lublin,2010,1,completed,146.0,146.0,,12,True,False
8,0663000,Lublin,2010,2,completed,263.0,117.0,,12,True,False
8,0663000,Lublin,2010,3,completed,442.0,179.0,,12,True,False
8,0663000,Lublin,2010,4,completed,726.0,284.0,,12,True,False
8,0663000,Lublin,2010,5,completed,750.0,24.0,,12,True,False
8,0663000,Lublin,2010,6,completed,758.0,8.0,,12,True,False
8,0663000,Lublin,2010,7,completed,939.0,181.0,,12,True,False
8,0663000,Lublin,2010,8,completed,1321.0,382.0,,12,True,False
8,0663000,Lublin,2010,9,completed,1380.0,59.0,,12,True,False
8,0663000,Lublin,2010,10,completed,1440.0,60.0,,12,True,False
8,0663000,Lublin,2010,11,completed,1635.0,195.0,,12,True,False
8,0663000,Lublin,2010,12,completed,1751.0,116.0,,12,True,False
8,0663000,Lublin,2011,1,completed,255.0,255.0,,12,True,False
8,0663000,Lublin,2011,2,completed,431.0,176.0,,12,True,False
8,0663000,Lublin,2011,3,completed,580.0,149.0,,12,True,False
8,0663000,Lublin,2011,4,completed,674.0,94.0,,12,True,False
8,0663000,Lublin,2011,5,completed,798.0,124.0,,12,True,False
8,0663000,Lublin,2011,6,completed,816.0,18.0,,12,True,False
8,0663000,Lublin,2011,7,completed,889.0,73.0,,12,True,False
8,0663000,Lublin,2011,8,completed,902.0,13.0,,12,True,False
8,0663000,Lublin,2011,9,completed,1044.0,142.0,,12,True,False
8,0663000,Lublin,2011,10,completed,1086.0,42.0,,12,True,False
8,0663000,Lublin,2011,11,completed,1468.0,382.0,,12,True,False
8,0663000,Lublin,2011,12,completed,1493.0,25.0,,12,True,False
8,0663000,Lublin,2012,1,completed,309.0,309.0,,12,True,False
8,0663000,Lublin,2012,2,completed,653.0,344.0,,12,True,False
8,0663000,Lublin,2012,3,completed,744.0,91.0,,12,True,False
8,0663000,Lublin,2012,4,completed,886.0,142.0,,12,True,False
8,0663000,Lublin,2012,5,completed,1055.0,169.0,,12,True,False
8,0663000,Lublin,2012,6,completed,1061.0,6.0,,12,True,False
8,0663000,Lublin,2012,7,completed,1475.0,414.0,,12,True,False
8,0663000,Lublin,2012,8,completed,1655.0,180.0,,12,True,False
8,0663000,Lublin,2012,9,completed,1683.0,28.0,,12,True,False
8,0663000,Lublin,2012,10,completed,1970.0,287.0,,12,True,False
8,0663000,Lublin,2012,11,completed,2024.0,54.0,,12,True,False
8,0663000,Lublin,2012,12,completed,2194.0,170.0,,12,True,False
8,0663000,Lublin,2013,1,completed,113.0,113.0,,12,True,False
8,0663000,Lublin,2013,2,completed,151.0,38.0,,12,True,False
8,0663000,Lublin,2013,3,completed,163.0,12.0,,12,True,False
8,0663000,Lublin,2013,4,completed,560.0,397.0,,12,True,False
8,0663000,Lublin,2013,5,completed,813.0,253.0,,12,True,False
8,0663000,Lublin,2013,6,completed,825.0,12.0,,12,True,False
8,0663000,Lublin,2013,7,completed,837.0,12.0,,12,True,False
8,0663000,Lublin,2013,8,completed,1137.0,300.0,,12,True,False
8,0663000,Lublin,2013,9,completed,1375.0,238.0,,12,True,False
8,0663000,Lublin,2013,10,completed,1685.0,310.0,,12,True,False
8,0663000,Lublin,2013,11,completed,1719.0,34.0,,12,True,False
8,0663000,Lublin,2013,12,completed,2407.0,688.0,,12,True,False
8,0663000,Lublin,2014,1,completed,31.0,31.0,,12,True,False
8,0663000,Lublin,2014,2,completed,93.0,62.0,,12,True,False
8,0663000,Lublin,2014,3,completed,129.0,36.0,,12,True,False
8,0663000,Lublin,2014,4,completed,290.0,161.0,,12,True,False
8,0663000,Lublin,2014,5,completed,316.0,26.0,,12,True,False
8,0663000,Lublin,2014,6,completed,342.0,26.0,,12,True,False
8,0663000,Lublin,2014,7,completed,503.0,161.0,,12,True,False
8,0663000,Lublin,2014,8,completed,679.0,176.0,,12,True,False
8,0663000,Lublin,2014,9,completed,856.0,177.0,,12,True,False
8,0663000,Lublin,2014,10,completed,1018.0,162.0,,12,True,False
8,0663000,Lublin,2014,11,completed,1091.0,73.0,,12,True,False
8,0663000,Lublin,2014,12,completed,1336.0,245.0,,12,True,False
8,0663000,Lublin,2015,1,completed,131.0,131.0,,12,True,False
8,0663000,Lublin,2015,2,completed,236.0,105.0,,12,True,False
8,0663000,Lublin,2015,3,completed,308.0,72.0,,12,True,False
8,0663000,Lublin,2015,4,completed,369.0,61.0,,12,True,False
8,0663000,Lublin,2015,5,completed,474.0,105.0,,12,True,False
8,0663000,Lublin,2015,6,completed,595.0,121.0,,12,True,False
8,0663000,Lublin,2015,7,completed,721.0,126.0,,12,True,False
8,0663000,Lublin,2015,8,completed,851.0,130.0,,12,True,False
8,0663000,Lublin,2015,9,completed,1260.0,409.0,,12,True,False
8,0663000,Lublin,2015,10,completed,1380.0,120.0,,12,True,False
8,0663000,Lublin,2015,11,completed,1443.0,63.0,,12,True,False
8,0663000,Lublin,2015,12,completed,1836.0,393.0,,12,True,False
8,0663000,Lublin,2016,1,completed,487.0,487.0,,12,True,False
8,0663000,Lublin,2016,2,completed,515.0,28.0,,12,True,False
8,0663000,Lublin,2016,3,completed,557.0,42.0,,12,True,False
8,0663000,Lublin,2016,4,completed,642.0,85.0,,12,True,False
8,0663000,Lublin,2016,5,completed,850.0,208.0,,12,True,False
8,0663000,Lublin,2016,6,completed,856.0,6.0,,12,True,False
8,0663000,Lublin,2016,7,completed,882.0,26.0,,12,True,False
8,0663000,Lublin,2016,8,completed,1332.0,450.0,,12,True,False
8,0663000,Lublin,2016,9,completed,1607.0,275.0,,12,True,False
8,0663000,Lublin,2016,10,completed,1818.0,211.0,,12,True,False
8,0663000,Lublin,2016,11,completed,2077.0,259.0,,12,True,False
8,0663000,Lublin,2016,12,completed,2298.0,221.0,,12,True,False
8,0663000,Lublin,2017,1,completed,124.0,124.0,,12,True,False
8,0663000,Lublin,2017,2,completed,411.0,287.0,,12,True,False
8,0663000,Lublin,2017,3,completed,461.0,50.0,,12,True,False
8,0663000,Lublin,2017,4,completed,659.0,198.0,,12,True,False
8,0663000,Lublin,2017,5,completed,687.0,28.0,,12,True,False
8,0663000,Lublin,2017,6,completed,1022.0,335.0,,12,True,False
8,0663000,Lublin,2017,7,completed,1045.0,23.0,,12,True,False
8,0663000,Lublin,2017,8,completed,1516.0,471.0,,12,True,False
8,0663000,Lublin,2017,9,completed,1692.0,176.0,,12,True,False
8,0663000,Lublin,2017,10,completed,1817.0,125.0,,12,True,False
8,0663000,Lublin,2017,11,completed,2124.0,307.0,,12,True,False
8,0663000,Lublin,2017,12,completed,2716.0,592.0,,12,True,False
8,0663000,Lublin,2018,1,completed,184.0,184.0,,12,True,False
8,0663000,Lublin,2018,2,completed,817.0,633.0,,12,True,False
8,0663000,Lublin,2018,3,completed,1212.0,395.0,,12,True,False
8,0663000,Lublin,2018,4,completed,1227.0,15.0,,12,True,False
8,0663000,Lublin,2018,5,completed,1562.0,335.0,,12,True,False
8,0663000,Lublin,2018,6,completed,1651.0,89.0,,12,True,False
8,0663000,Lublin,2018,7,completed,1706.0,55.0,,12,True,False
8,0663000,Lublin,2018,8,completed,1983.0,277.0,,12,True,False
8,0663000,Lublin,2018,9,completed,2091.0,108.0,,12,True,False
8,0663000,Lublin,2018,10,completed,2340.0,249.0,,12,True,False
8,0663000,Lublin,2018,11,completed,2503.0,163.0,,12,True,False
8,0663000,Lublin,2018,12,completed,2889.0,386.0,,12,True,False
8,0663000,Lublin,2019,1,completed,105.0,105.0,,12,True,False
8,0663000,Lublin,2019,2,completed,319.0,214.0,,12,True,False
8,0663000,Lublin,2019,3,completed,910.0,591.0,,12,True,False
8,0663000,Lublin,2019,4,completed,1306.0,396.0,,12,True,False
8,0663000,Lublin,2019,5,completed,1344.0,38.0,,12,True,False
8,0663000,Lublin,2019,6,completed,1370.0,26.0,,12,True,False
8,0663000,Lublin,2019,7,completed,1460.0,90.0,,12,True,False
8,0663000,Lublin,2019,8,completed,1488.0,28.0,,12,True,False
8,0663000,Lublin,2019,9,completed,1580.0,92.0,,12,True,False
8,0663000,Lublin,2019,10,completed,1698.0,118.0,,12,True,False
8,0663000,Lublin,2019,11,completed,1848.0,150.0,,12,True,False
8,0663000,Lublin,2019,12,completed,2328.0,480.0,,12,True,False
8,0663000,Lublin,2020,1,completed,18.0,18.0,,12,True,False
8,0663000,Lublin,2020,2,completed,277.0,259.0,,12,True,False
8,0663000,Lublin,2020,3,completed,610.0,333.0,,12,True,False
8,0663000,Lublin,2020,4,completed,762.0,152.0,,12,True,False
8,0663000,Lublin,2020,5,completed,829.0,67.0,,12,True,False
8,0663000,Lublin,2020,6,completed,1213.0,384.0,,12,True,False
8,0663000,Lublin,2020,7,completed,1396.0,183.0,,12,True,False
8,0663000,Lublin,2020,8,completed,1907.0,511.0,,12,True,False
8,0663000,Lublin,2020,9,completed,2058.0,151.0,,12,True,False
8,0663000,Lublin,2020,10,completed,2160.0,102.0,,12,True,False
8,0663000,Lublin,2020,11,completed,2317.0,157.0,,12,True,False
8,0663000,Lublin,2020,12,completed,2912.0,595.0,,12,True,False
8,0663000,Lublin,2021,1,completed,631.0,631.0,,12,True,False
8,0663000,Lublin,2021,2,completed,734.0,103.0,,12,True,False
8,0663000,Lublin,2021,3,completed,914.0,180.0,,12,True,False
8,0663000,Lublin,2021,4,completed,1063.0,149.0,,12,True,False
8,0663000,Lublin,2021,5,completed,1076.0,13.0,,12,True,False
8,0663000,Lublin,2021,6,completed,1542.0,466.0,,12,True,False
8,0663000,Lublin,2021,7,completed,2030.0,488.0,,12,True,False
8,0663000,Lublin,2021,8,completed,2323.0,293.0,,12,True,False
8,0663000,Lublin,2021,9,completed,2405.0,82.0,,12,True,False
8,0663000,Lublin,2021,10,completed,2541.0,136.0,,12,True,False
8,0663000,Lublin,2021,11,completed,2667.0,126.0,,12,True,False
8,0663000,Lublin,2021,12,completed,2960.0,293.0,,12,True,False
8,0663000,Lublin,2022,1,completed,17.0,17.0,,12,True,False
8,0663000,Lublin,2022,2,completed,38.0,21.0,,12,True,False
8,0663000,Lublin,2022,3,completed,247.0,209.0,,12,True,False
8,0663000,Lublin,2022,4,completed,513.0,266.0,,12,True,False
8,0663000,Lublin,2022,5,completed,693.0,180.0,,12,True,False
8,0663000,Lublin,2022,6,completed,1117.0,424.0,,12,True,False
8,0663000,Lublin,2022,7,completed,1186.0,69.0,,12,True,False
8,0663000,Lublin,2022,8,completed,1393.0,207.0,,12,True,False
8,0663000,Lublin,2022,9,completed,1593.0,200.0,,12,True,False
8,0663000,Lublin,2022,10,completed,1890.0,297.0,,12,True,False
8,0663000,Lublin,2022,11,completed,2688.0,798.0,,12,True,False
8,0663000,Lublin,2022,12,completed,3048.0,360.0,,12,True,False
8,0663000,Lublin,2023,1,completed,360.0,360.0,,12,True,False
8,0663000,Lublin,2023,2,completed,685.0,325.0,,12,True,False
8,0663000,Lublin,2023,3,completed,942.0,257.0,,12,True,False
8,0663000,Lublin,2023,4,completed,1312.0,370.0,,12,True,False
8,0663000,Lublin,2023,5,completed,1445.0,133.0,,12,True,False
8,0663000,Lublin,2023,6,completed,2047.0,602.0,,12,True,False
8,0663000,Lublin,2023,7,completed,2248.0,201.0,,12,True,False
8,0663000,Lublin,2023,8,completed,2696.0,448.0,,12,True,False
8,0663000,Lublin,2023,9,completed,2774.0,78.0,,12,True,False
8,0663000,Lublin,2023,10,completed,2917.0,143.0,,12,True,False
8,0663000,Lublin,2023,11,completed,3299.0,382.0,,12,True,False
8,0663000,Lublin,2023,12,completed,3376.0,77.0,,12,True,False
8,0663000,Lublin,2024,1,completed,424.0,424.0,,12,True,False
8,0663000,Lublin,2024,2,completed,598.0,174.0,,12,True,False
8,0663000,Lublin,2024,3,completed,1008.0,410.0,,12,True,False
8,0663000,Lublin,2024,4,completed,1304.0,296.0,,12,True,False
8,0663000,Lublin,2024,5,completed,1815.0,511.0,,12,True,False
8,0663000,Lublin,2024,6,completed,2170.0,355.0,,12,True,False
8,0663000,Lublin,2024,7,completed,3039.0,869.0,,12,True,False
8,0663000,Lublin,2024,8,completed,3260.0,221.0,,12,True,False
8,0663000,Lublin,2024,9,completed,3277.0,17.0,,12,True,False
8,0663000,Lublin,2024,10,completed,3452.0,175.0,,12,True,False
8,0663000,Lublin,2024,11,completed,3505.0,53.0,,12,True,False
8,0663000,Lublin,2024,12,completed,3720.0,215.0,,12,True,False
8,0663000,Lublin,2025,1,completed,432.0,432.0,,12,True,False
8,0663000,Lublin,2025,2,completed,527.0,95.0,,12,True,False
8,0663000,Lublin,2025,3,completed,687.0,160.0,,12,True,False
8,0663000,Lublin,2025,4,completed,782.0,95.0,,12,True,False
8,0663000,Lublin,2025,5,completed,798.0,16.0,,12,True,False
8,0663000,Lublin,2025,6,completed,934.0,136.0,,12,True,False
8,0663000,Lublin,2025,7,completed,1202.0,268.0,,12,True,False
8,0663000,Lublin,2025,8,completed,1660.0,458.0,,12,True,False
8,0663000,Lublin,2025,9,completed,1758.0,98.0,,12,True,False
8,0663000,Lublin,2025,10,completed,1953.0,195.0,,12,True,False
8,0663000,Lublin,2025,11,completed,2418.0,465.0,,12,True,False
8,0663000,Lublin,2025,12,completed,2907.0,489.0,,12,True,False
8,0663000,Lublin,2026,1,completed,233.0,233.0,,6,False,False
8,0663000,Lublin,2026,2,completed,463.0,230.0,,6,False,False
8,0663000,Lublin,2026,3,completed,742.0,279.0,,6,False,False
8,0663000,Lublin,2026,4,completed,988.0,246.0,,6,False,False
8,0663000,Lublin,2026,5,completed,1245.0,257.0,,6,False,False
8,0663000,Lublin,2026,6,completed,1433.0,188.0,,6,False,False
9,2862000,Olsztyn,2005,1,completed,92.0,92.0,,12,True,False
9,2862000,Olsztyn,2005,2,completed,132.0,40.0,,12,True,False
9,2862000,Olsztyn,2005,3,completed,175.0,43.0,,12,True,False
9,2862000,Olsztyn,2005,4,completed,260.0,85.0,,12,True,False
9,2862000,Olsztyn,2005,5,completed,295.0,35.0,,12,True,False
9,2862000,Olsztyn,2005,6,completed,493.0,198.0,,12,True,False
9,2862000,Olsztyn,2005,7,completed,506.0,13.0,,12,True,False
9,2862000,Olsztyn,2005,8,completed,632.0,126.0,,12,True,False
9,2862000,Olsztyn,2005,9,completed,741.0,109.0,,12,True,False
9,2862000,Olsztyn,2005,10,completed,966.0,225.0,,12,True,False
9,2862000,Olsztyn,2005,11,completed,986.0,20.0,,12,True,False
9,2862000,Olsztyn,2005,12,completed,1119.0,133.0,,12,True,False
9,2862000,Olsztyn,2006,1,completed,52.0,52.0,,12,True,False
9,2862000,Olsztyn,2006,2,completed,274.0,222.0,,12,True,False
9,2862000,Olsztyn,2006,3,completed,368.0,94.0,,12,True,False
9,2862000,Olsztyn,2006,4,completed,392.0,24.0,,12,True,False
9,2862000,Olsztyn,2006,5,completed,455.0,63.0,,12,True,False
9,2862000,Olsztyn,2006,6,completed,464.0,9.0,,12,True,False
9,2862000,Olsztyn,2006,7,completed,635.0,171.0,,12,True,False
9,2862000,Olsztyn,2006,8,completed,733.0,98.0,,12,True,False
9,2862000,Olsztyn,2006,9,completed,823.0,90.0,,12,True,False
9,2862000,Olsztyn,2006,10,completed,914.0,91.0,,12,True,False
9,2862000,Olsztyn,2006,11,completed,1170.0,256.0,,12,True,False
9,2862000,Olsztyn,2006,12,completed,1299.0,129.0,,12,True,False
9,2862000,Olsztyn,2007,1,completed,52.0,52.0,,12,True,False
9,2862000,Olsztyn,2007,2,completed,254.0,202.0,,12,True,False
9,2862000,Olsztyn,2007,3,completed,338.0,84.0,,12,True,False
9,2862000,Olsztyn,2007,4,completed,440.0,102.0,,12,True,False
9,2862000,Olsztyn,2007,5,completed,588.0,148.0,,12,True,False
9,2862000,Olsztyn,2007,6,completed,717.0,129.0,,12,True,False
9,2862000,Olsztyn,2007,7,completed,864.0,147.0,,12,True,False
9,2862000,Olsztyn,2007,8,completed,1022.0,158.0,,12,True,False
9,2862000,Olsztyn,2007,9,completed,1036.0,14.0,,12,True,False
9,2862000,Olsztyn,2007,10,completed,1389.0,353.0,,12,True,False
9,2862000,Olsztyn,2007,11,completed,1423.0,34.0,,12,True,False
9,2862000,Olsztyn,2007,12,completed,1653.0,230.0,,12,True,False
9,2862000,Olsztyn,2008,1,completed,233.0,233.0,,12,True,False
9,2862000,Olsztyn,2008,2,completed,363.0,130.0,,12,True,False
9,2862000,Olsztyn,2008,3,completed,375.0,12.0,,12,True,False
9,2862000,Olsztyn,2008,4,completed,422.0,47.0,,12,True,False
9,2862000,Olsztyn,2008,5,completed,469.0,47.0,,12,True,False
9,2862000,Olsztyn,2008,6,completed,484.0,15.0,,12,True,False
9,2862000,Olsztyn,2008,7,completed,561.0,77.0,,12,True,False
9,2862000,Olsztyn,2008,8,completed,571.0,10.0,,12,True,False
9,2862000,Olsztyn,2008,9,completed,902.0,331.0,,12,True,False
9,2862000,Olsztyn,2008,10,completed,1043.0,141.0,,12,True,False
9,2862000,Olsztyn,2008,11,completed,1407.0,364.0,,12,True,False
9,2862000,Olsztyn,2008,12,completed,1573.0,166.0,,12,True,False
9,2862000,Olsztyn,2009,1,completed,120.0,120.0,,12,True,False
9,2862000,Olsztyn,2009,2,completed,129.0,9.0,,12,True,False
9,2862000,Olsztyn,2009,3,completed,139.0,10.0,,12,True,False
9,2862000,Olsztyn,2009,4,completed,217.0,78.0,,12,True,False
9,2862000,Olsztyn,2009,5,completed,230.0,13.0,,12,True,False
9,2862000,Olsztyn,2009,6,completed,313.0,83.0,,12,True,False
9,2862000,Olsztyn,2009,7,completed,420.0,107.0,,12,True,False
9,2862000,Olsztyn,2009,8,completed,455.0,35.0,,12,True,False
9,2862000,Olsztyn,2009,9,completed,486.0,31.0,,12,True,False
9,2862000,Olsztyn,2009,10,completed,495.0,9.0,,12,True,False
9,2862000,Olsztyn,2009,11,completed,621.0,126.0,,12,True,False
9,2862000,Olsztyn,2009,12,completed,676.0,55.0,,12,True,False
9,2862000,Olsztyn,2010,1,completed,37.0,37.0,,12,True,False
9,2862000,Olsztyn,2010,2,completed,48.0,11.0,,12,True,False
9,2862000,Olsztyn,2010,3,completed,303.0,255.0,,12,True,False
9,2862000,Olsztyn,2010,4,completed,310.0,7.0,,12,True,False
9,2862000,Olsztyn,2010,5,completed,348.0,38.0,,12,True,False
9,2862000,Olsztyn,2010,6,completed,354.0,6.0,,12,True,False
9,2862000,Olsztyn,2010,7,completed,500.0,146.0,,12,True,False
9,2862000,Olsztyn,2010,8,completed,563.0,63.0,,12,True,False
9,2862000,Olsztyn,2010,9,completed,767.0,204.0,,12,True,False
9,2862000,Olsztyn,2010,10,completed,935.0,168.0,,12,True,False
9,2862000,Olsztyn,2010,11,completed,987.0,52.0,,12,True,False
9,2862000,Olsztyn,2010,12,completed,994.0,7.0,,12,True,False
9,2862000,Olsztyn,2011,1,completed,80.0,80.0,,12,True,False
9,2862000,Olsztyn,2011,2,completed,89.0,9.0,,12,True,False
9,2862000,Olsztyn,2011,3,completed,121.0,32.0,,12,True,False
9,2862000,Olsztyn,2011,4,completed,127.0,6.0,,12,True,False
9,2862000,Olsztyn,2011,5,completed,135.0,8.0,,12,True,False
9,2862000,Olsztyn,2011,6,completed,210.0,75.0,,12,True,False
9,2862000,Olsztyn,2011,7,completed,315.0,105.0,,12,True,False
9,2862000,Olsztyn,2011,8,completed,323.0,8.0,,12,True,False
9,2862000,Olsztyn,2011,9,completed,666.0,343.0,,12,True,False
9,2862000,Olsztyn,2011,10,completed,779.0,113.0,,12,True,False
9,2862000,Olsztyn,2011,11,completed,843.0,64.0,,12,True,False
9,2862000,Olsztyn,2011,12,completed,957.0,114.0,,12,True,False
9,2862000,Olsztyn,2012,1,completed,19.0,19.0,,12,True,False
9,2862000,Olsztyn,2012,2,completed,75.0,56.0,,12,True,False
9,2862000,Olsztyn,2012,3,completed,81.0,6.0,,12,True,False
9,2862000,Olsztyn,2012,4,completed,88.0,7.0,,12,True,False
9,2862000,Olsztyn,2012,5,completed,272.0,184.0,,12,True,False
9,2862000,Olsztyn,2012,6,completed,282.0,10.0,,12,True,False
9,2862000,Olsztyn,2012,7,completed,383.0,101.0,,12,True,False
9,2862000,Olsztyn,2012,8,completed,511.0,128.0,,12,True,False
9,2862000,Olsztyn,2012,9,completed,578.0,67.0,,12,True,False
9,2862000,Olsztyn,2012,10,completed,729.0,151.0,,12,True,False
9,2862000,Olsztyn,2012,11,completed,1009.0,280.0,,12,True,False
9,2862000,Olsztyn,2012,12,completed,1224.0,215.0,,12,True,False
9,2862000,Olsztyn,2013,1,completed,54.0,54.0,,12,True,False
9,2862000,Olsztyn,2013,2,completed,256.0,202.0,,12,True,False
9,2862000,Olsztyn,2013,3,completed,496.0,240.0,,12,True,False
9,2862000,Olsztyn,2013,4,completed,503.0,7.0,,12,True,False
9,2862000,Olsztyn,2013,5,completed,623.0,120.0,,12,True,False
9,2862000,Olsztyn,2013,6,completed,674.0,51.0,,12,True,False
9,2862000,Olsztyn,2013,7,completed,683.0,9.0,,12,True,False
9,2862000,Olsztyn,2013,8,completed,693.0,10.0,,12,True,False
9,2862000,Olsztyn,2013,9,completed,697.0,4.0,,12,True,False
9,2862000,Olsztyn,2013,10,completed,701.0,4.0,,12,True,False
9,2862000,Olsztyn,2013,11,completed,801.0,100.0,,12,True,False
9,2862000,Olsztyn,2013,12,completed,1187.0,386.0,,12,True,False
9,2862000,Olsztyn,2014,1,completed,116.0,116.0,,12,True,False
9,2862000,Olsztyn,2014,2,completed,191.0,75.0,,12,True,False
9,2862000,Olsztyn,2014,3,completed,320.0,129.0,,12,True,False
9,2862000,Olsztyn,2014,4,completed,326.0,6.0,,12,True,False
9,2862000,Olsztyn,2014,5,completed,331.0,5.0,,12,True,False
9,2862000,Olsztyn,2014,6,completed,417.0,86.0,,12,True,False
9,2862000,Olsztyn,2014,7,completed,619.0,202.0,,12,True,False
9,2862000,Olsztyn,2014,8,completed,652.0,33.0,,12,True,False
9,2862000,Olsztyn,2014,9,completed,720.0,68.0,,12,True,False
9,2862000,Olsztyn,2014,10,completed,766.0,46.0,,12,True,False
9,2862000,Olsztyn,2014,11,completed,808.0,42.0,,12,True,False
9,2862000,Olsztyn,2014,12,completed,873.0,65.0,,12,True,False
9,2862000,Olsztyn,2015,1,completed,27.0,27.0,,12,True,False
9,2862000,Olsztyn,2015,2,completed,106.0,79.0,,12,True,False
9,2862000,Olsztyn,2015,3,completed,115.0,9.0,,12,True,False
9,2862000,Olsztyn,2015,4,completed,184.0,69.0,,12,True,False
9,2862000,Olsztyn,2015,5,completed,190.0,6.0,,12,True,False
9,2862000,Olsztyn,2015,6,completed,228.0,38.0,,12,True,False
9,2862000,Olsztyn,2015,7,completed,343.0,115.0,,12,True,False
9,2862000,Olsztyn,2015,8,completed,400.0,57.0,,12,True,False
9,2862000,Olsztyn,2015,9,completed,453.0,53.0,,12,True,False
9,2862000,Olsztyn,2015,10,completed,532.0,79.0,,12,True,False
9,2862000,Olsztyn,2015,11,completed,692.0,160.0,,12,True,False
9,2862000,Olsztyn,2015,12,completed,700.0,8.0,,12,True,False
9,2862000,Olsztyn,2016,1,completed,109.0,109.0,,12,True,False
9,2862000,Olsztyn,2016,2,completed,113.0,4.0,,12,True,False
9,2862000,Olsztyn,2016,3,completed,116.0,3.0,,12,True,False
9,2862000,Olsztyn,2016,4,completed,146.0,30.0,,12,True,False
9,2862000,Olsztyn,2016,5,completed,164.0,18.0,,12,True,False
9,2862000,Olsztyn,2016,6,completed,174.0,10.0,,12,True,False
9,2862000,Olsztyn,2016,7,completed,194.0,20.0,,12,True,False
9,2862000,Olsztyn,2016,8,completed,252.0,58.0,,12,True,False
9,2862000,Olsztyn,2016,9,completed,261.0,9.0,,12,True,False
9,2862000,Olsztyn,2016,10,completed,357.0,96.0,,12,True,False
9,2862000,Olsztyn,2016,11,completed,437.0,80.0,,12,True,False
9,2862000,Olsztyn,2016,12,completed,548.0,111.0,,12,True,False
9,2862000,Olsztyn,2017,1,completed,63.0,63.0,,12,True,False
9,2862000,Olsztyn,2017,2,completed,66.0,3.0,,12,True,False
9,2862000,Olsztyn,2017,3,completed,70.0,4.0,,12,True,False
9,2862000,Olsztyn,2017,4,completed,72.0,2.0,,12,True,False
9,2862000,Olsztyn,2017,5,completed,405.0,333.0,,12,True,False
9,2862000,Olsztyn,2017,6,completed,466.0,61.0,,12,True,False
9,2862000,Olsztyn,2017,7,completed,602.0,136.0,,12,True,False
9,2862000,Olsztyn,2017,8,completed,707.0,105.0,,12,True,False
9,2862000,Olsztyn,2017,9,completed,772.0,65.0,,12,True,False
9,2862000,Olsztyn,2017,10,completed,775.0,3.0,,12,True,False
9,2862000,Olsztyn,2017,11,completed,779.0,4.0,,12,True,False
9,2862000,Olsztyn,2017,12,completed,847.0,68.0,,12,True,False
9,2862000,Olsztyn,2018,1,completed,2.0,2.0,,12,True,False
9,2862000,Olsztyn,2018,2,completed,5.0,3.0,,12,True,False
9,2862000,Olsztyn,2018,3,completed,156.0,151.0,,12,True,False
9,2862000,Olsztyn,2018,4,completed,236.0,80.0,,12,True,False
9,2862000,Olsztyn,2018,5,completed,300.0,64.0,,12,True,False
9,2862000,Olsztyn,2018,6,completed,316.0,16.0,,12,True,False
9,2862000,Olsztyn,2018,7,completed,321.0,5.0,,12,True,False
9,2862000,Olsztyn,2018,8,completed,329.0,8.0,,12,True,False
9,2862000,Olsztyn,2018,9,completed,401.0,72.0,,12,True,False
9,2862000,Olsztyn,2018,10,completed,468.0,67.0,,12,True,False
9,2862000,Olsztyn,2018,11,completed,543.0,75.0,,12,True,False
9,2862000,Olsztyn,2018,12,completed,663.0,120.0,,12,True,False
9,2862000,Olsztyn,2019,1,completed,127.0,127.0,,12,True,False
9,2862000,Olsztyn,2019,2,completed,127.0,0.0,,12,True,False
9,2862000,Olsztyn,2019,3,completed,221.0,94.0,,12,True,False
9,2862000,Olsztyn,2019,4,completed,291.0,70.0,,12,True,False
9,2862000,Olsztyn,2019,5,completed,376.0,85.0,,12,True,False
9,2862000,Olsztyn,2019,6,completed,456.0,80.0,,12,True,False
9,2862000,Olsztyn,2019,7,completed,891.0,435.0,,12,True,False
9,2862000,Olsztyn,2019,8,completed,961.0,70.0,,12,True,False
9,2862000,Olsztyn,2019,9,completed,1183.0,222.0,,12,True,False
9,2862000,Olsztyn,2019,10,completed,1268.0,85.0,,12,True,False
9,2862000,Olsztyn,2019,11,completed,1271.0,3.0,,12,True,False
9,2862000,Olsztyn,2019,12,completed,1279.0,8.0,,12,True,False
9,2862000,Olsztyn,2020,1,completed,53.0,53.0,,12,True,False
9,2862000,Olsztyn,2020,2,completed,129.0,76.0,,12,True,False
9,2862000,Olsztyn,2020,3,completed,300.0,171.0,,12,True,False
9,2862000,Olsztyn,2020,4,completed,302.0,2.0,,12,True,False
9,2862000,Olsztyn,2020,5,completed,314.0,12.0,,12,True,False
9,2862000,Olsztyn,2020,6,completed,843.0,529.0,,12,True,False
9,2862000,Olsztyn,2020,7,completed,899.0,56.0,,12,True,False
9,2862000,Olsztyn,2020,8,completed,974.0,75.0,,12,True,False
9,2862000,Olsztyn,2020,9,completed,1007.0,33.0,,12,True,False
9,2862000,Olsztyn,2020,10,completed,1079.0,72.0,,12,True,False
9,2862000,Olsztyn,2020,11,completed,1376.0,297.0,,12,True,False
9,2862000,Olsztyn,2020,12,completed,1509.0,133.0,,12,True,False
9,2862000,Olsztyn,2021,1,completed,10.0,10.0,,12,True,False
9,2862000,Olsztyn,2021,2,completed,135.0,125.0,,12,True,False
9,2862000,Olsztyn,2021,3,completed,243.0,108.0,,12,True,False
9,2862000,Olsztyn,2021,4,completed,383.0,140.0,,12,True,False
9,2862000,Olsztyn,2021,5,completed,388.0,5.0,,12,True,False
9,2862000,Olsztyn,2021,6,completed,447.0,59.0,,12,True,False
9,2862000,Olsztyn,2021,7,completed,485.0,38.0,,12,True,False
9,2862000,Olsztyn,2021,8,completed,492.0,7.0,,12,True,False
9,2862000,Olsztyn,2021,9,completed,671.0,179.0,,12,True,False
9,2862000,Olsztyn,2021,10,completed,675.0,4.0,,12,True,False
9,2862000,Olsztyn,2021,11,completed,735.0,60.0,,12,True,False
9,2862000,Olsztyn,2021,12,completed,802.0,67.0,,12,True,False
9,2862000,Olsztyn,2022,1,completed,133.0,133.0,,12,True,False
9,2862000,Olsztyn,2022,2,completed,206.0,73.0,,12,True,False
9,2862000,Olsztyn,2022,3,completed,224.0,18.0,,12,True,False
9,2862000,Olsztyn,2022,4,completed,240.0,16.0,,12,True,False
9,2862000,Olsztyn,2022,5,completed,479.0,239.0,,12,True,False
9,2862000,Olsztyn,2022,6,completed,737.0,258.0,,12,True,False
9,2862000,Olsztyn,2022,7,completed,843.0,106.0,,12,True,False
9,2862000,Olsztyn,2022,8,completed,959.0,116.0,,12,True,False
9,2862000,Olsztyn,2022,9,completed,1200.0,241.0,,12,True,False
9,2862000,Olsztyn,2022,10,completed,1245.0,45.0,,12,True,False
9,2862000,Olsztyn,2022,11,completed,1387.0,142.0,,12,True,False
9,2862000,Olsztyn,2022,12,completed,1391.0,4.0,,12,True,False
9,2862000,Olsztyn,2023,1,completed,32.0,32.0,,12,True,False
9,2862000,Olsztyn,2023,2,completed,44.0,12.0,,12,True,False
9,2862000,Olsztyn,2023,3,completed,177.0,133.0,,12,True,False
9,2862000,Olsztyn,2023,4,completed,216.0,39.0,,12,True,False
9,2862000,Olsztyn,2023,5,completed,216.0,0.0,,12,True,False
9,2862000,Olsztyn,2023,6,completed,370.0,154.0,,12,True,False
9,2862000,Olsztyn,2023,7,completed,384.0,14.0,,12,True,False
9,2862000,Olsztyn,2023,8,completed,426.0,42.0,,12,True,False
9,2862000,Olsztyn,2023,9,completed,649.0,223.0,,12,True,False
9,2862000,Olsztyn,2023,10,completed,939.0,290.0,,12,True,False
9,2862000,Olsztyn,2023,11,completed,959.0,20.0,,12,True,False
9,2862000,Olsztyn,2023,12,completed,962.0,3.0,,12,True,False
9,2862000,Olsztyn,2024,1,completed,99.0,99.0,,12,True,False
9,2862000,Olsztyn,2024,2,completed,195.0,96.0,,12,True,False
9,2862000,Olsztyn,2024,3,completed,209.0,14.0,,12,True,False
9,2862000,Olsztyn,2024,4,completed,211.0,2.0,,12,True,False
9,2862000,Olsztyn,2024,5,completed,215.0,4.0,,12,True,False
9,2862000,Olsztyn,2024,6,completed,426.0,211.0,,12,True,False
9,2862000,Olsztyn,2024,7,completed,430.0,4.0,,12,True,False
9,2862000,Olsztyn,2024,8,completed,490.0,60.0,,12,True,False
9,2862000,Olsztyn,2024,9,completed,707.0,217.0,,12,True,False
9,2862000,Olsztyn,2024,10,completed,883.0,176.0,,12,True,False
9,2862000,Olsztyn,2024,11,completed,883.0,0.0,,12,True,False
9,2862000,Olsztyn,2024,12,completed,918.0,35.0,,12,True,False
9,2862000,Olsztyn,2025,1,completed,7.0,7.0,,12,True,False
9,2862000,Olsztyn,2025,2,completed,18.0,11.0,,12,True,False
9,2862000,Olsztyn,2025,3,completed,25.0,7.0,,12,True,False
9,2862000,Olsztyn,2025,4,completed,95.0,70.0,,12,True,False
9,2862000,Olsztyn,2025,5,completed,98.0,3.0,,12,True,False
9,2862000,Olsztyn,2025,6,completed,195.0,97.0,,12,True,False
9,2862000,Olsztyn,2025,7,completed,287.0,92.0,,12,True,False
9,2862000,Olsztyn,2025,8,completed,288.0,1.0,,12,True,False
9,2862000,Olsztyn,2025,9,completed,479.0,191.0,,12,True,False
9,2862000,Olsztyn,2025,10,completed,480.0,1.0,,12,True,False
9,2862000,Olsztyn,2025,11,completed,590.0,110.0,,12,True,False
9,2862000,Olsztyn,2025,12,completed,600.0,10.0,,12,True,False
9,2862000,Olsztyn,2026,1,completed,176.0,176.0,,6,False,False
9,2862000,Olsztyn,2026,2,completed,275.0,99.0,,6,False,False
9,2862000,Olsztyn,2026,3,completed,281.0,6.0,,6,False,False
9,2862000,Olsztyn,2026,4,completed,487.0,206.0,,6,False,False
9,2862000,Olsztyn,2026,5,completed,698.0,211.0,,6,False,False
9,2862000,Olsztyn,2026,6,completed,778.0,80.0,,6,False,False
10,1661000,Opole,2005,1,completed,30.0,30.0,,12,True,False
10,1661000,Opole,2005,2,completed,35.0,5.0,,12,True,False
10,1661000,Opole,2005,3,completed,49.0,14.0,,12,True,False
10,1661000,Opole,2005,4,completed,62.0,13.0,,12,True,False
10,1661000,Opole,2005,5,completed,69.0,7.0,,12,True,False
10,1661000,Opole,2005,6,completed,69.0,0.0,,12,True,False
10,1661000,Opole,2005,7,completed,75.0,6.0,,12,True,False
10,1661000,Opole,2005,8,completed,82.0,7.0,,12,True,False
10,1661000,Opole,2005,9,completed,91.0,9.0,,12,True,False
10,1661000,Opole,2005,10,completed,105.0,14.0,,12,True,False
10,1661000,Opole,2005,11,completed,109.0,4.0,,12,True,False
10,1661000,Opole,2005,12,completed,114.0,5.0,,12,True,False
10,1661000,Opole,2006,1,completed,34.0,34.0,,12,True,False
10,1661000,Opole,2006,2,completed,40.0,6.0,,12,True,False
10,1661000,Opole,2006,3,completed,137.0,97.0,,12,True,False
10,1661000,Opole,2006,4,completed,148.0,11.0,,12,True,False
10,1661000,Opole,2006,5,completed,156.0,8.0,,12,True,False
10,1661000,Opole,2006,6,completed,165.0,9.0,,12,True,False
10,1661000,Opole,2006,7,completed,208.0,43.0,,12,True,False
10,1661000,Opole,2006,8,completed,211.0,3.0,,12,True,False
10,1661000,Opole,2006,9,completed,306.0,95.0,,12,True,False
10,1661000,Opole,2006,10,completed,369.0,63.0,,12,True,False
10,1661000,Opole,2006,11,completed,373.0,4.0,,12,True,False
10,1661000,Opole,2006,12,completed,391.0,18.0,,12,True,False
10,1661000,Opole,2007,1,completed,9.0,9.0,,12,True,False
10,1661000,Opole,2007,2,completed,24.0,15.0,,12,True,False
10,1661000,Opole,2007,3,completed,35.0,11.0,,12,True,False
10,1661000,Opole,2007,4,completed,45.0,10.0,,12,True,False
10,1661000,Opole,2007,5,completed,50.0,5.0,,12,True,False
10,1661000,Opole,2007,6,completed,55.0,5.0,,12,True,False
10,1661000,Opole,2007,7,completed,65.0,10.0,,12,True,False
10,1661000,Opole,2007,8,completed,72.0,7.0,,12,True,False
10,1661000,Opole,2007,9,completed,85.0,13.0,,12,True,False
10,1661000,Opole,2007,10,completed,94.0,9.0,,12,True,False
10,1661000,Opole,2007,11,completed,107.0,13.0,,12,True,False
10,1661000,Opole,2007,12,completed,186.0,79.0,,12,True,False
10,1661000,Opole,2008,1,completed,9.0,9.0,,12,True,False
10,1661000,Opole,2008,2,completed,14.0,5.0,,12,True,False
10,1661000,Opole,2008,3,completed,17.0,3.0,,12,True,False
10,1661000,Opole,2008,4,completed,20.0,3.0,,12,True,False
10,1661000,Opole,2008,5,completed,25.0,5.0,,12,True,False
10,1661000,Opole,2008,6,completed,43.0,18.0,,12,True,False
10,1661000,Opole,2008,7,completed,47.0,4.0,,12,True,False
10,1661000,Opole,2008,8,completed,52.0,5.0,,12,True,False
10,1661000,Opole,2008,9,completed,62.0,10.0,,12,True,False
10,1661000,Opole,2008,10,completed,65.0,3.0,,12,True,False
10,1661000,Opole,2008,11,completed,161.0,96.0,,12,True,False
10,1661000,Opole,2008,12,completed,247.0,86.0,,12,True,False
10,1661000,Opole,2009,1,completed,77.0,77.0,,12,True,False
10,1661000,Opole,2009,2,completed,94.0,17.0,,12,True,False
10,1661000,Opole,2009,3,completed,96.0,2.0,,12,True,False
10,1661000,Opole,2009,4,completed,139.0,43.0,,12,True,False
10,1661000,Opole,2009,5,completed,144.0,5.0,,12,True,False
10,1661000,Opole,2009,6,completed,158.0,14.0,,12,True,False
10,1661000,Opole,2009,7,completed,164.0,6.0,,12,True,False
10,1661000,Opole,2009,8,completed,174.0,10.0,,12,True,False
10,1661000,Opole,2009,9,completed,329.0,155.0,,12,True,False
10,1661000,Opole,2009,10,completed,514.0,185.0,,12,True,False
10,1661000,Opole,2009,11,completed,528.0,14.0,,12,True,False
10,1661000,Opole,2009,12,completed,541.0,13.0,,12,True,False
10,1661000,Opole,2010,1,completed,7.0,7.0,,12,True,False
10,1661000,Opole,2010,2,completed,85.0,78.0,,12,True,False
10,1661000,Opole,2010,3,completed,290.0,205.0,,12,True,False
10,1661000,Opole,2010,4,completed,463.0,173.0,,12,True,False
10,1661000,Opole,2010,5,completed,489.0,26.0,,12,True,False
10,1661000,Opole,2010,6,completed,633.0,144.0,,12,True,False
10,1661000,Opole,2010,7,completed,644.0,11.0,,12,True,False
10,1661000,Opole,2010,8,completed,697.0,53.0,,12,True,False
10,1661000,Opole,2010,9,completed,704.0,7.0,,12,True,False
10,1661000,Opole,2010,10,completed,708.0,4.0,,12,True,False
10,1661000,Opole,2010,11,completed,717.0,9.0,,12,True,False
10,1661000,Opole,2010,12,completed,727.0,10.0,,12,True,False
10,1661000,Opole,2011,1,completed,9.0,9.0,,12,True,False
10,1661000,Opole,2011,2,completed,14.0,5.0,,12,True,False
10,1661000,Opole,2011,3,completed,18.0,4.0,,12,True,False
10,1661000,Opole,2011,4,completed,27.0,9.0,,12,True,False
10,1661000,Opole,2011,5,completed,84.0,57.0,,12,True,False
10,1661000,Opole,2011,6,completed,128.0,44.0,,12,True,False
10,1661000,Opole,2011,7,completed,147.0,19.0,,12,True,False
10,1661000,Opole,2011,8,completed,159.0,12.0,,12,True,False
10,1661000,Opole,2011,9,completed,221.0,62.0,,12,True,False
10,1661000,Opole,2011,10,completed,249.0,28.0,,12,True,False
10,1661000,Opole,2011,11,completed,369.0,120.0,,12,True,False
10,1661000,Opole,2011,12,completed,410.0,41.0,,12,True,False
10,1661000,Opole,2012,1,completed,2.0,2.0,,12,True,False
10,1661000,Opole,2012,2,completed,9.0,7.0,,12,True,False
10,1661000,Opole,2012,3,completed,17.0,8.0,,12,True,False
10,1661000,Opole,2012,4,completed,37.0,20.0,,12,True,False
10,1661000,Opole,2012,5,completed,38.0,1.0,,12,True,False
10,1661000,Opole,2012,6,completed,61.0,23.0,,12,True,False
10,1661000,Opole,2012,7,completed,64.0,3.0,,12,True,False
10,1661000,Opole,2012,8,completed,89.0,25.0,,12,True,False
10,1661000,Opole,2012,9,completed,155.0,66.0,,12,True,False
10,1661000,Opole,2012,10,completed,187.0,32.0,,12,True,False
10,1661000,Opole,2012,11,completed,216.0,29.0,,12,True,False
10,1661000,Opole,2012,12,completed,352.0,136.0,,12,True,False
10,1661000,Opole,2013,1,completed,20.0,20.0,,12,True,False
10,1661000,Opole,2013,2,completed,25.0,5.0,,12,True,False
10,1661000,Opole,2013,3,completed,33.0,8.0,,12,True,False
10,1661000,Opole,2013,4,completed,39.0,6.0,,12,True,False
10,1661000,Opole,2013,5,completed,57.0,18.0,,12,True,False
10,1661000,Opole,2013,6,completed,62.0,5.0,,12,True,False
10,1661000,Opole,2013,7,completed,92.0,30.0,,12,True,False
10,1661000,Opole,2013,8,completed,156.0,64.0,,12,True,False
10,1661000,Opole,2013,9,completed,238.0,82.0,,12,True,False
10,1661000,Opole,2013,10,completed,249.0,11.0,,12,True,False
10,1661000,Opole,2013,11,completed,258.0,9.0,,12,True,False
10,1661000,Opole,2013,12,completed,308.0,50.0,,12,True,False
10,1661000,Opole,2014,1,completed,9.0,9.0,,12,True,False
10,1661000,Opole,2014,2,completed,28.0,19.0,,12,True,False
10,1661000,Opole,2014,3,completed,43.0,15.0,,12,True,False
10,1661000,Opole,2014,4,completed,95.0,52.0,,12,True,False
10,1661000,Opole,2014,5,completed,97.0,2.0,,12,True,False
10,1661000,Opole,2014,6,completed,135.0,38.0,,12,True,False
10,1661000,Opole,2014,7,completed,138.0,3.0,,12,True,False
10,1661000,Opole,2014,8,completed,142.0,4.0,,12,True,False
10,1661000,Opole,2014,9,completed,187.0,45.0,,12,True,False
10,1661000,Opole,2014,10,completed,372.0,185.0,,12,True,False
10,1661000,Opole,2014,11,completed,416.0,44.0,,12,True,False
10,1661000,Opole,2014,12,completed,449.0,33.0,,12,True,False
10,1661000,Opole,2015,1,completed,11.0,11.0,,12,True,False
10,1661000,Opole,2015,2,completed,20.0,9.0,,12,True,False
10,1661000,Opole,2015,3,completed,30.0,10.0,,12,True,False
10,1661000,Opole,2015,4,completed,37.0,7.0,,12,True,False
10,1661000,Opole,2015,5,completed,48.0,11.0,,12,True,False
10,1661000,Opole,2015,6,completed,58.0,10.0,,12,True,False
10,1661000,Opole,2015,7,completed,67.0,9.0,,12,True,False
10,1661000,Opole,2015,8,completed,148.0,81.0,,12,True,False
10,1661000,Opole,2015,9,completed,223.0,75.0,,12,True,False
10,1661000,Opole,2015,10,completed,268.0,45.0,,12,True,False
10,1661000,Opole,2015,11,completed,276.0,8.0,,12,True,False
10,1661000,Opole,2015,12,completed,328.0,52.0,,12,True,False
10,1661000,Opole,2016,1,completed,3.0,3.0,,12,True,False
10,1661000,Opole,2016,2,completed,10.0,7.0,,12,True,False
10,1661000,Opole,2016,3,completed,94.0,84.0,,12,True,False
10,1661000,Opole,2016,4,completed,132.0,38.0,,12,True,False
10,1661000,Opole,2016,5,completed,139.0,7.0,,12,True,False
10,1661000,Opole,2016,6,completed,212.0,73.0,,12,True,False
10,1661000,Opole,2016,7,completed,227.0,15.0,,12,True,False
10,1661000,Opole,2016,8,completed,230.0,3.0,,12,True,False
10,1661000,Opole,2016,9,completed,269.0,39.0,,12,True,False
10,1661000,Opole,2016,10,completed,356.0,87.0,,12,True,False
10,1661000,Opole,2016,11,completed,384.0,28.0,,12,True,False
10,1661000,Opole,2016,12,completed,453.0,69.0,,12,True,False
10,1661000,Opole,2017,1,completed,22.0,22.0,,12,True,False
10,1661000,Opole,2017,2,completed,51.0,29.0,,12,True,False
10,1661000,Opole,2017,3,completed,93.0,42.0,,12,True,False
10,1661000,Opole,2017,4,completed,106.0,13.0,,12,True,False
10,1661000,Opole,2017,5,completed,210.0,104.0,,12,True,False
10,1661000,Opole,2017,6,completed,217.0,7.0,,12,True,False
10,1661000,Opole,2017,7,completed,241.0,24.0,,12,True,False
10,1661000,Opole,2017,8,completed,246.0,5.0,,12,True,False
10,1661000,Opole,2017,9,completed,266.0,20.0,,12,True,False
10,1661000,Opole,2017,10,completed,346.0,80.0,,12,True,False
10,1661000,Opole,2017,11,completed,451.0,105.0,,12,True,False
10,1661000,Opole,2017,12,completed,616.0,165.0,,12,True,False
10,1661000,Opole,2018,1,completed,188.0,188.0,,12,True,False
10,1661000,Opole,2018,2,completed,192.0,4.0,,12,True,False
10,1661000,Opole,2018,3,completed,204.0,12.0,,12,True,False
10,1661000,Opole,2018,4,completed,214.0,10.0,,12,True,False
10,1661000,Opole,2018,5,completed,339.0,125.0,,12,True,False
10,1661000,Opole,2018,6,completed,366.0,27.0,,12,True,False
10,1661000,Opole,2018,7,completed,525.0,159.0,,12,True,False
10,1661000,Opole,2018,8,completed,589.0,64.0,,12,True,False
10,1661000,Opole,2018,9,completed,606.0,17.0,,12,True,False
10,1661000,Opole,2018,10,completed,753.0,147.0,,12,True,False
10,1661000,Opole,2018,11,completed,770.0,17.0,,12,True,False
10,1661000,Opole,2018,12,completed,795.0,25.0,,12,True,False
10,1661000,Opole,2019,1,completed,131.0,131.0,,12,True,False
10,1661000,Opole,2019,2,completed,192.0,61.0,,12,True,False
10,1661000,Opole,2019,3,completed,239.0,47.0,,12,True,False
10,1661000,Opole,2019,4,completed,264.0,25.0,,12,True,False
10,1661000,Opole,2019,5,completed,295.0,31.0,,12,True,False
10,1661000,Opole,2019,6,completed,476.0,181.0,,12,True,False
10,1661000,Opole,2019,7,completed,505.0,29.0,,12,True,False
10,1661000,Opole,2019,8,completed,564.0,59.0,,12,True,False
10,1661000,Opole,2019,9,completed,694.0,130.0,,12,True,False
10,1661000,Opole,2019,10,completed,778.0,84.0,,12,True,False
10,1661000,Opole,2019,11,completed,927.0,149.0,,12,True,False
10,1661000,Opole,2019,12,completed,1179.0,252.0,,12,True,False
10,1661000,Opole,2020,1,completed,40.0,40.0,,12,True,False
10,1661000,Opole,2020,2,completed,69.0,29.0,,12,True,False
10,1661000,Opole,2020,3,completed,78.0,9.0,,12,True,False
10,1661000,Opole,2020,4,completed,224.0,146.0,,12,True,False
10,1661000,Opole,2020,5,completed,285.0,61.0,,12,True,False
10,1661000,Opole,2020,6,completed,318.0,33.0,,12,True,False
10,1661000,Opole,2020,7,completed,491.0,173.0,,12,True,False
10,1661000,Opole,2020,8,completed,535.0,44.0,,12,True,False
10,1661000,Opole,2020,9,completed,570.0,35.0,,12,True,False
10,1661000,Opole,2020,10,completed,616.0,46.0,,12,True,False
10,1661000,Opole,2020,11,completed,747.0,131.0,,12,True,False
10,1661000,Opole,2020,12,completed,929.0,182.0,,12,True,False
10,1661000,Opole,2021,1,completed,93.0,93.0,,12,True,False
10,1661000,Opole,2021,2,completed,109.0,16.0,,12,True,False
10,1661000,Opole,2021,3,completed,269.0,160.0,,12,True,False
10,1661000,Opole,2021,4,completed,316.0,47.0,,12,True,False
10,1661000,Opole,2021,5,completed,356.0,40.0,,12,True,False
10,1661000,Opole,2021,6,completed,426.0,70.0,,12,True,False
10,1661000,Opole,2021,7,completed,467.0,41.0,,12,True,False
10,1661000,Opole,2021,8,completed,478.0,11.0,,12,True,False
10,1661000,Opole,2021,9,completed,795.0,317.0,,12,True,False
10,1661000,Opole,2021,10,completed,857.0,62.0,,12,True,False
10,1661000,Opole,2021,11,completed,923.0,66.0,,12,True,False
10,1661000,Opole,2021,12,completed,1105.0,182.0,,12,True,False
10,1661000,Opole,2022,1,completed,72.0,72.0,,12,True,False
10,1661000,Opole,2022,2,completed,138.0,66.0,,12,True,False
10,1661000,Opole,2022,3,completed,169.0,31.0,,12,True,False
10,1661000,Opole,2022,4,completed,301.0,132.0,,12,True,False
10,1661000,Opole,2022,5,completed,333.0,32.0,,12,True,False
10,1661000,Opole,2022,6,completed,450.0,117.0,,12,True,False
10,1661000,Opole,2022,7,completed,472.0,22.0,,12,True,False
10,1661000,Opole,2022,8,completed,487.0,15.0,,12,True,False
10,1661000,Opole,2022,9,completed,598.0,111.0,,12,True,False
10,1661000,Opole,2022,10,completed,636.0,38.0,,12,True,False
10,1661000,Opole,2022,11,completed,753.0,117.0,,12,True,False
10,1661000,Opole,2022,12,completed,874.0,121.0,,12,True,False
10,1661000,Opole,2023,1,completed,66.0,66.0,,12,True,False
10,1661000,Opole,2023,2,completed,80.0,14.0,,12,True,False
10,1661000,Opole,2023,3,completed,154.0,74.0,,12,True,False
10,1661000,Opole,2023,4,completed,218.0,64.0,,12,True,False
10,1661000,Opole,2023,5,completed,234.0,16.0,,12,True,False
10,1661000,Opole,2023,6,completed,255.0,21.0,,12,True,False
10,1661000,Opole,2023,7,completed,334.0,79.0,,12,True,False
10,1661000,Opole,2023,8,completed,372.0,38.0,,12,True,False
10,1661000,Opole,2023,9,completed,394.0,22.0,,12,True,False
10,1661000,Opole,2023,10,completed,620.0,226.0,,12,True,False
10,1661000,Opole,2023,11,completed,686.0,66.0,,12,True,False
10,1661000,Opole,2023,12,completed,726.0,40.0,,12,True,False
10,1661000,Opole,2024,1,completed,12.0,12.0,,12,True,False
10,1661000,Opole,2024,2,completed,47.0,35.0,,12,True,False
10,1661000,Opole,2024,3,completed,192.0,145.0,,12,True,False
10,1661000,Opole,2024,4,completed,275.0,83.0,,12,True,False
10,1661000,Opole,2024,5,completed,362.0,87.0,,12,True,False
10,1661000,Opole,2024,6,completed,377.0,15.0,,12,True,False
10,1661000,Opole,2024,7,completed,439.0,62.0,,12,True,False
10,1661000,Opole,2024,8,completed,441.0,2.0,,12,True,False
10,1661000,Opole,2024,9,completed,452.0,11.0,,12,True,False
10,1661000,Opole,2024,10,completed,524.0,72.0,,12,True,False
10,1661000,Opole,2024,11,completed,638.0,114.0,,12,True,False
10,1661000,Opole,2024,12,completed,640.0,2.0,,12,True,False
10,1661000,Opole,2025,1,completed,34.0,34.0,,12,True,False
10,1661000,Opole,2025,2,completed,51.0,17.0,,12,True,False
10,1661000,Opole,2025,3,completed,53.0,2.0,,12,True,False
10,1661000,Opole,2025,4,completed,125.0,72.0,,12,True,False
10,1661000,Opole,2025,5,completed,151.0,26.0,,12,True,False
10,1661000,Opole,2025,6,completed,165.0,14.0,,12,True,False
10,1661000,Opole,2025,7,completed,202.0,37.0,,12,True,False
10,1661000,Opole,2025,8,completed,216.0,14.0,,12,True,False
10,1661000,Opole,2025,9,completed,220.0,4.0,,12,True,False
10,1661000,Opole,2025,10,completed,243.0,23.0,,12,True,False
10,1661000,Opole,2025,11,completed,256.0,13.0,,12,True,False
10,1661000,Opole,2025,12,completed,365.0,109.0,,12,True,False
10,1661000,Opole,2026,1,completed,69.0,69.0,,6,False,False
10,1661000,Opole,2026,2,completed,99.0,30.0,,6,False,False
10,1661000,Opole,2026,3,completed,247.0,148.0,,6,False,False
10,1661000,Opole,2026,4,completed,263.0,16.0,,6,False,False
10,1661000,Opole,2026,5,completed,306.0,43.0,,6,False,False
10,1661000,Opole,2026,6,completed,323.0,17.0,,6,False,False
11,3064000,Poznań,2005,1,completed,170.0,170.0,,12,True,False
11,3064000,Poznań,2005,2,completed,361.0,191.0,,12,True,False
11,3064000,Poznań,2005,3,completed,425.0,64.0,,12,True,False
11,3064000,Poznań,2005,4,completed,502.0,77.0,,12,True,False
11,3064000,Poznań,2005,5,completed,1054.0,552.0,,12,True,False
11,3064000,Poznań,2005,6,completed,1114.0,60.0,,12,True,False
11,3064000,Poznań,2005,7,completed,1308.0,194.0,,12,True,False
11,3064000,Poznań,2005,8,completed,1972.0,664.0,,12,True,False
11,3064000,Poznań,2005,9,completed,2245.0,273.0,,12,True,False
11,3064000,Poznań,2005,10,completed,2474.0,229.0,,12,True,False
11,3064000,Poznań,2005,11,completed,3004.0,530.0,,12,True,False
11,3064000,Poznań,2005,12,completed,3375.0,371.0,,12,True,False
11,3064000,Poznań,2006,1,completed,118.0,118.0,,12,True,False
11,3064000,Poznań,2006,2,completed,314.0,196.0,,12,True,False
11,3064000,Poznań,2006,3,completed,382.0,68.0,,12,True,False
11,3064000,Poznań,2006,4,completed,472.0,90.0,,12,True,False
11,3064000,Poznań,2006,5,completed,881.0,409.0,,12,True,False
11,3064000,Poznań,2006,6,completed,984.0,103.0,,12,True,False
11,3064000,Poznań,2006,7,completed,1220.0,236.0,,12,True,False
11,3064000,Poznań,2006,8,completed,1688.0,468.0,,12,True,False
11,3064000,Poznań,2006,9,completed,2033.0,345.0,,12,True,False
11,3064000,Poznań,2006,10,completed,2330.0,297.0,,12,True,False
11,3064000,Poznań,2006,11,completed,2530.0,200.0,,12,True,False
11,3064000,Poznań,2006,12,completed,2828.0,298.0,,12,True,False
11,3064000,Poznań,2007,1,completed,467.0,467.0,,12,True,False
11,3064000,Poznań,2007,2,completed,839.0,372.0,,12,True,False
11,3064000,Poznań,2007,3,completed,1096.0,257.0,,12,True,False
11,3064000,Poznań,2007,4,completed,1180.0,84.0,,12,True,False
11,3064000,Poznań,2007,5,completed,1456.0,276.0,,12,True,False
11,3064000,Poznań,2007,6,completed,1582.0,126.0,,12,True,False
11,3064000,Poznań,2007,7,completed,1727.0,145.0,,12,True,False
11,3064000,Poznań,2007,8,completed,2320.0,593.0,,12,True,False
11,3064000,Poznań,2007,9,completed,2723.0,403.0,,12,True,False
11,3064000,Poznań,2007,10,completed,3182.0,459.0,,12,True,False
11,3064000,Poznań,2007,11,completed,3490.0,308.0,,12,True,False
11,3064000,Poznań,2007,12,completed,3986.0,496.0,,12,True,False
11,3064000,Poznań,2008,1,completed,230.0,230.0,,12,True,False
11,3064000,Poznań,2008,2,completed,495.0,265.0,,12,True,False
11,3064000,Poznań,2008,3,completed,951.0,456.0,,12,True,False
11,3064000,Poznań,2008,4,completed,1006.0,55.0,,12,True,False
11,3064000,Poznań,2008,5,completed,1428.0,422.0,,12,True,False
11,3064000,Poznań,2008,6,completed,1664.0,236.0,,12,True,False
11,3064000,Poznań,2008,7,completed,1902.0,238.0,,12,True,False
11,3064000,Poznań,2008,8,completed,2243.0,341.0,,12,True,False
11,3064000,Poznań,2008,9,completed,2331.0,88.0,,12,True,False
11,3064000,Poznań,2008,10,completed,2563.0,232.0,,12,True,False
11,3064000,Poznań,2008,11,completed,2887.0,324.0,,12,True,False
11,3064000,Poznań,2008,12,completed,3343.0,456.0,,12,True,False
11,3064000,Poznań,2009,1,completed,419.0,419.0,,12,True,False
11,3064000,Poznań,2009,2,completed,940.0,521.0,,12,True,False
11,3064000,Poznań,2009,3,completed,1490.0,550.0,,12,True,False
11,3064000,Poznań,2009,4,completed,1727.0,237.0,,12,True,False
11,3064000,Poznań,2009,5,completed,1907.0,180.0,,12,True,False
11,3064000,Poznań,2009,6,completed,2175.0,268.0,,12,True,False
11,3064000,Poznań,2009,7,completed,2366.0,191.0,,12,True,False
11,3064000,Poznań,2009,8,completed,2477.0,111.0,,12,True,False
11,3064000,Poznań,2009,9,completed,2771.0,294.0,,12,True,False
11,3064000,Poznań,2009,10,completed,3069.0,298.0,,12,True,False
11,3064000,Poznań,2009,11,completed,3162.0,93.0,,12,True,False
11,3064000,Poznań,2009,12,completed,3531.0,369.0,,12,True,False
11,3064000,Poznań,2010,1,completed,792.0,792.0,,12,True,False
11,3064000,Poznań,2010,2,completed,829.0,37.0,,12,True,False
11,3064000,Poznań,2010,3,completed,1312.0,483.0,,12,True,False
11,3064000,Poznań,2010,4,completed,1367.0,55.0,,12,True,False
11,3064000,Poznań,2010,5,completed,1738.0,371.0,,12,True,False
11,3064000,Poznań,2010,6,completed,1965.0,227.0,,12,True,False
11,3064000,Poznań,2010,7,completed,2069.0,104.0,,12,True,False
11,3064000,Poznań,2010,8,completed,2184.0,115.0,,12,True,False
11,3064000,Poznań,2010,9,completed,2285.0,101.0,,12,True,False
11,3064000,Poznań,2010,10,completed,2461.0,176.0,,12,True,False
11,3064000,Poznań,2010,11,completed,3035.0,574.0,,12,True,False
11,3064000,Poznań,2010,12,completed,3180.0,145.0,,12,True,False
11,3064000,Poznań,2011,1,completed,389.0,389.0,,12,True,False
11,3064000,Poznań,2011,2,completed,442.0,53.0,,12,True,False
11,3064000,Poznań,2011,3,completed,642.0,200.0,,12,True,False
11,3064000,Poznań,2011,4,completed,883.0,241.0,,12,True,False
11,3064000,Poznań,2011,5,completed,921.0,38.0,,12,True,False
11,3064000,Poznań,2011,6,completed,1111.0,190.0,,12,True,False
11,3064000,Poznań,2011,7,completed,1238.0,127.0,,12,True,False
11,3064000,Poznań,2011,8,completed,1293.0,55.0,,12,True,False
11,3064000,Poznań,2011,9,completed,1973.0,680.0,,12,True,False
11,3064000,Poznań,2011,10,completed,2265.0,292.0,,12,True,False
11,3064000,Poznań,2011,11,completed,2309.0,44.0,,12,True,False
11,3064000,Poznań,2011,12,completed,2512.0,203.0,,12,True,False
11,3064000,Poznań,2012,1,completed,47.0,47.0,,12,True,False
11,3064000,Poznań,2012,2,completed,103.0,56.0,,12,True,False
11,3064000,Poznań,2012,3,completed,204.0,101.0,,12,True,False
11,3064000,Poznań,2012,4,completed,535.0,331.0,,12,True,False
11,3064000,Poznań,2012,5,completed,909.0,374.0,,12,True,False
11,3064000,Poznań,2012,6,completed,1024.0,115.0,,12,True,False
11,3064000,Poznań,2012,7,completed,1319.0,295.0,,12,True,False
11,3064000,Poznań,2012,8,completed,1688.0,369.0,,12,True,False
11,3064000,Poznań,2012,9,completed,1849.0,161.0,,12,True,False
11,3064000,Poznań,2012,10,completed,2069.0,220.0,,12,True,False
11,3064000,Poznań,2012,11,completed,2370.0,301.0,,12,True,False
11,3064000,Poznań,2012,12,completed,2734.0,364.0,,12,True,False
11,3064000,Poznań,2013,1,completed,64.0,64.0,,12,True,False
11,3064000,Poznań,2013,2,completed,302.0,238.0,,12,True,False
11,3064000,Poznań,2013,3,completed,335.0,33.0,,12,True,False
11,3064000,Poznań,2013,4,completed,656.0,321.0,,12,True,False
11,3064000,Poznań,2013,5,completed,906.0,250.0,,12,True,False
11,3064000,Poznań,2013,6,completed,1131.0,225.0,,12,True,False
11,3064000,Poznań,2013,7,completed,1402.0,271.0,,12,True,False
11,3064000,Poznań,2013,8,completed,1629.0,227.0,,12,True,False
11,3064000,Poznań,2013,9,completed,1712.0,83.0,,12,True,False
11,3064000,Poznań,2013,10,completed,2246.0,534.0,,12,True,False
11,3064000,Poznań,2013,11,completed,2372.0,126.0,,12,True,False
11,3064000,Poznań,2013,12,completed,2597.0,225.0,,12,True,False
11,3064000,Poznań,2014,1,completed,503.0,503.0,,12,True,False
11,3064000,Poznań,2014,2,completed,779.0,276.0,,12,True,False
11,3064000,Poznań,2014,3,completed,982.0,203.0,,12,True,False
11,3064000,Poznań,2014,4,completed,1338.0,356.0,,12,True,False
11,3064000,Poznań,2014,5,completed,1617.0,279.0,,12,True,False
11,3064000,Poznań,2014,6,completed,1906.0,289.0,,12,True,False
11,3064000,Poznań,2014,7,completed,2221.0,315.0,,12,True,False
11,3064000,Poznań,2014,8,completed,2338.0,117.0,,12,True,False
11,3064000,Poznań,2014,9,completed,2434.0,96.0,,12,True,False
11,3064000,Poznań,2014,10,completed,2584.0,150.0,,12,True,False
11,3064000,Poznań,2014,11,completed,3099.0,515.0,,12,True,False
11,3064000,Poznań,2014,12,completed,3642.0,543.0,,12,True,False
11,3064000,Poznań,2015,1,completed,52.0,52.0,,12,True,False
11,3064000,Poznań,2015,2,completed,213.0,161.0,,12,True,False
11,3064000,Poznań,2015,3,completed,260.0,47.0,,12,True,False
11,3064000,Poznań,2015,4,completed,475.0,215.0,,12,True,False
11,3064000,Poznań,2015,5,completed,938.0,463.0,,12,True,False
11,3064000,Poznań,2015,6,completed,990.0,52.0,,12,True,False
11,3064000,Poznań,2015,7,completed,1438.0,448.0,,12,True,False
11,3064000,Poznań,2015,8,completed,1742.0,304.0,,12,True,False
11,3064000,Poznań,2015,9,completed,2167.0,425.0,,12,True,False
11,3064000,Poznań,2015,10,completed,2713.0,546.0,,12,True,False
11,3064000,Poznań,2015,11,completed,3014.0,301.0,,12,True,False
11,3064000,Poznań,2015,12,completed,3629.0,615.0,,12,True,False
11,3064000,Poznań,2016,1,completed,37.0,37.0,,12,True,False
11,3064000,Poznań,2016,2,completed,118.0,81.0,,12,True,False
11,3064000,Poznań,2016,3,completed,344.0,226.0,,12,True,False
11,3064000,Poznań,2016,4,completed,597.0,253.0,,12,True,False
11,3064000,Poznań,2016,5,completed,774.0,177.0,,12,True,False
11,3064000,Poznań,2016,6,completed,857.0,83.0,,12,True,False
11,3064000,Poznań,2016,7,completed,979.0,122.0,,12,True,False
11,3064000,Poznań,2016,8,completed,1215.0,236.0,,12,True,False
11,3064000,Poznań,2016,9,completed,1732.0,517.0,,12,True,False
11,3064000,Poznań,2016,10,completed,1896.0,164.0,,12,True,False
11,3064000,Poznań,2016,11,completed,2189.0,293.0,,12,True,False
11,3064000,Poznań,2016,12,completed,2915.0,726.0,,12,True,False
11,3064000,Poznań,2017,1,completed,365.0,365.0,,12,True,False
11,3064000,Poznań,2017,2,completed,760.0,395.0,,12,True,False
11,3064000,Poznań,2017,3,completed,837.0,77.0,,12,True,False
11,3064000,Poznań,2017,4,completed,1134.0,297.0,,12,True,False
11,3064000,Poznań,2017,5,completed,1267.0,133.0,,12,True,False
11,3064000,Poznań,2017,6,completed,1738.0,471.0,,12,True,False
11,3064000,Poznań,2017,7,completed,2365.0,627.0,,12,True,False
11,3064000,Poznań,2017,8,completed,2396.0,31.0,,12,True,False
11,3064000,Poznań,2017,9,completed,2620.0,224.0,,12,True,False
11,3064000,Poznań,2017,10,completed,3355.0,735.0,,12,True,False
11,3064000,Poznań,2017,11,completed,3665.0,310.0,,12,True,False
11,3064000,Poznań,2017,12,completed,4069.0,404.0,,12,True,False
11,3064000,Poznań,2018,1,completed,232.0,232.0,,12,True,False
11,3064000,Poznań,2018,2,completed,553.0,321.0,,12,True,False
11,3064000,Poznań,2018,3,completed,819.0,266.0,,12,True,False
11,3064000,Poznań,2018,4,completed,1631.0,812.0,,12,True,False
11,3064000,Poznań,2018,5,completed,1815.0,184.0,,12,True,False
11,3064000,Poznań,2018,6,completed,2129.0,314.0,,12,True,False
11,3064000,Poznań,2018,7,completed,2412.0,283.0,,12,True,False
11,3064000,Poznań,2018,8,completed,2703.0,291.0,,12,True,False
11,3064000,Poznań,2018,9,completed,3109.0,406.0,,12,True,False
11,3064000,Poznań,2018,10,completed,3496.0,387.0,,12,True,False
11,3064000,Poznań,2018,11,completed,3761.0,265.0,,12,True,False
11,3064000,Poznań,2018,12,completed,4006.0,245.0,,12,True,False
11,3064000,Poznań,2019,1,completed,375.0,375.0,,12,True,False
11,3064000,Poznań,2019,2,completed,523.0,148.0,,12,True,False
11,3064000,Poznań,2019,3,completed,979.0,456.0,,12,True,False
11,3064000,Poznań,2019,4,completed,1250.0,271.0,,12,True,False
11,3064000,Poznań,2019,5,completed,1676.0,426.0,,12,True,False
11,3064000,Poznań,2019,6,completed,2204.0,528.0,,12,True,False
11,3064000,Poznań,2019,7,completed,2510.0,306.0,,12,True,False
11,3064000,Poznań,2019,8,completed,3441.0,931.0,,12,True,False
11,3064000,Poznań,2019,9,completed,4095.0,654.0,,12,True,False
11,3064000,Poznań,2019,10,completed,4237.0,142.0,,12,True,False
11,3064000,Poznań,2019,11,completed,4475.0,238.0,,12,True,False
11,3064000,Poznań,2019,12,completed,5043.0,568.0,,12,True,False
11,3064000,Poznań,2020,1,completed,346.0,346.0,,12,True,False
11,3064000,Poznań,2020,2,completed,684.0,338.0,,12,True,False
11,3064000,Poznań,2020,3,completed,1107.0,423.0,,12,True,False
11,3064000,Poznań,2020,4,completed,1411.0,304.0,,12,True,False
11,3064000,Poznań,2020,5,completed,1851.0,440.0,,12,True,False
11,3064000,Poznań,2020,6,completed,1898.0,47.0,,12,True,False
11,3064000,Poznań,2020,7,completed,2346.0,448.0,,12,True,False
11,3064000,Poznań,2020,8,completed,2672.0,326.0,,12,True,False
11,3064000,Poznań,2020,9,completed,3440.0,768.0,,12,True,False
11,3064000,Poznań,2020,10,completed,4358.0,918.0,,12,True,False
11,3064000,Poznań,2020,11,completed,4596.0,238.0,,12,True,False
11,3064000,Poznań,2020,12,completed,4927.0,331.0,,12,True,False
11,3064000,Poznań,2021,1,completed,69.0,69.0,,12,True,False
11,3064000,Poznań,2021,2,completed,620.0,551.0,,12,True,False
11,3064000,Poznań,2021,3,completed,1357.0,737.0,,12,True,False
11,3064000,Poznań,2021,4,completed,1784.0,427.0,,12,True,False
11,3064000,Poznań,2021,5,completed,2202.0,418.0,,12,True,False
11,3064000,Poznań,2021,6,completed,2798.0,596.0,,12,True,False
11,3064000,Poznań,2021,7,completed,3227.0,429.0,,12,True,False
11,3064000,Poznań,2021,8,completed,4055.0,828.0,,12,True,False
11,3064000,Poznań,2021,9,completed,4969.0,914.0,,12,True,False
11,3064000,Poznań,2021,10,completed,5569.0,600.0,,12,True,False
11,3064000,Poznań,2021,11,completed,6322.0,753.0,,12,True,False
11,3064000,Poznań,2021,12,completed,6389.0,67.0,,12,True,False
11,3064000,Poznań,2022,1,completed,547.0,547.0,,12,True,False
11,3064000,Poznań,2022,2,completed,1044.0,497.0,,12,True,False
11,3064000,Poznań,2022,3,completed,1387.0,343.0,,12,True,False
11,3064000,Poznań,2022,4,completed,1891.0,504.0,,12,True,False
11,3064000,Poznań,2022,5,completed,2059.0,168.0,,12,True,False
11,3064000,Poznań,2022,6,completed,2686.0,627.0,,12,True,False
11,3064000,Poznań,2022,7,completed,2739.0,53.0,,12,True,False
11,3064000,Poznań,2022,8,completed,2848.0,109.0,,12,True,False
11,3064000,Poznań,2022,9,completed,3505.0,657.0,,12,True,False
11,3064000,Poznań,2022,10,completed,4160.0,655.0,,12,True,False
11,3064000,Poznań,2022,11,completed,5005.0,845.0,,12,True,False
11,3064000,Poznań,2022,12,completed,5319.0,314.0,,12,True,False
11,3064000,Poznań,2023,1,completed,544.0,544.0,,12,True,False
11,3064000,Poznań,2023,2,completed,986.0,442.0,,12,True,False
11,3064000,Poznań,2023,3,completed,1388.0,402.0,,12,True,False
11,3064000,Poznań,2023,4,completed,1727.0,339.0,,12,True,False
11,3064000,Poznań,2023,5,completed,2045.0,318.0,,12,True,False
11,3064000,Poznań,2023,6,completed,2768.0,723.0,,12,True,False
11,3064000,Poznań,2023,7,completed,2879.0,111.0,,12,True,False
11,3064000,Poznań,2023,8,completed,3524.0,645.0,,12,True,False
11,3064000,Poznań,2023,9,completed,3846.0,322.0,,12,True,False
11,3064000,Poznań,2023,10,completed,3875.0,29.0,,12,True,False
11,3064000,Poznań,2023,11,completed,4524.0,649.0,,12,True,False
11,3064000,Poznań,2023,12,completed,4619.0,95.0,,12,True,False
11,3064000,Poznań,2024,1,completed,92.0,92.0,,12,True,False
11,3064000,Poznań,2024,2,completed,116.0,24.0,,12,True,False
11,3064000,Poznań,2024,3,completed,479.0,363.0,,12,True,False
11,3064000,Poznań,2024,4,completed,1166.0,687.0,,12,True,False
11,3064000,Poznań,2024,5,completed,1343.0,177.0,,12,True,False
11,3064000,Poznań,2024,6,completed,1677.0,334.0,,12,True,False
11,3064000,Poznań,2024,7,completed,2463.0,786.0,,12,True,False
11,3064000,Poznań,2024,8,completed,2941.0,478.0,,12,True,False
11,3064000,Poznań,2024,9,completed,3882.0,941.0,,12,True,False
11,3064000,Poznań,2024,10,completed,4431.0,549.0,,12,True,False
11,3064000,Poznań,2024,11,completed,4656.0,225.0,,12,True,False
11,3064000,Poznań,2024,12,completed,5045.0,389.0,,12,True,False
11,3064000,Poznań,2025,1,completed,472.0,472.0,,12,True,False
11,3064000,Poznań,2025,2,completed,783.0,311.0,,12,True,False
11,3064000,Poznań,2025,3,completed,812.0,29.0,,12,True,False
11,3064000,Poznań,2025,4,completed,1487.0,675.0,,12,True,False
11,3064000,Poznań,2025,5,completed,1758.0,271.0,,12,True,False
11,3064000,Poznań,2025,6,completed,1791.0,33.0,,12,True,False
11,3064000,Poznań,2025,7,completed,2716.0,925.0,,12,True,False
11,3064000,Poznań,2025,8,completed,3008.0,292.0,,12,True,False
11,3064000,Poznań,2025,9,completed,3830.0,822.0,,12,True,False
11,3064000,Poznań,2025,10,completed,3985.0,155.0,,12,True,False
11,3064000,Poznań,2025,11,completed,5035.0,1050.0,,12,True,False
11,3064000,Poznań,2025,12,completed,5608.0,573.0,,12,True,False
11,3064000,Poznań,2026,1,completed,408.0,408.0,,6,False,False
11,3064000,Poznań,2026,2,completed,548.0,140.0,,6,False,False
11,3064000,Poznań,2026,3,completed,596.0,48.0,,6,False,False
11,3064000,Poznań,2026,4,completed,867.0,271.0,,6,False,False
11,3064000,Poznań,2026,5,completed,1667.0,800.0,,6,False,False
11,3064000,Poznań,2026,6,completed,2319.0,652.0,,6,False,False
12,1863000,Rzeszów,2005,1,completed,87.0,87.0,,12,True,False
12,1863000,Rzeszów,2005,2,completed,100.0,13.0,,12,True,False
12,1863000,Rzeszów,2005,3,completed,113.0,13.0,,12,True,False
12,1863000,Rzeszów,2005,4,completed,173.0,60.0,,12,True,False
12,1863000,Rzeszów,2005,5,completed,196.0,23.0,,12,True,False
12,1863000,Rzeszów,2005,6,completed,237.0,41.0,,12,True,False
12,1863000,Rzeszów,2005,7,completed,279.0,42.0,,12,True,False
12,1863000,Rzeszów,2005,8,completed,345.0,66.0,,12,True,False
12,1863000,Rzeszów,2005,9,completed,349.0,4.0,,12,True,False
12,1863000,Rzeszów,2005,10,completed,371.0,22.0,,12,True,False
12,1863000,Rzeszów,2005,11,completed,437.0,66.0,,12,True,False
12,1863000,Rzeszów,2005,12,completed,456.0,19.0,,12,True,False
12,1863000,Rzeszów,2006,1,completed,272.0,272.0,,12,True,False
12,1863000,Rzeszów,2006,2,completed,340.0,68.0,,12,True,False
12,1863000,Rzeszów,2006,3,completed,347.0,7.0,,12,True,False
12,1863000,Rzeszów,2006,4,completed,540.0,193.0,,12,True,False
12,1863000,Rzeszów,2006,5,completed,553.0,13.0,,12,True,False
12,1863000,Rzeszów,2006,6,completed,593.0,40.0,,12,True,False
12,1863000,Rzeszów,2006,7,completed,607.0,14.0,,12,True,False
12,1863000,Rzeszów,2006,8,completed,845.0,238.0,,12,True,False
12,1863000,Rzeszów,2006,9,completed,860.0,15.0,,12,True,False
12,1863000,Rzeszów,2006,10,completed,931.0,71.0,,12,True,False
12,1863000,Rzeszów,2006,11,completed,1000.0,69.0,,12,True,False
12,1863000,Rzeszów,2006,12,completed,1011.0,11.0,,12,True,False
12,1863000,Rzeszów,2007,1,completed,32.0,32.0,,12,True,False
12,1863000,Rzeszów,2007,2,completed,42.0,10.0,,12,True,False
12,1863000,Rzeszów,2007,3,completed,65.0,23.0,,12,True,False
12,1863000,Rzeszów,2007,4,completed,181.0,116.0,,12,True,False
12,1863000,Rzeszów,2007,5,completed,317.0,136.0,,12,True,False
12,1863000,Rzeszów,2007,6,completed,331.0,14.0,,12,True,False
12,1863000,Rzeszów,2007,7,completed,386.0,55.0,,12,True,False
12,1863000,Rzeszów,2007,8,completed,404.0,18.0,,12,True,False
12,1863000,Rzeszów,2007,9,completed,456.0,52.0,,12,True,False
12,1863000,Rzeszów,2007,10,completed,698.0,242.0,,12,True,False
12,1863000,Rzeszów,2007,11,completed,761.0,63.0,,12,True,False
12,1863000,Rzeszów,2007,12,completed,793.0,32.0,,12,True,False
12,1863000,Rzeszów,2008,1,completed,112.0,112.0,,12,True,False
12,1863000,Rzeszów,2008,2,completed,165.0,53.0,,12,True,False
12,1863000,Rzeszów,2008,3,completed,298.0,133.0,,12,True,False
12,1863000,Rzeszów,2008,4,completed,324.0,26.0,,12,True,False
12,1863000,Rzeszów,2008,5,completed,344.0,20.0,,12,True,False
12,1863000,Rzeszów,2008,6,completed,350.0,6.0,,12,True,False
12,1863000,Rzeszów,2008,7,completed,469.0,119.0,,12,True,False
12,1863000,Rzeszów,2008,8,completed,493.0,24.0,,12,True,False
12,1863000,Rzeszów,2008,9,completed,685.0,192.0,,12,True,False
12,1863000,Rzeszów,2008,10,completed,791.0,106.0,,12,True,False
12,1863000,Rzeszów,2008,11,completed,850.0,59.0,,12,True,False
12,1863000,Rzeszów,2008,12,completed,918.0,68.0,,12,True,False
12,1863000,Rzeszów,2009,1,completed,76.0,76.0,,12,True,False
12,1863000,Rzeszów,2009,2,completed,137.0,61.0,,12,True,False
12,1863000,Rzeszów,2009,3,completed,236.0,99.0,,12,True,False
12,1863000,Rzeszów,2009,4,completed,424.0,188.0,,12,True,False
12,1863000,Rzeszów,2009,5,completed,450.0,26.0,,12,True,False
12,1863000,Rzeszów,2009,6,completed,487.0,37.0,,12,True,False
12,1863000,Rzeszów,2009,7,completed,537.0,50.0,,12,True,False
12,1863000,Rzeszów,2009,8,completed,737.0,200.0,,12,True,False
12,1863000,Rzeszów,2009,9,completed,934.0,197.0,,12,True,False
12,1863000,Rzeszów,2009,10,completed,1311.0,377.0,,12,True,False
12,1863000,Rzeszów,2009,11,completed,1484.0,173.0,,12,True,False
12,1863000,Rzeszów,2009,12,completed,1546.0,62.0,,12,True,False
12,1863000,Rzeszów,2010,1,completed,156.0,156.0,,12,True,False
12,1863000,Rzeszów,2010,2,completed,192.0,36.0,,12,True,False
12,1863000,Rzeszów,2010,3,completed,281.0,89.0,,12,True,False
12,1863000,Rzeszów,2010,4,completed,302.0,21.0,,12,True,False
12,1863000,Rzeszów,2010,5,completed,438.0,136.0,,12,True,False
12,1863000,Rzeszów,2010,6,completed,457.0,19.0,,12,True,False
12,1863000,Rzeszów,2010,7,completed,484.0,27.0,,12,True,False
12,1863000,Rzeszów,2010,8,completed,503.0,19.0,,12,True,False
12,1863000,Rzeszów,2010,9,completed,605.0,102.0,,12,True,False
12,1863000,Rzeszów,2010,10,completed,683.0,78.0,,12,True,False
12,1863000,Rzeszów,2010,11,completed,819.0,136.0,,12,True,False
12,1863000,Rzeszów,2010,12,completed,937.0,118.0,,12,True,False
12,1863000,Rzeszów,2011,1,completed,143.0,143.0,,12,True,False
12,1863000,Rzeszów,2011,2,completed,413.0,270.0,,12,True,False
12,1863000,Rzeszów,2011,3,completed,575.0,162.0,,12,True,False
12,1863000,Rzeszów,2011,4,completed,591.0,16.0,,12,True,False
12,1863000,Rzeszów,2011,5,completed,625.0,34.0,,12,True,False
12,1863000,Rzeszów,2011,6,completed,650.0,25.0,,12,True,False
12,1863000,Rzeszów,2011,7,completed,877.0,227.0,,12,True,False
12,1863000,Rzeszów,2011,8,completed,991.0,114.0,,12,True,False
12,1863000,Rzeszów,2011,9,completed,1080.0,89.0,,12,True,False
12,1863000,Rzeszów,2011,10,completed,1260.0,180.0,,12,True,False
12,1863000,Rzeszów,2011,11,completed,1338.0,78.0,,12,True,False
12,1863000,Rzeszów,2011,12,completed,1565.0,227.0,,12,True,False
12,1863000,Rzeszów,2012,1,completed,103.0,103.0,,12,True,False
12,1863000,Rzeszów,2012,2,completed,217.0,114.0,,12,True,False
12,1863000,Rzeszów,2012,3,completed,431.0,214.0,,12,True,False
12,1863000,Rzeszów,2012,4,completed,550.0,119.0,,12,True,False
12,1863000,Rzeszów,2012,5,completed,669.0,119.0,,12,True,False
12,1863000,Rzeszów,2012,6,completed,757.0,88.0,,12,True,False
12,1863000,Rzeszów,2012,7,completed,799.0,42.0,,12,True,False
12,1863000,Rzeszów,2012,8,completed,844.0,45.0,,12,True,False
12,1863000,Rzeszów,2012,9,completed,1022.0,178.0,,12,True,False
12,1863000,Rzeszów,2012,10,completed,1134.0,112.0,,12,True,False
12,1863000,Rzeszów,2012,11,completed,1236.0,102.0,,12,True,False
12,1863000,Rzeszów,2012,12,completed,1576.0,340.0,,12,True,False
12,1863000,Rzeszów,2013,1,completed,179.0,179.0,,12,True,False
12,1863000,Rzeszów,2013,2,completed,211.0,32.0,,12,True,False
12,1863000,Rzeszów,2013,3,completed,397.0,186.0,,12,True,False
12,1863000,Rzeszów,2013,4,completed,485.0,88.0,,12,True,False
12,1863000,Rzeszów,2013,5,completed,560.0,75.0,,12,True,False
12,1863000,Rzeszów,2013,6,completed,723.0,163.0,,12,True,False
12,1863000,Rzeszów,2013,7,completed,751.0,28.0,,12,True,False
12,1863000,Rzeszów,2013,8,completed,935.0,184.0,,12,True,False
12,1863000,Rzeszów,2013,9,completed,995.0,60.0,,12,True,False
12,1863000,Rzeszów,2013,10,completed,1082.0,87.0,,12,True,False
12,1863000,Rzeszów,2013,11,completed,1170.0,88.0,,12,True,False
12,1863000,Rzeszów,2013,12,completed,1346.0,176.0,,12,True,False
12,1863000,Rzeszów,2014,1,completed,132.0,132.0,,12,True,False
12,1863000,Rzeszów,2014,2,completed,216.0,84.0,,12,True,False
12,1863000,Rzeszów,2014,3,completed,376.0,160.0,,12,True,False
12,1863000,Rzeszów,2014,4,completed,513.0,137.0,,12,True,False
12,1863000,Rzeszów,2014,5,completed,577.0,64.0,,12,True,False
12,1863000,Rzeszów,2014,6,completed,694.0,117.0,,12,True,False
12,1863000,Rzeszów,2014,7,completed,1048.0,354.0,,12,True,False
12,1863000,Rzeszów,2014,8,completed,1197.0,149.0,,12,True,False
12,1863000,Rzeszów,2014,9,completed,1289.0,92.0,,12,True,False
12,1863000,Rzeszów,2014,10,completed,1355.0,66.0,,12,True,False
12,1863000,Rzeszów,2014,11,completed,1463.0,108.0,,12,True,False
12,1863000,Rzeszów,2014,12,completed,1649.0,186.0,,12,True,False
12,1863000,Rzeszów,2015,1,completed,114.0,114.0,,12,True,False
12,1863000,Rzeszów,2015,2,completed,183.0,69.0,,12,True,False
12,1863000,Rzeszów,2015,3,completed,891.0,708.0,,12,True,False
12,1863000,Rzeszów,2015,4,completed,1063.0,172.0,,12,True,False
12,1863000,Rzeszów,2015,5,completed,1097.0,34.0,,12,True,False
12,1863000,Rzeszów,2015,6,completed,1131.0,34.0,,12,True,False
12,1863000,Rzeszów,2015,7,completed,1362.0,231.0,,12,True,False
12,1863000,Rzeszów,2015,8,completed,1764.0,402.0,,12,True,False
12,1863000,Rzeszów,2015,9,completed,1866.0,102.0,,12,True,False
12,1863000,Rzeszów,2015,10,completed,2041.0,175.0,,12,True,False
12,1863000,Rzeszów,2015,11,completed,2240.0,199.0,,12,True,False
12,1863000,Rzeszów,2015,12,completed,2392.0,152.0,,12,True,False
12,1863000,Rzeszów,2016,1,completed,203.0,203.0,,12,True,False
12,1863000,Rzeszów,2016,2,completed,499.0,296.0,,12,True,False
12,1863000,Rzeszów,2016,3,completed,785.0,286.0,,12,True,False
12,1863000,Rzeszów,2016,4,completed,809.0,24.0,,12,True,False
12,1863000,Rzeszów,2016,5,completed,1079.0,270.0,,12,True,False
12,1863000,Rzeszów,2016,6,completed,1164.0,85.0,,12,True,False
12,1863000,Rzeszów,2016,7,completed,1205.0,41.0,,12,True,False
12,1863000,Rzeszów,2016,8,completed,1447.0,242.0,,12,True,False
12,1863000,Rzeszów,2016,9,completed,1741.0,294.0,,12,True,False
12,1863000,Rzeszów,2016,10,completed,2183.0,442.0,,12,True,False
12,1863000,Rzeszów,2016,11,completed,2627.0,444.0,,12,True,False
12,1863000,Rzeszów,2016,12,completed,2958.0,331.0,,12,True,False
12,1863000,Rzeszów,2017,1,completed,76.0,76.0,,12,True,False
12,1863000,Rzeszów,2017,2,completed,232.0,156.0,,12,True,False
12,1863000,Rzeszów,2017,3,completed,374.0,142.0,,12,True,False
12,1863000,Rzeszów,2017,4,completed,434.0,60.0,,12,True,False
12,1863000,Rzeszów,2017,5,completed,579.0,145.0,,12,True,False
12,1863000,Rzeszów,2017,6,completed,839.0,260.0,,12,True,False
12,1863000,Rzeszów,2017,7,completed,1424.0,585.0,,12,True,False
12,1863000,Rzeszów,2017,8,completed,1716.0,292.0,,12,True,False
12,1863000,Rzeszów,2017,9,completed,1933.0,217.0,,12,True,False
12,1863000,Rzeszów,2017,10,completed,2015.0,82.0,,12,True,False
12,1863000,Rzeszów,2017,11,completed,2270.0,255.0,,12,True,False
12,1863000,Rzeszów,2017,12,completed,2599.0,329.0,,12,True,False
12,1863000,Rzeszów,2018,1,completed,65.0,65.0,,12,True,False
12,1863000,Rzeszów,2018,2,completed,218.0,153.0,,12,True,False
12,1863000,Rzeszów,2018,3,completed,270.0,52.0,,12,True,False
12,1863000,Rzeszów,2018,4,completed,446.0,176.0,,12,True,False
12,1863000,Rzeszów,2018,5,completed,618.0,172.0,,12,True,False
12,1863000,Rzeszów,2018,6,completed,720.0,102.0,,12,True,False
12,1863000,Rzeszów,2018,7,completed,973.0,253.0,,12,True,False
12,1863000,Rzeszów,2018,8,completed,1399.0,426.0,,12,True,False
12,1863000,Rzeszów,2018,9,completed,1714.0,315.0,,12,True,False
12,1863000,Rzeszów,2018,10,completed,1900.0,186.0,,12,True,False
12,1863000,Rzeszów,2018,11,completed,2042.0,142.0,,12,True,False
12,1863000,Rzeszów,2018,12,completed,2307.0,265.0,,12,True,False
12,1863000,Rzeszów,2019,1,completed,167.0,167.0,,12,True,False
12,1863000,Rzeszów,2019,2,completed,296.0,129.0,,12,True,False
12,1863000,Rzeszów,2019,3,completed,581.0,285.0,,12,True,False
12,1863000,Rzeszów,2019,4,completed,855.0,274.0,,12,True,False
12,1863000,Rzeszów,2019,5,completed,984.0,129.0,,12,True,False
12,1863000,Rzeszów,2019,6,completed,1610.0,626.0,,12,True,False
12,1863000,Rzeszów,2019,7,completed,1839.0,229.0,,12,True,False
12,1863000,Rzeszów,2019,8,completed,2292.0,453.0,,12,True,False
12,1863000,Rzeszów,2019,9,completed,2776.0,484.0,,12,True,False
12,1863000,Rzeszów,2019,10,completed,2873.0,97.0,,12,True,False
12,1863000,Rzeszów,2019,11,completed,3176.0,303.0,,12,True,False
12,1863000,Rzeszów,2019,12,completed,3291.0,115.0,,12,True,False
12,1863000,Rzeszów,2020,1,completed,256.0,256.0,,12,True,False
12,1863000,Rzeszów,2020,2,completed,382.0,126.0,,12,True,False
12,1863000,Rzeszów,2020,3,completed,440.0,58.0,,12,True,False
12,1863000,Rzeszów,2020,4,completed,745.0,305.0,,12,True,False
12,1863000,Rzeszów,2020,5,completed,972.0,227.0,,12,True,False
12,1863000,Rzeszów,2020,6,completed,1078.0,106.0,,12,True,False
12,1863000,Rzeszów,2020,7,completed,1270.0,192.0,,12,True,False
12,1863000,Rzeszów,2020,8,completed,1451.0,181.0,,12,True,False
12,1863000,Rzeszów,2020,9,completed,2096.0,645.0,,12,True,False
12,1863000,Rzeszów,2020,10,completed,3001.0,905.0,,12,True,False
12,1863000,Rzeszów,2020,11,completed,3182.0,181.0,,12,True,False
12,1863000,Rzeszów,2020,12,completed,3837.0,655.0,,12,True,False
12,1863000,Rzeszów,2021,1,completed,597.0,597.0,,12,True,False
12,1863000,Rzeszów,2021,2,completed,741.0,144.0,,12,True,False
12,1863000,Rzeszów,2021,3,completed,1003.0,262.0,,12,True,False
12,1863000,Rzeszów,2021,4,completed,1116.0,113.0,,12,True,False
12,1863000,Rzeszów,2021,5,completed,1177.0,61.0,,12,True,False
12,1863000,Rzeszów,2021,6,completed,1386.0,209.0,,12,True,False
12,1863000,Rzeszów,2021,7,completed,1691.0,305.0,,12,True,False
12,1863000,Rzeszów,2021,8,completed,1886.0,195.0,,12,True,False
12,1863000,Rzeszów,2021,9,completed,2009.0,123.0,,12,True,False
12,1863000,Rzeszów,2021,10,completed,2178.0,169.0,,12,True,False
12,1863000,Rzeszów,2021,11,completed,2493.0,315.0,,12,True,False
12,1863000,Rzeszów,2021,12,completed,2693.0,200.0,,12,True,False
12,1863000,Rzeszów,2022,1,completed,226.0,226.0,,12,True,False
12,1863000,Rzeszów,2022,2,completed,276.0,50.0,,12,True,False
12,1863000,Rzeszów,2022,3,completed,385.0,109.0,,12,True,False
12,1863000,Rzeszów,2022,4,completed,454.0,69.0,,12,True,False
12,1863000,Rzeszów,2022,5,completed,927.0,473.0,,12,True,False
12,1863000,Rzeszów,2022,6,completed,1323.0,396.0,,12,True,False
12,1863000,Rzeszów,2022,7,completed,1712.0,389.0,,12,True,False
12,1863000,Rzeszów,2022,8,completed,2006.0,294.0,,12,True,False
12,1863000,Rzeszów,2022,9,completed,2458.0,452.0,,12,True,False
12,1863000,Rzeszów,2022,10,completed,2952.0,494.0,,12,True,False
12,1863000,Rzeszów,2022,11,completed,3045.0,93.0,,12,True,False
12,1863000,Rzeszów,2022,12,completed,3134.0,89.0,,12,True,False
12,1863000,Rzeszów,2023,1,completed,201.0,201.0,,12,True,False
12,1863000,Rzeszów,2023,2,completed,246.0,45.0,,12,True,False
12,1863000,Rzeszów,2023,3,completed,378.0,132.0,,12,True,False
12,1863000,Rzeszów,2023,4,completed,508.0,130.0,,12,True,False
12,1863000,Rzeszów,2023,5,completed,626.0,118.0,,12,True,False
12,1863000,Rzeszów,2023,6,completed,749.0,123.0,,12,True,False
12,1863000,Rzeszów,2023,7,completed,1042.0,293.0,,12,True,False
12,1863000,Rzeszów,2023,8,completed,1569.0,527.0,,12,True,False
12,1863000,Rzeszów,2023,9,completed,1582.0,13.0,,12,True,False
12,1863000,Rzeszów,2023,10,completed,1686.0,104.0,,12,True,False
12,1863000,Rzeszów,2023,11,completed,1756.0,70.0,,12,True,False
12,1863000,Rzeszów,2023,12,completed,2175.0,419.0,,12,True,False
12,1863000,Rzeszów,2024,1,completed,202.0,202.0,,12,True,False
12,1863000,Rzeszów,2024,2,completed,572.0,370.0,,12,True,False
12,1863000,Rzeszów,2024,3,completed,594.0,22.0,,12,True,False
12,1863000,Rzeszów,2024,4,completed,906.0,312.0,,12,True,False
12,1863000,Rzeszów,2024,5,completed,1246.0,340.0,,12,True,False
12,1863000,Rzeszów,2024,6,completed,1385.0,139.0,,12,True,False
12,1863000,Rzeszów,2024,7,completed,1671.0,286.0,,12,True,False
12,1863000,Rzeszów,2024,8,completed,1745.0,74.0,,12,True,False
12,1863000,Rzeszów,2024,9,completed,2240.0,495.0,,12,True,False
12,1863000,Rzeszów,2024,10,completed,2264.0,24.0,,12,True,False
12,1863000,Rzeszów,2024,11,completed,2406.0,142.0,,12,True,False
12,1863000,Rzeszów,2024,12,completed,2561.0,155.0,,12,True,False
12,1863000,Rzeszów,2025,1,completed,158.0,158.0,,12,True,False
12,1863000,Rzeszów,2025,2,completed,422.0,264.0,,12,True,False
12,1863000,Rzeszów,2025,3,completed,500.0,78.0,,12,True,False
12,1863000,Rzeszów,2025,4,completed,914.0,414.0,,12,True,False
12,1863000,Rzeszów,2025,5,completed,1411.0,497.0,,12,True,False
12,1863000,Rzeszów,2025,6,completed,1714.0,303.0,,12,True,False
12,1863000,Rzeszów,2025,7,completed,1997.0,283.0,,12,True,False
12,1863000,Rzeszów,2025,8,completed,2161.0,164.0,,12,True,False
12,1863000,Rzeszów,2025,9,completed,2302.0,141.0,,12,True,False
12,1863000,Rzeszów,2025,10,completed,2390.0,88.0,,12,True,False
12,1863000,Rzeszów,2025,11,completed,2810.0,420.0,,12,True,False
12,1863000,Rzeszów,2025,12,completed,3097.0,287.0,,12,True,False
12,1863000,Rzeszów,2026,1,completed,499.0,499.0,,6,False,False
12,1863000,Rzeszów,2026,2,completed,527.0,28.0,,6,False,False
12,1863000,Rzeszów,2026,3,completed,721.0,194.0,,6,False,False
12,1863000,Rzeszów,2026,4,completed,1049.0,328.0,,6,False,False
12,1863000,Rzeszów,2026,5,completed,1250.0,201.0,,6,False,False
12,1863000,Rzeszów,2026,6,completed,1526.0,276.0,,6,False,False
13,3262000,Szczecin,2005,1,completed,249.0,249.0,,12,True,False
13,3262000,Szczecin,2005,2,completed,288.0,39.0,,12,True,False
13,3262000,Szczecin,2005,3,completed,458.0,170.0,,12,True,False
13,3262000,Szczecin,2005,4,completed,505.0,47.0,,12,True,False
13,3262000,Szczecin,2005,5,completed,551.0,46.0,,12,True,False
13,3262000,Szczecin,2005,6,completed,633.0,82.0,,12,True,False
13,3262000,Szczecin,2005,7,completed,746.0,113.0,,12,True,False
13,3262000,Szczecin,2005,8,completed,834.0,88.0,,12,True,False
13,3262000,Szczecin,2005,9,completed,925.0,91.0,,12,True,False
13,3262000,Szczecin,2005,10,completed,1191.0,266.0,,12,True,False
13,3262000,Szczecin,2005,11,completed,1387.0,196.0,,12,True,False
13,3262000,Szczecin,2005,12,completed,1536.0,149.0,,12,True,False
13,3262000,Szczecin,2006,1,completed,114.0,114.0,,12,True,False
13,3262000,Szczecin,2006,2,completed,201.0,87.0,,12,True,False
13,3262000,Szczecin,2006,3,completed,351.0,150.0,,12,True,False
13,3262000,Szczecin,2006,4,completed,433.0,82.0,,12,True,False
13,3262000,Szczecin,2006,5,completed,450.0,17.0,,12,True,False
13,3262000,Szczecin,2006,6,completed,515.0,65.0,,12,True,False
13,3262000,Szczecin,2006,7,completed,575.0,60.0,,12,True,False
13,3262000,Szczecin,2006,8,completed,591.0,16.0,,12,True,False
13,3262000,Szczecin,2006,9,completed,678.0,87.0,,12,True,False
13,3262000,Szczecin,2006,10,completed,734.0,56.0,,12,True,False
13,3262000,Szczecin,2006,11,completed,787.0,53.0,,12,True,False
13,3262000,Szczecin,2006,12,completed,897.0,110.0,,12,True,False
13,3262000,Szczecin,2007,1,completed,167.0,167.0,,12,True,False
13,3262000,Szczecin,2007,2,completed,259.0,92.0,,12,True,False
13,3262000,Szczecin,2007,3,completed,397.0,138.0,,12,True,False
13,3262000,Szczecin,2007,4,completed,580.0,183.0,,12,True,False
13,3262000,Szczecin,2007,5,completed,663.0,83.0,,12,True,False
13,3262000,Szczecin,2007,6,completed,1114.0,451.0,,12,True,False
13,3262000,Szczecin,2007,7,completed,1227.0,113.0,,12,True,False
13,3262000,Szczecin,2007,8,completed,1451.0,224.0,,12,True,False
13,3262000,Szczecin,2007,9,completed,1561.0,110.0,,12,True,False
13,3262000,Szczecin,2007,10,completed,1711.0,150.0,,12,True,False
13,3262000,Szczecin,2007,11,completed,1907.0,196.0,,12,True,False
13,3262000,Szczecin,2007,12,completed,1992.0,85.0,,12,True,False
13,3262000,Szczecin,2008,1,completed,128.0,128.0,,12,True,False
13,3262000,Szczecin,2008,2,completed,249.0,121.0,,12,True,False
13,3262000,Szczecin,2008,3,completed,393.0,144.0,,12,True,False
13,3262000,Szczecin,2008,4,completed,689.0,296.0,,12,True,False
13,3262000,Szczecin,2008,5,completed,769.0,80.0,,12,True,False
13,3262000,Szczecin,2008,6,completed,878.0,109.0,,12,True,False
13,3262000,Szczecin,2008,7,completed,1057.0,179.0,,12,True,False
13,3262000,Szczecin,2008,8,completed,1200.0,143.0,,12,True,False
13,3262000,Szczecin,2008,9,completed,1335.0,135.0,,12,True,False
13,3262000,Szczecin,2008,10,completed,1420.0,85.0,,12,True,False
13,3262000,Szczecin,2008,11,completed,1487.0,67.0,,12,True,False
13,3262000,Szczecin,2008,12,completed,1911.0,424.0,,12,True,False
13,3262000,Szczecin,2009,1,completed,129.0,129.0,,12,True,False
13,3262000,Szczecin,2009,2,completed,193.0,64.0,,12,True,False
13,3262000,Szczecin,2009,3,completed,323.0,130.0,,12,True,False
13,3262000,Szczecin,2009,4,completed,454.0,131.0,,12,True,False
13,3262000,Szczecin,2009,5,completed,510.0,56.0,,12,True,False
13,3262000,Szczecin,2009,6,completed,927.0,417.0,,12,True,False
13,3262000,Szczecin,2009,7,completed,1283.0,356.0,,12,True,False
13,3262000,Szczecin,2009,8,completed,1318.0,35.0,,12,True,False
13,3262000,Szczecin,2009,9,completed,1426.0,108.0,,12,True,False
13,3262000,Szczecin,2009,10,completed,1513.0,87.0,,12,True,False
13,3262000,Szczecin,2009,11,completed,1610.0,97.0,,12,True,False
13,3262000,Szczecin,2009,12,completed,1810.0,200.0,,12,True,False
13,3262000,Szczecin,2010,1,completed,60.0,60.0,,12,True,False
13,3262000,Szczecin,2010,2,completed,90.0,30.0,,12,True,False
13,3262000,Szczecin,2010,3,completed,198.0,108.0,,12,True,False
13,3262000,Szczecin,2010,4,completed,303.0,105.0,,12,True,False
13,3262000,Szczecin,2010,5,completed,350.0,47.0,,12,True,False
13,3262000,Szczecin,2010,6,completed,563.0,213.0,,12,True,False
13,3262000,Szczecin,2010,7,completed,778.0,215.0,,12,True,False
13,3262000,Szczecin,2010,8,completed,1047.0,269.0,,12,True,False
13,3262000,Szczecin,2010,9,completed,1074.0,27.0,,12,True,False
13,3262000,Szczecin,2010,10,completed,1196.0,122.0,,12,True,False
13,3262000,Szczecin,2010,11,completed,1383.0,187.0,,12,True,False
13,3262000,Szczecin,2010,12,completed,1509.0,126.0,,12,True,False
13,3262000,Szczecin,2011,1,completed,192.0,192.0,,12,True,False
13,3262000,Szczecin,2011,2,completed,400.0,208.0,,12,True,False
13,3262000,Szczecin,2011,3,completed,440.0,40.0,,12,True,False
13,3262000,Szczecin,2011,4,completed,505.0,65.0,,12,True,False
13,3262000,Szczecin,2011,5,completed,600.0,95.0,,12,True,False
13,3262000,Szczecin,2011,6,completed,850.0,250.0,,12,True,False
13,3262000,Szczecin,2011,7,completed,911.0,61.0,,12,True,False
13,3262000,Szczecin,2011,8,completed,1031.0,120.0,,12,True,False
13,3262000,Szczecin,2011,9,completed,1054.0,23.0,,12,True,False
13,3262000,Szczecin,2011,10,completed,1421.0,367.0,,12,True,False
13,3262000,Szczecin,2011,11,completed,1443.0,22.0,,12,True,False
13,3262000,Szczecin,2011,12,completed,1805.0,362.0,,12,True,False
13,3262000,Szczecin,2012,1,completed,171.0,171.0,,12,True,False
13,3262000,Szczecin,2012,2,completed,214.0,43.0,,12,True,False
13,3262000,Szczecin,2012,3,completed,420.0,206.0,,12,True,False
13,3262000,Szczecin,2012,4,completed,517.0,97.0,,12,True,False
13,3262000,Szczecin,2012,5,completed,539.0,22.0,,12,True,False
13,3262000,Szczecin,2012,6,completed,702.0,163.0,,12,True,False
13,3262000,Szczecin,2012,7,completed,1251.0,549.0,,12,True,False
13,3262000,Szczecin,2012,8,completed,1290.0,39.0,,12,True,False
13,3262000,Szczecin,2012,9,completed,1351.0,61.0,,12,True,False
13,3262000,Szczecin,2012,10,completed,1484.0,133.0,,12,True,False
13,3262000,Szczecin,2012,11,completed,1849.0,365.0,,12,True,False
13,3262000,Szczecin,2012,12,completed,1946.0,97.0,,12,True,False
13,3262000,Szczecin,2013,1,completed,208.0,208.0,,12,True,False
13,3262000,Szczecin,2013,2,completed,345.0,137.0,,12,True,False
13,3262000,Szczecin,2013,3,completed,500.0,155.0,,12,True,False
13,3262000,Szczecin,2013,4,completed,554.0,54.0,,12,True,False
13,3262000,Szczecin,2013,5,completed,580.0,26.0,,12,True,False
13,3262000,Szczecin,2013,6,completed,757.0,177.0,,12,True,False
13,3262000,Szczecin,2013,7,completed,850.0,93.0,,12,True,False
13,3262000,Szczecin,2013,8,completed,930.0,80.0,,12,True,False
13,3262000,Szczecin,2013,9,completed,984.0,54.0,,12,True,False
13,3262000,Szczecin,2013,10,completed,1063.0,79.0,,12,True,False
13,3262000,Szczecin,2013,11,completed,1208.0,145.0,,12,True,False
13,3262000,Szczecin,2013,12,completed,1426.0,218.0,,12,True,False
13,3262000,Szczecin,2014,1,completed,161.0,161.0,,12,True,False
13,3262000,Szczecin,2014,2,completed,327.0,166.0,,12,True,False
13,3262000,Szczecin,2014,3,completed,380.0,53.0,,12,True,False
13,3262000,Szczecin,2014,4,completed,441.0,61.0,,12,True,False
13,3262000,Szczecin,2014,5,completed,467.0,26.0,,12,True,False
13,3262000,Szczecin,2014,6,completed,535.0,68.0,,12,True,False
13,3262000,Szczecin,2014,7,completed,848.0,313.0,,12,True,False
13,3262000,Szczecin,2014,8,completed,945.0,97.0,,12,True,False
13,3262000,Szczecin,2014,9,completed,970.0,25.0,,12,True,False
13,3262000,Szczecin,2014,10,completed,1274.0,304.0,,12,True,False
13,3262000,Szczecin,2014,11,completed,1303.0,29.0,,12,True,False
13,3262000,Szczecin,2014,12,completed,1404.0,101.0,,12,True,False
13,3262000,Szczecin,2015,1,completed,115.0,115.0,,12,True,False
13,3262000,Szczecin,2015,2,completed,352.0,237.0,,12,True,False
13,3262000,Szczecin,2015,3,completed,462.0,110.0,,12,True,False
13,3262000,Szczecin,2015,4,completed,498.0,36.0,,12,True,False
13,3262000,Szczecin,2015,5,completed,686.0,188.0,,12,True,False
13,3262000,Szczecin,2015,6,completed,729.0,43.0,,12,True,False
13,3262000,Szczecin,2015,7,completed,769.0,40.0,,12,True,False
13,3262000,Szczecin,2015,8,completed,836.0,67.0,,12,True,False
13,3262000,Szczecin,2015,9,completed,895.0,59.0,,12,True,False
13,3262000,Szczecin,2015,10,completed,981.0,86.0,,12,True,False
13,3262000,Szczecin,2015,11,completed,1055.0,74.0,,12,True,False
13,3262000,Szczecin,2015,12,completed,1132.0,77.0,,12,True,False
13,3262000,Szczecin,2016,1,completed,138.0,138.0,,12,True,False
13,3262000,Szczecin,2016,2,completed,479.0,341.0,,12,True,False
13,3262000,Szczecin,2016,3,completed,533.0,54.0,,12,True,False
13,3262000,Szczecin,2016,4,completed,734.0,201.0,,12,True,False
13,3262000,Szczecin,2016,5,completed,902.0,168.0,,12,True,False
13,3262000,Szczecin,2016,6,completed,1503.0,601.0,,12,True,False
13,3262000,Szczecin,2016,7,completed,1743.0,240.0,,12,True,False
13,3262000,Szczecin,2016,8,completed,1850.0,107.0,,12,True,False
13,3262000,Szczecin,2016,9,completed,2040.0,190.0,,12,True,False
13,3262000,Szczecin,2016,10,completed,2628.0,588.0,,12,True,False
13,3262000,Szczecin,2016,11,completed,2698.0,70.0,,12,True,False
13,3262000,Szczecin,2016,12,completed,2955.0,257.0,,12,True,False
13,3262000,Szczecin,2017,1,completed,172.0,172.0,,12,True,False
13,3262000,Szczecin,2017,2,completed,328.0,156.0,,12,True,False
13,3262000,Szczecin,2017,3,completed,369.0,41.0,,12,True,False
13,3262000,Szczecin,2017,4,completed,562.0,193.0,,12,True,False
13,3262000,Szczecin,2017,5,completed,952.0,390.0,,12,True,False
13,3262000,Szczecin,2017,6,completed,1230.0,278.0,,12,True,False
13,3262000,Szczecin,2017,7,completed,1596.0,366.0,,12,True,False
13,3262000,Szczecin,2017,8,completed,1849.0,253.0,,12,True,False
13,3262000,Szczecin,2017,9,completed,1938.0,89.0,,12,True,False
13,3262000,Szczecin,2017,10,completed,2006.0,68.0,,12,True,False
13,3262000,Szczecin,2017,11,completed,2189.0,183.0,,12,True,False
13,3262000,Szczecin,2017,12,completed,2661.0,472.0,,12,True,False
13,3262000,Szczecin,2018,1,completed,205.0,205.0,,12,True,False
13,3262000,Szczecin,2018,2,completed,681.0,476.0,,12,True,False
13,3262000,Szczecin,2018,3,completed,813.0,132.0,,12,True,False
13,3262000,Szczecin,2018,4,completed,1131.0,318.0,,12,True,False
13,3262000,Szczecin,2018,5,completed,1196.0,65.0,,12,True,False
13,3262000,Szczecin,2018,6,completed,1297.0,101.0,,12,True,False
13,3262000,Szczecin,2018,7,completed,1401.0,104.0,,12,True,False
13,3262000,Szczecin,2018,8,completed,1747.0,346.0,,12,True,False
13,3262000,Szczecin,2018,9,completed,1883.0,136.0,,12,True,False
13,3262000,Szczecin,2018,10,completed,2026.0,143.0,,12,True,False
13,3262000,Szczecin,2018,11,completed,2216.0,190.0,,12,True,False
13,3262000,Szczecin,2018,12,completed,2299.0,83.0,,12,True,False
13,3262000,Szczecin,2019,1,completed,367.0,367.0,,12,True,False
13,3262000,Szczecin,2019,2,completed,806.0,439.0,,12,True,False
13,3262000,Szczecin,2019,3,completed,869.0,63.0,,12,True,False
13,3262000,Szczecin,2019,4,completed,1272.0,403.0,,12,True,False
13,3262000,Szczecin,2019,5,completed,1374.0,102.0,,12,True,False
13,3262000,Szczecin,2019,6,completed,1567.0,193.0,,12,True,False
13,3262000,Szczecin,2019,7,completed,1728.0,161.0,,12,True,False
13,3262000,Szczecin,2019,8,completed,1910.0,182.0,,12,True,False
13,3262000,Szczecin,2019,9,completed,2240.0,330.0,,12,True,False
13,3262000,Szczecin,2019,10,completed,2465.0,225.0,,12,True,False
13,3262000,Szczecin,2019,11,completed,2871.0,406.0,,12,True,False
13,3262000,Szczecin,2019,12,completed,3215.0,344.0,,12,True,False
13,3262000,Szczecin,2020,1,completed,291.0,291.0,,12,True,False
13,3262000,Szczecin,2020,2,completed,441.0,150.0,,12,True,False
13,3262000,Szczecin,2020,3,completed,550.0,109.0,,12,True,False
13,3262000,Szczecin,2020,4,completed,829.0,279.0,,12,True,False
13,3262000,Szczecin,2020,5,completed,1036.0,207.0,,12,True,False
13,3262000,Szczecin,2020,6,completed,1338.0,302.0,,12,True,False
13,3262000,Szczecin,2020,7,completed,1632.0,294.0,,12,True,False
13,3262000,Szczecin,2020,8,completed,1792.0,160.0,,12,True,False
13,3262000,Szczecin,2020,9,completed,1966.0,174.0,,12,True,False
13,3262000,Szczecin,2020,10,completed,2330.0,364.0,,12,True,False
13,3262000,Szczecin,2020,11,completed,2428.0,98.0,,12,True,False
13,3262000,Szczecin,2020,12,completed,2659.0,231.0,,12,True,False
13,3262000,Szczecin,2021,1,completed,204.0,204.0,,12,True,False
13,3262000,Szczecin,2021,2,completed,312.0,108.0,,12,True,False
13,3262000,Szczecin,2021,3,completed,617.0,305.0,,12,True,False
13,3262000,Szczecin,2021,4,completed,764.0,147.0,,12,True,False
13,3262000,Szczecin,2021,5,completed,947.0,183.0,,12,True,False
13,3262000,Szczecin,2021,6,completed,1111.0,164.0,,12,True,False
13,3262000,Szczecin,2021,7,completed,1194.0,83.0,,12,True,False
13,3262000,Szczecin,2021,8,completed,1386.0,192.0,,12,True,False
13,3262000,Szczecin,2021,9,completed,2027.0,641.0,,12,True,False
13,3262000,Szczecin,2021,10,completed,2536.0,509.0,,12,True,False
13,3262000,Szczecin,2021,11,completed,2861.0,325.0,,12,True,False
13,3262000,Szczecin,2021,12,completed,2997.0,136.0,,12,True,False
13,3262000,Szczecin,2022,1,completed,192.0,192.0,,12,True,False
13,3262000,Szczecin,2022,2,completed,721.0,529.0,,12,True,False
13,3262000,Szczecin,2022,3,completed,851.0,130.0,,12,True,False
13,3262000,Szczecin,2022,4,completed,894.0,43.0,,12,True,False
13,3262000,Szczecin,2022,5,completed,1015.0,121.0,,12,True,False
13,3262000,Szczecin,2022,6,completed,1090.0,75.0,,12,True,False
13,3262000,Szczecin,2022,7,completed,1411.0,321.0,,12,True,False
13,3262000,Szczecin,2022,8,completed,1672.0,261.0,,12,True,False
13,3262000,Szczecin,2022,9,completed,1800.0,128.0,,12,True,False
13,3262000,Szczecin,2022,10,completed,2127.0,327.0,,12,True,False
13,3262000,Szczecin,2022,11,completed,2328.0,201.0,,12,True,False
13,3262000,Szczecin,2022,12,completed,2468.0,140.0,,12,True,False
13,3262000,Szczecin,2023,1,completed,193.0,193.0,,12,True,False
13,3262000,Szczecin,2023,2,completed,364.0,171.0,,12,True,False
13,3262000,Szczecin,2023,3,completed,489.0,125.0,,12,True,False
13,3262000,Szczecin,2023,4,completed,776.0,287.0,,12,True,False
13,3262000,Szczecin,2023,5,completed,1042.0,266.0,,12,True,False
13,3262000,Szczecin,2023,6,completed,1276.0,234.0,,12,True,False
13,3262000,Szczecin,2023,7,completed,1399.0,123.0,,12,True,False
13,3262000,Szczecin,2023,8,completed,1606.0,207.0,,12,True,False
13,3262000,Szczecin,2023,9,completed,1647.0,41.0,,12,True,False
13,3262000,Szczecin,2023,10,completed,1909.0,262.0,,12,True,False
13,3262000,Szczecin,2023,11,completed,2142.0,233.0,,12,True,False
13,3262000,Szczecin,2023,12,completed,2524.0,382.0,,12,True,False
13,3262000,Szczecin,2024,1,completed,50.0,50.0,,12,True,False
13,3262000,Szczecin,2024,2,completed,426.0,376.0,,12,True,False
13,3262000,Szczecin,2024,3,completed,455.0,29.0,,12,True,False
13,3262000,Szczecin,2024,4,completed,681.0,226.0,,12,True,False
13,3262000,Szczecin,2024,5,completed,820.0,139.0,,12,True,False
13,3262000,Szczecin,2024,6,completed,1368.0,548.0,,12,True,False
13,3262000,Szczecin,2024,7,completed,1486.0,118.0,,12,True,False
13,3262000,Szczecin,2024,8,completed,1516.0,30.0,,12,True,False
13,3262000,Szczecin,2024,9,completed,1679.0,163.0,,12,True,False
13,3262000,Szczecin,2024,10,completed,1736.0,57.0,,12,True,False
13,3262000,Szczecin,2024,11,completed,1759.0,23.0,,12,True,False
13,3262000,Szczecin,2024,12,completed,2086.0,327.0,,12,True,False
13,3262000,Szczecin,2025,1,completed,30.0,30.0,,12,True,False
13,3262000,Szczecin,2025,2,completed,82.0,52.0,,12,True,False
13,3262000,Szczecin,2025,3,completed,674.0,592.0,,12,True,False
13,3262000,Szczecin,2025,4,completed,724.0,50.0,,12,True,False
13,3262000,Szczecin,2025,5,completed,771.0,47.0,,12,True,False
13,3262000,Szczecin,2025,6,completed,961.0,190.0,,12,True,False
13,3262000,Szczecin,2025,7,completed,1230.0,269.0,,12,True,False
13,3262000,Szczecin,2025,8,completed,1601.0,371.0,,12,True,False
13,3262000,Szczecin,2025,9,completed,1602.0,1.0,,12,True,False
13,3262000,Szczecin,2025,10,completed,1974.0,372.0,,12,True,False
13,3262000,Szczecin,2025,11,completed,1998.0,24.0,,12,True,False
13,3262000,Szczecin,2025,12,completed,2380.0,382.0,,12,True,False
13,3262000,Szczecin,2026,1,completed,43.0,43.0,,6,False,False
13,3262000,Szczecin,2026,2,completed,321.0,278.0,,6,False,False
13,3262000,Szczecin,2026,3,completed,335.0,14.0,,6,False,False
13,3262000,Szczecin,2026,4,completed,373.0,38.0,,6,False,False
13,3262000,Szczecin,2026,5,completed,464.0,91.0,,6,False,False
13,3262000,Szczecin,2026,6,completed,680.0,216.0,,6,False,False
14,1465000,Warszawa,2005,1,completed,1386.0,1386.0,,12,True,False
14,1465000,Warszawa,2005,2,completed,2246.0,860.0,,12,True,False
14,1465000,Warszawa,2005,3,completed,2755.0,509.0,,12,True,False
14,1465000,Warszawa,2005,4,completed,4590.0,1835.0,,12,True,False
14,1465000,Warszawa,2005,5,completed,5202.0,612.0,,12,True,False
14,1465000,Warszawa,2005,6,completed,5620.0,418.0,,12,True,False
14,1465000,Warszawa,2005,7,completed,6861.0,1241.0,,12,True,False
14,1465000,Warszawa,2005,8,completed,7980.0,1119.0,,12,True,False
14,1465000,Warszawa,2005,9,completed,9747.0,1767.0,,12,True,False
14,1465000,Warszawa,2005,10,completed,11128.0,1381.0,,12,True,False
14,1465000,Warszawa,2005,11,completed,11874.0,746.0,,12,True,False
14,1465000,Warszawa,2005,12,completed,14436.0,2562.0,,12,True,False
14,1465000,Warszawa,2006,1,completed,920.0,920.0,,12,True,False
14,1465000,Warszawa,2006,2,completed,1579.0,659.0,,12,True,False
14,1465000,Warszawa,2006,3,completed,2867.0,1288.0,,12,True,False
14,1465000,Warszawa,2006,4,completed,4172.0,1305.0,,12,True,False
14,1465000,Warszawa,2006,5,completed,4808.0,636.0,,12,True,False
14,1465000,Warszawa,2006,6,completed,5989.0,1181.0,,12,True,False
14,1465000,Warszawa,2006,7,completed,7587.0,1598.0,,12,True,False
14,1465000,Warszawa,2006,8,completed,8037.0,450.0,,12,True,False
14,1465000,Warszawa,2006,9,completed,8916.0,879.0,,12,True,False
14,1465000,Warszawa,2006,10,completed,10107.0,1191.0,,12,True,False
14,1465000,Warszawa,2006,11,completed,11901.0,1794.0,,12,True,False
14,1465000,Warszawa,2006,12,completed,13686.0,1785.0,,12,True,False
14,1465000,Warszawa,2007,1,completed,1064.0,1064.0,,12,True,False
14,1465000,Warszawa,2007,2,completed,2110.0,1046.0,,12,True,False
14,1465000,Warszawa,2007,3,completed,2856.0,746.0,,12,True,False
14,1465000,Warszawa,2007,4,completed,3551.0,695.0,,12,True,False
14,1465000,Warszawa,2007,5,completed,4071.0,520.0,,12,True,False
14,1465000,Warszawa,2007,6,completed,5037.0,966.0,,12,True,False
14,1465000,Warszawa,2007,7,completed,6873.0,1836.0,,12,True,False
14,1465000,Warszawa,2007,8,completed,7864.0,991.0,,12,True,False
14,1465000,Warszawa,2007,9,completed,9188.0,1324.0,,12,True,False
14,1465000,Warszawa,2007,10,completed,11753.0,2565.0,,12,True,False
14,1465000,Warszawa,2007,11,completed,13425.0,1672.0,,12,True,False
14,1465000,Warszawa,2007,12,completed,15729.0,2304.0,,12,True,False
14,1465000,Warszawa,2008,1,completed,1553.0,1553.0,,12,True,False
14,1465000,Warszawa,2008,2,completed,2477.0,924.0,,12,True,False
14,1465000,Warszawa,2008,3,completed,2943.0,466.0,,12,True,False
14,1465000,Warszawa,2008,4,completed,5549.0,2606.0,,12,True,False
14,1465000,Warszawa,2008,5,completed,7215.0,1666.0,,12,True,False
14,1465000,Warszawa,2008,6,completed,9047.0,1832.0,,12,True,False
14,1465000,Warszawa,2008,7,completed,11104.0,2057.0,,12,True,False
14,1465000,Warszawa,2008,8,completed,13107.0,2003.0,,12,True,False
14,1465000,Warszawa,2008,9,completed,14411.0,1304.0,,12,True,False
14,1465000,Warszawa,2008,10,completed,15582.0,1171.0,,12,True,False
14,1465000,Warszawa,2008,11,completed,16166.0,584.0,,12,True,False
14,1465000,Warszawa,2008,12,completed,19049.0,2883.0,,12,True,False
14,1465000,Warszawa,2009,1,completed,2360.0,2360.0,,12,True,False
14,1465000,Warszawa,2009,2,completed,3820.0,1460.0,,12,True,False
14,1465000,Warszawa,2009,3,completed,5150.0,1330.0,,12,True,False
14,1465000,Warszawa,2009,4,completed,7579.0,2429.0,,12,True,False
14,1465000,Warszawa,2009,5,completed,9034.0,1455.0,,12,True,False
14,1465000,Warszawa,2009,6,completed,10052.0,1018.0,,12,True,False
14,1465000,Warszawa,2009,7,completed,12662.0,2610.0,,12,True,False
14,1465000,Warszawa,2009,8,completed,13831.0,1169.0,,12,True,False
14,1465000,Warszawa,2009,9,completed,15115.0,1284.0,,12,True,False
14,1465000,Warszawa,2009,10,completed,17431.0,2316.0,,12,True,False
14,1465000,Warszawa,2009,11,completed,18404.0,973.0,,12,True,False
14,1465000,Warszawa,2009,12,completed,19482.0,1078.0,,12,True,False
14,1465000,Warszawa,2010,1,completed,729.0,729.0,,12,True,False
14,1465000,Warszawa,2010,2,completed,1711.0,982.0,,12,True,False
14,1465000,Warszawa,2010,3,completed,2666.0,955.0,,12,True,False
14,1465000,Warszawa,2010,4,completed,3720.0,1054.0,,12,True,False
14,1465000,Warszawa,2010,5,completed,4979.0,1259.0,,12,True,False
14,1465000,Warszawa,2010,6,completed,5631.0,652.0,,12,True,False
14,1465000,Warszawa,2010,7,completed,7006.0,1375.0,,12,True,False
14,1465000,Warszawa,2010,8,completed,7585.0,579.0,,12,True,False
14,1465000,Warszawa,2010,9,completed,9900.0,2315.0,,12,True,False
14,1465000,Warszawa,2010,10,completed,11323.0,1423.0,,12,True,False
14,1465000,Warszawa,2010,11,completed,12070.0,747.0,,12,True,False
14,1465000,Warszawa,2010,12,completed,12462.0,392.0,,12,True,False
14,1465000,Warszawa,2011,1,completed,531.0,531.0,,12,True,False
14,1465000,Warszawa,2011,2,completed,705.0,174.0,,12,True,False
14,1465000,Warszawa,2011,3,completed,1089.0,384.0,,12,True,False
14,1465000,Warszawa,2011,4,completed,1372.0,283.0,,12,True,False
14,1465000,Warszawa,2011,5,completed,2260.0,888.0,,12,True,False
14,1465000,Warszawa,2011,6,completed,3008.0,748.0,,12,True,False
14,1465000,Warszawa,2011,7,completed,3834.0,826.0,,12,True,False
14,1465000,Warszawa,2011,8,completed,4648.0,814.0,,12,True,False
14,1465000,Warszawa,2011,9,completed,5341.0,693.0,,12,True,False
14,1465000,Warszawa,2011,10,completed,7543.0,2202.0,,12,True,False
14,1465000,Warszawa,2011,11,completed,8321.0,778.0,,12,True,False
14,1465000,Warszawa,2011,12,completed,9356.0,1035.0,,12,True,False
14,1465000,Warszawa,2012,1,completed,747.0,747.0,,12,True,False
14,1465000,Warszawa,2012,2,completed,1569.0,822.0,,12,True,False
14,1465000,Warszawa,2012,3,completed,2888.0,1319.0,,12,True,False
14,1465000,Warszawa,2012,4,completed,3959.0,1071.0,,12,True,False
14,1465000,Warszawa,2012,5,completed,4790.0,831.0,,12,True,False
14,1465000,Warszawa,2012,6,completed,6043.0,1253.0,,12,True,False
14,1465000,Warszawa,2012,7,completed,7182.0,1139.0,,12,True,False
14,1465000,Warszawa,2012,8,completed,8509.0,1327.0,,12,True,False
14,1465000,Warszawa,2012,9,completed,9804.0,1295.0,,12,True,False
14,1465000,Warszawa,2012,10,completed,11413.0,1609.0,,12,True,False
14,1465000,Warszawa,2012,11,completed,12758.0,1345.0,,12,True,False
14,1465000,Warszawa,2012,12,completed,13496.0,738.0,,12,True,False
14,1465000,Warszawa,2013,1,completed,1275.0,1275.0,,12,True,False
14,1465000,Warszawa,2013,2,completed,1984.0,709.0,,12,True,False
14,1465000,Warszawa,2013,3,completed,3813.0,1829.0,,12,True,False
14,1465000,Warszawa,2013,4,completed,4332.0,519.0,,12,True,False
14,1465000,Warszawa,2013,5,completed,4639.0,307.0,,12,True,False
14,1465000,Warszawa,2013,6,completed,5525.0,886.0,,12,True,False
14,1465000,Warszawa,2013,7,completed,6841.0,1316.0,,12,True,False
14,1465000,Warszawa,2013,8,completed,7689.0,848.0,,12,True,False
14,1465000,Warszawa,2013,9,completed,8541.0,852.0,,12,True,False
14,1465000,Warszawa,2013,10,completed,10548.0,2007.0,,12,True,False
14,1465000,Warszawa,2013,11,completed,11348.0,800.0,,12,True,False
14,1465000,Warszawa,2013,12,completed,13128.0,1780.0,,12,True,False
14,1465000,Warszawa,2014,1,completed,1368.0,1368.0,,12,True,False
14,1465000,Warszawa,2014,2,completed,2598.0,1230.0,,12,True,False
14,1465000,Warszawa,2014,3,completed,3014.0,416.0,,12,True,False
14,1465000,Warszawa,2014,4,completed,4667.0,1653.0,,12,True,False
14,1465000,Warszawa,2014,5,completed,5840.0,1173.0,,12,True,False
14,1465000,Warszawa,2014,6,completed,6971.0,1131.0,,12,True,False
14,1465000,Warszawa,2014,7,completed,8378.0,1407.0,,12,True,False
14,1465000,Warszawa,2014,8,completed,8873.0,495.0,,12,True,False
14,1465000,Warszawa,2014,9,completed,10542.0,1669.0,,12,True,False
14,1465000,Warszawa,2014,10,completed,12598.0,2056.0,,12,True,False
14,1465000,Warszawa,2014,11,completed,13492.0,894.0,,12,True,False
14,1465000,Warszawa,2014,12,completed,14964.0,1472.0,,12,True,False
14,1465000,Warszawa,2015,1,completed,1290.0,1290.0,,12,True,False
14,1465000,Warszawa,2015,2,completed,1765.0,475.0,,12,True,False
14,1465000,Warszawa,2015,3,completed,2576.0,811.0,,12,True,False
14,1465000,Warszawa,2015,4,completed,3611.0,1035.0,,12,True,False
14,1465000,Warszawa,2015,5,completed,4476.0,865.0,,12,True,False
14,1465000,Warszawa,2015,6,completed,5717.0,1241.0,,12,True,False
14,1465000,Warszawa,2015,7,completed,6682.0,965.0,,12,True,False
14,1465000,Warszawa,2015,8,completed,7387.0,705.0,,12,True,False
14,1465000,Warszawa,2015,9,completed,9557.0,2170.0,,12,True,False
14,1465000,Warszawa,2015,10,completed,10775.0,1218.0,,12,True,False
14,1465000,Warszawa,2015,11,completed,12199.0,1424.0,,12,True,False
14,1465000,Warszawa,2015,12,completed,13306.0,1107.0,,12,True,False
14,1465000,Warszawa,2016,1,completed,1708.0,1708.0,,12,True,False
14,1465000,Warszawa,2016,2,completed,2867.0,1159.0,,12,True,False
14,1465000,Warszawa,2016,3,completed,4880.0,2013.0,,12,True,False
14,1465000,Warszawa,2016,4,completed,7131.0,2251.0,,12,True,False
14,1465000,Warszawa,2016,5,completed,8649.0,1518.0,,12,True,False
14,1465000,Warszawa,2016,6,completed,9702.0,1053.0,,12,True,False
14,1465000,Warszawa,2016,7,completed,11538.0,1836.0,,12,True,False
14,1465000,Warszawa,2016,8,completed,13298.0,1760.0,,12,True,False
14,1465000,Warszawa,2016,9,completed,14753.0,1455.0,,12,True,False
14,1465000,Warszawa,2016,10,completed,17801.0,3048.0,,12,True,False
14,1465000,Warszawa,2016,11,completed,19242.0,1441.0,,12,True,False
14,1465000,Warszawa,2016,12,completed,20119.0,877.0,,12,True,False
14,1465000,Warszawa,2017,1,completed,2172.0,2172.0,,12,True,False
14,1465000,Warszawa,2017,2,completed,2958.0,786.0,,12,True,False
14,1465000,Warszawa,2017,3,completed,4086.0,1128.0,,12,True,False
14,1465000,Warszawa,2017,4,completed,4776.0,690.0,,12,True,False
14,1465000,Warszawa,2017,5,completed,6700.0,1924.0,,12,True,False
14,1465000,Warszawa,2017,6,completed,7692.0,992.0,,12,True,False
14,1465000,Warszawa,2017,7,completed,8963.0,1271.0,,12,True,False
14,1465000,Warszawa,2017,8,completed,10849.0,1886.0,,12,True,False
14,1465000,Warszawa,2017,9,completed,12514.0,1665.0,,12,True,False
14,1465000,Warszawa,2017,10,completed,16004.0,3490.0,,12,True,False
14,1465000,Warszawa,2017,11,completed,18632.0,2628.0,,12,True,False
14,1465000,Warszawa,2017,12,completed,20331.0,1699.0,,12,True,False
14,1465000,Warszawa,2018,1,completed,2195.0,2195.0,,12,True,False
14,1465000,Warszawa,2018,2,completed,3513.0,1318.0,,12,True,False
14,1465000,Warszawa,2018,3,completed,5622.0,2109.0,,12,True,False
14,1465000,Warszawa,2018,4,completed,6855.0,1233.0,,12,True,False
14,1465000,Warszawa,2018,5,completed,8161.0,1306.0,,12,True,False
14,1465000,Warszawa,2018,6,completed,9952.0,1791.0,,12,True,False
14,1465000,Warszawa,2018,7,completed,12804.0,2852.0,,12,True,False
14,1465000,Warszawa,2018,8,completed,15508.0,2704.0,,12,True,False
14,1465000,Warszawa,2018,9,completed,16806.0,1298.0,,12,True,False
14,1465000,Warszawa,2018,10,completed,18539.0,1733.0,,12,True,False
14,1465000,Warszawa,2018,11,completed,20017.0,1478.0,,12,True,False
14,1465000,Warszawa,2018,12,completed,23430.0,3413.0,,12,True,False
14,1465000,Warszawa,2019,1,completed,1630.0,1630.0,,12,True,False
14,1465000,Warszawa,2019,2,completed,3577.0,1947.0,,12,True,False
14,1465000,Warszawa,2019,3,completed,4805.0,1228.0,,12,True,False
14,1465000,Warszawa,2019,4,completed,6399.0,1594.0,,12,True,False
14,1465000,Warszawa,2019,5,completed,8058.0,1659.0,,12,True,False
14,1465000,Warszawa,2019,6,completed,9414.0,1356.0,,12,True,False
14,1465000,Warszawa,2019,7,completed,11122.0,1708.0,,12,True,False
14,1465000,Warszawa,2019,8,completed,13382.0,2260.0,,12,True,False
14,1465000,Warszawa,2019,9,completed,15164.0,1782.0,,12,True,False
14,1465000,Warszawa,2019,10,completed,17220.0,2056.0,,12,True,False
14,1465000,Warszawa,2019,11,completed,19969.0,2749.0,,12,True,False
14,1465000,Warszawa,2019,12,completed,21599.0,1630.0,,12,True,False
14,1465000,Warszawa,2020,1,completed,954.0,954.0,,12,True,False
14,1465000,Warszawa,2020,2,completed,2609.0,1655.0,,12,True,False
14,1465000,Warszawa,2020,3,completed,4078.0,1469.0,,12,True,False
14,1465000,Warszawa,2020,4,completed,5667.0,1589.0,,12,True,False
14,1465000,Warszawa,2020,5,completed,7128.0,1461.0,,12,True,False
14,1465000,Warszawa,2020,6,completed,8956.0,1828.0,,12,True,False
14,1465000,Warszawa,2020,7,completed,12284.0,3328.0,,12,True,False
14,1465000,Warszawa,2020,8,completed,13617.0,1333.0,,12,True,False
14,1465000,Warszawa,2020,9,completed,16893.0,3276.0,,12,True,False
14,1465000,Warszawa,2020,10,completed,18785.0,1892.0,,12,True,False
14,1465000,Warszawa,2020,11,completed,20977.0,2192.0,,12,True,False
14,1465000,Warszawa,2020,12,completed,23543.0,2566.0,,12,True,False
14,1465000,Warszawa,2021,1,completed,1901.0,1901.0,,12,True,False
14,1465000,Warszawa,2021,2,completed,3341.0,1440.0,,12,True,False
14,1465000,Warszawa,2021,3,completed,4271.0,930.0,,12,True,False
14,1465000,Warszawa,2021,4,completed,5583.0,1312.0,,12,True,False
14,1465000,Warszawa,2021,5,completed,6604.0,1021.0,,12,True,False
14,1465000,Warszawa,2021,6,completed,7624.0,1020.0,,12,True,False
14,1465000,Warszawa,2021,7,completed,8922.0,1298.0,,12,True,False
14,1465000,Warszawa,2021,8,completed,10391.0,1469.0,,12,True,False
14,1465000,Warszawa,2021,9,completed,12573.0,2182.0,,12,True,False
14,1465000,Warszawa,2021,10,completed,13683.0,1110.0,,12,True,False
14,1465000,Warszawa,2021,11,completed,16492.0,2809.0,,12,True,False
14,1465000,Warszawa,2021,12,completed,18528.0,2036.0,,12,True,False
14,1465000,Warszawa,2022,1,completed,724.0,724.0,,12,True,False
14,1465000,Warszawa,2022,2,completed,1415.0,691.0,,12,True,False
14,1465000,Warszawa,2022,3,completed,2387.0,972.0,,12,True,False
14,1465000,Warszawa,2022,4,completed,4119.0,1732.0,,12,True,False
14,1465000,Warszawa,2022,5,completed,4946.0,827.0,,12,True,False
14,1465000,Warszawa,2022,6,completed,5284.0,338.0,,12,True,False
14,1465000,Warszawa,2022,7,completed,7097.0,1813.0,,12,True,False
14,1465000,Warszawa,2022,8,completed,8453.0,1356.0,,12,True,False
14,1465000,Warszawa,2022,9,completed,9937.0,1484.0,,12,True,False
14,1465000,Warszawa,2022,10,completed,11356.0,1419.0,,12,True,False
14,1465000,Warszawa,2022,11,completed,13081.0,1725.0,,12,True,False
14,1465000,Warszawa,2022,12,completed,15465.0,2384.0,,12,True,False
14,1465000,Warszawa,2023,1,completed,1003.0,1003.0,,12,True,False
14,1465000,Warszawa,2023,2,completed,2417.0,1414.0,,12,True,False
14,1465000,Warszawa,2023,3,completed,4236.0,1819.0,,12,True,False
14,1465000,Warszawa,2023,4,completed,4874.0,638.0,,12,True,False
14,1465000,Warszawa,2023,5,completed,5674.0,800.0,,12,True,False
14,1465000,Warszawa,2023,6,completed,8107.0,2433.0,,12,True,False
14,1465000,Warszawa,2023,7,completed,8780.0,673.0,,12,True,False
14,1465000,Warszawa,2023,8,completed,10116.0,1336.0,,12,True,False
14,1465000,Warszawa,2023,9,completed,10845.0,729.0,,12,True,False
14,1465000,Warszawa,2023,10,completed,12504.0,1659.0,,12,True,False
14,1465000,Warszawa,2023,11,completed,14214.0,1710.0,,12,True,False
14,1465000,Warszawa,2023,12,completed,16092.0,1878.0,,12,True,False
14,1465000,Warszawa,2024,1,completed,319.0,319.0,,12,True,False
14,1465000,Warszawa,2024,2,completed,1971.0,1652.0,,12,True,False
14,1465000,Warszawa,2024,3,completed,3505.0,1534.0,,12,True,False
14,1465000,Warszawa,2024,4,completed,4261.0,756.0,,12,True,False
14,1465000,Warszawa,2024,5,completed,5448.0,1187.0,,12,True,False
14,1465000,Warszawa,2024,6,completed,6211.0,763.0,,12,True,False
14,1465000,Warszawa,2024,7,completed,8110.0,1899.0,,12,True,False
14,1465000,Warszawa,2024,8,completed,8956.0,846.0,,12,True,False
14,1465000,Warszawa,2024,9,completed,9919.0,963.0,,12,True,False
14,1465000,Warszawa,2024,10,completed,10904.0,985.0,,12,True,False
14,1465000,Warszawa,2024,11,completed,12425.0,1521.0,,12,True,False
14,1465000,Warszawa,2024,12,completed,14873.0,2448.0,,12,True,False
14,1465000,Warszawa,2025,1,completed,1234.0,1234.0,,12,True,False
14,1465000,Warszawa,2025,2,completed,2879.0,1645.0,,12,True,False
14,1465000,Warszawa,2025,3,completed,4215.0,1336.0,,12,True,False
14,1465000,Warszawa,2025,4,completed,5311.0,1096.0,,12,True,False
14,1465000,Warszawa,2025,5,completed,6863.0,1552.0,,12,True,False
14,1465000,Warszawa,2025,6,completed,8300.0,1437.0,,12,True,False
14,1465000,Warszawa,2025,7,completed,9570.0,1270.0,,12,True,False
14,1465000,Warszawa,2025,8,completed,11243.0,1673.0,,12,True,False
14,1465000,Warszawa,2025,9,completed,12954.0,1711.0,,12,True,False
14,1465000,Warszawa,2025,10,completed,15102.0,2148.0,,12,True,False
14,1465000,Warszawa,2025,11,completed,16834.0,1732.0,,12,True,False
14,1465000,Warszawa,2025,12,completed,19844.0,3010.0,,12,True,False
14,1465000,Warszawa,2026,1,completed,881.0,881.0,,6,False,False
14,1465000,Warszawa,2026,2,completed,1749.0,868.0,,6,False,False
14,1465000,Warszawa,2026,3,completed,2602.0,853.0,,6,False,False
14,1465000,Warszawa,2026,4,completed,3777.0,1175.0,,6,False,False
14,1465000,Warszawa,2026,5,completed,5020.0,1243.0,,6,False,False
14,1465000,Warszawa,2026,6,completed,6867.0,1847.0,,6,False,False
15,0264000,Wrocław,2005,1,completed,139.0,139.0,,12,True,False
15,0264000,Wrocław,2005,2,completed,345.0,206.0,,12,True,False
15,0264000,Wrocław,2005,3,completed,633.0,288.0,,12,True,False
15,0264000,Wrocław,2005,4,completed,768.0,135.0,,12,True,False
15,0264000,Wrocław,2005,5,completed,820.0,52.0,,12,True,False
15,0264000,Wrocław,2005,6,completed,899.0,79.0,,12,True,False
15,0264000,Wrocław,2005,7,completed,959.0,60.0,,12,True,False
15,0264000,Wrocław,2005,8,completed,980.0,21.0,,12,True,False
15,0264000,Wrocław,2005,9,completed,1329.0,349.0,,12,True,False
15,0264000,Wrocław,2005,10,completed,1557.0,228.0,,12,True,False
15,0264000,Wrocław,2005,11,completed,1744.0,187.0,,12,True,False
15,0264000,Wrocław,2005,12,completed,1979.0,235.0,,12,True,False
15,0264000,Wrocław,2006,1,completed,63.0,63.0,,12,True,False
15,0264000,Wrocław,2006,2,completed,450.0,387.0,,12,True,False
15,0264000,Wrocław,2006,3,completed,862.0,412.0,,12,True,False
15,0264000,Wrocław,2006,4,completed,1163.0,301.0,,12,True,False
15,0264000,Wrocław,2006,5,completed,1538.0,375.0,,12,True,False
15,0264000,Wrocław,2006,6,completed,1756.0,218.0,,12,True,False
15,0264000,Wrocław,2006,7,completed,2201.0,445.0,,12,True,False
15,0264000,Wrocław,2006,8,completed,2592.0,391.0,,12,True,False
15,0264000,Wrocław,2006,9,completed,2806.0,214.0,,12,True,False
15,0264000,Wrocław,2006,10,completed,3253.0,447.0,,12,True,False
15,0264000,Wrocław,2006,11,completed,3614.0,361.0,,12,True,False
15,0264000,Wrocław,2006,12,completed,4379.0,765.0,,12,True,False
15,0264000,Wrocław,2007,1,completed,46.0,46.0,,12,True,False
15,0264000,Wrocław,2007,2,completed,131.0,85.0,,12,True,False
15,0264000,Wrocław,2007,3,completed,225.0,94.0,,12,True,False
15,0264000,Wrocław,2007,4,completed,437.0,212.0,,12,True,False
15,0264000,Wrocław,2007,5,completed,557.0,120.0,,12,True,False
15,0264000,Wrocław,2007,6,completed,858.0,301.0,,12,True,False
15,0264000,Wrocław,2007,7,completed,1169.0,311.0,,12,True,False
15,0264000,Wrocław,2007,8,completed,1593.0,424.0,,12,True,False
15,0264000,Wrocław,2007,9,completed,2152.0,559.0,,12,True,False
15,0264000,Wrocław,2007,10,completed,2502.0,350.0,,12,True,False
15,0264000,Wrocław,2007,11,completed,2941.0,439.0,,12,True,False
15,0264000,Wrocław,2007,12,completed,3327.0,386.0,,12,True,False
15,0264000,Wrocław,2008,1,completed,760.0,760.0,,12,True,False
15,0264000,Wrocław,2008,2,completed,1063.0,303.0,,12,True,False
15,0264000,Wrocław,2008,3,completed,1707.0,644.0,,12,True,False
15,0264000,Wrocław,2008,4,completed,2005.0,298.0,,12,True,False
15,0264000,Wrocław,2008,5,completed,2151.0,146.0,,12,True,False
15,0264000,Wrocław,2008,6,completed,2264.0,113.0,,12,True,False
15,0264000,Wrocław,2008,7,completed,3065.0,801.0,,12,True,False
15,0264000,Wrocław,2008,8,completed,3493.0,428.0,,12,True,False
15,0264000,Wrocław,2008,9,completed,3691.0,198.0,,12,True,False
15,0264000,Wrocław,2008,10,completed,4303.0,612.0,,12,True,False
15,0264000,Wrocław,2008,11,completed,4371.0,68.0,,12,True,False
15,0264000,Wrocław,2008,12,completed,5287.0,916.0,,12,True,False
15,0264000,Wrocław,2009,1,completed,647.0,647.0,,12,True,False
15,0264000,Wrocław,2009,2,completed,1031.0,384.0,,12,True,False
15,0264000,Wrocław,2009,3,completed,2404.0,1373.0,,12,True,False
15,0264000,Wrocław,2009,4,completed,2986.0,582.0,,12,True,False
15,0264000,Wrocław,2009,5,completed,3318.0,332.0,,12,True,False
15,0264000,Wrocław,2009,6,completed,4105.0,787.0,,12,True,False
15,0264000,Wrocław,2009,7,completed,4396.0,291.0,,12,True,False
15,0264000,Wrocław,2009,8,completed,4625.0,229.0,,12,True,False
15,0264000,Wrocław,2009,9,completed,4793.0,168.0,,12,True,False
15,0264000,Wrocław,2009,10,completed,4960.0,167.0,,12,True,False
15,0264000,Wrocław,2009,11,completed,5327.0,367.0,,12,True,False
15,0264000,Wrocław,2009,12,completed,5889.0,562.0,,12,True,False
15,0264000,Wrocław,2010,1,completed,527.0,527.0,,12,True,False
15,0264000,Wrocław,2010,2,completed,634.0,107.0,,12,True,False
15,0264000,Wrocław,2010,3,completed,1180.0,546.0,,12,True,False
15,0264000,Wrocław,2010,4,completed,1585.0,405.0,,12,True,False
15,0264000,Wrocław,2010,5,completed,1954.0,369.0,,12,True,False
15,0264000,Wrocław,2010,6,completed,2454.0,500.0,,12,True,False
15,0264000,Wrocław,2010,7,completed,2936.0,482.0,,12,True,False
15,0264000,Wrocław,2010,8,completed,3103.0,167.0,,12,True,False
15,0264000,Wrocław,2010,9,completed,4039.0,936.0,,12,True,False
15,0264000,Wrocław,2010,10,completed,4068.0,29.0,,12,True,False
15,0264000,Wrocław,2010,11,completed,4475.0,407.0,,12,True,False
15,0264000,Wrocław,2010,12,completed,4666.0,191.0,,12,True,False
15,0264000,Wrocław,2011,1,completed,221.0,221.0,,12,True,False
15,0264000,Wrocław,2011,2,completed,429.0,208.0,,12,True,False
15,0264000,Wrocław,2011,3,completed,527.0,98.0,,12,True,False
15,0264000,Wrocław,2011,4,completed,1237.0,710.0,,12,True,False
15,0264000,Wrocław,2011,5,completed,1330.0,93.0,,12,True,False
15,0264000,Wrocław,2011,6,completed,1676.0,346.0,,12,True,False
15,0264000,Wrocław,2011,7,completed,1991.0,315.0,,12,True,False
15,0264000,Wrocław,2011,8,completed,2256.0,265.0,,12,True,False
15,0264000,Wrocław,2011,9,completed,2466.0,210.0,,12,True,False
15,0264000,Wrocław,2011,10,completed,3053.0,587.0,,12,True,False
15,0264000,Wrocław,2011,11,completed,3283.0,230.0,,12,True,False
15,0264000,Wrocław,2011,12,completed,3752.0,469.0,,12,True,False
15,0264000,Wrocław,2012,1,completed,630.0,630.0,,12,True,False
15,0264000,Wrocław,2012,2,completed,1070.0,440.0,,12,True,False
15,0264000,Wrocław,2012,3,completed,1896.0,826.0,,12,True,False
15,0264000,Wrocław,2012,4,completed,2295.0,399.0,,12,True,False
15,0264000,Wrocław,2012,5,completed,2979.0,684.0,,12,True,False
15,0264000,Wrocław,2012,6,completed,3428.0,449.0,,12,True,False
15,0264000,Wrocław,2012,7,completed,3574.0,146.0,,12,True,False
15,0264000,Wrocław,2012,8,completed,4018.0,444.0,,12,True,False
15,0264000,Wrocław,2012,9,completed,4638.0,620.0,,12,True,False
15,0264000,Wrocław,2012,10,completed,5523.0,885.0,,12,True,False
15,0264000,Wrocław,2012,11,completed,6195.0,672.0,,12,True,False
15,0264000,Wrocław,2012,12,completed,6676.0,481.0,,12,True,False
15,0264000,Wrocław,2013,1,completed,922.0,922.0,,12,True,False
15,0264000,Wrocław,2013,2,completed,1360.0,438.0,,12,True,False
15,0264000,Wrocław,2013,3,completed,1761.0,401.0,,12,True,False
15,0264000,Wrocław,2013,4,completed,2597.0,836.0,,12,True,False
15,0264000,Wrocław,2013,5,completed,3237.0,640.0,,12,True,False
15,0264000,Wrocław,2013,6,completed,4080.0,843.0,,12,True,False
15,0264000,Wrocław,2013,7,completed,4737.0,657.0,,12,True,False
15,0264000,Wrocław,2013,8,completed,5104.0,367.0,,12,True,False
15,0264000,Wrocław,2013,9,completed,5981.0,877.0,,12,True,False
15,0264000,Wrocław,2013,10,completed,6614.0,633.0,,12,True,False
15,0264000,Wrocław,2013,11,completed,7254.0,640.0,,12,True,False
15,0264000,Wrocław,2013,12,completed,7839.0,585.0,,12,True,False
15,0264000,Wrocław,2014,1,completed,525.0,525.0,,12,True,False
15,0264000,Wrocław,2014,2,completed,1312.0,787.0,,12,True,False
15,0264000,Wrocław,2014,3,completed,1906.0,594.0,,12,True,False
15,0264000,Wrocław,2014,4,completed,2284.0,378.0,,12,True,False
15,0264000,Wrocław,2014,5,completed,2508.0,224.0,,12,True,False
15,0264000,Wrocław,2014,6,completed,2833.0,325.0,,12,True,False
15,0264000,Wrocław,2014,7,completed,3306.0,473.0,,12,True,False
15,0264000,Wrocław,2014,8,completed,3379.0,73.0,,12,True,False
15,0264000,Wrocław,2014,9,completed,3857.0,478.0,,12,True,False
15,0264000,Wrocław,2014,10,completed,4590.0,733.0,,12,True,False
15,0264000,Wrocław,2014,11,completed,5398.0,808.0,,12,True,False
15,0264000,Wrocław,2014,12,completed,5935.0,537.0,,12,True,False
15,0264000,Wrocław,2015,1,completed,269.0,269.0,,12,True,False
15,0264000,Wrocław,2015,2,completed,508.0,239.0,,12,True,False
15,0264000,Wrocław,2015,3,completed,805.0,297.0,,12,True,False
15,0264000,Wrocław,2015,4,completed,1160.0,355.0,,12,True,False
15,0264000,Wrocław,2015,5,completed,1609.0,449.0,,12,True,False
15,0264000,Wrocław,2015,6,completed,2477.0,868.0,,12,True,False
15,0264000,Wrocław,2015,7,completed,3291.0,814.0,,12,True,False
15,0264000,Wrocław,2015,8,completed,3459.0,168.0,,12,True,False
15,0264000,Wrocław,2015,9,completed,4034.0,575.0,,12,True,False
15,0264000,Wrocław,2015,10,completed,5156.0,1122.0,,12,True,False
15,0264000,Wrocław,2015,11,completed,5661.0,505.0,,12,True,False
15,0264000,Wrocław,2015,12,completed,6671.0,1010.0,,12,True,False
15,0264000,Wrocław,2016,1,completed,1095.0,1095.0,,12,True,False
15,0264000,Wrocław,2016,2,completed,1982.0,887.0,,12,True,False
15,0264000,Wrocław,2016,3,completed,2669.0,687.0,,12,True,False
15,0264000,Wrocław,2016,4,completed,3302.0,633.0,,12,True,False
15,0264000,Wrocław,2016,5,completed,3866.0,564.0,,12,True,False
15,0264000,Wrocław,2016,6,completed,4648.0,782.0,,12,True,False
15,0264000,Wrocław,2016,7,completed,5152.0,504.0,,12,True,False
15,0264000,Wrocław,2016,8,completed,5519.0,367.0,,12,True,False
15,0264000,Wrocław,2016,9,completed,6015.0,496.0,,12,True,False
15,0264000,Wrocław,2016,10,completed,6614.0,599.0,,12,True,False
15,0264000,Wrocław,2016,11,completed,7708.0,1094.0,,12,True,False
15,0264000,Wrocław,2016,12,completed,8475.0,767.0,,12,True,False
15,0264000,Wrocław,2017,1,completed,477.0,477.0,,12,True,False
15,0264000,Wrocław,2017,2,completed,751.0,274.0,,12,True,False
15,0264000,Wrocław,2017,3,completed,1459.0,708.0,,12,True,False
15,0264000,Wrocław,2017,4,completed,1933.0,474.0,,12,True,False
15,0264000,Wrocław,2017,5,completed,2871.0,938.0,,12,True,False
15,0264000,Wrocław,2017,6,completed,3381.0,510.0,,12,True,False
15,0264000,Wrocław,2017,7,completed,4391.0,1010.0,,12,True,False
15,0264000,Wrocław,2017,8,completed,5257.0,866.0,,12,True,False
15,0264000,Wrocław,2017,9,completed,6297.0,1040.0,,12,True,False
15,0264000,Wrocław,2017,10,completed,7323.0,1026.0,,12,True,False
15,0264000,Wrocław,2017,11,completed,8161.0,838.0,,12,True,False
15,0264000,Wrocław,2017,12,completed,8844.0,683.0,,12,True,False
15,0264000,Wrocław,2018,1,completed,533.0,533.0,,12,True,False
15,0264000,Wrocław,2018,2,completed,1411.0,878.0,,12,True,False
15,0264000,Wrocław,2018,3,completed,2230.0,819.0,,12,True,False
15,0264000,Wrocław,2018,4,completed,3188.0,958.0,,12,True,False
15,0264000,Wrocław,2018,5,completed,3805.0,617.0,,12,True,False
15,0264000,Wrocław,2018,6,completed,4293.0,488.0,,12,True,False
15,0264000,Wrocław,2018,7,completed,4978.0,685.0,,12,True,False
15,0264000,Wrocław,2018,8,completed,6196.0,1218.0,,12,True,False
15,0264000,Wrocław,2018,9,completed,7072.0,876.0,,12,True,False
15,0264000,Wrocław,2018,10,completed,7994.0,922.0,,12,True,False
15,0264000,Wrocław,2018,11,completed,8935.0,941.0,,12,True,False
15,0264000,Wrocław,2018,12,completed,9444.0,509.0,,12,True,False
15,0264000,Wrocław,2019,1,completed,351.0,351.0,,12,True,False
15,0264000,Wrocław,2019,2,completed,1459.0,1108.0,,12,True,False
15,0264000,Wrocław,2019,3,completed,2787.0,1328.0,,12,True,False
15,0264000,Wrocław,2019,4,completed,3480.0,693.0,,12,True,False
15,0264000,Wrocław,2019,5,completed,3948.0,468.0,,12,True,False
15,0264000,Wrocław,2019,6,completed,4416.0,468.0,,12,True,False
15,0264000,Wrocław,2019,7,completed,4993.0,577.0,,12,True,False
15,0264000,Wrocław,2019,8,completed,6078.0,1085.0,,12,True,False
15,0264000,Wrocław,2019,9,completed,7526.0,1448.0,,12,True,False
15,0264000,Wrocław,2019,10,completed,9132.0,1606.0,,12,True,False
15,0264000,Wrocław,2019,11,completed,10136.0,1004.0,,12,True,False
15,0264000,Wrocław,2019,12,completed,11400.0,1264.0,,12,True,False
15,0264000,Wrocław,2020,1,completed,769.0,769.0,,12,True,False
15,0264000,Wrocław,2020,2,completed,1497.0,728.0,,12,True,False
15,0264000,Wrocław,2020,3,completed,2182.0,685.0,,12,True,False
15,0264000,Wrocław,2020,4,completed,3330.0,1148.0,,12,True,False
15,0264000,Wrocław,2020,5,completed,4374.0,1044.0,,12,True,False
15,0264000,Wrocław,2020,6,completed,5170.0,796.0,,12,True,False
15,0264000,Wrocław,2020,7,completed,7070.0,1900.0,,12,True,False
15,0264000,Wrocław,2020,8,completed,7712.0,642.0,,12,True,False
15,0264000,Wrocław,2020,9,completed,7973.0,261.0,,12,True,False
15,0264000,Wrocław,2020,10,completed,8770.0,797.0,,12,True,False
15,0264000,Wrocław,2020,11,completed,10117.0,1347.0,,12,True,False
15,0264000,Wrocław,2020,12,completed,11010.0,893.0,,12,True,False
15,0264000,Wrocław,2021,1,completed,566.0,566.0,,12,True,False
15,0264000,Wrocław,2021,2,completed,1633.0,1067.0,,12,True,False
15,0264000,Wrocław,2021,3,completed,2158.0,525.0,,12,True,False
15,0264000,Wrocław,2021,4,completed,3420.0,1262.0,,12,True,False
15,0264000,Wrocław,2021,5,completed,4365.0,945.0,,12,True,False
15,0264000,Wrocław,2021,6,completed,5456.0,1091.0,,12,True,False
15,0264000,Wrocław,2021,7,completed,6714.0,1258.0,,12,True,False
15,0264000,Wrocław,2021,8,completed,8361.0,1647.0,,12,True,False
15,0264000,Wrocław,2021,9,completed,8598.0,237.0,,12,True,False
15,0264000,Wrocław,2021,10,completed,9589.0,991.0,,12,True,False
15,0264000,Wrocław,2021,11,completed,10369.0,780.0,,12,True,False
15,0264000,Wrocław,2021,12,completed,11012.0,643.0,,12,True,False
15,0264000,Wrocław,2022,1,completed,271.0,271.0,,12,True,False
15,0264000,Wrocław,2022,2,completed,664.0,393.0,,12,True,False
15,0264000,Wrocław,2022,3,completed,1179.0,515.0,,12,True,False
15,0264000,Wrocław,2022,4,completed,1516.0,337.0,,12,True,False
15,0264000,Wrocław,2022,5,completed,2754.0,1238.0,,12,True,False
15,0264000,Wrocław,2022,6,completed,2896.0,142.0,,12,True,False
15,0264000,Wrocław,2022,7,completed,3243.0,347.0,,12,True,False
15,0264000,Wrocław,2022,8,completed,4332.0,1089.0,,12,True,False
15,0264000,Wrocław,2022,9,completed,5327.0,995.0,,12,True,False
15,0264000,Wrocław,2022,10,completed,6706.0,1379.0,,12,True,False
15,0264000,Wrocław,2022,11,completed,8392.0,1686.0,,12,True,False
15,0264000,Wrocław,2022,12,completed,9039.0,647.0,,12,True,False
15,0264000,Wrocław,2023,1,completed,191.0,191.0,,12,True,False
15,0264000,Wrocław,2023,2,completed,638.0,447.0,,12,True,False
15,0264000,Wrocław,2023,3,completed,1000.0,362.0,,12,True,False
15,0264000,Wrocław,2023,4,completed,1503.0,503.0,,12,True,False
15,0264000,Wrocław,2023,5,completed,2761.0,1258.0,,12,True,False
15,0264000,Wrocław,2023,6,completed,3257.0,496.0,,12,True,False
15,0264000,Wrocław,2023,7,completed,4411.0,1154.0,,12,True,False
15,0264000,Wrocław,2023,8,completed,5421.0,1010.0,,12,True,False
15,0264000,Wrocław,2023,9,completed,6463.0,1042.0,,12,True,False
15,0264000,Wrocław,2023,10,completed,7165.0,702.0,,12,True,False
15,0264000,Wrocław,2023,11,completed,7634.0,469.0,,12,True,False
15,0264000,Wrocław,2023,12,completed,8184.0,550.0,,12,True,False
15,0264000,Wrocław,2024,1,completed,875.0,875.0,,12,True,False
15,0264000,Wrocław,2024,2,completed,1752.0,877.0,,12,True,False
15,0264000,Wrocław,2024,3,completed,1924.0,172.0,,12,True,False
15,0264000,Wrocław,2024,4,completed,2274.0,350.0,,12,True,False
15,0264000,Wrocław,2024,5,completed,2307.0,33.0,,12,True,False
15,0264000,Wrocław,2024,6,completed,2348.0,41.0,,12,True,False
15,0264000,Wrocław,2024,7,completed,2891.0,543.0,,12,True,False
15,0264000,Wrocław,2024,8,completed,3467.0,576.0,,12,True,False
15,0264000,Wrocław,2024,9,completed,3833.0,366.0,,12,True,False
15,0264000,Wrocław,2024,10,completed,4540.0,707.0,,12,True,False
15,0264000,Wrocław,2024,11,completed,5010.0,470.0,,12,True,False
15,0264000,Wrocław,2024,12,completed,6039.0,1029.0,,12,True,False
15,0264000,Wrocław,2025,1,completed,447.0,447.0,,12,True,False
15,0264000,Wrocław,2025,2,completed,880.0,433.0,,12,True,False
15,0264000,Wrocław,2025,3,completed,1907.0,1027.0,,12,True,False
15,0264000,Wrocław,2025,4,completed,2245.0,338.0,,12,True,False
15,0264000,Wrocław,2025,5,completed,2691.0,446.0,,12,True,False
15,0264000,Wrocław,2025,6,completed,3481.0,790.0,,12,True,False
15,0264000,Wrocław,2025,7,completed,4058.0,577.0,,12,True,False
15,0264000,Wrocław,2025,8,completed,4562.0,504.0,,12,True,False
15,0264000,Wrocław,2025,9,completed,5115.0,553.0,,12,True,False
15,0264000,Wrocław,2025,10,completed,6302.0,1187.0,,12,True,False
15,0264000,Wrocław,2025,11,completed,6888.0,586.0,,12,True,False
15,0264000,Wrocław,2025,12,completed,7700.0,812.0,,12,True,False
15,0264000,Wrocław,2026,1,completed,801.0,801.0,,6,False,False
15,0264000,Wrocław,2026,2,completed,1537.0,736.0,,6,False,False
15,0264000,Wrocław,2026,3,completed,2067.0,530.0,,6,False,False
15,0264000,Wrocław,2026,4,completed,2641.0,574.0,,6,False,False
15,0264000,Wrocław,2026,5,completed,2823.0,182.0,,6,False,False
15,0264000,Wrocław,2026,6,completed,3182.0,359.0,,6,False,False
16,0862000,Zielona Góra,2005,1,completed,41.0,41.0,,12,True,False
16,0862000,Zielona Góra,2005,2,completed,72.0,31.0,,12,True,False
16,0862000,Zielona Góra,2005,3,completed,158.0,86.0,,12,True,False
16,0862000,Zielona Góra,2005,4,completed,240.0,82.0,,12,True,False
16,0862000,Zielona Góra,2005,5,completed,245.0,5.0,,12,True,False
16,0862000,Zielona Góra,2005,6,completed,267.0,22.0,,12,True,False
16,0862000,Zielona Góra,2005,7,completed,314.0,47.0,,12,True,False
16,0862000,Zielona Góra,2005,8,completed,333.0,19.0,,12,True,False
16,0862000,Zielona Góra,2005,9,completed,349.0,16.0,,12,True,False
16,0862000,Zielona Góra,2005,10,completed,496.0,147.0,,12,True,False
16,0862000,Zielona Góra,2005,11,completed,543.0,47.0,,12,True,False
16,0862000,Zielona Góra,2005,12,completed,784.0,241.0,,12,True,False
16,0862000,Zielona Góra,2006,1,completed,14.0,14.0,,12,True,False
16,0862000,Zielona Góra,2006,2,completed,36.0,22.0,,12,True,False
16,0862000,Zielona Góra,2006,3,completed,49.0,13.0,,12,True,False
16,0862000,Zielona Góra,2006,4,completed,81.0,32.0,,12,True,False
16,0862000,Zielona Góra,2006,5,completed,88.0,7.0,,12,True,False
16,0862000,Zielona Góra,2006,6,completed,151.0,63.0,,12,True,False
16,0862000,Zielona Góra,2006,7,completed,190.0,39.0,,12,True,False
16,0862000,Zielona Góra,2006,8,completed,229.0,39.0,,12,True,False
16,0862000,Zielona Góra,2006,9,completed,239.0,10.0,,12,True,False
16,0862000,Zielona Góra,2006,10,completed,250.0,11.0,,12,True,False
16,0862000,Zielona Góra,2006,11,completed,311.0,61.0,,12,True,False
16,0862000,Zielona Góra,2006,12,completed,479.0,168.0,,12,True,False
16,0862000,Zielona Góra,2007,1,completed,46.0,46.0,,12,True,False
16,0862000,Zielona Góra,2007,2,completed,93.0,47.0,,12,True,False
16,0862000,Zielona Góra,2007,3,completed,103.0,10.0,,12,True,False
16,0862000,Zielona Góra,2007,4,completed,137.0,34.0,,12,True,False
16,0862000,Zielona Góra,2007,5,completed,153.0,16.0,,12,True,False
16,0862000,Zielona Góra,2007,6,completed,174.0,21.0,,12,True,False
16,0862000,Zielona Góra,2007,7,completed,264.0,90.0,,12,True,False
16,0862000,Zielona Góra,2007,8,completed,366.0,102.0,,12,True,False
16,0862000,Zielona Góra,2007,9,completed,410.0,44.0,,12,True,False
16,0862000,Zielona Góra,2007,10,completed,420.0,10.0,,12,True,False
16,0862000,Zielona Góra,2007,11,completed,428.0,8.0,,12,True,False
16,0862000,Zielona Góra,2007,12,completed,489.0,61.0,,12,True,False
16,0862000,Zielona Góra,2008,1,completed,32.0,32.0,,12,True,False
16,0862000,Zielona Góra,2008,2,completed,40.0,8.0,,12,True,False
16,0862000,Zielona Góra,2008,3,completed,55.0,15.0,,12,True,False
16,0862000,Zielona Góra,2008,4,completed,133.0,78.0,,12,True,False
16,0862000,Zielona Góra,2008,5,completed,230.0,97.0,,12,True,False
16,0862000,Zielona Góra,2008,6,completed,239.0,9.0,,12,True,False
16,0862000,Zielona Góra,2008,7,completed,298.0,59.0,,12,True,False
16,0862000,Zielona Góra,2008,8,completed,380.0,82.0,,12,True,False
16,0862000,Zielona Góra,2008,9,completed,409.0,29.0,,12,True,False
16,0862000,Zielona Góra,2008,10,completed,451.0,42.0,,12,True,False
16,0862000,Zielona Góra,2008,11,completed,503.0,52.0,,12,True,False
16,0862000,Zielona Góra,2008,12,completed,759.0,256.0,,12,True,False
16,0862000,Zielona Góra,2009,1,completed,65.0,65.0,,12,True,False
16,0862000,Zielona Góra,2009,2,completed,71.0,6.0,,12,True,False
16,0862000,Zielona Góra,2009,3,completed,122.0,51.0,,12,True,False
16,0862000,Zielona Góra,2009,4,completed,186.0,64.0,,12,True,False
16,0862000,Zielona Góra,2009,5,completed,220.0,34.0,,12,True,False
16,0862000,Zielona Góra,2009,6,completed,307.0,87.0,,12,True,False
16,0862000,Zielona Góra,2009,7,completed,403.0,96.0,,12,True,False
16,0862000,Zielona Góra,2009,8,completed,425.0,22.0,,12,True,False
16,0862000,Zielona Góra,2009,9,completed,438.0,13.0,,12,True,False
16,0862000,Zielona Góra,2009,10,completed,450.0,12.0,,12,True,False
16,0862000,Zielona Góra,2009,11,completed,557.0,107.0,,12,True,False
16,0862000,Zielona Góra,2009,12,completed,645.0,88.0,,12,True,False
16,0862000,Zielona Góra,2010,1,completed,6.0,6.0,,12,True,False
16,0862000,Zielona Góra,2010,2,completed,21.0,15.0,,12,True,False
16,0862000,Zielona Góra,2010,3,completed,40.0,19.0,,12,True,False
16,0862000,Zielona Góra,2010,4,completed,45.0,5.0,,12,True,False
16,0862000,Zielona Góra,2010,5,completed,143.0,98.0,,12,True,False
16,0862000,Zielona Góra,2010,6,completed,198.0,55.0,,12,True,False
16,0862000,Zielona Góra,2010,7,completed,316.0,118.0,,12,True,False
16,0862000,Zielona Góra,2010,8,completed,333.0,17.0,,12,True,False
16,0862000,Zielona Góra,2010,9,completed,390.0,57.0,,12,True,False
16,0862000,Zielona Góra,2010,10,completed,400.0,10.0,,12,True,False
16,0862000,Zielona Góra,2010,11,completed,553.0,153.0,,12,True,False
16,0862000,Zielona Góra,2010,12,completed,665.0,112.0,,12,True,False
16,0862000,Zielona Góra,2011,1,completed,11.0,11.0,,12,True,False
16,0862000,Zielona Góra,2011,2,completed,22.0,11.0,,12,True,False
16,0862000,Zielona Góra,2011,3,completed,32.0,10.0,,12,True,False
16,0862000,Zielona Góra,2011,4,completed,39.0,7.0,,12,True,False
16,0862000,Zielona Góra,2011,5,completed,101.0,62.0,,12,True,False
16,0862000,Zielona Góra,2011,6,completed,198.0,97.0,,12,True,False
16,0862000,Zielona Góra,2011,7,completed,316.0,118.0,,12,True,False
16,0862000,Zielona Góra,2011,8,completed,325.0,9.0,,12,True,False
16,0862000,Zielona Góra,2011,9,completed,335.0,10.0,,12,True,False
16,0862000,Zielona Góra,2011,10,completed,350.0,15.0,,12,True,False
16,0862000,Zielona Góra,2011,11,completed,543.0,193.0,,12,True,False
16,0862000,Zielona Góra,2011,12,completed,557.0,14.0,,12,True,False
16,0862000,Zielona Góra,2012,1,completed,21.0,21.0,,12,True,False
16,0862000,Zielona Góra,2012,2,completed,42.0,21.0,,12,True,False
16,0862000,Zielona Góra,2012,3,completed,177.0,135.0,,12,True,False
16,0862000,Zielona Góra,2012,4,completed,188.0,11.0,,12,True,False
16,0862000,Zielona Góra,2012,5,completed,198.0,10.0,,12,True,False
16,0862000,Zielona Góra,2012,6,completed,211.0,13.0,,12,True,False
16,0862000,Zielona Góra,2012,7,completed,219.0,8.0,,12,True,False
16,0862000,Zielona Góra,2012,8,completed,230.0,11.0,,12,True,False
16,0862000,Zielona Góra,2012,9,completed,236.0,6.0,,12,True,False
16,0862000,Zielona Góra,2012,10,completed,259.0,23.0,,12,True,False
16,0862000,Zielona Góra,2012,11,completed,400.0,141.0,,12,True,False
16,0862000,Zielona Góra,2012,12,completed,452.0,52.0,,12,True,False
16,0862000,Zielona Góra,2013,1,completed,193.0,193.0,,12,True,False
16,0862000,Zielona Góra,2013,2,completed,208.0,15.0,,12,True,False
16,0862000,Zielona Góra,2013,3,completed,229.0,21.0,,12,True,False
16,0862000,Zielona Góra,2013,4,completed,238.0,9.0,,12,True,False
16,0862000,Zielona Góra,2013,5,completed,250.0,12.0,,12,True,False
16,0862000,Zielona Góra,2013,6,completed,292.0,42.0,,12,True,False
16,0862000,Zielona Góra,2013,7,completed,344.0,52.0,,12,True,False
16,0862000,Zielona Góra,2013,8,completed,345.0,1.0,,12,True,False
16,0862000,Zielona Góra,2013,9,completed,412.0,67.0,,12,True,False
16,0862000,Zielona Góra,2013,10,completed,508.0,96.0,,12,True,False
16,0862000,Zielona Góra,2013,11,completed,560.0,52.0,,12,True,False
16,0862000,Zielona Góra,2013,12,completed,697.0,137.0,,12,True,False
16,0862000,Zielona Góra,2014,1,completed,90.0,90.0,,12,True,False
16,0862000,Zielona Góra,2014,2,completed,92.0,2.0,,12,True,False
16,0862000,Zielona Góra,2014,3,completed,253.0,161.0,,12,True,False
16,0862000,Zielona Góra,2014,4,completed,260.0,7.0,,12,True,False
16,0862000,Zielona Góra,2014,5,completed,271.0,11.0,,12,True,False
16,0862000,Zielona Góra,2014,6,completed,303.0,32.0,,12,True,False
16,0862000,Zielona Góra,2014,7,completed,318.0,15.0,,12,True,False
16,0862000,Zielona Góra,2014,8,completed,357.0,39.0,,12,True,False
16,0862000,Zielona Góra,2014,9,completed,467.0,110.0,,12,True,False
16,0862000,Zielona Góra,2014,10,completed,590.0,123.0,,12,True,False
16,0862000,Zielona Góra,2014,11,completed,612.0,22.0,,12,True,False
16,0862000,Zielona Góra,2014,12,completed,843.0,231.0,,12,True,False
16,0862000,Zielona Góra,2015,1,completed,11.0,11.0,,12,True,False
16,0862000,Zielona Góra,2015,2,completed,161.0,150.0,,12,True,False
16,0862000,Zielona Góra,2015,3,completed,188.0,27.0,,12,True,False
16,0862000,Zielona Góra,2015,4,completed,203.0,15.0,,12,True,False
16,0862000,Zielona Góra,2015,5,completed,239.0,36.0,,12,True,False
16,0862000,Zielona Góra,2015,6,completed,253.0,14.0,,12,True,False
16,0862000,Zielona Góra,2015,7,completed,273.0,20.0,,12,True,False
16,0862000,Zielona Góra,2015,8,completed,393.0,120.0,,12,True,False
16,0862000,Zielona Góra,2015,9,completed,504.0,111.0,,12,True,False
16,0862000,Zielona Góra,2015,10,completed,564.0,60.0,,12,True,False
16,0862000,Zielona Góra,2015,11,completed,636.0,72.0,,12,True,False
16,0862000,Zielona Góra,2015,12,completed,736.0,100.0,,12,True,False
16,0862000,Zielona Góra,2016,1,completed,13.0,13.0,,12,True,False
16,0862000,Zielona Góra,2016,2,completed,41.0,28.0,,12,True,False
16,0862000,Zielona Góra,2016,3,completed,261.0,220.0,,12,True,False
16,0862000,Zielona Góra,2016,4,completed,401.0,140.0,,12,True,False
16,0862000,Zielona Góra,2016,5,completed,410.0,9.0,,12,True,False
16,0862000,Zielona Góra,2016,6,completed,654.0,244.0,,12,True,False
16,0862000,Zielona Góra,2016,7,completed,752.0,98.0,,12,True,False
16,0862000,Zielona Góra,2016,8,completed,780.0,28.0,,12,True,False
16,0862000,Zielona Góra,2016,9,completed,1044.0,264.0,,12,True,False
16,0862000,Zielona Góra,2016,10,completed,1073.0,29.0,,12,True,False
16,0862000,Zielona Góra,2016,11,completed,1108.0,35.0,,12,True,False
16,0862000,Zielona Góra,2016,12,completed,1145.0,37.0,,12,True,False
16,0862000,Zielona Góra,2017,1,completed,49.0,49.0,,12,True,False
16,0862000,Zielona Góra,2017,2,completed,67.0,18.0,,12,True,False
16,0862000,Zielona Góra,2017,3,completed,257.0,190.0,,12,True,False
16,0862000,Zielona Góra,2017,4,completed,477.0,220.0,,12,True,False
16,0862000,Zielona Góra,2017,5,completed,603.0,126.0,,12,True,False
16,0862000,Zielona Góra,2017,6,completed,623.0,20.0,,12,True,False
16,0862000,Zielona Góra,2017,7,completed,906.0,283.0,,12,True,False
16,0862000,Zielona Góra,2017,8,completed,947.0,41.0,,12,True,False
16,0862000,Zielona Góra,2017,9,completed,981.0,34.0,,12,True,False
16,0862000,Zielona Góra,2017,10,completed,1137.0,156.0,,12,True,False
16,0862000,Zielona Góra,2017,11,completed,1453.0,316.0,,12,True,False
16,0862000,Zielona Góra,2017,12,completed,1486.0,33.0,,12,True,False
16,0862000,Zielona Góra,2018,1,completed,38.0,38.0,,12,True,False
16,0862000,Zielona Góra,2018,2,completed,105.0,67.0,,12,True,False
16,0862000,Zielona Góra,2018,3,completed,152.0,47.0,,12,True,False
16,0862000,Zielona Góra,2018,4,completed,213.0,61.0,,12,True,False
16,0862000,Zielona Góra,2018,5,completed,241.0,28.0,,12,True,False
16,0862000,Zielona Góra,2018,6,completed,258.0,17.0,,12,True,False
16,0862000,Zielona Góra,2018,7,completed,297.0,39.0,,12,True,False
16,0862000,Zielona Góra,2018,8,completed,376.0,79.0,,12,True,False
16,0862000,Zielona Góra,2018,9,completed,398.0,22.0,,12,True,False
16,0862000,Zielona Góra,2018,10,completed,975.0,577.0,,12,True,False
16,0862000,Zielona Góra,2018,11,completed,1103.0,128.0,,12,True,False
16,0862000,Zielona Góra,2018,12,completed,1219.0,116.0,,12,True,False
16,0862000,Zielona Góra,2019,1,completed,72.0,72.0,,12,True,False
16,0862000,Zielona Góra,2019,2,completed,103.0,31.0,,12,True,False
16,0862000,Zielona Góra,2019,3,completed,154.0,51.0,,12,True,False
16,0862000,Zielona Góra,2019,4,completed,240.0,86.0,,12,True,False
16,0862000,Zielona Góra,2019,5,completed,381.0,141.0,,12,True,False
16,0862000,Zielona Góra,2019,6,completed,392.0,11.0,,12,True,False
16,0862000,Zielona Góra,2019,7,completed,431.0,39.0,,12,True,False
16,0862000,Zielona Góra,2019,8,completed,462.0,31.0,,12,True,False
16,0862000,Zielona Góra,2019,9,completed,534.0,72.0,,12,True,False
16,0862000,Zielona Góra,2019,10,completed,737.0,203.0,,12,True,False
16,0862000,Zielona Góra,2019,11,completed,840.0,103.0,,12,True,False
16,0862000,Zielona Góra,2019,12,completed,1062.0,222.0,,12,True,False
16,0862000,Zielona Góra,2020,1,completed,79.0,79.0,,12,True,False
16,0862000,Zielona Góra,2020,2,completed,129.0,50.0,,12,True,False
16,0862000,Zielona Góra,2020,3,completed,159.0,30.0,,12,True,False
16,0862000,Zielona Góra,2020,4,completed,190.0,31.0,,12,True,False
16,0862000,Zielona Góra,2020,5,completed,329.0,139.0,,12,True,False
16,0862000,Zielona Góra,2020,6,completed,400.0,71.0,,12,True,False
16,0862000,Zielona Góra,2020,7,completed,598.0,198.0,,12,True,False
16,0862000,Zielona Góra,2020,8,completed,630.0,32.0,,12,True,False
16,0862000,Zielona Góra,2020,9,completed,722.0,92.0,,12,True,False
16,0862000,Zielona Góra,2020,10,completed,999.0,277.0,,12,True,False
16,0862000,Zielona Góra,2020,11,completed,1358.0,359.0,,12,True,False
16,0862000,Zielona Góra,2020,12,completed,1433.0,75.0,,12,True,False
16,0862000,Zielona Góra,2021,1,completed,88.0,88.0,,12,True,False
16,0862000,Zielona Góra,2021,2,completed,169.0,81.0,,12,True,False
16,0862000,Zielona Góra,2021,3,completed,185.0,16.0,,12,True,False
16,0862000,Zielona Góra,2021,4,completed,261.0,76.0,,12,True,False
16,0862000,Zielona Góra,2021,5,completed,324.0,63.0,,12,True,False
16,0862000,Zielona Góra,2021,6,completed,415.0,91.0,,12,True,False
16,0862000,Zielona Góra,2021,7,completed,518.0,103.0,,12,True,False
16,0862000,Zielona Góra,2021,8,completed,714.0,196.0,,12,True,False
16,0862000,Zielona Góra,2021,9,completed,755.0,41.0,,12,True,False
16,0862000,Zielona Góra,2021,10,completed,805.0,50.0,,12,True,False
16,0862000,Zielona Góra,2021,11,completed,1129.0,324.0,,12,True,False
16,0862000,Zielona Góra,2021,12,completed,1293.0,164.0,,12,True,False
16,0862000,Zielona Góra,2022,1,completed,15.0,15.0,,12,True,False
16,0862000,Zielona Góra,2022,2,completed,162.0,147.0,,12,True,False
16,0862000,Zielona Góra,2022,3,completed,240.0,78.0,,12,True,False
16,0862000,Zielona Góra,2022,4,completed,544.0,304.0,,12,True,False
16,0862000,Zielona Góra,2022,5,completed,644.0,100.0,,12,True,False
16,0862000,Zielona Góra,2022,6,completed,793.0,149.0,,12,True,False
16,0862000,Zielona Góra,2022,7,completed,1104.0,311.0,,12,True,False
16,0862000,Zielona Góra,2022,8,completed,1174.0,70.0,,12,True,False
16,0862000,Zielona Góra,2022,9,completed,1217.0,43.0,,12,True,False
16,0862000,Zielona Góra,2022,10,completed,1250.0,33.0,,12,True,False
16,0862000,Zielona Góra,2022,11,completed,1431.0,181.0,,12,True,False
16,0862000,Zielona Góra,2022,12,completed,1803.0,372.0,,12,True,False
16,0862000,Zielona Góra,2023,1,completed,51.0,51.0,,12,True,False
16,0862000,Zielona Góra,2023,2,completed,75.0,24.0,,12,True,False
16,0862000,Zielona Góra,2023,3,completed,97.0,22.0,,12,True,False
16,0862000,Zielona Góra,2023,4,completed,140.0,43.0,,12,True,False
16,0862000,Zielona Góra,2023,5,completed,200.0,60.0,,12,True,False
16,0862000,Zielona Góra,2023,6,completed,223.0,23.0,,12,True,False
16,0862000,Zielona Góra,2023,7,completed,239.0,16.0,,12,True,False
16,0862000,Zielona Góra,2023,8,completed,267.0,28.0,,12,True,False
16,0862000,Zielona Góra,2023,9,completed,298.0,31.0,,12,True,False
16,0862000,Zielona Góra,2023,10,completed,368.0,70.0,,12,True,False
16,0862000,Zielona Góra,2023,11,completed,477.0,109.0,,12,True,False
16,0862000,Zielona Góra,2023,12,completed,772.0,295.0,,12,True,False
16,0862000,Zielona Góra,2024,1,completed,26.0,26.0,,12,True,False
16,0862000,Zielona Góra,2024,2,completed,58.0,32.0,,12,True,False
16,0862000,Zielona Góra,2024,3,completed,75.0,17.0,,12,True,False
16,0862000,Zielona Góra,2024,4,completed,369.0,294.0,,12,True,False
16,0862000,Zielona Góra,2024,5,completed,441.0,72.0,,12,True,False
16,0862000,Zielona Góra,2024,6,completed,460.0,19.0,,12,True,False
16,0862000,Zielona Góra,2024,7,completed,478.0,18.0,,12,True,False
16,0862000,Zielona Góra,2024,8,completed,501.0,23.0,,12,True,False
16,0862000,Zielona Góra,2024,9,completed,547.0,46.0,,12,True,False
16,0862000,Zielona Góra,2024,10,completed,714.0,167.0,,12,True,False
16,0862000,Zielona Góra,2024,11,completed,729.0,15.0,,12,True,False
16,0862000,Zielona Góra,2024,12,completed,762.0,33.0,,12,True,False
16,0862000,Zielona Góra,2025,1,completed,83.0,83.0,,12,True,False
16,0862000,Zielona Góra,2025,2,completed,94.0,11.0,,12,True,False
16,0862000,Zielona Góra,2025,3,completed,270.0,176.0,,12,True,False
16,0862000,Zielona Góra,2025,4,completed,343.0,73.0,,12,True,False
16,0862000,Zielona Góra,2025,5,completed,351.0,8.0,,12,True,False
16,0862000,Zielona Góra,2025,6,completed,397.0,46.0,,12,True,False
16,0862000,Zielona Góra,2025,7,completed,777.0,380.0,,12,True,False
16,0862000,Zielona Góra,2025,8,completed,804.0,27.0,,12,True,False
16,0862000,Zielona Góra,2025,9,completed,901.0,97.0,,12,True,False
16,0862000,Zielona Góra,2025,10,completed,965.0,64.0,,12,True,False
16,0862000,Zielona Góra,2025,11,completed,979.0,14.0,,12,True,False
16,0862000,Zielona Góra,2025,12,completed,1063.0,84.0,,12,True,False
16,0862000,Zielona Góra,2026,1,completed,17.0,17.0,,6,False,False
16,0862000,Zielona Góra,2026,2,completed,38.0,21.0,,6,False,False
16,0862000,Zielona Góra,2026,3,completed,143.0,105.0,,6,False,False
16,0862000,Zielona Góra,2026,4,completed,252.0,109.0,,6,False,False
16,0862000,Zielona Góra,2026,5,completed,283.0,31.0,,6,False,False
16,0862000,Zielona Góra,2026,6,completed,296.0,13.0,,6,False,False
17,1061000,Łódź,2005,1,completed,48.0,48.0,,12,True,False
17,1061000,Łódź,2005,2,completed,87.0,39.0,,12,True,False
17,1061000,Łódź,2005,3,completed,135.0,48.0,,12,True,False
17,1061000,Łódź,2005,4,completed,168.0,33.0,,12,True,False
17,1061000,Łódź,2005,5,completed,207.0,39.0,,12,True,False
17,1061000,Łódź,2005,6,completed,238.0,31.0,,12,True,False
17,1061000,Łódź,2005,7,completed,291.0,53.0,,12,True,False
17,1061000,Łódź,2005,8,completed,408.0,117.0,,12,True,False
17,1061000,Łódź,2005,9,completed,458.0,50.0,,12,True,False
17,1061000,Łódź,2005,10,completed,492.0,34.0,,12,True,False
17,1061000,Łódź,2005,11,completed,598.0,106.0,,12,True,False
17,1061000,Łódź,2005,12,completed,682.0,84.0,,12,True,False
17,1061000,Łódź,2006,1,completed,173.0,173.0,,12,True,False
17,1061000,Łódź,2006,2,completed,185.0,12.0,,12,True,False
17,1061000,Łódź,2006,3,completed,220.0,35.0,,12,True,False
17,1061000,Łódź,2006,4,completed,329.0,109.0,,12,True,False
17,1061000,Łódź,2006,5,completed,348.0,19.0,,12,True,False
17,1061000,Łódź,2006,6,completed,401.0,53.0,,12,True,False
17,1061000,Łódź,2006,7,completed,467.0,66.0,,12,True,False
17,1061000,Łódź,2006,8,completed,556.0,89.0,,12,True,False
17,1061000,Łódź,2006,9,completed,612.0,56.0,,12,True,False
17,1061000,Łódź,2006,10,completed,833.0,221.0,,12,True,False
17,1061000,Łódź,2006,11,completed,1107.0,274.0,,12,True,False
17,1061000,Łódź,2006,12,completed,1186.0,79.0,,12,True,False
17,1061000,Łódź,2007,1,completed,51.0,51.0,,12,True,False
17,1061000,Łódź,2007,2,completed,112.0,61.0,,12,True,False
17,1061000,Łódź,2007,3,completed,169.0,57.0,,12,True,False
17,1061000,Łódź,2007,4,completed,298.0,129.0,,12,True,False
17,1061000,Łódź,2007,5,completed,391.0,93.0,,12,True,False
17,1061000,Łódź,2007,6,completed,418.0,27.0,,12,True,False
17,1061000,Łódź,2007,7,completed,587.0,169.0,,12,True,False
17,1061000,Łódź,2007,8,completed,669.0,82.0,,12,True,False
17,1061000,Łódź,2007,9,completed,828.0,159.0,,12,True,False
17,1061000,Łódź,2007,10,completed,1223.0,395.0,,12,True,False
17,1061000,Łódź,2007,11,completed,1345.0,122.0,,12,True,False
17,1061000,Łódź,2007,12,completed,1559.0,214.0,,12,True,False
17,1061000,Łódź,2008,1,completed,152.0,152.0,,12,True,False
17,1061000,Łódź,2008,2,completed,480.0,328.0,,12,True,False
17,1061000,Łódź,2008,3,completed,551.0,71.0,,12,True,False
17,1061000,Łódź,2008,4,completed,708.0,157.0,,12,True,False
17,1061000,Łódź,2008,5,completed,798.0,90.0,,12,True,False
17,1061000,Łódź,2008,6,completed,870.0,72.0,,12,True,False
17,1061000,Łódź,2008,7,completed,1049.0,179.0,,12,True,False
17,1061000,Łódź,2008,8,completed,1139.0,90.0,,12,True,False
17,1061000,Łódź,2008,9,completed,1326.0,187.0,,12,True,False
17,1061000,Łódź,2008,10,completed,2006.0,680.0,,12,True,False
17,1061000,Łódź,2008,11,completed,2118.0,112.0,,12,True,False
17,1061000,Łódź,2008,12,completed,2397.0,279.0,,12,True,False
17,1061000,Łódź,2009,1,completed,52.0,52.0,,12,True,False
17,1061000,Łódź,2009,2,completed,86.0,34.0,,12,True,False
17,1061000,Łódź,2009,3,completed,136.0,50.0,,12,True,False
17,1061000,Łódź,2009,4,completed,292.0,156.0,,12,True,False
17,1061000,Łódź,2009,5,completed,483.0,191.0,,12,True,False
17,1061000,Łódź,2009,6,completed,660.0,177.0,,12,True,False
17,1061000,Łódź,2009,7,completed,694.0,34.0,,12,True,False
17,1061000,Łódź,2009,8,completed,1126.0,432.0,,12,True,False
17,1061000,Łódź,2009,9,completed,1206.0,80.0,,12,True,False
17,1061000,Łódź,2009,10,completed,1428.0,222.0,,12,True,False
17,1061000,Łódź,2009,11,completed,1695.0,267.0,,12,True,False
17,1061000,Łódź,2009,12,completed,1800.0,105.0,,12,True,False
17,1061000,Łódź,2010,1,completed,332.0,332.0,,12,True,False
17,1061000,Łódź,2010,2,completed,500.0,168.0,,12,True,False
17,1061000,Łódź,2010,3,completed,596.0,96.0,,12,True,False
17,1061000,Łódź,2010,4,completed,1198.0,602.0,,12,True,False
17,1061000,Łódź,2010,5,completed,1210.0,12.0,,12,True,False
17,1061000,Łódź,2010,6,completed,1228.0,18.0,,12,True,False
17,1061000,Łódź,2010,7,completed,1326.0,98.0,,12,True,False
17,1061000,Łódź,2010,8,completed,1485.0,159.0,,12,True,False
17,1061000,Łódź,2010,9,completed,1515.0,30.0,,12,True,False
17,1061000,Łódź,2010,10,completed,1707.0,192.0,,12,True,False
17,1061000,Łódź,2010,11,completed,1907.0,200.0,,12,True,False
17,1061000,Łódź,2010,12,completed,2082.0,175.0,,12,True,False
17,1061000,Łódź,2011,1,completed,154.0,154.0,,12,True,False
17,1061000,Łódź,2011,2,completed,325.0,171.0,,12,True,False
17,1061000,Łódź,2011,3,completed,381.0,56.0,,12,True,False
17,1061000,Łódź,2011,4,completed,505.0,124.0,,12,True,False
17,1061000,Łódź,2011,5,completed,540.0,35.0,,12,True,False
17,1061000,Łódź,2011,6,completed,598.0,58.0,,12,True,False
17,1061000,Łódź,2011,7,completed,824.0,226.0,,12,True,False
17,1061000,Łódź,2011,8,completed,918.0,94.0,,12,True,False
17,1061000,Łódź,2011,9,completed,1136.0,218.0,,12,True,False
17,1061000,Łódź,2011,10,completed,1179.0,43.0,,12,True,False
17,1061000,Łódź,2011,11,completed,1242.0,63.0,,12,True,False
17,1061000,Łódź,2011,12,completed,1525.0,283.0,,12,True,False
17,1061000,Łódź,2012,1,completed,358.0,358.0,,12,True,False
17,1061000,Łódź,2012,2,completed,454.0,96.0,,12,True,False
17,1061000,Łódź,2012,3,completed,892.0,438.0,,12,True,False
17,1061000,Łódź,2012,4,completed,1049.0,157.0,,12,True,False
17,1061000,Łódź,2012,5,completed,1075.0,26.0,,12,True,False
17,1061000,Łódź,2012,6,completed,1106.0,31.0,,12,True,False
17,1061000,Łódź,2012,7,completed,1124.0,18.0,,12,True,False
17,1061000,Łódź,2012,8,completed,1285.0,161.0,,12,True,False
17,1061000,Łódź,2012,9,completed,1296.0,11.0,,12,True,False
17,1061000,Łódź,2012,10,completed,1492.0,196.0,,12,True,False
17,1061000,Łódź,2012,11,completed,2317.0,825.0,,12,True,False
17,1061000,Łódź,2012,12,completed,2595.0,278.0,,12,True,False
17,1061000,Łódź,2013,1,completed,131.0,131.0,,12,True,False
17,1061000,Łódź,2013,2,completed,197.0,66.0,,12,True,False
17,1061000,Łódź,2013,3,completed,258.0,61.0,,12,True,False
17,1061000,Łódź,2013,4,completed,339.0,81.0,,12,True,False
17,1061000,Łódź,2013,5,completed,658.0,319.0,,12,True,False
17,1061000,Łódź,2013,6,completed,735.0,77.0,,12,True,False
17,1061000,Łódź,2013,7,completed,950.0,215.0,,12,True,False
17,1061000,Łódź,2013,8,completed,1053.0,103.0,,12,True,False
17,1061000,Łódź,2013,9,completed,1251.0,198.0,,12,True,False
17,1061000,Łódź,2013,10,completed,1344.0,93.0,,12,True,False
17,1061000,Łódź,2013,11,completed,1373.0,29.0,,12,True,False
17,1061000,Łódź,2013,12,completed,1435.0,62.0,,12,True,False
17,1061000,Łódź,2014,1,completed,61.0,61.0,,12,True,False
17,1061000,Łódź,2014,2,completed,223.0,162.0,,12,True,False
17,1061000,Łódź,2014,3,completed,544.0,321.0,,12,True,False
17,1061000,Łódź,2014,4,completed,590.0,46.0,,12,True,False
17,1061000,Łódź,2014,5,completed,633.0,43.0,,12,True,False
17,1061000,Łódź,2014,6,completed,707.0,74.0,,12,True,False
17,1061000,Łódź,2014,7,completed,1079.0,372.0,,12,True,False
17,1061000,Łódź,2014,8,completed,1110.0,31.0,,12,True,False
17,1061000,Łódź,2014,9,completed,1177.0,67.0,,12,True,False
17,1061000,Łódź,2014,10,completed,1337.0,160.0,,12,True,False
17,1061000,Łódź,2014,11,completed,1443.0,106.0,,12,True,False
17,1061000,Łódź,2014,12,completed,1752.0,309.0,,12,True,False
17,1061000,Łódź,2015,1,completed,218.0,218.0,,12,True,False
17,1061000,Łódź,2015,2,completed,311.0,93.0,,12,True,False
17,1061000,Łódź,2015,3,completed,439.0,128.0,,12,True,False
17,1061000,Łódź,2015,4,completed,577.0,138.0,,12,True,False
17,1061000,Łódź,2015,5,completed,724.0,147.0,,12,True,False
17,1061000,Łódź,2015,6,completed,828.0,104.0,,12,True,False
17,1061000,Łódź,2015,7,completed,931.0,103.0,,12,True,False
17,1061000,Łódź,2015,8,completed,1412.0,481.0,,12,True,False
17,1061000,Łódź,2015,9,completed,1570.0,158.0,,12,True,False
17,1061000,Łódź,2015,10,completed,1615.0,45.0,,12,True,False
17,1061000,Łódź,2015,11,completed,1746.0,131.0,,12,True,False
17,1061000,Łódź,2015,12,completed,2252.0,506.0,,12,True,False
17,1061000,Łódź,2016,1,completed,95.0,95.0,,12,True,False
17,1061000,Łódź,2016,2,completed,161.0,66.0,,12,True,False
17,1061000,Łódź,2016,3,completed,203.0,42.0,,12,True,False
17,1061000,Łódź,2016,4,completed,400.0,197.0,,12,True,False
17,1061000,Łódź,2016,5,completed,547.0,147.0,,12,True,False
17,1061000,Łódź,2016,6,completed,656.0,109.0,,12,True,False
17,1061000,Łódź,2016,7,completed,762.0,106.0,,12,True,False
17,1061000,Łódź,2016,8,completed,840.0,78.0,,12,True,False
17,1061000,Łódź,2016,9,completed,904.0,64.0,,12,True,False
17,1061000,Łódź,2016,10,completed,1290.0,386.0,,12,True,False
17,1061000,Łódź,2016,11,completed,1807.0,517.0,,12,True,False
17,1061000,Łódź,2016,12,completed,2066.0,259.0,,12,True,False
17,1061000,Łódź,2017,1,completed,143.0,143.0,,12,True,False
17,1061000,Łódź,2017,2,completed,296.0,153.0,,12,True,False
17,1061000,Łódź,2017,3,completed,608.0,312.0,,12,True,False
17,1061000,Łódź,2017,4,completed,679.0,71.0,,12,True,False
17,1061000,Łódź,2017,5,completed,783.0,104.0,,12,True,False
17,1061000,Łódź,2017,6,completed,1055.0,272.0,,12,True,False
17,1061000,Łódź,2017,7,completed,1268.0,213.0,,12,True,False
17,1061000,Łódź,2017,8,completed,1355.0,87.0,,12,True,False
17,1061000,Łódź,2017,9,completed,1798.0,443.0,,12,True,False
17,1061000,Łódź,2017,10,completed,1888.0,90.0,,12,True,False
17,1061000,Łódź,2017,11,completed,2009.0,121.0,,12,True,False
17,1061000,Łódź,2017,12,completed,2520.0,511.0,,12,True,False
17,1061000,Łódź,2018,1,completed,87.0,87.0,,12,True,False
17,1061000,Łódź,2018,2,completed,296.0,209.0,,12,True,False
17,1061000,Łódź,2018,3,completed,589.0,293.0,,12,True,False
17,1061000,Łódź,2018,4,completed,670.0,81.0,,12,True,False
17,1061000,Łódź,2018,5,completed,765.0,95.0,,12,True,False
17,1061000,Łódź,2018,6,completed,995.0,230.0,,12,True,False
17,1061000,Łódź,2018,7,completed,1300.0,305.0,,12,True,False
17,1061000,Łódź,2018,8,completed,1452.0,152.0,,12,True,False
17,1061000,Łódź,2018,9,completed,1894.0,442.0,,12,True,False
17,1061000,Łódź,2018,10,completed,1989.0,95.0,,12,True,False
17,1061000,Łódź,2018,11,completed,2607.0,618.0,,12,True,False
17,1061000,Łódź,2018,12,completed,2800.0,193.0,,12,True,False
17,1061000,Łódź,2019,1,completed,397.0,397.0,,12,True,False
17,1061000,Łódź,2019,2,completed,695.0,298.0,,12,True,False
17,1061000,Łódź,2019,3,completed,1017.0,322.0,,12,True,False
17,1061000,Łódź,2019,4,completed,1339.0,322.0,,12,True,False
17,1061000,Łódź,2019,5,completed,1780.0,441.0,,12,True,False
17,1061000,Łódź,2019,6,completed,2001.0,221.0,,12,True,False
17,1061000,Łódź,2019,7,completed,2407.0,406.0,,12,True,False
17,1061000,Łódź,2019,8,completed,2508.0,101.0,,12,True,False
17,1061000,Łódź,2019,9,completed,2968.0,460.0,,12,True,False
17,1061000,Łódź,2019,10,completed,3357.0,389.0,,12,True,False
17,1061000,Łódź,2019,11,completed,3732.0,375.0,,12,True,False
17,1061000,Łódź,2019,12,completed,4202.0,470.0,,12,True,False
17,1061000,Łódź,2020,1,completed,701.0,701.0,,12,True,False
17,1061000,Łódź,2020,2,completed,1148.0,447.0,,12,True,False
17,1061000,Łódź,2020,3,completed,1667.0,519.0,,12,True,False
17,1061000,Łódź,2020,4,completed,1883.0,216.0,,12,True,False
17,1061000,Łódź,2020,5,completed,2422.0,539.0,,12,True,False
17,1061000,Łódź,2020,6,completed,2716.0,294.0,,12,True,False
17,1061000,Łódź,2020,7,completed,3165.0,449.0,,12,True,False
17,1061000,Łódź,2020,8,completed,3368.0,203.0,,12,True,False
17,1061000,Łódź,2020,9,completed,3836.0,468.0,,12,True,False
17,1061000,Łódź,2020,10,completed,4186.0,350.0,,12,True,False
17,1061000,Łódź,2020,11,completed,5017.0,831.0,,12,True,False
17,1061000,Łódź,2020,12,completed,5768.0,751.0,,12,True,False
17,1061000,Łódź,2021,1,completed,408.0,408.0,,12,True,False
17,1061000,Łódź,2021,2,completed,901.0,493.0,,12,True,False
17,1061000,Łódź,2021,3,completed,1277.0,376.0,,12,True,False
17,1061000,Łódź,2021,4,completed,1664.0,387.0,,12,True,False
17,1061000,Łódź,2021,5,completed,2052.0,388.0,,12,True,False
17,1061000,Łódź,2021,6,completed,2396.0,344.0,,12,True,False
17,1061000,Łódź,2021,7,completed,2783.0,387.0,,12,True,False
17,1061000,Łódź,2021,8,completed,3196.0,413.0,,12,True,False
17,1061000,Łódź,2021,9,completed,4275.0,1079.0,,12,True,False
17,1061000,Łódź,2021,10,completed,4507.0,232.0,,12,True,False
17,1061000,Łódź,2021,11,completed,4737.0,230.0,,12,True,False
17,1061000,Łódź,2021,12,completed,4921.0,184.0,,12,True,False
17,1061000,Łódź,2022,1,completed,527.0,527.0,,12,True,False
17,1061000,Łódź,2022,2,completed,1009.0,482.0,,12,True,False
17,1061000,Łódź,2022,3,completed,1789.0,780.0,,12,True,False
17,1061000,Łódź,2022,4,completed,2384.0,595.0,,12,True,False
17,1061000,Łódź,2022,5,completed,2577.0,193.0,,12,True,False
17,1061000,Łódź,2022,6,completed,3199.0,622.0,,12,True,False
17,1061000,Łódź,2022,7,completed,3897.0,698.0,,12,True,False
17,1061000,Łódź,2022,8,completed,4132.0,235.0,,12,True,False
17,1061000,Łódź,2022,9,completed,4580.0,448.0,,12,True,False
17,1061000,Łódź,2022,10,completed,4790.0,210.0,,12,True,False
17,1061000,Łódź,2022,11,completed,5448.0,658.0,,12,True,False
17,1061000,Łódź,2022,12,completed,5788.0,340.0,,12,True,False
17,1061000,Łódź,2023,1,completed,484.0,484.0,,12,True,False
17,1061000,Łódź,2023,2,completed,593.0,109.0,,12,True,False
17,1061000,Łódź,2023,3,completed,750.0,157.0,,12,True,False
17,1061000,Łódź,2023,4,completed,1301.0,551.0,,12,True,False
17,1061000,Łódź,2023,5,completed,1391.0,90.0,,12,True,False
17,1061000,Łódź,2023,6,completed,2073.0,682.0,,12,True,False
17,1061000,Łódź,2023,7,completed,2835.0,762.0,,12,True,False
17,1061000,Łódź,2023,8,completed,3201.0,366.0,,12,True,False
17,1061000,Łódź,2023,9,completed,3281.0,80.0,,12,True,False
17,1061000,Łódź,2023,10,completed,3780.0,499.0,,12,True,False
17,1061000,Łódź,2023,11,completed,4402.0,622.0,,12,True,False
17,1061000,Łódź,2023,12,completed,5204.0,802.0,,12,True,False
17,1061000,Łódź,2024,1,completed,250.0,250.0,,12,True,False
17,1061000,Łódź,2024,2,completed,438.0,188.0,,12,True,False
17,1061000,Łódź,2024,3,completed,1149.0,711.0,,12,True,False
17,1061000,Łódź,2024,4,completed,1601.0,452.0,,12,True,False
17,1061000,Łódź,2024,5,completed,2101.0,500.0,,12,True,False
17,1061000,Łódź,2024,6,completed,2522.0,421.0,,12,True,False
17,1061000,Łódź,2024,7,completed,2893.0,371.0,,12,True,False
17,1061000,Łódź,2024,8,completed,3163.0,270.0,,12,True,False
17,1061000,Łódź,2024,9,completed,3646.0,483.0,,12,True,False
17,1061000,Łódź,2024,10,completed,4049.0,403.0,,12,True,False
17,1061000,Łódź,2024,11,completed,4423.0,374.0,,12,True,False
17,1061000,Łódź,2024,12,completed,5489.0,1066.0,,12,True,False
17,1061000,Łódź,2025,1,completed,306.0,306.0,,12,True,False
17,1061000,Łódź,2025,2,completed,677.0,371.0,,12,True,False
17,1061000,Łódź,2025,3,completed,1062.0,385.0,,12,True,False
17,1061000,Łódź,2025,4,completed,1309.0,247.0,,12,True,False
17,1061000,Łódź,2025,5,completed,1793.0,484.0,,12,True,False
17,1061000,Łódź,2025,6,completed,2263.0,470.0,,12,True,False
17,1061000,Łódź,2025,7,completed,2603.0,340.0,,12,True,False
17,1061000,Łódź,2025,8,completed,3143.0,540.0,,12,True,False
17,1061000,Łódź,2025,9,completed,3515.0,372.0,,12,True,False
17,1061000,Łódź,2025,10,completed,4071.0,556.0,,12,True,False
17,1061000,Łódź,2025,11,completed,4872.0,801.0,,12,True,False
17,1061000,Łódź,2025,12,completed,5792.0,920.0,,12,True,False
17,1061000,Łódź,2026,1,completed,568.0,568.0,,6,False,False
17,1061000,Łódź,2026,2,completed,1243.0,675.0,,6,False,False
17,1061000,Łódź,2026,3,completed,1615.0,372.0,,6,False,False
17,1061000,Łódź,2026,4,completed,1843.0,228.0,,6,False,False
17,1061000,Łódź,2026,5,completed,2364.0,521.0,,6,False,False
17,1061000,Łódź,2026,6,completed,2602.0,238.0,,6,False,False
1,2061000,Białystok,2005,1,started,168.0,168.0,,12,True,False
1,2061000,Białystok,2005,2,started,199.0,31.0,,12,True,False
1,2061000,Białystok,2005,3,started,219.0,20.0,,12,True,False
1,2061000,Białystok,2005,4,started,233.0,14.0,,12,True,False
1,2061000,Białystok,2005,5,started,255.0,22.0,,12,True,False
1,2061000,Białystok,2005,6,started,386.0,131.0,,12,True,False
1,2061000,Białystok,2005,7,started,495.0,109.0,,12,True,False
1,2061000,Białystok,2005,8,started,615.0,120.0,,12,True,False
1,2061000,Białystok,2005,9,started,768.0,153.0,,12,True,False
1,2061000,Białystok,2005,10,started,958.0,190.0,,12,True,False
1,2061000,Białystok,2005,11,started,1071.0,113.0,,12,True,False
1,2061000,Białystok,2005,12,started,1338.0,267.0,,12,True,False
1,2061000,Białystok,2006,1,started,11.0,11.0,,12,True,False
1,2061000,Białystok,2006,2,started,47.0,36.0,,12,True,False
1,2061000,Białystok,2006,3,started,54.0,7.0,,12,True,False
1,2061000,Białystok,2006,4,started,254.0,200.0,,12,True,False
1,2061000,Białystok,2006,5,started,314.0,60.0,,12,True,False
1,2061000,Białystok,2006,6,started,540.0,226.0,,12,True,False
1,2061000,Białystok,2006,7,started,881.0,341.0,,12,True,False
1,2061000,Białystok,2006,8,started,998.0,117.0,,12,True,False
1,2061000,Białystok,2006,9,started,1206.0,208.0,,12,True,False
1,2061000,Białystok,2006,10,started,1494.0,288.0,,12,True,False
1,2061000,Białystok,2006,11,started,1785.0,291.0,,12,True,False
1,2061000,Białystok,2006,12,started,1850.0,65.0,,12,True,False
1,2061000,Białystok,2007,1,started,5.0,5.0,,12,True,False
1,2061000,Białystok,2007,2,started,41.0,36.0,,12,True,False
1,2061000,Białystok,2007,3,started,93.0,52.0,,12,True,False
1,2061000,Białystok,2007,4,started,243.0,150.0,,12,True,False
1,2061000,Białystok,2007,5,started,385.0,142.0,,12,True,False
1,2061000,Białystok,2007,6,started,608.0,223.0,,12,True,False
1,2061000,Białystok,2007,7,started,785.0,177.0,,12,True,False
1,2061000,Białystok,2007,8,started,1186.0,401.0,,12,True,False
1,2061000,Białystok,2007,9,started,1306.0,120.0,,12,True,False
1,2061000,Białystok,2007,10,started,1326.0,20.0,,12,True,False
1,2061000,Białystok,2007,11,started,1681.0,355.0,,12,True,False
1,2061000,Białystok,2007,12,started,1722.0,41.0,,12,True,False
1,2061000,Białystok,2008,1,started,45.0,45.0,,12,True,False
1,2061000,Białystok,2008,2,started,128.0,83.0,,12,True,False
1,2061000,Białystok,2008,3,started,373.0,245.0,,12,True,False
1,2061000,Białystok,2008,4,started,457.0,84.0,,12,True,False
1,2061000,Białystok,2008,5,started,527.0,70.0,,12,True,False
1,2061000,Białystok,2008,6,started,675.0,148.0,,12,True,False
1,2061000,Białystok,2008,7,started,856.0,181.0,,12,True,False
1,2061000,Białystok,2008,8,started,885.0,29.0,,12,True,False
1,2061000,Białystok,2008,9,started,1478.0,593.0,,12,True,False
1,2061000,Białystok,2008,10,started,1724.0,246.0,,12,True,False
1,2061000,Białystok,2008,11,started,1885.0,161.0,,12,True,False
1,2061000,Białystok,2008,12,started,2058.0,173.0,,12,True,False
1,2061000,Białystok,2009,1,started,12.0,12.0,,12,True,False
1,2061000,Białystok,2009,2,started,26.0,14.0,,12,True,False
1,2061000,Białystok,2009,3,started,122.0,96.0,,12,True,False
1,2061000,Białystok,2009,4,started,191.0,69.0,,12,True,False
1,2061000,Białystok,2009,5,started,219.0,28.0,,12,True,False
1,2061000,Białystok,2009,6,started,345.0,126.0,,12,True,False
1,2061000,Białystok,2009,7,started,421.0,76.0,,12,True,False
1,2061000,Białystok,2009,8,started,583.0,162.0,,12,True,False
1,2061000,Białystok,2009,9,started,844.0,261.0,,12,True,False
1,2061000,Białystok,2009,10,started,858.0,14.0,,12,True,False
1,2061000,Białystok,2009,11,started,877.0,19.0,,12,True,False
1,2061000,Białystok,2009,12,started,1300.0,423.0,,12,True,False
1,2061000,Białystok,2010,1,started,11.0,11.0,,12,True,False
1,2061000,Białystok,2010,2,started,22.0,11.0,,12,True,False
1,2061000,Białystok,2010,3,started,128.0,106.0,,12,True,False
1,2061000,Białystok,2010,4,started,480.0,352.0,,12,True,False
1,2061000,Białystok,2010,5,started,527.0,47.0,,12,True,False
1,2061000,Białystok,2010,6,started,578.0,51.0,,12,True,False
1,2061000,Białystok,2010,7,started,614.0,36.0,,12,True,False
1,2061000,Białystok,2010,8,started,646.0,32.0,,12,True,False
1,2061000,Białystok,2010,9,started,1038.0,392.0,,12,True,False
1,2061000,Białystok,2010,10,started,1538.0,500.0,,12,True,False
1,2061000,Białystok,2010,11,started,1727.0,189.0,,12,True,False
1,2061000,Białystok,2010,12,started,2075.0,348.0,,12,True,False
1,2061000,Białystok,2011,1,started,99.0,99.0,,12,True,False
1,2061000,Białystok,2011,2,started,110.0,11.0,,12,True,False
1,2061000,Białystok,2011,3,started,234.0,124.0,,12,True,False
1,2061000,Białystok,2011,4,started,253.0,19.0,,12,True,False
1,2061000,Białystok,2011,5,started,457.0,204.0,,12,True,False
1,2061000,Białystok,2011,6,started,485.0,28.0,,12,True,False
1,2061000,Białystok,2011,7,started,819.0,334.0,,12,True,False
1,2061000,Białystok,2011,8,started,835.0,16.0,,12,True,False
1,2061000,Białystok,2011,9,started,862.0,27.0,,12,True,False
1,2061000,Białystok,2011,10,started,1058.0,196.0,,12,True,False
1,2061000,Białystok,2011,11,started,1147.0,89.0,,12,True,False
1,2061000,Białystok,2011,12,started,1191.0,44.0,,12,True,False
1,2061000,Białystok,2012,1,started,175.0,175.0,,12,True,False
1,2061000,Białystok,2012,2,started,303.0,128.0,,12,True,False
1,2061000,Białystok,2012,3,started,565.0,262.0,,12,True,False
1,2061000,Białystok,2012,4,started,837.0,272.0,,12,True,False
1,2061000,Białystok,2012,5,started,1012.0,175.0,,12,True,False
1,2061000,Białystok,2012,6,started,1148.0,136.0,,12,True,False
1,2061000,Białystok,2012,7,started,1191.0,43.0,,12,True,False
1,2061000,Białystok,2012,8,started,1470.0,279.0,,12,True,False
1,2061000,Białystok,2012,9,started,1482.0,12.0,,12,True,False
1,2061000,Białystok,2012,10,started,1875.0,393.0,,12,True,False
1,2061000,Białystok,2012,11,started,2004.0,129.0,,12,True,False
1,2061000,Białystok,2012,12,started,2013.0,9.0,,12,True,False
1,2061000,Białystok,2013,1,started,10.0,10.0,,12,True,False
1,2061000,Białystok,2013,2,started,532.0,522.0,,12,True,False
1,2061000,Białystok,2013,3,started,547.0,15.0,,12,True,False
1,2061000,Białystok,2013,4,started,583.0,36.0,,12,True,False
1,2061000,Białystok,2013,5,started,605.0,22.0,,12,True,False
1,2061000,Białystok,2013,6,started,643.0,38.0,,12,True,False
1,2061000,Białystok,2013,7,started,738.0,95.0,,12,True,False
1,2061000,Białystok,2013,8,started,920.0,182.0,,12,True,False
1,2061000,Białystok,2013,9,started,1048.0,128.0,,12,True,False
1,2061000,Białystok,2013,10,started,1102.0,54.0,,12,True,False
1,2061000,Białystok,2013,11,started,1314.0,212.0,,12,True,False
1,2061000,Białystok,2013,12,started,1324.0,10.0,,12,True,False
1,2061000,Białystok,2014,1,started,11.0,11.0,,12,True,False
1,2061000,Białystok,2014,2,started,80.0,69.0,,12,True,False
1,2061000,Białystok,2014,3,started,399.0,319.0,,12,True,False
1,2061000,Białystok,2014,4,started,524.0,125.0,,12,True,False
1,2061000,Białystok,2014,5,started,678.0,154.0,,12,True,False
1,2061000,Białystok,2014,6,started,699.0,21.0,,12,True,False
1,2061000,Białystok,2014,7,started,785.0,86.0,,12,True,False
1,2061000,Białystok,2014,8,started,849.0,64.0,,12,True,False
1,2061000,Białystok,2014,9,started,1262.0,413.0,,12,True,False
1,2061000,Białystok,2014,10,started,1298.0,36.0,,12,True,False
1,2061000,Białystok,2014,11,started,1728.0,430.0,,12,True,False
1,2061000,Białystok,2014,12,started,2031.0,303.0,,12,True,False
1,2061000,Białystok,2015,1,started,6.0,6.0,,12,True,False
1,2061000,Białystok,2015,2,started,42.0,36.0,,12,True,False
1,2061000,Białystok,2015,3,started,122.0,80.0,,12,True,False
1,2061000,Białystok,2015,4,started,302.0,180.0,,12,True,False
1,2061000,Białystok,2015,5,started,328.0,26.0,,12,True,False
1,2061000,Białystok,2015,6,started,359.0,31.0,,12,True,False
1,2061000,Białystok,2015,7,started,717.0,358.0,,12,True,False
1,2061000,Białystok,2015,8,started,1069.0,352.0,,12,True,False
1,2061000,Białystok,2015,9,started,1277.0,208.0,,12,True,False
1,2061000,Białystok,2015,10,started,1407.0,130.0,,12,True,False
1,2061000,Białystok,2015,11,started,1511.0,104.0,,12,True,False
1,2061000,Białystok,2015,12,started,1893.0,382.0,,12,True,False
1,2061000,Białystok,2016,1,started,5.0,5.0,,12,True,False
1,2061000,Białystok,2016,2,started,40.0,35.0,,12,True,False
1,2061000,Białystok,2016,3,started,95.0,55.0,,12,True,False
1,2061000,Białystok,2016,4,started,197.0,102.0,,12,True,False
1,2061000,Białystok,2016,5,started,282.0,85.0,,12,True,False
1,2061000,Białystok,2016,6,started,409.0,127.0,,12,True,False
1,2061000,Białystok,2016,7,started,499.0,90.0,,12,True,False
1,2061000,Białystok,2016,8,started,520.0,21.0,,12,True,False
1,2061000,Białystok,2016,9,started,962.0,442.0,,12,True,False
1,2061000,Białystok,2016,10,started,1081.0,119.0,,12,True,False
1,2061000,Białystok,2016,11,started,1314.0,233.0,,12,True,False
1,2061000,Białystok,2016,12,started,1514.0,200.0,,12,True,False
1,2061000,Białystok,2017,1,started,121.0,121.0,,12,True,False
1,2061000,Białystok,2017,2,started,393.0,272.0,,12,True,False
1,2061000,Białystok,2017,3,started,699.0,306.0,,12,True,False
1,2061000,Białystok,2017,4,started,765.0,66.0,,12,True,False
1,2061000,Białystok,2017,5,started,971.0,206.0,,12,True,False
1,2061000,Białystok,2017,6,started,1326.0,355.0,,12,True,False
1,2061000,Białystok,2017,7,started,1404.0,78.0,,12,True,False
1,2061000,Białystok,2017,8,started,1432.0,28.0,,12,True,False
1,2061000,Białystok,2017,9,started,1789.0,357.0,,12,True,False
1,2061000,Białystok,2017,10,started,1798.0,9.0,,12,True,False
1,2061000,Białystok,2017,11,started,2344.0,546.0,,12,True,False
1,2061000,Białystok,2017,12,started,2507.0,163.0,,12,True,False
1,2061000,Białystok,2018,1,started,12.0,12.0,,12,True,False
1,2061000,Białystok,2018,2,started,30.0,18.0,,12,True,False
1,2061000,Białystok,2018,3,started,196.0,166.0,,12,True,False
1,2061000,Białystok,2018,4,started,514.0,318.0,,12,True,False
1,2061000,Białystok,2018,5,started,792.0,278.0,,12,True,False
1,2061000,Białystok,2018,6,started,1891.0,1099.0,,12,True,False
1,2061000,Białystok,2018,7,started,2065.0,174.0,,12,True,False
1,2061000,Białystok,2018,8,started,2118.0,53.0,,12,True,False
1,2061000,Białystok,2018,9,started,2460.0,342.0,,12,True,False
1,2061000,Białystok,2018,10,started,2690.0,230.0,,12,True,False
1,2061000,Białystok,2018,11,started,3070.0,380.0,,12,True,False
1,2061000,Białystok,2018,12,started,3438.0,368.0,,12,True,False
1,2061000,Białystok,2019,1,started,1115.0,1115.0,,12,True,False
1,2061000,Białystok,2019,2,started,1360.0,245.0,,12,True,False
1,2061000,Białystok,2019,3,started,1634.0,274.0,,12,True,False
1,2061000,Białystok,2019,4,started,1810.0,176.0,,12,True,False
1,2061000,Białystok,2019,5,started,1839.0,29.0,,12,True,False
1,2061000,Białystok,2019,6,started,2060.0,221.0,,12,True,False
1,2061000,Białystok,2019,7,started,2180.0,120.0,,12,True,False
1,2061000,Białystok,2019,8,started,2318.0,138.0,,12,True,False
1,2061000,Białystok,2019,9,started,2489.0,171.0,,12,True,False
1,2061000,Białystok,2019,10,started,2591.0,102.0,,12,True,False
1,2061000,Białystok,2019,11,started,2608.0,17.0,,12,True,False
1,2061000,Białystok,2019,12,started,2903.0,295.0,,12,True,False
1,2061000,Białystok,2020,1,started,559.0,559.0,,12,True,False
1,2061000,Białystok,2020,2,started,1153.0,594.0,,12,True,False
1,2061000,Białystok,2020,3,started,1388.0,235.0,,12,True,False
1,2061000,Białystok,2020,4,started,1421.0,33.0,,12,True,False
1,2061000,Białystok,2020,5,started,1545.0,124.0,,12,True,False
1,2061000,Białystok,2020,6,started,1568.0,23.0,,12,True,False
1,2061000,Białystok,2020,7,started,1677.0,109.0,,12,True,False
1,2061000,Białystok,2020,8,started,2174.0,497.0,,12,True,False
1,2061000,Białystok,2020,9,started,2870.0,696.0,,12,True,False
1,2061000,Białystok,2020,10,started,3150.0,280.0,,12,True,False
1,2061000,Białystok,2020,11,started,3163.0,13.0,,12,True,False
1,2061000,Białystok,2020,12,started,3258.0,95.0,,12,True,False
1,2061000,Białystok,2021,1,started,11.0,11.0,,12,True,False
1,2061000,Białystok,2021,2,started,31.0,20.0,,12,True,False
1,2061000,Białystok,2021,3,started,451.0,420.0,,12,True,False
1,2061000,Białystok,2021,4,started,971.0,520.0,,12,True,False
1,2061000,Białystok,2021,5,started,1709.0,738.0,,12,True,False
1,2061000,Białystok,2021,6,started,1878.0,169.0,,12,True,False
1,2061000,Białystok,2021,7,started,1893.0,15.0,,12,True,False
1,2061000,Białystok,2021,8,started,2555.0,662.0,,12,True,False
1,2061000,Białystok,2021,9,started,2786.0,231.0,,12,True,False
1,2061000,Białystok,2021,10,started,2893.0,107.0,,12,True,False
1,2061000,Białystok,2021,11,started,2999.0,106.0,,12,True,False
1,2061000,Białystok,2021,12,started,3082.0,83.0,,12,True,False
1,2061000,Białystok,2022,1,started,305.0,305.0,,12,True,False
1,2061000,Białystok,2022,2,started,403.0,98.0,,12,True,False
1,2061000,Białystok,2022,3,started,814.0,411.0,,12,True,False
1,2061000,Białystok,2022,4,started,939.0,125.0,,12,True,False
1,2061000,Białystok,2022,5,started,956.0,17.0,,12,True,False
1,2061000,Białystok,2022,6,started,1071.0,115.0,,12,True,False
1,2061000,Białystok,2022,7,started,1276.0,205.0,,12,True,False
1,2061000,Białystok,2022,8,started,1297.0,21.0,,12,True,False
1,2061000,Białystok,2022,9,started,1314.0,17.0,,12,True,False
1,2061000,Białystok,2022,10,started,1350.0,36.0,,12,True,False
1,2061000,Białystok,2022,11,started,1358.0,8.0,,12,True,False
1,2061000,Białystok,2022,12,started,1366.0,8.0,,12,True,False
1,2061000,Białystok,2023,1,started,7.0,7.0,,12,True,False
1,2061000,Białystok,2023,2,started,16.0,9.0,,12,True,False
1,2061000,Białystok,2023,3,started,89.0,73.0,,12,True,False
1,2061000,Białystok,2023,4,started,101.0,12.0,,12,True,False
1,2061000,Białystok,2023,5,started,270.0,169.0,,12,True,False
1,2061000,Białystok,2023,6,started,303.0,33.0,,12,True,False
1,2061000,Białystok,2023,7,started,315.0,12.0,,12,True,False
1,2061000,Białystok,2023,8,started,405.0,90.0,,12,True,False
1,2061000,Białystok,2023,9,started,423.0,18.0,,12,True,False
1,2061000,Białystok,2023,10,started,727.0,304.0,,12,True,False
1,2061000,Białystok,2023,11,started,762.0,35.0,,12,True,False
1,2061000,Białystok,2023,12,started,826.0,64.0,,12,True,False
1,2061000,Białystok,2024,1,started,29.0,29.0,,12,True,False
1,2061000,Białystok,2024,2,started,664.0,635.0,,12,True,False
1,2061000,Białystok,2024,3,started,890.0,226.0,,12,True,False
1,2061000,Białystok,2024,4,started,908.0,18.0,,12,True,False
1,2061000,Białystok,2024,5,started,982.0,74.0,,12,True,False
1,2061000,Białystok,2024,6,started,1229.0,247.0,,12,True,False
1,2061000,Białystok,2024,7,started,1255.0,26.0,,12,True,False
1,2061000,Białystok,2024,8,started,1560.0,305.0,,12,True,False
1,2061000,Białystok,2024,9,started,1806.0,246.0,,12,True,False
1,2061000,Białystok,2024,10,started,2072.0,266.0,,12,True,False
1,2061000,Białystok,2024,11,started,2212.0,140.0,,12,True,False
1,2061000,Białystok,2024,12,started,2855.0,643.0,,12,True,False
1,2061000,Białystok,2025,1,started,562.0,562.0,,12,True,False
1,2061000,Białystok,2025,2,started,669.0,107.0,,12,True,False
1,2061000,Białystok,2025,3,started,895.0,226.0,,12,True,False
1,2061000,Białystok,2025,4,started,908.0,13.0,,12,True,False
1,2061000,Białystok,2025,5,started,1084.0,176.0,,12,True,False
1,2061000,Białystok,2025,6,started,1263.0,179.0,,12,True,False
1,2061000,Białystok,2025,7,started,1619.0,356.0,,12,True,False
1,2061000,Białystok,2025,8,started,1635.0,16.0,,12,True,False
1,2061000,Białystok,2025,9,started,1715.0,80.0,,12,True,False
1,2061000,Białystok,2025,10,started,1861.0,146.0,,12,True,False
1,2061000,Białystok,2025,11,started,1886.0,25.0,,12,True,False
1,2061000,Białystok,2025,12,started,1891.0,5.0,,12,True,False
1,2061000,Białystok,2026,1,started,25.0,25.0,,6,False,False
1,2061000,Białystok,2026,2,started,428.0,403.0,,6,False,False
1,2061000,Białystok,2026,3,started,682.0,254.0,,6,False,False
1,2061000,Białystok,2026,4,started,817.0,135.0,,6,False,False
1,2061000,Białystok,2026,5,started,1248.0,431.0,,6,False,False
1,2061000,Białystok,2026,6,started,1351.0,103.0,,6,False,False
2,0461000,Bydgoszcz,2005,1,started,3.0,3.0,,12,True,False
2,0461000,Bydgoszcz,2005,2,started,5.0,2.0,,12,True,False
2,0461000,Bydgoszcz,2005,3,started,13.0,8.0,,12,True,False
2,0461000,Bydgoszcz,2005,4,started,19.0,6.0,,12,True,False
2,0461000,Bydgoszcz,2005,5,started,27.0,8.0,,12,True,False
2,0461000,Bydgoszcz,2005,6,started,38.0,11.0,,12,True,False
2,0461000,Bydgoszcz,2005,7,started,404.0,366.0,,12,True,False
2,0461000,Bydgoszcz,2005,8,started,446.0,42.0,,12,True,False
2,0461000,Bydgoszcz,2005,9,started,462.0,16.0,,12,True,False
2,0461000,Bydgoszcz,2005,10,started,481.0,19.0,,12,True,False
2,0461000,Bydgoszcz,2005,11,started,505.0,24.0,,12,True,False
2,0461000,Bydgoszcz,2005,12,started,633.0,128.0,,12,True,False
2,0461000,Bydgoszcz,2006,1,started,0.0,0.0,,12,True,False
2,0461000,Bydgoszcz,2006,2,started,24.0,24.0,,12,True,False
2,0461000,Bydgoszcz,2006,3,started,178.0,154.0,,12,True,False
2,0461000,Bydgoszcz,2006,4,started,300.0,122.0,,12,True,False
2,0461000,Bydgoszcz,2006,5,started,461.0,161.0,,12,True,False
2,0461000,Bydgoszcz,2006,6,started,475.0,14.0,,12,True,False
2,0461000,Bydgoszcz,2006,7,started,483.0,8.0,,12,True,False
2,0461000,Bydgoszcz,2006,8,started,499.0,16.0,,12,True,False
2,0461000,Bydgoszcz,2006,9,started,528.0,29.0,,12,True,False
2,0461000,Bydgoszcz,2006,10,started,678.0,150.0,,12,True,False
2,0461000,Bydgoszcz,2006,11,started,760.0,82.0,,12,True,False
2,0461000,Bydgoszcz,2006,12,started,1184.0,424.0,,12,True,False
2,0461000,Bydgoszcz,2007,1,started,19.0,19.0,,12,True,False
2,0461000,Bydgoszcz,2007,2,started,30.0,11.0,,12,True,False
2,0461000,Bydgoszcz,2007,3,started,96.0,66.0,,12,True,False
2,0461000,Bydgoszcz,2007,4,started,178.0,82.0,,12,True,False
2,0461000,Bydgoszcz,2007,5,started,347.0,169.0,,12,True,False
2,0461000,Bydgoszcz,2007,6,started,697.0,350.0,,12,True,False
2,0461000,Bydgoszcz,2007,7,started,774.0,77.0,,12,True,False
2,0461000,Bydgoszcz,2007,8,started,827.0,53.0,,12,True,False
2,0461000,Bydgoszcz,2007,9,started,846.0,19.0,,12,True,False
2,0461000,Bydgoszcz,2007,10,started,970.0,124.0,,12,True,False
2,0461000,Bydgoszcz,2007,11,started,1121.0,151.0,,12,True,False
2,0461000,Bydgoszcz,2007,12,started,1243.0,122.0,,12,True,False
2,0461000,Bydgoszcz,2008,1,started,106.0,106.0,,12,True,False
2,0461000,Bydgoszcz,2008,2,started,142.0,36.0,,12,True,False
2,0461000,Bydgoszcz,2008,3,started,219.0,77.0,,12,True,False
2,0461000,Bydgoszcz,2008,4,started,401.0,182.0,,12,True,False
2,0461000,Bydgoszcz,2008,5,started,967.0,566.0,,12,True,False
2,0461000,Bydgoszcz,2008,6,started,1186.0,219.0,,12,True,False
2,0461000,Bydgoszcz,2008,7,started,1319.0,133.0,,12,True,False
2,0461000,Bydgoszcz,2008,8,started,1357.0,38.0,,12,True,False
2,0461000,Bydgoszcz,2008,9,started,1409.0,52.0,,12,True,False
2,0461000,Bydgoszcz,2008,10,started,1562.0,153.0,,12,True,False
2,0461000,Bydgoszcz,2008,11,started,1597.0,35.0,,12,True,False
2,0461000,Bydgoszcz,2008,12,started,1604.0,7.0,,12,True,False
2,0461000,Bydgoszcz,2009,1,started,158.0,158.0,,12,True,False
2,0461000,Bydgoszcz,2009,2,started,210.0,52.0,,12,True,False
2,0461000,Bydgoszcz,2009,3,started,265.0,55.0,,12,True,False
2,0461000,Bydgoszcz,2009,4,started,329.0,64.0,,12,True,False
2,0461000,Bydgoszcz,2009,5,started,380.0,51.0,,12,True,False
2,0461000,Bydgoszcz,2009,6,started,416.0,36.0,,12,True,False
2,0461000,Bydgoszcz,2009,7,started,477.0,61.0,,12,True,False
2,0461000,Bydgoszcz,2009,8,started,487.0,10.0,,12,True,False
2,0461000,Bydgoszcz,2009,9,started,563.0,76.0,,12,True,False
2,0461000,Bydgoszcz,2009,10,started,851.0,288.0,,12,True,False
2,0461000,Bydgoszcz,2009,11,started,1054.0,203.0,,12,True,False
2,0461000,Bydgoszcz,2009,12,started,1131.0,77.0,,12,True,False
2,0461000,Bydgoszcz,2010,1,started,89.0,89.0,,12,True,False
2,0461000,Bydgoszcz,2010,2,started,93.0,4.0,,12,True,False
2,0461000,Bydgoszcz,2010,3,started,105.0,12.0,,12,True,False
2,0461000,Bydgoszcz,2010,4,started,270.0,165.0,,12,True,False
2,0461000,Bydgoszcz,2010,5,started,298.0,28.0,,12,True,False
2,0461000,Bydgoszcz,2010,6,started,394.0,96.0,,12,True,False
2,0461000,Bydgoszcz,2010,7,started,504.0,110.0,,12,True,False
2,0461000,Bydgoszcz,2010,8,started,517.0,13.0,,12,True,False
2,0461000,Bydgoszcz,2010,9,started,569.0,52.0,,12,True,False
2,0461000,Bydgoszcz,2010,10,started,742.0,173.0,,12,True,False
2,0461000,Bydgoszcz,2010,11,started,747.0,5.0,,12,True,False
2,0461000,Bydgoszcz,2010,12,started,750.0,3.0,,12,True,False
2,0461000,Bydgoszcz,2011,1,started,76.0,76.0,,12,True,False
2,0461000,Bydgoszcz,2011,2,started,96.0,20.0,,12,True,False
2,0461000,Bydgoszcz,2011,3,started,144.0,48.0,,12,True,False
2,0461000,Bydgoszcz,2011,4,started,208.0,64.0,,12,True,False
2,0461000,Bydgoszcz,2011,5,started,344.0,136.0,,12,True,False
2,0461000,Bydgoszcz,2011,6,started,421.0,77.0,,12,True,False
2,0461000,Bydgoszcz,2011,7,started,430.0,9.0,,12,True,False
2,0461000,Bydgoszcz,2011,8,started,521.0,91.0,,12,True,False
2,0461000,Bydgoszcz,2011,9,started,575.0,54.0,,12,True,False
2,0461000,Bydgoszcz,2011,10,started,1034.0,459.0,,12,True,False
2,0461000,Bydgoszcz,2011,11,started,1101.0,67.0,,12,True,False
2,0461000,Bydgoszcz,2011,12,started,1261.0,160.0,,12,True,False
2,0461000,Bydgoszcz,2012,1,started,20.0,20.0,,12,True,False
2,0461000,Bydgoszcz,2012,2,started,136.0,116.0,,12,True,False
2,0461000,Bydgoszcz,2012,3,started,176.0,40.0,,12,True,False
2,0461000,Bydgoszcz,2012,4,started,263.0,87.0,,12,True,False
2,0461000,Bydgoszcz,2012,5,started,276.0,13.0,,12,True,False
2,0461000,Bydgoszcz,2012,6,started,561.0,285.0,,12,True,False
2,0461000,Bydgoszcz,2012,7,started,649.0,88.0,,12,True,False
2,0461000,Bydgoszcz,2012,8,started,674.0,25.0,,12,True,False
2,0461000,Bydgoszcz,2012,9,started,718.0,44.0,,12,True,False
2,0461000,Bydgoszcz,2012,10,started,799.0,81.0,,12,True,False
2,0461000,Bydgoszcz,2012,11,started,837.0,38.0,,12,True,False
2,0461000,Bydgoszcz,2012,12,started,837.0,0.0,,12,True,False
2,0461000,Bydgoszcz,2013,1,started,4.0,4.0,,12,True,False
2,0461000,Bydgoszcz,2013,2,started,44.0,40.0,,12,True,False
2,0461000,Bydgoszcz,2013,3,started,176.0,132.0,,12,True,False
2,0461000,Bydgoszcz,2013,4,started,314.0,138.0,,12,True,False
2,0461000,Bydgoszcz,2013,5,started,512.0,198.0,,12,True,False
2,0461000,Bydgoszcz,2013,6,started,536.0,24.0,,12,True,False
2,0461000,Bydgoszcz,2013,7,started,585.0,49.0,,12,True,False
2,0461000,Bydgoszcz,2013,8,started,718.0,133.0,,12,True,False
2,0461000,Bydgoszcz,2013,9,started,782.0,64.0,,12,True,False
2,0461000,Bydgoszcz,2013,10,started,1092.0,310.0,,12,True,False
2,0461000,Bydgoszcz,2013,11,started,1198.0,106.0,,12,True,False
2,0461000,Bydgoszcz,2013,12,started,1204.0,6.0,,12,True,False
2,0461000,Bydgoszcz,2014,1,started,1.0,1.0,,12,True,False
2,0461000,Bydgoszcz,2014,2,started,57.0,56.0,,12,True,False
2,0461000,Bydgoszcz,2014,3,started,72.0,15.0,,12,True,False
2,0461000,Bydgoszcz,2014,4,started,82.0,10.0,,12,True,False
2,0461000,Bydgoszcz,2014,5,started,318.0,236.0,,12,True,False
2,0461000,Bydgoszcz,2014,6,started,591.0,273.0,,12,True,False
2,0461000,Bydgoszcz,2014,7,started,599.0,8.0,,12,True,False
2,0461000,Bydgoszcz,2014,8,started,670.0,71.0,,12,True,False
2,0461000,Bydgoszcz,2014,9,started,877.0,207.0,,12,True,False
2,0461000,Bydgoszcz,2014,10,started,1071.0,194.0,,12,True,False
2,0461000,Bydgoszcz,2014,11,started,1078.0,7.0,,12,True,False
2,0461000,Bydgoszcz,2014,12,started,1208.0,130.0,,12,True,False
2,0461000,Bydgoszcz,2015,1,started,27.0,27.0,,12,True,False
2,0461000,Bydgoszcz,2015,2,started,31.0,4.0,,12,True,False
2,0461000,Bydgoszcz,2015,3,started,182.0,151.0,,12,True,False
2,0461000,Bydgoszcz,2015,4,started,194.0,12.0,,12,True,False
2,0461000,Bydgoszcz,2015,5,started,261.0,67.0,,12,True,False
2,0461000,Bydgoszcz,2015,6,started,488.0,227.0,,12,True,False
2,0461000,Bydgoszcz,2015,7,started,495.0,7.0,,12,True,False
2,0461000,Bydgoszcz,2015,8,started,500.0,5.0,,12,True,False
2,0461000,Bydgoszcz,2015,9,started,730.0,230.0,,12,True,False
2,0461000,Bydgoszcz,2015,10,started,868.0,138.0,,12,True,False
2,0461000,Bydgoszcz,2015,11,started,1068.0,200.0,,12,True,False
2,0461000,Bydgoszcz,2015,12,started,1129.0,61.0,,12,True,False
2,0461000,Bydgoszcz,2016,1,started,45.0,45.0,,12,True,False
2,0461000,Bydgoszcz,2016,2,started,139.0,94.0,,12,True,False
2,0461000,Bydgoszcz,2016,3,started,374.0,235.0,,12,True,False
2,0461000,Bydgoszcz,2016,4,started,669.0,295.0,,12,True,False
2,0461000,Bydgoszcz,2016,5,started,725.0,56.0,,12,True,False
2,0461000,Bydgoszcz,2016,6,started,776.0,51.0,,12,True,False
2,0461000,Bydgoszcz,2016,7,started,980.0,204.0,,12,True,False
2,0461000,Bydgoszcz,2016,8,started,988.0,8.0,,12,True,False
2,0461000,Bydgoszcz,2016,9,started,1034.0,46.0,,12,True,False
2,0461000,Bydgoszcz,2016,10,started,1037.0,3.0,,12,True,False
2,0461000,Bydgoszcz,2016,11,started,1041.0,4.0,,12,True,False
2,0461000,Bydgoszcz,2016,12,started,1261.0,220.0,,12,True,False
2,0461000,Bydgoszcz,2017,1,started,138.0,138.0,,12,True,False
2,0461000,Bydgoszcz,2017,2,started,221.0,83.0,,12,True,False
2,0461000,Bydgoszcz,2017,3,started,319.0,98.0,,12,True,False
2,0461000,Bydgoszcz,2017,4,started,405.0,86.0,,12,True,False
2,0461000,Bydgoszcz,2017,5,started,830.0,425.0,,12,True,False
2,0461000,Bydgoszcz,2017,6,started,880.0,50.0,,12,True,False
2,0461000,Bydgoszcz,2017,7,started,1111.0,231.0,,12,True,False
2,0461000,Bydgoszcz,2017,8,started,1422.0,311.0,,12,True,False
2,0461000,Bydgoszcz,2017,9,started,1597.0,175.0,,12,True,False
2,0461000,Bydgoszcz,2017,10,started,1925.0,328.0,,12,True,False
2,0461000,Bydgoszcz,2017,11,started,1955.0,30.0,,12,True,False
2,0461000,Bydgoszcz,2017,12,started,2087.0,132.0,,12,True,False
2,0461000,Bydgoszcz,2018,1,started,296.0,296.0,,12,True,False
2,0461000,Bydgoszcz,2018,2,started,351.0,55.0,,12,True,False
2,0461000,Bydgoszcz,2018,3,started,816.0,465.0,,12,True,False
2,0461000,Bydgoszcz,2018,4,started,927.0,111.0,,12,True,False
2,0461000,Bydgoszcz,2018,5,started,950.0,23.0,,12,True,False
2,0461000,Bydgoszcz,2018,6,started,1095.0,145.0,,12,True,False
2,0461000,Bydgoszcz,2018,7,started,1408.0,313.0,,12,True,False
2,0461000,Bydgoszcz,2018,8,started,1579.0,171.0,,12,True,False
2,0461000,Bydgoszcz,2018,9,started,1783.0,204.0,,12,True,False
2,0461000,Bydgoszcz,2018,10,started,1818.0,35.0,,12,True,False
2,0461000,Bydgoszcz,2018,11,started,1917.0,99.0,,12,True,False
2,0461000,Bydgoszcz,2018,12,started,1929.0,12.0,,12,True,False
2,0461000,Bydgoszcz,2019,1,started,27.0,27.0,,12,True,False
2,0461000,Bydgoszcz,2019,2,started,172.0,145.0,,12,True,False
2,0461000,Bydgoszcz,2019,3,started,455.0,283.0,,12,True,False
2,0461000,Bydgoszcz,2019,4,started,721.0,266.0,,12,True,False
2,0461000,Bydgoszcz,2019,5,started,784.0,63.0,,12,True,False
2,0461000,Bydgoszcz,2019,6,started,971.0,187.0,,12,True,False
2,0461000,Bydgoszcz,2019,7,started,999.0,28.0,,12,True,False
2,0461000,Bydgoszcz,2019,8,started,1069.0,70.0,,12,True,False
2,0461000,Bydgoszcz,2019,9,started,1211.0,142.0,,12,True,False
2,0461000,Bydgoszcz,2019,10,started,1580.0,369.0,,12,True,False
2,0461000,Bydgoszcz,2019,11,started,2045.0,465.0,,12,True,False
2,0461000,Bydgoszcz,2019,12,started,2089.0,44.0,,12,True,False
2,0461000,Bydgoszcz,2020,1,started,50.0,50.0,,12,True,False
2,0461000,Bydgoszcz,2020,2,started,248.0,198.0,,12,True,False
2,0461000,Bydgoszcz,2020,3,started,925.0,677.0,,12,True,False
2,0461000,Bydgoszcz,2020,4,started,1014.0,89.0,,12,True,False
2,0461000,Bydgoszcz,2020,5,started,1020.0,6.0,,12,True,False
2,0461000,Bydgoszcz,2020,6,started,1201.0,181.0,,12,True,False
2,0461000,Bydgoszcz,2020,7,started,2123.0,922.0,,12,True,False
2,0461000,Bydgoszcz,2020,8,started,2132.0,9.0,,12,True,False
2,0461000,Bydgoszcz,2020,9,started,2362.0,230.0,,12,True,False
2,0461000,Bydgoszcz,2020,10,started,2387.0,25.0,,12,True,False
2,0461000,Bydgoszcz,2020,11,started,2536.0,149.0,,12,True,False
2,0461000,Bydgoszcz,2020,12,started,2622.0,86.0,,12,True,False
2,0461000,Bydgoszcz,2021,1,started,166.0,166.0,,12,True,False
2,0461000,Bydgoszcz,2021,2,started,258.0,92.0,,12,True,False
2,0461000,Bydgoszcz,2021,3,started,329.0,71.0,,12,True,False
2,0461000,Bydgoszcz,2021,4,started,631.0,302.0,,12,True,False
2,0461000,Bydgoszcz,2021,5,started,1234.0,603.0,,12,True,False
2,0461000,Bydgoszcz,2021,6,started,1398.0,164.0,,12,True,False
2,0461000,Bydgoszcz,2021,7,started,1430.0,32.0,,12,True,False
2,0461000,Bydgoszcz,2021,8,started,1695.0,265.0,,12,True,False
2,0461000,Bydgoszcz,2021,9,started,1780.0,85.0,,12,True,False
2,0461000,Bydgoszcz,2021,10,started,1975.0,195.0,,12,True,False
2,0461000,Bydgoszcz,2021,11,started,1985.0,10.0,,12,True,False
2,0461000,Bydgoszcz,2021,12,started,2263.0,278.0,,12,True,False
2,0461000,Bydgoszcz,2022,1,started,8.0,8.0,,12,True,False
2,0461000,Bydgoszcz,2022,2,started,18.0,10.0,,12,True,False
2,0461000,Bydgoszcz,2022,3,started,99.0,81.0,,12,True,False
2,0461000,Bydgoszcz,2022,4,started,240.0,141.0,,12,True,False
2,0461000,Bydgoszcz,2022,5,started,390.0,150.0,,12,True,False
2,0461000,Bydgoszcz,2022,6,started,395.0,5.0,,12,True,False
2,0461000,Bydgoszcz,2022,7,started,401.0,6.0,,12,True,False
2,0461000,Bydgoszcz,2022,8,started,421.0,20.0,,12,True,False
2,0461000,Bydgoszcz,2022,9,started,428.0,7.0,,12,True,False
2,0461000,Bydgoszcz,2022,10,started,818.0,390.0,,12,True,False
2,0461000,Bydgoszcz,2022,11,started,1517.0,699.0,,12,True,False
2,0461000,Bydgoszcz,2022,12,started,1522.0,5.0,,12,True,False
2,0461000,Bydgoszcz,2023,1,started,8.0,8.0,,12,True,False
2,0461000,Bydgoszcz,2023,2,started,16.0,8.0,,12,True,False
2,0461000,Bydgoszcz,2023,3,started,43.0,27.0,,12,True,False
2,0461000,Bydgoszcz,2023,4,started,50.0,7.0,,12,True,False
2,0461000,Bydgoszcz,2023,5,started,343.0,293.0,,12,True,False
2,0461000,Bydgoszcz,2023,6,started,548.0,205.0,,12,True,False
2,0461000,Bydgoszcz,2023,7,started,590.0,42.0,,12,True,False
2,0461000,Bydgoszcz,2023,8,started,727.0,137.0,,12,True,False
2,0461000,Bydgoszcz,2023,9,started,818.0,91.0,,12,True,False
2,0461000,Bydgoszcz,2023,10,started,1125.0,307.0,,12,True,False
2,0461000,Bydgoszcz,2023,11,started,1321.0,196.0,,12,True,False
2,0461000,Bydgoszcz,2023,12,started,1327.0,6.0,,12,True,False
2,0461000,Bydgoszcz,2024,1,started,1.0,1.0,,12,True,False
2,0461000,Bydgoszcz,2024,2,started,122.0,121.0,,12,True,False
2,0461000,Bydgoszcz,2024,3,started,577.0,455.0,,12,True,False
2,0461000,Bydgoszcz,2024,4,started,693.0,116.0,,12,True,False
2,0461000,Bydgoszcz,2024,5,started,959.0,266.0,,12,True,False
2,0461000,Bydgoszcz,2024,6,started,993.0,34.0,,12,True,False
2,0461000,Bydgoszcz,2024,7,started,1029.0,36.0,,12,True,False
2,0461000,Bydgoszcz,2024,8,started,1046.0,17.0,,12,True,False
2,0461000,Bydgoszcz,2024,9,started,1312.0,266.0,,12,True,False
2,0461000,Bydgoszcz,2024,10,started,1487.0,175.0,,12,True,False
2,0461000,Bydgoszcz,2024,11,started,1825.0,338.0,,12,True,False
2,0461000,Bydgoszcz,2024,12,started,1828.0,3.0,,12,True,False
2,0461000,Bydgoszcz,2025,1,started,211.0,211.0,,12,True,False
2,0461000,Bydgoszcz,2025,2,started,216.0,5.0,,12,True,False
2,0461000,Bydgoszcz,2025,3,started,250.0,34.0,,12,True,False
2,0461000,Bydgoszcz,2025,4,started,391.0,141.0,,12,True,False
2,0461000,Bydgoszcz,2025,5,started,406.0,15.0,,12,True,False
2,0461000,Bydgoszcz,2025,6,started,444.0,38.0,,12,True,False
2,0461000,Bydgoszcz,2025,7,started,1237.0,793.0,,12,True,False
2,0461000,Bydgoszcz,2025,8,started,1257.0,20.0,,12,True,False
2,0461000,Bydgoszcz,2025,9,started,1330.0,73.0,,12,True,False
2,0461000,Bydgoszcz,2025,10,started,1342.0,12.0,,12,True,False
2,0461000,Bydgoszcz,2025,11,started,1526.0,184.0,,12,True,False
2,0461000,Bydgoszcz,2025,12,started,1756.0,230.0,,12,True,False
2,0461000,Bydgoszcz,2026,1,started,5.0,5.0,,6,False,False
2,0461000,Bydgoszcz,2026,2,started,229.0,224.0,,6,False,False
2,0461000,Bydgoszcz,2026,3,started,243.0,14.0,,6,False,False
2,0461000,Bydgoszcz,2026,4,started,321.0,78.0,,6,False,False
2,0461000,Bydgoszcz,2026,5,started,410.0,89.0,,6,False,False
2,0461000,Bydgoszcz,2026,6,started,539.0,129.0,,6,False,False
3,2261000,Gdańsk,2005,1,started,255.0,255.0,,12,True,False
3,2261000,Gdańsk,2005,2,started,462.0,207.0,,12,True,False
3,2261000,Gdańsk,2005,3,started,562.0,100.0,,12,True,False
3,2261000,Gdańsk,2005,4,started,733.0,171.0,,12,True,False
3,2261000,Gdańsk,2005,5,started,1004.0,271.0,,12,True,False
3,2261000,Gdańsk,2005,6,started,1373.0,369.0,,12,True,False
3,2261000,Gdańsk,2005,7,started,1485.0,112.0,,12,True,False
3,2261000,Gdańsk,2005,8,started,1755.0,270.0,,12,True,False
3,2261000,Gdańsk,2005,9,started,2491.0,736.0,,12,True,False
3,2261000,Gdańsk,2005,10,started,2601.0,110.0,,12,True,False
3,2261000,Gdańsk,2005,11,started,2717.0,116.0,,12,True,False
3,2261000,Gdańsk,2005,12,started,3299.0,582.0,,12,True,False
3,2261000,Gdańsk,2006,1,started,278.0,278.0,,12,True,False
3,2261000,Gdańsk,2006,2,started,509.0,231.0,,12,True,False
3,2261000,Gdańsk,2006,3,started,882.0,373.0,,12,True,False
3,2261000,Gdańsk,2006,4,started,1053.0,171.0,,12,True,False
3,2261000,Gdańsk,2006,5,started,1803.0,750.0,,12,True,False
3,2261000,Gdańsk,2006,6,started,3072.0,1269.0,,12,True,False
3,2261000,Gdańsk,2006,7,started,3332.0,260.0,,12,True,False
3,2261000,Gdańsk,2006,8,started,4228.0,896.0,,12,True,False
3,2261000,Gdańsk,2006,9,started,5157.0,929.0,,12,True,False
3,2261000,Gdańsk,2006,10,started,5834.0,677.0,,12,True,False
3,2261000,Gdańsk,2006,11,started,6048.0,214.0,,12,True,False
3,2261000,Gdańsk,2006,12,started,6065.0,17.0,,12,True,False
3,2261000,Gdańsk,2007,1,started,144.0,144.0,,12,True,False
3,2261000,Gdańsk,2007,2,started,713.0,569.0,,12,True,False
3,2261000,Gdańsk,2007,3,started,1013.0,300.0,,12,True,False
3,2261000,Gdańsk,2007,4,started,2025.0,1012.0,,12,True,False
3,2261000,Gdańsk,2007,5,started,2683.0,658.0,,12,True,False
3,2261000,Gdańsk,2007,6,started,3352.0,669.0,,12,True,False
3,2261000,Gdańsk,2007,7,started,3672.0,320.0,,12,True,False
3,2261000,Gdańsk,2007,8,started,3955.0,283.0,,12,True,False
3,2261000,Gdańsk,2007,9,started,4477.0,522.0,,12,True,False
3,2261000,Gdańsk,2007,10,started,5207.0,730.0,,12,True,False
3,2261000,Gdańsk,2007,11,started,5532.0,325.0,,12,True,False
3,2261000,Gdańsk,2007,12,started,5857.0,325.0,,12,True,False
3,2261000,Gdańsk,2008,1,started,466.0,466.0,,12,True,False
3,2261000,Gdańsk,2008,2,started,573.0,107.0,,12,True,False
3,2261000,Gdańsk,2008,3,started,1315.0,742.0,,12,True,False
3,2261000,Gdańsk,2008,4,started,1591.0,276.0,,12,True,False
3,2261000,Gdańsk,2008,5,started,2372.0,781.0,,12,True,False
3,2261000,Gdańsk,2008,6,started,2867.0,495.0,,12,True,False
3,2261000,Gdańsk,2008,7,started,3289.0,422.0,,12,True,False
3,2261000,Gdańsk,2008,8,started,3351.0,62.0,,12,True,False
3,2261000,Gdańsk,2008,9,started,3972.0,621.0,,12,True,False
3,2261000,Gdańsk,2008,10,started,5201.0,1229.0,,12,True,False
3,2261000,Gdańsk,2008,11,started,5486.0,285.0,,12,True,False
3,2261000,Gdańsk,2008,12,started,5740.0,254.0,,12,True,False
3,2261000,Gdańsk,2009,1,started,285.0,285.0,,12,True,False
3,2261000,Gdańsk,2009,2,started,317.0,32.0,,12,True,False
3,2261000,Gdańsk,2009,3,started,744.0,427.0,,12,True,False
3,2261000,Gdańsk,2009,4,started,1339.0,595.0,,12,True,False
3,2261000,Gdańsk,2009,5,started,1698.0,359.0,,12,True,False
3,2261000,Gdańsk,2009,6,started,2023.0,325.0,,12,True,False
3,2261000,Gdańsk,2009,7,started,2189.0,166.0,,12,True,False
3,2261000,Gdańsk,2009,8,started,2576.0,387.0,,12,True,False
3,2261000,Gdańsk,2009,9,started,2712.0,136.0,,12,True,False
3,2261000,Gdańsk,2009,10,started,2990.0,278.0,,12,True,False
3,2261000,Gdańsk,2009,11,started,3826.0,836.0,,12,True,False
3,2261000,Gdańsk,2009,12,started,4092.0,266.0,,12,True,False
3,2261000,Gdańsk,2010,1,started,0.0,0.0,,12,True,False
3,2261000,Gdańsk,2010,2,started,0.0,0.0,,12,True,False
3,2261000,Gdańsk,2010,3,started,192.0,192.0,,12,True,False
3,2261000,Gdańsk,2010,4,started,209.0,17.0,,12,True,False
3,2261000,Gdańsk,2010,5,started,2529.0,2320.0,,12,True,False
3,2261000,Gdańsk,2010,6,started,2652.0,123.0,,12,True,False
3,2261000,Gdańsk,2010,7,started,2860.0,208.0,,12,True,False
3,2261000,Gdańsk,2010,8,started,3270.0,410.0,,12,True,False
3,2261000,Gdańsk,2010,9,started,3633.0,363.0,,12,True,False
3,2261000,Gdańsk,2010,10,started,3913.0,280.0,,12,True,False
3,2261000,Gdańsk,2010,11,started,4432.0,519.0,,12,True,False
3,2261000,Gdańsk,2010,12,started,4688.0,256.0,,12,True,False
3,2261000,Gdańsk,2011,1,started,2.0,2.0,,12,True,False
3,2261000,Gdańsk,2011,2,started,26.0,24.0,,12,True,False
3,2261000,Gdańsk,2011,3,started,287.0,261.0,,12,True,False
3,2261000,Gdańsk,2011,4,started,874.0,587.0,,12,True,False
3,2261000,Gdańsk,2011,5,started,1195.0,321.0,,12,True,False
3,2261000,Gdańsk,2011,6,started,1711.0,516.0,,12,True,False
3,2261000,Gdańsk,2011,7,started,2040.0,329.0,,12,True,False
3,2261000,Gdańsk,2011,8,started,2208.0,168.0,,12,True,False
3,2261000,Gdańsk,2011,9,started,3067.0,859.0,,12,True,False
3,2261000,Gdańsk,2011,10,started,3998.0,931.0,,12,True,False
3,2261000,Gdańsk,2011,11,started,4450.0,452.0,,12,True,False
3,2261000,Gdańsk,2011,12,started,4595.0,145.0,,12,True,False
3,2261000,Gdańsk,2012,1,started,375.0,375.0,,12,True,False
3,2261000,Gdańsk,2012,2,started,713.0,338.0,,12,True,False
3,2261000,Gdańsk,2012,3,started,908.0,195.0,,12,True,False
3,2261000,Gdańsk,2012,4,started,1189.0,281.0,,12,True,False
3,2261000,Gdańsk,2012,5,started,1414.0,225.0,,12,True,False
3,2261000,Gdańsk,2012,6,started,1715.0,301.0,,12,True,False
3,2261000,Gdańsk,2012,7,started,1906.0,191.0,,12,True,False
3,2261000,Gdańsk,2012,8,started,2449.0,543.0,,12,True,False
3,2261000,Gdańsk,2012,9,started,3264.0,815.0,,12,True,False
3,2261000,Gdańsk,2012,10,started,3496.0,232.0,,12,True,False
3,2261000,Gdańsk,2012,11,started,3696.0,200.0,,12,True,False
3,2261000,Gdańsk,2012,12,started,3856.0,160.0,,12,True,False
3,2261000,Gdańsk,2013,1,started,4.0,4.0,,12,True,False
3,2261000,Gdańsk,2013,2,started,401.0,397.0,,12,True,False
3,2261000,Gdańsk,2013,3,started,770.0,369.0,,12,True,False
3,2261000,Gdańsk,2013,4,started,1196.0,426.0,,12,True,False
3,2261000,Gdańsk,2013,5,started,1669.0,473.0,,12,True,False
3,2261000,Gdańsk,2013,6,started,2018.0,349.0,,12,True,False
3,2261000,Gdańsk,2013,7,started,2436.0,418.0,,12,True,False
3,2261000,Gdańsk,2013,8,started,3211.0,775.0,,12,True,False
3,2261000,Gdańsk,2013,9,started,3488.0,277.0,,12,True,False
3,2261000,Gdańsk,2013,10,started,3768.0,280.0,,12,True,False
3,2261000,Gdańsk,2013,11,started,4038.0,270.0,,12,True,False
3,2261000,Gdańsk,2013,12,started,4509.0,471.0,,12,True,False
3,2261000,Gdańsk,2014,1,started,81.0,81.0,,12,True,False
3,2261000,Gdańsk,2014,2,started,776.0,695.0,,12,True,False
3,2261000,Gdańsk,2014,3,started,1041.0,265.0,,12,True,False
3,2261000,Gdańsk,2014,4,started,1061.0,20.0,,12,True,False
3,2261000,Gdańsk,2014,5,started,1857.0,796.0,,12,True,False
3,2261000,Gdańsk,2014,6,started,2312.0,455.0,,12,True,False
3,2261000,Gdańsk,2014,7,started,2806.0,494.0,,12,True,False
3,2261000,Gdańsk,2014,8,started,3128.0,322.0,,12,True,False
3,2261000,Gdańsk,2014,9,started,3494.0,366.0,,12,True,False
3,2261000,Gdańsk,2014,10,started,4008.0,514.0,,12,True,False
3,2261000,Gdańsk,2014,11,started,4701.0,693.0,,12,True,False
3,2261000,Gdańsk,2014,12,started,5057.0,356.0,,12,True,False
3,2261000,Gdańsk,2015,1,started,540.0,540.0,,12,True,False
3,2261000,Gdańsk,2015,2,started,958.0,418.0,,12,True,False
3,2261000,Gdańsk,2015,3,started,2424.0,1466.0,,12,True,False
3,2261000,Gdańsk,2015,4,started,2666.0,242.0,,12,True,False
3,2261000,Gdańsk,2015,5,started,3197.0,531.0,,12,True,False
3,2261000,Gdańsk,2015,6,started,3685.0,488.0,,12,True,False
3,2261000,Gdańsk,2015,7,started,4539.0,854.0,,12,True,False
3,2261000,Gdańsk,2015,8,started,4870.0,331.0,,12,True,False
3,2261000,Gdańsk,2015,9,started,5115.0,245.0,,12,True,False
3,2261000,Gdańsk,2015,10,started,5251.0,136.0,,12,True,False
3,2261000,Gdańsk,2015,11,started,5509.0,258.0,,12,True,False
3,2261000,Gdańsk,2015,12,started,6007.0,498.0,,12,True,False
3,2261000,Gdańsk,2016,1,started,392.0,392.0,,12,True,False
3,2261000,Gdańsk,2016,2,started,941.0,549.0,,12,True,False
3,2261000,Gdańsk,2016,3,started,1210.0,269.0,,12,True,False
3,2261000,Gdańsk,2016,4,started,1713.0,503.0,,12,True,False
3,2261000,Gdańsk,2016,5,started,2057.0,344.0,,12,True,False
3,2261000,Gdańsk,2016,6,started,3182.0,1125.0,,12,True,False
3,2261000,Gdańsk,2016,7,started,3880.0,698.0,,12,True,False
3,2261000,Gdańsk,2016,8,started,4252.0,372.0,,12,True,False
3,2261000,Gdańsk,2016,9,started,4443.0,191.0,,12,True,False
3,2261000,Gdańsk,2016,10,started,5015.0,572.0,,12,True,False
3,2261000,Gdańsk,2016,11,started,5368.0,353.0,,12,True,False
3,2261000,Gdańsk,2016,12,started,6461.0,1093.0,,12,True,False
3,2261000,Gdańsk,2017,1,started,524.0,524.0,,12,True,False
3,2261000,Gdańsk,2017,2,started,1409.0,885.0,,12,True,False
3,2261000,Gdańsk,2017,3,started,2680.0,1271.0,,12,True,False
3,2261000,Gdańsk,2017,4,started,3452.0,772.0,,12,True,False
3,2261000,Gdańsk,2017,5,started,4223.0,771.0,,12,True,False
3,2261000,Gdańsk,2017,6,started,4658.0,435.0,,12,True,False
3,2261000,Gdańsk,2017,7,started,5677.0,1019.0,,12,True,False
3,2261000,Gdańsk,2017,8,started,5977.0,300.0,,12,True,False
3,2261000,Gdańsk,2017,9,started,6641.0,664.0,,12,True,False
3,2261000,Gdańsk,2017,10,started,7350.0,709.0,,12,True,False
3,2261000,Gdańsk,2017,11,started,7456.0,106.0,,12,True,False
3,2261000,Gdańsk,2017,12,started,8002.0,546.0,,12,True,False
3,2261000,Gdańsk,2018,1,started,350.0,350.0,,12,True,False
3,2261000,Gdańsk,2018,2,started,579.0,229.0,,12,True,False
3,2261000,Gdańsk,2018,3,started,971.0,392.0,,12,True,False
3,2261000,Gdańsk,2018,4,started,1488.0,517.0,,12,True,False
3,2261000,Gdańsk,2018,5,started,2139.0,651.0,,12,True,False
3,2261000,Gdańsk,2018,6,started,2721.0,582.0,,12,True,False
3,2261000,Gdańsk,2018,7,started,3264.0,543.0,,12,True,False
3,2261000,Gdańsk,2018,8,started,3945.0,681.0,,12,True,False
3,2261000,Gdańsk,2018,9,started,4598.0,653.0,,12,True,False
3,2261000,Gdańsk,2018,10,started,5194.0,596.0,,12,True,False
3,2261000,Gdańsk,2018,11,started,5524.0,330.0,,12,True,False
3,2261000,Gdańsk,2018,12,started,5904.0,380.0,,12,True,False
3,2261000,Gdańsk,2019,1,started,259.0,259.0,,12,True,False
3,2261000,Gdańsk,2019,2,started,969.0,710.0,,12,True,False
3,2261000,Gdańsk,2019,3,started,1407.0,438.0,,12,True,False
3,2261000,Gdańsk,2019,4,started,2430.0,1023.0,,12,True,False
3,2261000,Gdańsk,2019,5,started,2782.0,352.0,,12,True,False
3,2261000,Gdańsk,2019,6,started,3103.0,321.0,,12,True,False
3,2261000,Gdańsk,2019,7,started,3760.0,657.0,,12,True,False
3,2261000,Gdańsk,2019,8,started,4975.0,1215.0,,12,True,False
3,2261000,Gdańsk,2019,9,started,5906.0,931.0,,12,True,False
3,2261000,Gdańsk,2019,10,started,6307.0,401.0,,12,True,False
3,2261000,Gdańsk,2019,11,started,6477.0,170.0,,12,True,False
3,2261000,Gdańsk,2019,12,started,7256.0,779.0,,12,True,False
3,2261000,Gdańsk,2020,1,started,301.0,301.0,,12,True,False
3,2261000,Gdańsk,2020,2,started,551.0,250.0,,12,True,False
3,2261000,Gdańsk,2020,3,started,679.0,128.0,,12,True,False
3,2261000,Gdańsk,2020,4,started,1415.0,736.0,,12,True,False
3,2261000,Gdańsk,2020,5,started,1498.0,83.0,,12,True,False
3,2261000,Gdańsk,2020,6,started,2277.0,779.0,,12,True,False
3,2261000,Gdańsk,2020,7,started,2738.0,461.0,,12,True,False
3,2261000,Gdańsk,2020,8,started,3112.0,374.0,,12,True,False
3,2261000,Gdańsk,2020,9,started,3938.0,826.0,,12,True,False
3,2261000,Gdańsk,2020,10,started,5183.0,1245.0,,12,True,False
3,2261000,Gdańsk,2020,11,started,5605.0,422.0,,12,True,False
3,2261000,Gdańsk,2020,12,started,7143.0,1538.0,,12,True,False
3,2261000,Gdańsk,2021,1,started,497.0,497.0,,12,True,False
3,2261000,Gdańsk,2021,2,started,587.0,90.0,,12,True,False
3,2261000,Gdańsk,2021,3,started,1890.0,1303.0,,12,True,False
3,2261000,Gdańsk,2021,4,started,2721.0,831.0,,12,True,False
3,2261000,Gdańsk,2021,5,started,3110.0,389.0,,12,True,False
3,2261000,Gdańsk,2021,6,started,3777.0,667.0,,12,True,False
3,2261000,Gdańsk,2021,7,started,4699.0,922.0,,12,True,False
3,2261000,Gdańsk,2021,8,started,4882.0,183.0,,12,True,False
3,2261000,Gdańsk,2021,9,started,5636.0,754.0,,12,True,False
3,2261000,Gdańsk,2021,10,started,6062.0,426.0,,12,True,False
3,2261000,Gdańsk,2021,11,started,6696.0,634.0,,12,True,False
3,2261000,Gdańsk,2021,12,started,6775.0,79.0,,12,True,False
3,2261000,Gdańsk,2022,1,started,229.0,229.0,,12,True,False
3,2261000,Gdańsk,2022,2,started,875.0,646.0,,12,True,False
3,2261000,Gdańsk,2022,3,started,1216.0,341.0,,12,True,False
3,2261000,Gdańsk,2022,4,started,2419.0,1203.0,,12,True,False
3,2261000,Gdańsk,2022,5,started,2578.0,159.0,,12,True,False
3,2261000,Gdańsk,2022,6,started,3289.0,711.0,,12,True,False
3,2261000,Gdańsk,2022,7,started,4198.0,909.0,,12,True,False
3,2261000,Gdańsk,2022,8,started,4923.0,725.0,,12,True,False
3,2261000,Gdańsk,2022,9,started,5106.0,183.0,,12,True,False
3,2261000,Gdańsk,2022,10,started,5177.0,71.0,,12,True,False
3,2261000,Gdańsk,2022,11,started,5528.0,351.0,,12,True,False
3,2261000,Gdańsk,2022,12,started,5663.0,135.0,,12,True,False
3,2261000,Gdańsk,2023,1,started,37.0,37.0,,12,True,False
3,2261000,Gdańsk,2023,2,started,607.0,570.0,,12,True,False
3,2261000,Gdańsk,2023,3,started,1058.0,451.0,,12,True,False
3,2261000,Gdańsk,2023,4,started,1178.0,120.0,,12,True,False
3,2261000,Gdańsk,2023,5,started,1498.0,320.0,,12,True,False
3,2261000,Gdańsk,2023,6,started,1954.0,456.0,,12,True,False
3,2261000,Gdańsk,2023,7,started,2303.0,349.0,,12,True,False
3,2261000,Gdańsk,2023,8,started,2393.0,90.0,,12,True,False
3,2261000,Gdańsk,2023,9,started,2709.0,316.0,,12,True,False
3,2261000,Gdańsk,2023,10,started,3743.0,1034.0,,12,True,False
3,2261000,Gdańsk,2023,11,started,4199.0,456.0,,12,True,False
3,2261000,Gdańsk,2023,12,started,4664.0,465.0,,12,True,False
3,2261000,Gdańsk,2024,1,started,660.0,660.0,,12,True,False
3,2261000,Gdańsk,2024,2,started,1172.0,512.0,,12,True,False
3,2261000,Gdańsk,2024,3,started,1595.0,423.0,,12,True,False
3,2261000,Gdańsk,2024,4,started,2758.0,1163.0,,12,True,False
3,2261000,Gdańsk,2024,5,started,3049.0,291.0,,12,True,False
3,2261000,Gdańsk,2024,6,started,3864.0,815.0,,12,True,False
3,2261000,Gdańsk,2024,7,started,4161.0,297.0,,12,True,False
3,2261000,Gdańsk,2024,8,started,4354.0,193.0,,12,True,False
3,2261000,Gdańsk,2024,9,started,4588.0,234.0,,12,True,False
3,2261000,Gdańsk,2024,10,started,4770.0,182.0,,12,True,False
3,2261000,Gdańsk,2024,11,started,5352.0,582.0,,12,True,False
3,2261000,Gdańsk,2024,12,started,5525.0,173.0,,12,True,False
3,2261000,Gdańsk,2025,1,started,717.0,717.0,,12,True,False
3,2261000,Gdańsk,2025,2,started,1861.0,1144.0,,12,True,False
3,2261000,Gdańsk,2025,3,started,2512.0,651.0,,12,True,False
3,2261000,Gdańsk,2025,4,started,2965.0,453.0,,12,True,False
3,2261000,Gdańsk,2025,5,started,3667.0,702.0,,12,True,False
3,2261000,Gdańsk,2025,6,started,3776.0,109.0,,12,True,False
3,2261000,Gdańsk,2025,7,started,3888.0,112.0,,12,True,False
3,2261000,Gdańsk,2025,8,started,4148.0,260.0,,12,True,False
3,2261000,Gdańsk,2025,9,started,4444.0,296.0,,12,True,False
3,2261000,Gdańsk,2025,10,started,4704.0,260.0,,12,True,False
3,2261000,Gdańsk,2025,11,started,4997.0,293.0,,12,True,False
3,2261000,Gdańsk,2025,12,started,5337.0,340.0,,12,True,False
3,2261000,Gdańsk,2026,1,started,365.0,365.0,,6,False,False
3,2261000,Gdańsk,2026,2,started,843.0,478.0,,6,False,False
3,2261000,Gdańsk,2026,3,started,1588.0,745.0,,6,False,False
3,2261000,Gdańsk,2026,4,started,2256.0,668.0,,6,False,False
3,2261000,Gdańsk,2026,5,started,2616.0,360.0,,6,False,False
3,2261000,Gdańsk,2026,6,started,3109.0,493.0,,6,False,False
4,2262000,Gdynia,2005,1,started,0.0,,,12,True,True
4,2262000,Gdynia,2005,2,started,185.0,,,12,True,True
4,2262000,Gdynia,2005,3,started,273.0,,,12,True,True
4,2262000,Gdynia,2005,4,started,414.0,,,12,True,True
4,2262000,Gdynia,2005,5,started,566.0,,,12,True,True
4,2262000,Gdynia,2005,6,started,439.0,,,12,True,True
4,2262000,Gdynia,2005,7,started,462.0,,,12,True,True
4,2262000,Gdynia,2005,8,started,483.0,,,12,True,True
4,2262000,Gdynia,2005,9,started,575.0,,,12,True,True
4,2262000,Gdynia,2005,10,started,773.0,,,12,True,True
4,2262000,Gdynia,2005,11,started,806.0,,,12,True,True
4,2262000,Gdynia,2005,12,started,864.0,,,12,True,True
4,2262000,Gdynia,2006,1,started,1.0,1.0,,12,True,False
4,2262000,Gdynia,2006,2,started,28.0,27.0,,12,True,False
4,2262000,Gdynia,2006,3,started,297.0,269.0,,12,True,False
4,2262000,Gdynia,2006,4,started,321.0,24.0,,12,True,False
4,2262000,Gdynia,2006,5,started,404.0,83.0,,12,True,False
4,2262000,Gdynia,2006,6,started,481.0,77.0,,12,True,False
4,2262000,Gdynia,2006,7,started,527.0,46.0,,12,True,False
4,2262000,Gdynia,2006,8,started,596.0,69.0,,12,True,False
4,2262000,Gdynia,2006,9,started,716.0,120.0,,12,True,False
4,2262000,Gdynia,2006,10,started,1345.0,629.0,,12,True,False
4,2262000,Gdynia,2006,11,started,1432.0,87.0,,12,True,False
4,2262000,Gdynia,2006,12,started,1487.0,55.0,,12,True,False
4,2262000,Gdynia,2007,1,started,87.0,87.0,,12,True,False
4,2262000,Gdynia,2007,2,started,97.0,10.0,,12,True,False
4,2262000,Gdynia,2007,3,started,213.0,116.0,,12,True,False
4,2262000,Gdynia,2007,4,started,292.0,79.0,,12,True,False
4,2262000,Gdynia,2007,5,started,799.0,507.0,,12,True,False
4,2262000,Gdynia,2007,6,started,877.0,78.0,,12,True,False
4,2262000,Gdynia,2007,7,started,939.0,62.0,,12,True,False
4,2262000,Gdynia,2007,8,started,1104.0,165.0,,12,True,False
4,2262000,Gdynia,2007,9,started,1175.0,71.0,,12,True,False
4,2262000,Gdynia,2007,10,started,1356.0,181.0,,12,True,False
4,2262000,Gdynia,2007,11,started,1739.0,383.0,,12,True,False
4,2262000,Gdynia,2007,12,started,1758.0,19.0,,12,True,False
4,2262000,Gdynia,2008,1,started,76.0,76.0,,12,True,False
4,2262000,Gdynia,2008,2,started,104.0,28.0,,12,True,False
4,2262000,Gdynia,2008,3,started,330.0,226.0,,12,True,False
4,2262000,Gdynia,2008,4,started,613.0,283.0,,12,True,False
4,2262000,Gdynia,2008,5,started,631.0,18.0,,12,True,False
4,2262000,Gdynia,2008,6,started,815.0,184.0,,12,True,False
4,2262000,Gdynia,2008,7,started,941.0,126.0,,12,True,False
4,2262000,Gdynia,2008,8,started,1034.0,93.0,,12,True,False
4,2262000,Gdynia,2008,9,started,1053.0,19.0,,12,True,False
4,2262000,Gdynia,2008,10,started,1113.0,60.0,,12,True,False
4,2262000,Gdynia,2008,11,started,1183.0,70.0,,12,True,False
4,2262000,Gdynia,2008,12,started,1192.0,9.0,,12,True,False
4,2262000,Gdynia,2009,1,started,3.0,3.0,,12,True,False
4,2262000,Gdynia,2009,2,started,31.0,28.0,,12,True,False
4,2262000,Gdynia,2009,3,started,155.0,124.0,,12,True,False
4,2262000,Gdynia,2009,4,started,220.0,65.0,,12,True,False
4,2262000,Gdynia,2009,5,started,236.0,16.0,,12,True,False
4,2262000,Gdynia,2009,6,started,370.0,134.0,,12,True,False
4,2262000,Gdynia,2009,7,started,438.0,68.0,,12,True,False
4,2262000,Gdynia,2009,8,started,505.0,67.0,,12,True,False
4,2262000,Gdynia,2009,9,started,558.0,53.0,,12,True,False
4,2262000,Gdynia,2009,10,started,573.0,15.0,,12,True,False
4,2262000,Gdynia,2009,11,started,853.0,280.0,,12,True,False
4,2262000,Gdynia,2009,12,started,859.0,6.0,,12,True,False
4,2262000,Gdynia,2010,1,started,30.0,30.0,,12,True,False
4,2262000,Gdynia,2010,2,started,190.0,160.0,,12,True,False
4,2262000,Gdynia,2010,3,started,417.0,227.0,,12,True,False
4,2262000,Gdynia,2010,4,started,427.0,10.0,,12,True,False
4,2262000,Gdynia,2010,5,started,516.0,89.0,,12,True,False
4,2262000,Gdynia,2010,6,started,585.0,69.0,,12,True,False
4,2262000,Gdynia,2010,7,started,597.0,12.0,,12,True,False
4,2262000,Gdynia,2010,8,started,641.0,44.0,,12,True,False
4,2262000,Gdynia,2010,9,started,769.0,128.0,,12,True,False
4,2262000,Gdynia,2010,10,started,778.0,9.0,,12,True,False
4,2262000,Gdynia,2010,11,started,846.0,68.0,,12,True,False
4,2262000,Gdynia,2010,12,started,890.0,44.0,,12,True,False
4,2262000,Gdynia,2011,1,started,83.0,83.0,,12,True,False
4,2262000,Gdynia,2011,2,started,247.0,164.0,,12,True,False
4,2262000,Gdynia,2011,3,started,261.0,14.0,,12,True,False
4,2262000,Gdynia,2011,4,started,370.0,109.0,,12,True,False
4,2262000,Gdynia,2011,5,started,401.0,31.0,,12,True,False
4,2262000,Gdynia,2011,6,started,537.0,136.0,,12,True,False
4,2262000,Gdynia,2011,7,started,654.0,117.0,,12,True,False
4,2262000,Gdynia,2011,8,started,682.0,28.0,,12,True,False
4,2262000,Gdynia,2011,9,started,793.0,111.0,,12,True,False
4,2262000,Gdynia,2011,10,started,871.0,78.0,,12,True,False
4,2262000,Gdynia,2011,11,started,940.0,69.0,,12,True,False
4,2262000,Gdynia,2011,12,started,1035.0,95.0,,12,True,False
4,2262000,Gdynia,2012,1,started,53.0,53.0,,12,True,False
4,2262000,Gdynia,2012,2,started,137.0,84.0,,12,True,False
4,2262000,Gdynia,2012,3,started,349.0,212.0,,12,True,False
4,2262000,Gdynia,2012,4,started,456.0,107.0,,12,True,False
4,2262000,Gdynia,2012,5,started,707.0,251.0,,12,True,False
4,2262000,Gdynia,2012,6,started,718.0,11.0,,12,True,False
4,2262000,Gdynia,2012,7,started,795.0,77.0,,12,True,False
4,2262000,Gdynia,2012,8,started,945.0,150.0,,12,True,False
4,2262000,Gdynia,2012,9,started,1013.0,68.0,,12,True,False
4,2262000,Gdynia,2012,10,started,1156.0,143.0,,12,True,False
4,2262000,Gdynia,2012,11,started,1274.0,118.0,,12,True,False
4,2262000,Gdynia,2012,12,started,1494.0,220.0,,12,True,False
4,2262000,Gdynia,2013,1,started,2.0,2.0,,12,True,False
4,2262000,Gdynia,2013,2,started,85.0,83.0,,12,True,False
4,2262000,Gdynia,2013,3,started,92.0,7.0,,12,True,False
4,2262000,Gdynia,2013,4,started,149.0,57.0,,12,True,False
4,2262000,Gdynia,2013,5,started,216.0,67.0,,12,True,False
4,2262000,Gdynia,2013,6,started,229.0,13.0,,12,True,False
4,2262000,Gdynia,2013,7,started,511.0,282.0,,12,True,False
4,2262000,Gdynia,2013,8,started,597.0,86.0,,12,True,False
4,2262000,Gdynia,2013,9,started,605.0,8.0,,12,True,False
4,2262000,Gdynia,2013,10,started,723.0,118.0,,12,True,False
4,2262000,Gdynia,2013,11,started,728.0,5.0,,12,True,False
4,2262000,Gdynia,2013,12,started,736.0,8.0,,12,True,False
4,2262000,Gdynia,2014,1,started,4.0,4.0,,12,True,False
4,2262000,Gdynia,2014,2,started,75.0,71.0,,12,True,False
4,2262000,Gdynia,2014,3,started,153.0,78.0,,12,True,False
4,2262000,Gdynia,2014,4,started,370.0,217.0,,12,True,False
4,2262000,Gdynia,2014,5,started,380.0,10.0,,12,True,False
4,2262000,Gdynia,2014,6,started,448.0,68.0,,12,True,False
4,2262000,Gdynia,2014,7,started,558.0,110.0,,12,True,False
4,2262000,Gdynia,2014,8,started,562.0,4.0,,12,True,False
4,2262000,Gdynia,2014,9,started,717.0,155.0,,12,True,False
4,2262000,Gdynia,2014,10,started,745.0,28.0,,12,True,False
4,2262000,Gdynia,2014,11,started,853.0,108.0,,12,True,False
4,2262000,Gdynia,2014,12,started,855.0,2.0,,12,True,False
4,2262000,Gdynia,2015,1,started,202.0,202.0,,12,True,False
4,2262000,Gdynia,2015,2,started,335.0,133.0,,12,True,False
4,2262000,Gdynia,2015,3,started,383.0,48.0,,12,True,False
4,2262000,Gdynia,2015,4,started,602.0,219.0,,12,True,False
4,2262000,Gdynia,2015,5,started,803.0,201.0,,12,True,False
4,2262000,Gdynia,2015,6,started,1007.0,204.0,,12,True,False
4,2262000,Gdynia,2015,7,started,1029.0,22.0,,12,True,False
4,2262000,Gdynia,2015,8,started,1093.0,64.0,,12,True,False
4,2262000,Gdynia,2015,9,started,1216.0,123.0,,12,True,False
4,2262000,Gdynia,2015,10,started,1248.0,32.0,,12,True,False
4,2262000,Gdynia,2015,11,started,1345.0,97.0,,12,True,False
4,2262000,Gdynia,2015,12,started,1346.0,1.0,,12,True,False
4,2262000,Gdynia,2016,1,started,174.0,174.0,,12,True,False
4,2262000,Gdynia,2016,2,started,245.0,71.0,,12,True,False
4,2262000,Gdynia,2016,3,started,537.0,292.0,,12,True,False
4,2262000,Gdynia,2016,4,started,702.0,165.0,,12,True,False
4,2262000,Gdynia,2016,5,started,879.0,177.0,,12,True,False
4,2262000,Gdynia,2016,6,started,927.0,48.0,,12,True,False
4,2262000,Gdynia,2016,7,started,951.0,24.0,,12,True,False
4,2262000,Gdynia,2016,8,started,1158.0,207.0,,12,True,False
4,2262000,Gdynia,2016,9,started,1319.0,161.0,,12,True,False
4,2262000,Gdynia,2016,10,started,1414.0,95.0,,12,True,False
4,2262000,Gdynia,2016,11,started,1445.0,31.0,,12,True,False
4,2262000,Gdynia,2016,12,started,1549.0,104.0,,12,True,False
4,2262000,Gdynia,2017,1,started,66.0,66.0,,12,True,False
4,2262000,Gdynia,2017,2,started,136.0,70.0,,12,True,False
4,2262000,Gdynia,2017,3,started,577.0,441.0,,12,True,False
4,2262000,Gdynia,2017,4,started,600.0,23.0,,12,True,False
4,2262000,Gdynia,2017,5,started,897.0,297.0,,12,True,False
4,2262000,Gdynia,2017,6,started,1570.0,673.0,,12,True,False
4,2262000,Gdynia,2017,7,started,1733.0,163.0,,12,True,False
4,2262000,Gdynia,2017,8,started,1947.0,214.0,,12,True,False
4,2262000,Gdynia,2017,9,started,2142.0,195.0,,12,True,False
4,2262000,Gdynia,2017,10,started,2205.0,63.0,,12,True,False
4,2262000,Gdynia,2017,11,started,2476.0,271.0,,12,True,False
4,2262000,Gdynia,2017,12,started,2479.0,3.0,,12,True,False
4,2262000,Gdynia,2018,1,started,603.0,603.0,,12,True,False
4,2262000,Gdynia,2018,2,started,718.0,115.0,,12,True,False
4,2262000,Gdynia,2018,3,started,758.0,40.0,,12,True,False
4,2262000,Gdynia,2018,4,started,897.0,139.0,,12,True,False
4,2262000,Gdynia,2018,5,started,909.0,12.0,,12,True,False
4,2262000,Gdynia,2018,6,started,1089.0,180.0,,12,True,False
4,2262000,Gdynia,2018,7,started,1149.0,60.0,,12,True,False
4,2262000,Gdynia,2018,8,started,1584.0,435.0,,12,True,False
4,2262000,Gdynia,2018,9,started,1593.0,9.0,,12,True,False
4,2262000,Gdynia,2018,10,started,1616.0,23.0,,12,True,False
4,2262000,Gdynia,2018,11,started,1797.0,181.0,,12,True,False
4,2262000,Gdynia,2018,12,started,1827.0,30.0,,12,True,False
4,2262000,Gdynia,2019,1,started,17.0,17.0,,12,True,False
4,2262000,Gdynia,2019,2,started,76.0,59.0,,12,True,False
4,2262000,Gdynia,2019,3,started,420.0,344.0,,12,True,False
4,2262000,Gdynia,2019,4,started,566.0,146.0,,12,True,False
4,2262000,Gdynia,2019,5,started,799.0,233.0,,12,True,False
4,2262000,Gdynia,2019,6,started,1091.0,292.0,,12,True,False
4,2262000,Gdynia,2019,7,started,1178.0,87.0,,12,True,False
4,2262000,Gdynia,2019,8,started,1188.0,10.0,,12,True,False
4,2262000,Gdynia,2019,9,started,1377.0,189.0,,12,True,False
4,2262000,Gdynia,2019,10,started,1385.0,8.0,,12,True,False
4,2262000,Gdynia,2019,11,started,1517.0,132.0,,12,True,False
4,2262000,Gdynia,2019,12,started,1525.0,8.0,,12,True,False
4,2262000,Gdynia,2020,1,started,65.0,65.0,,12,True,False
4,2262000,Gdynia,2020,2,started,357.0,292.0,,12,True,False
4,2262000,Gdynia,2020,3,started,390.0,33.0,,12,True,False
4,2262000,Gdynia,2020,4,started,403.0,13.0,,12,True,False
4,2262000,Gdynia,2020,5,started,442.0,39.0,,12,True,False
4,2262000,Gdynia,2020,6,started,587.0,145.0,,12,True,False
4,2262000,Gdynia,2020,7,started,810.0,223.0,,12,True,False
4,2262000,Gdynia,2020,8,started,846.0,36.0,,12,True,False
4,2262000,Gdynia,2020,9,started,1156.0,310.0,,12,True,False
4,2262000,Gdynia,2020,10,started,1246.0,90.0,,12,True,False
4,2262000,Gdynia,2020,11,started,1439.0,193.0,,12,True,False
4,2262000,Gdynia,2020,12,started,1533.0,94.0,,12,True,False
4,2262000,Gdynia,2021,1,started,140.0,140.0,,12,True,False
4,2262000,Gdynia,2021,2,started,204.0,64.0,,12,True,False
4,2262000,Gdynia,2021,3,started,325.0,121.0,,12,True,False
4,2262000,Gdynia,2021,4,started,536.0,211.0,,12,True,False
4,2262000,Gdynia,2021,5,started,567.0,31.0,,12,True,False
4,2262000,Gdynia,2021,6,started,614.0,47.0,,12,True,False
4,2262000,Gdynia,2021,7,started,713.0,99.0,,12,True,False
4,2262000,Gdynia,2021,8,started,758.0,45.0,,12,True,False
4,2262000,Gdynia,2021,9,started,923.0,165.0,,12,True,False
4,2262000,Gdynia,2021,10,started,938.0,15.0,,12,True,False
4,2262000,Gdynia,2021,11,started,1491.0,553.0,,12,True,False
4,2262000,Gdynia,2021,12,started,1641.0,150.0,,12,True,False
4,2262000,Gdynia,2022,1,started,13.0,13.0,,12,True,False
4,2262000,Gdynia,2022,2,started,364.0,351.0,,12,True,False
4,2262000,Gdynia,2022,3,started,564.0,200.0,,12,True,False
4,2262000,Gdynia,2022,4,started,592.0,28.0,,12,True,False
4,2262000,Gdynia,2022,5,started,944.0,352.0,,12,True,False
4,2262000,Gdynia,2022,6,started,1148.0,204.0,,12,True,False
4,2262000,Gdynia,2022,7,started,1196.0,48.0,,12,True,False
4,2262000,Gdynia,2022,8,started,1374.0,178.0,,12,True,False
4,2262000,Gdynia,2022,9,started,1471.0,97.0,,12,True,False
4,2262000,Gdynia,2022,10,started,1478.0,7.0,,12,True,False
4,2262000,Gdynia,2022,11,started,1492.0,14.0,,12,True,False
4,2262000,Gdynia,2022,12,started,1499.0,7.0,,12,True,False
4,2262000,Gdynia,2023,1,started,19.0,19.0,,12,True,False
4,2262000,Gdynia,2023,2,started,22.0,3.0,,12,True,False
4,2262000,Gdynia,2023,3,started,138.0,116.0,,12,True,False
4,2262000,Gdynia,2023,4,started,215.0,77.0,,12,True,False
4,2262000,Gdynia,2023,5,started,226.0,11.0,,12,True,False
4,2262000,Gdynia,2023,6,started,328.0,102.0,,12,True,False
4,2262000,Gdynia,2023,7,started,435.0,107.0,,12,True,False
4,2262000,Gdynia,2023,8,started,501.0,66.0,,12,True,False
4,2262000,Gdynia,2023,9,started,652.0,151.0,,12,True,False
4,2262000,Gdynia,2023,10,started,658.0,6.0,,12,True,False
4,2262000,Gdynia,2023,11,started,770.0,112.0,,12,True,False
4,2262000,Gdynia,2023,12,started,788.0,18.0,,12,True,False
4,2262000,Gdynia,2024,1,started,94.0,94.0,,12,True,False
4,2262000,Gdynia,2024,2,started,258.0,164.0,,12,True,False
4,2262000,Gdynia,2024,3,started,280.0,22.0,,12,True,False
4,2262000,Gdynia,2024,4,started,445.0,165.0,,12,True,False
4,2262000,Gdynia,2024,5,started,481.0,36.0,,12,True,False
4,2262000,Gdynia,2024,6,started,814.0,333.0,,12,True,False
4,2262000,Gdynia,2024,7,started,837.0,23.0,,12,True,False
4,2262000,Gdynia,2024,8,started,994.0,157.0,,12,True,False
4,2262000,Gdynia,2024,9,started,1229.0,235.0,,12,True,False
4,2262000,Gdynia,2024,10,started,1450.0,221.0,,12,True,False
4,2262000,Gdynia,2024,11,started,1556.0,106.0,,12,True,False
4,2262000,Gdynia,2024,12,started,1816.0,260.0,,12,True,False
4,2262000,Gdynia,2025,1,started,26.0,26.0,,12,True,False
4,2262000,Gdynia,2025,2,started,164.0,138.0,,12,True,False
4,2262000,Gdynia,2025,3,started,230.0,66.0,,12,True,False
4,2262000,Gdynia,2025,4,started,280.0,50.0,,12,True,False
4,2262000,Gdynia,2025,5,started,290.0,10.0,,12,True,False
4,2262000,Gdynia,2025,6,started,322.0,32.0,,12,True,False
4,2262000,Gdynia,2025,7,started,484.0,162.0,,12,True,False
4,2262000,Gdynia,2025,8,started,694.0,210.0,,12,True,False
4,2262000,Gdynia,2025,9,started,791.0,97.0,,12,True,False
4,2262000,Gdynia,2025,10,started,1163.0,372.0,,12,True,False
4,2262000,Gdynia,2025,11,started,1437.0,274.0,,12,True,False
4,2262000,Gdynia,2025,12,started,1786.0,349.0,,12,True,False
4,2262000,Gdynia,2026,1,started,390.0,390.0,,6,False,False
4,2262000,Gdynia,2026,2,started,747.0,357.0,,6,False,False
4,2262000,Gdynia,2026,3,started,895.0,148.0,,6,False,False
4,2262000,Gdynia,2026,4,started,1172.0,277.0,,6,False,False
4,2262000,Gdynia,2026,5,started,1353.0,181.0,,6,False,False
4,2262000,Gdynia,2026,6,started,1533.0,180.0,,6,False,False
5,2469000,Katowice,2005,1,started,0.0,0.0,,12,True,False
5,2469000,Katowice,2005,2,started,3.0,3.0,,12,True,False
5,2469000,Katowice,2005,3,started,19.0,16.0,,12,True,False
5,2469000,Katowice,2005,4,started,49.0,30.0,,12,True,False
5,2469000,Katowice,2005,5,started,64.0,15.0,,12,True,False
5,2469000,Katowice,2005,6,started,92.0,28.0,,12,True,False
5,2469000,Katowice,2005,7,started,105.0,13.0,,12,True,False
5,2469000,Katowice,2005,8,started,112.0,7.0,,12,True,False
5,2469000,Katowice,2005,9,started,142.0,30.0,,12,True,False
5,2469000,Katowice,2005,10,started,201.0,59.0,,12,True,False
5,2469000,Katowice,2005,11,started,258.0,57.0,,12,True,False
5,2469000,Katowice,2005,12,started,320.0,62.0,,12,True,False
5,2469000,Katowice,2006,1,started,0.0,0.0,,12,True,False
5,2469000,Katowice,2006,2,started,0.0,0.0,,12,True,False
5,2469000,Katowice,2006,3,started,23.0,23.0,,12,True,False
5,2469000,Katowice,2006,4,started,53.0,30.0,,12,True,False
5,2469000,Katowice,2006,5,started,73.0,20.0,,12,True,False
5,2469000,Katowice,2006,6,started,137.0,64.0,,12,True,False
5,2469000,Katowice,2006,7,started,198.0,61.0,,12,True,False
5,2469000,Katowice,2006,8,started,250.0,52.0,,12,True,False
5,2469000,Katowice,2006,9,started,301.0,51.0,,12,True,False
5,2469000,Katowice,2006,10,started,371.0,70.0,,12,True,False
5,2469000,Katowice,2006,11,started,378.0,7.0,,12,True,False
5,2469000,Katowice,2006,12,started,416.0,38.0,,12,True,False
5,2469000,Katowice,2007,1,started,53.0,53.0,,12,True,False
5,2469000,Katowice,2007,2,started,98.0,45.0,,12,True,False
5,2469000,Katowice,2007,3,started,131.0,33.0,,12,True,False
5,2469000,Katowice,2007,4,started,306.0,175.0,,12,True,False
5,2469000,Katowice,2007,5,started,313.0,7.0,,12,True,False
5,2469000,Katowice,2007,6,started,328.0,15.0,,12,True,False
5,2469000,Katowice,2007,7,started,421.0,93.0,,12,True,False
5,2469000,Katowice,2007,8,started,531.0,110.0,,12,True,False
5,2469000,Katowice,2007,9,started,547.0,16.0,,12,True,False
5,2469000,Katowice,2007,10,started,610.0,63.0,,12,True,False
5,2469000,Katowice,2007,11,started,760.0,150.0,,12,True,False
5,2469000,Katowice,2007,12,started,769.0,9.0,,12,True,False
5,2469000,Katowice,2008,1,started,6.0,6.0,,12,True,False
5,2469000,Katowice,2008,2,started,34.0,28.0,,12,True,False
5,2469000,Katowice,2008,3,started,285.0,251.0,,12,True,False
5,2469000,Katowice,2008,4,started,295.0,10.0,,12,True,False
5,2469000,Katowice,2008,5,started,309.0,14.0,,12,True,False
5,2469000,Katowice,2008,6,started,449.0,140.0,,12,True,False
5,2469000,Katowice,2008,7,started,476.0,27.0,,12,True,False
5,2469000,Katowice,2008,8,started,484.0,8.0,,12,True,False
5,2469000,Katowice,2008,9,started,568.0,84.0,,12,True,False
5,2469000,Katowice,2008,10,started,582.0,14.0,,12,True,False
5,2469000,Katowice,2008,11,started,645.0,63.0,,12,True,False
5,2469000,Katowice,2008,12,started,658.0,13.0,,12,True,False
5,2469000,Katowice,2009,1,started,18.0,18.0,,12,True,False
5,2469000,Katowice,2009,2,started,102.0,84.0,,12,True,False
5,2469000,Katowice,2009,3,started,306.0,204.0,,12,True,False
5,2469000,Katowice,2009,4,started,371.0,65.0,,12,True,False
5,2469000,Katowice,2009,5,started,387.0,16.0,,12,True,False
5,2469000,Katowice,2009,6,started,395.0,8.0,,12,True,False
5,2469000,Katowice,2009,7,started,403.0,8.0,,12,True,False
5,2469000,Katowice,2009,8,started,416.0,13.0,,12,True,False
5,2469000,Katowice,2009,9,started,438.0,22.0,,12,True,False
5,2469000,Katowice,2009,10,started,576.0,138.0,,12,True,False
5,2469000,Katowice,2009,11,started,691.0,115.0,,12,True,False
5,2469000,Katowice,2009,12,started,920.0,229.0,,12,True,False
5,2469000,Katowice,2010,1,started,85.0,85.0,,12,True,False
5,2469000,Katowice,2010,2,started,89.0,4.0,,12,True,False
5,2469000,Katowice,2010,3,started,154.0,65.0,,12,True,False
5,2469000,Katowice,2010,4,started,213.0,59.0,,12,True,False
5,2469000,Katowice,2010,5,started,227.0,14.0,,12,True,False
5,2469000,Katowice,2010,6,started,250.0,23.0,,12,True,False
5,2469000,Katowice,2010,7,started,267.0,17.0,,12,True,False
5,2469000,Katowice,2010,8,started,528.0,261.0,,12,True,False
5,2469000,Katowice,2010,9,started,1094.0,566.0,,12,True,False
5,2469000,Katowice,2010,10,started,1104.0,10.0,,12,True,False
5,2469000,Katowice,2010,11,started,1149.0,45.0,,12,True,False
5,2469000,Katowice,2010,12,started,1670.0,521.0,,12,True,False
5,2469000,Katowice,2011,1,started,15.0,15.0,,12,True,False
5,2469000,Katowice,2011,2,started,48.0,33.0,,12,True,False
5,2469000,Katowice,2011,3,started,81.0,33.0,,12,True,False
5,2469000,Katowice,2011,4,started,168.0,87.0,,12,True,False
5,2469000,Katowice,2011,5,started,188.0,20.0,,12,True,False
5,2469000,Katowice,2011,6,started,270.0,82.0,,12,True,False
5,2469000,Katowice,2011,7,started,276.0,6.0,,12,True,False
5,2469000,Katowice,2011,8,started,349.0,73.0,,12,True,False
5,2469000,Katowice,2011,9,started,364.0,15.0,,12,True,False
5,2469000,Katowice,2011,10,started,871.0,507.0,,12,True,False
5,2469000,Katowice,2011,11,started,1286.0,415.0,,12,True,False
5,2469000,Katowice,2011,12,started,1290.0,4.0,,12,True,False
5,2469000,Katowice,2012,1,started,1.0,1.0,,12,True,False
5,2469000,Katowice,2012,2,started,5.0,4.0,,12,True,False
5,2469000,Katowice,2012,3,started,206.0,201.0,,12,True,False
5,2469000,Katowice,2012,4,started,229.0,23.0,,12,True,False
5,2469000,Katowice,2012,5,started,253.0,24.0,,12,True,False
5,2469000,Katowice,2012,6,started,333.0,80.0,,12,True,False
5,2469000,Katowice,2012,7,started,342.0,9.0,,12,True,False
5,2469000,Katowice,2012,8,started,362.0,20.0,,12,True,False
5,2469000,Katowice,2012,9,started,373.0,11.0,,12,True,False
5,2469000,Katowice,2012,10,started,426.0,53.0,,12,True,False
5,2469000,Katowice,2012,11,started,595.0,169.0,,12,True,False
5,2469000,Katowice,2012,12,started,606.0,11.0,,12,True,False
5,2469000,Katowice,2013,1,started,182.0,182.0,,12,True,False
5,2469000,Katowice,2013,2,started,202.0,20.0,,12,True,False
5,2469000,Katowice,2013,3,started,245.0,43.0,,12,True,False
5,2469000,Katowice,2013,4,started,267.0,22.0,,12,True,False
5,2469000,Katowice,2013,5,started,292.0,25.0,,12,True,False
5,2469000,Katowice,2013,6,started,318.0,26.0,,12,True,False
5,2469000,Katowice,2013,7,started,333.0,15.0,,12,True,False
5,2469000,Katowice,2013,8,started,368.0,35.0,,12,True,False
5,2469000,Katowice,2013,9,started,389.0,21.0,,12,True,False
5,2469000,Katowice,2013,10,started,1197.0,808.0,,12,True,False
5,2469000,Katowice,2013,11,started,1201.0,4.0,,12,True,False
5,2469000,Katowice,2013,12,started,1334.0,133.0,,12,True,False
5,2469000,Katowice,2014,1,started,1.0,1.0,,12,True,False
5,2469000,Katowice,2014,2,started,7.0,6.0,,12,True,False
5,2469000,Katowice,2014,3,started,34.0,27.0,,12,True,False
5,2469000,Katowice,2014,4,started,236.0,202.0,,12,True,False
5,2469000,Katowice,2014,5,started,246.0,10.0,,12,True,False
5,2469000,Katowice,2014,6,started,258.0,12.0,,12,True,False
5,2469000,Katowice,2014,7,started,466.0,208.0,,12,True,False
5,2469000,Katowice,2014,8,started,514.0,48.0,,12,True,False
5,2469000,Katowice,2014,9,started,608.0,94.0,,12,True,False
5,2469000,Katowice,2014,10,started,612.0,4.0,,12,True,False
5,2469000,Katowice,2014,11,started,617.0,5.0,,12,True,False
5,2469000,Katowice,2014,12,started,625.0,8.0,,12,True,False
5,2469000,Katowice,2015,1,started,3.0,3.0,,12,True,False
5,2469000,Katowice,2015,2,started,127.0,124.0,,12,True,False
5,2469000,Katowice,2015,3,started,361.0,234.0,,12,True,False
5,2469000,Katowice,2015,4,started,563.0,202.0,,12,True,False
5,2469000,Katowice,2015,5,started,648.0,85.0,,12,True,False
5,2469000,Katowice,2015,6,started,810.0,162.0,,12,True,False
5,2469000,Katowice,2015,7,started,905.0,95.0,,12,True,False
5,2469000,Katowice,2015,8,started,1056.0,151.0,,12,True,False
5,2469000,Katowice,2015,9,started,1109.0,53.0,,12,True,False
5,2469000,Katowice,2015,10,started,1208.0,99.0,,12,True,False
5,2469000,Katowice,2015,11,started,1351.0,143.0,,12,True,False
5,2469000,Katowice,2015,12,started,1365.0,14.0,,12,True,False
5,2469000,Katowice,2016,1,started,141.0,141.0,,12,True,False
5,2469000,Katowice,2016,2,started,231.0,90.0,,12,True,False
5,2469000,Katowice,2016,3,started,374.0,143.0,,12,True,False
5,2469000,Katowice,2016,4,started,516.0,142.0,,12,True,False
5,2469000,Katowice,2016,5,started,1056.0,540.0,,12,True,False
5,2469000,Katowice,2016,6,started,1193.0,137.0,,12,True,False
5,2469000,Katowice,2016,7,started,1239.0,46.0,,12,True,False
5,2469000,Katowice,2016,8,started,1405.0,166.0,,12,True,False
5,2469000,Katowice,2016,9,started,1447.0,42.0,,12,True,False
5,2469000,Katowice,2016,10,started,1679.0,232.0,,12,True,False
5,2469000,Katowice,2016,11,started,1690.0,11.0,,12,True,False
5,2469000,Katowice,2016,12,started,1795.0,105.0,,12,True,False
5,2469000,Katowice,2017,1,started,10.0,10.0,,12,True,False
5,2469000,Katowice,2017,2,started,13.0,3.0,,12,True,False
5,2469000,Katowice,2017,3,started,650.0,637.0,,12,True,False
5,2469000,Katowice,2017,4,started,683.0,33.0,,12,True,False
5,2469000,Katowice,2017,5,started,707.0,24.0,,12,True,False
5,2469000,Katowice,2017,6,started,719.0,12.0,,12,True,False
5,2469000,Katowice,2017,7,started,780.0,61.0,,12,True,False
5,2469000,Katowice,2017,8,started,839.0,59.0,,12,True,False
5,2469000,Katowice,2017,9,started,1106.0,267.0,,12,True,False
5,2469000,Katowice,2017,10,started,1209.0,103.0,,12,True,False
5,2469000,Katowice,2017,11,started,1218.0,9.0,,12,True,False
5,2469000,Katowice,2017,12,started,1427.0,209.0,,12,True,False
5,2469000,Katowice,2018,1,started,297.0,297.0,,12,True,False
5,2469000,Katowice,2018,2,started,308.0,11.0,,12,True,False
5,2469000,Katowice,2018,3,started,898.0,590.0,,12,True,False
5,2469000,Katowice,2018,4,started,1422.0,524.0,,12,True,False
5,2469000,Katowice,2018,5,started,1486.0,64.0,,12,True,False
5,2469000,Katowice,2018,6,started,1514.0,28.0,,12,True,False
5,2469000,Katowice,2018,7,started,2076.0,562.0,,12,True,False
5,2469000,Katowice,2018,8,started,2102.0,26.0,,12,True,False
5,2469000,Katowice,2018,9,started,2682.0,580.0,,12,True,False
5,2469000,Katowice,2018,10,started,2698.0,16.0,,12,True,False
5,2469000,Katowice,2018,11,started,3015.0,317.0,,12,True,False
5,2469000,Katowice,2018,12,started,3106.0,91.0,,12,True,False
5,2469000,Katowice,2019,1,started,54.0,54.0,,12,True,False
5,2469000,Katowice,2019,2,started,101.0,47.0,,12,True,False
5,2469000,Katowice,2019,3,started,186.0,85.0,,12,True,False
5,2469000,Katowice,2019,4,started,736.0,550.0,,12,True,False
5,2469000,Katowice,2019,5,started,1106.0,370.0,,12,True,False
5,2469000,Katowice,2019,6,started,1291.0,185.0,,12,True,False
5,2469000,Katowice,2019,7,started,1540.0,249.0,,12,True,False
5,2469000,Katowice,2019,8,started,1671.0,131.0,,12,True,False
5,2469000,Katowice,2019,9,started,1812.0,141.0,,12,True,False
5,2469000,Katowice,2019,10,started,1887.0,75.0,,12,True,False
5,2469000,Katowice,2019,11,started,2774.0,887.0,,12,True,False
5,2469000,Katowice,2019,12,started,2783.0,9.0,,12,True,False
5,2469000,Katowice,2020,1,started,8.0,8.0,,12,True,False
5,2469000,Katowice,2020,2,started,109.0,101.0,,12,True,False
5,2469000,Katowice,2020,3,started,119.0,10.0,,12,True,False
5,2469000,Katowice,2020,4,started,138.0,19.0,,12,True,False
5,2469000,Katowice,2020,5,started,261.0,123.0,,12,True,False
5,2469000,Katowice,2020,6,started,289.0,28.0,,12,True,False
5,2469000,Katowice,2020,7,started,314.0,25.0,,12,True,False
5,2469000,Katowice,2020,8,started,391.0,77.0,,12,True,False
5,2469000,Katowice,2020,9,started,595.0,204.0,,12,True,False
5,2469000,Katowice,2020,10,started,942.0,347.0,,12,True,False
5,2469000,Katowice,2020,11,started,962.0,20.0,,12,True,False
5,2469000,Katowice,2020,12,started,1616.0,654.0,,12,True,False
5,2469000,Katowice,2021,1,started,17.0,17.0,,12,True,False
5,2469000,Katowice,2021,2,started,198.0,181.0,,12,True,False
5,2469000,Katowice,2021,3,started,1329.0,1131.0,,12,True,False
5,2469000,Katowice,2021,4,started,1654.0,325.0,,12,True,False
5,2469000,Katowice,2021,5,started,1875.0,221.0,,12,True,False
5,2469000,Katowice,2021,6,started,2142.0,267.0,,12,True,False
5,2469000,Katowice,2021,7,started,2251.0,109.0,,12,True,False
5,2469000,Katowice,2021,8,started,2417.0,166.0,,12,True,False
5,2469000,Katowice,2021,9,started,2636.0,219.0,,12,True,False
5,2469000,Katowice,2021,10,started,2979.0,343.0,,12,True,False
5,2469000,Katowice,2021,11,started,3947.0,968.0,,12,True,False
5,2469000,Katowice,2021,12,started,4847.0,900.0,,12,True,False
5,2469000,Katowice,2022,1,started,130.0,130.0,,12,True,False
5,2469000,Katowice,2022,2,started,156.0,26.0,,12,True,False
5,2469000,Katowice,2022,3,started,167.0,11.0,,12,True,False
5,2469000,Katowice,2022,4,started,197.0,30.0,,12,True,False
5,2469000,Katowice,2022,5,started,268.0,71.0,,12,True,False
5,2469000,Katowice,2022,6,started,716.0,448.0,,12,True,False
5,2469000,Katowice,2022,7,started,744.0,28.0,,12,True,False
5,2469000,Katowice,2022,8,started,761.0,17.0,,12,True,False
5,2469000,Katowice,2022,9,started,1027.0,266.0,,12,True,False
5,2469000,Katowice,2022,10,started,1057.0,30.0,,12,True,False
5,2469000,Katowice,2022,11,started,1241.0,184.0,,12,True,False
5,2469000,Katowice,2022,12,started,1264.0,23.0,,12,True,False
5,2469000,Katowice,2023,1,started,66.0,66.0,,12,True,False
5,2469000,Katowice,2023,2,started,145.0,79.0,,12,True,False
5,2469000,Katowice,2023,3,started,168.0,23.0,,12,True,False
5,2469000,Katowice,2023,4,started,362.0,194.0,,12,True,False
5,2469000,Katowice,2023,5,started,936.0,574.0,,12,True,False
5,2469000,Katowice,2023,6,started,940.0,4.0,,12,True,False
5,2469000,Katowice,2023,7,started,1057.0,117.0,,12,True,False
5,2469000,Katowice,2023,8,started,1188.0,131.0,,12,True,False
5,2469000,Katowice,2023,9,started,1471.0,283.0,,12,True,False
5,2469000,Katowice,2023,10,started,1884.0,413.0,,12,True,False
5,2469000,Katowice,2023,11,started,2146.0,262.0,,12,True,False
5,2469000,Katowice,2023,12,started,2513.0,367.0,,12,True,False
5,2469000,Katowice,2024,1,started,196.0,196.0,,12,True,False
5,2469000,Katowice,2024,2,started,878.0,682.0,,12,True,False
5,2469000,Katowice,2024,3,started,1372.0,494.0,,12,True,False
5,2469000,Katowice,2024,4,started,1395.0,23.0,,12,True,False
5,2469000,Katowice,2024,5,started,2215.0,820.0,,12,True,False
5,2469000,Katowice,2024,6,started,2393.0,178.0,,12,True,False
5,2469000,Katowice,2024,7,started,2466.0,73.0,,12,True,False
5,2469000,Katowice,2024,8,started,2493.0,27.0,,12,True,False
5,2469000,Katowice,2024,9,started,2854.0,361.0,,12,True,False
5,2469000,Katowice,2024,10,started,3279.0,425.0,,12,True,False
5,2469000,Katowice,2024,11,started,3466.0,187.0,,12,True,False
5,2469000,Katowice,2024,12,started,3818.0,352.0,,12,True,False
5,2469000,Katowice,2025,1,started,170.0,170.0,,12,True,False
5,2469000,Katowice,2025,2,started,395.0,225.0,,12,True,False
5,2469000,Katowice,2025,3,started,1207.0,812.0,,12,True,False
5,2469000,Katowice,2025,4,started,1869.0,662.0,,12,True,False
5,2469000,Katowice,2025,5,started,2125.0,256.0,,12,True,False
5,2469000,Katowice,2025,6,started,2325.0,200.0,,12,True,False
5,2469000,Katowice,2025,7,started,2387.0,62.0,,12,True,False
5,2469000,Katowice,2025,8,started,3011.0,624.0,,12,True,False
5,2469000,Katowice,2025,9,started,3140.0,129.0,,12,True,False
5,2469000,Katowice,2025,10,started,3152.0,12.0,,12,True,False
5,2469000,Katowice,2025,11,started,3221.0,69.0,,12,True,False
5,2469000,Katowice,2025,12,started,3291.0,70.0,,12,True,False
5,2469000,Katowice,2026,1,started,31.0,31.0,,6,False,False
5,2469000,Katowice,2026,2,started,430.0,399.0,,6,False,False
5,2469000,Katowice,2026,3,started,986.0,556.0,,6,False,False
5,2469000,Katowice,2026,4,started,1058.0,72.0,,6,False,False
5,2469000,Katowice,2026,5,started,1197.0,139.0,,6,False,False
5,2469000,Katowice,2026,6,started,1532.0,335.0,,6,False,False
6,2661000,Kielce,2005,1,started,6.0,6.0,,12,True,False
6,2661000,Kielce,2005,2,started,66.0,60.0,,12,True,False
6,2661000,Kielce,2005,3,started,82.0,16.0,,12,True,False
6,2661000,Kielce,2005,4,started,101.0,19.0,,12,True,False
6,2661000,Kielce,2005,5,started,109.0,8.0,,12,True,False
6,2661000,Kielce,2005,6,started,117.0,8.0,,12,True,False
6,2661000,Kielce,2005,7,started,127.0,10.0,,12,True,False
6,2661000,Kielce,2005,8,started,149.0,22.0,,12,True,False
6,2661000,Kielce,2005,9,started,223.0,74.0,,12,True,False
6,2661000,Kielce,2005,10,started,251.0,28.0,,12,True,False
6,2661000,Kielce,2005,11,started,299.0,48.0,,12,True,False
6,2661000,Kielce,2005,12,started,302.0,3.0,,12,True,False
6,2661000,Kielce,2006,1,started,1.0,1.0,,12,True,False
6,2661000,Kielce,2006,2,started,9.0,8.0,,12,True,False
6,2661000,Kielce,2006,3,started,71.0,62.0,,12,True,False
6,2661000,Kielce,2006,4,started,84.0,13.0,,12,True,False
6,2661000,Kielce,2006,5,started,256.0,172.0,,12,True,False
6,2661000,Kielce,2006,6,started,311.0,55.0,,12,True,False
6,2661000,Kielce,2006,7,started,325.0,14.0,,12,True,False
6,2661000,Kielce,2006,8,started,341.0,16.0,,12,True,False
6,2661000,Kielce,2006,9,started,391.0,50.0,,12,True,False
6,2661000,Kielce,2006,10,started,448.0,57.0,,12,True,False
6,2661000,Kielce,2006,11,started,477.0,29.0,,12,True,False
6,2661000,Kielce,2006,12,started,480.0,3.0,,12,True,False
6,2661000,Kielce,2007,1,started,7.0,7.0,,12,True,False
6,2661000,Kielce,2007,2,started,12.0,5.0,,12,True,False
6,2661000,Kielce,2007,3,started,27.0,15.0,,12,True,False
6,2661000,Kielce,2007,4,started,44.0,17.0,,12,True,False
6,2661000,Kielce,2007,5,started,152.0,108.0,,12,True,False
6,2661000,Kielce,2007,6,started,166.0,14.0,,12,True,False
6,2661000,Kielce,2007,7,started,187.0,21.0,,12,True,False
6,2661000,Kielce,2007,8,started,297.0,110.0,,12,True,False
6,2661000,Kielce,2007,9,started,331.0,34.0,,12,True,False
6,2661000,Kielce,2007,10,started,340.0,9.0,,12,True,False
6,2661000,Kielce,2007,11,started,345.0,5.0,,12,True,False
6,2661000,Kielce,2007,12,started,407.0,62.0,,12,True,False
6,2661000,Kielce,2008,1,started,55.0,55.0,,12,True,False
6,2661000,Kielce,2008,2,started,74.0,19.0,,12,True,False
6,2661000,Kielce,2008,3,started,82.0,8.0,,12,True,False
6,2661000,Kielce,2008,4,started,273.0,191.0,,12,True,False
6,2661000,Kielce,2008,5,started,288.0,15.0,,12,True,False
6,2661000,Kielce,2008,6,started,325.0,37.0,,12,True,False
6,2661000,Kielce,2008,7,started,386.0,61.0,,12,True,False
6,2661000,Kielce,2008,8,started,463.0,77.0,,12,True,False
6,2661000,Kielce,2008,9,started,476.0,13.0,,12,True,False
6,2661000,Kielce,2008,10,started,503.0,27.0,,12,True,False
6,2661000,Kielce,2008,11,started,600.0,97.0,,12,True,False
6,2661000,Kielce,2008,12,started,604.0,4.0,,12,True,False
6,2661000,Kielce,2009,1,started,12.0,12.0,,12,True,False
6,2661000,Kielce,2009,2,started,68.0,56.0,,12,True,False
6,2661000,Kielce,2009,3,started,91.0,23.0,,12,True,False
6,2661000,Kielce,2009,4,started,160.0,69.0,,12,True,False
6,2661000,Kielce,2009,5,started,178.0,18.0,,12,True,False
6,2661000,Kielce,2009,6,started,304.0,126.0,,12,True,False
6,2661000,Kielce,2009,7,started,332.0,28.0,,12,True,False
6,2661000,Kielce,2009,8,started,347.0,15.0,,12,True,False
6,2661000,Kielce,2009,9,started,372.0,25.0,,12,True,False
6,2661000,Kielce,2009,10,started,396.0,24.0,,12,True,False
6,2661000,Kielce,2009,11,started,465.0,69.0,,12,True,False
6,2661000,Kielce,2009,12,started,473.0,8.0,,12,True,False
6,2661000,Kielce,2010,1,started,27.0,27.0,,12,True,False
6,2661000,Kielce,2010,2,started,33.0,6.0,,12,True,False
6,2661000,Kielce,2010,3,started,76.0,43.0,,12,True,False
6,2661000,Kielce,2010,4,started,100.0,24.0,,12,True,False
6,2661000,Kielce,2010,5,started,117.0,17.0,,12,True,False
6,2661000,Kielce,2010,6,started,337.0,220.0,,12,True,False
6,2661000,Kielce,2010,7,started,356.0,19.0,,12,True,False
6,2661000,Kielce,2010,8,started,373.0,17.0,,12,True,False
6,2661000,Kielce,2010,9,started,384.0,11.0,,12,True,False
6,2661000,Kielce,2010,10,started,564.0,180.0,,12,True,False
6,2661000,Kielce,2010,11,started,586.0,22.0,,12,True,False
6,2661000,Kielce,2010,12,started,589.0,3.0,,12,True,False
6,2661000,Kielce,2011,1,started,10.0,10.0,,12,True,False
6,2661000,Kielce,2011,2,started,41.0,31.0,,12,True,False
6,2661000,Kielce,2011,3,started,308.0,267.0,,12,True,False
6,2661000,Kielce,2011,4,started,423.0,115.0,,12,True,False
6,2661000,Kielce,2011,5,started,494.0,71.0,,12,True,False
6,2661000,Kielce,2011,6,started,534.0,40.0,,12,True,False
6,2661000,Kielce,2011,7,started,552.0,18.0,,12,True,False
6,2661000,Kielce,2011,8,started,741.0,189.0,,12,True,False
6,2661000,Kielce,2011,9,started,758.0,17.0,,12,True,False
6,2661000,Kielce,2011,10,started,781.0,23.0,,12,True,False
6,2661000,Kielce,2011,11,started,784.0,3.0,,12,True,False
6,2661000,Kielce,2011,12,started,792.0,8.0,,12,True,False
6,2661000,Kielce,2012,1,started,4.0,4.0,,12,True,False
6,2661000,Kielce,2012,2,started,13.0,9.0,,12,True,False
6,2661000,Kielce,2012,3,started,47.0,34.0,,12,True,False
6,2661000,Kielce,2012,4,started,157.0,110.0,,12,True,False
6,2661000,Kielce,2012,5,started,202.0,45.0,,12,True,False
6,2661000,Kielce,2012,6,started,236.0,34.0,,12,True,False
6,2661000,Kielce,2012,7,started,241.0,5.0,,12,True,False
6,2661000,Kielce,2012,8,started,416.0,175.0,,12,True,False
6,2661000,Kielce,2012,9,started,425.0,9.0,,12,True,False
6,2661000,Kielce,2012,10,started,442.0,17.0,,12,True,False
6,2661000,Kielce,2012,11,started,614.0,172.0,,12,True,False
6,2661000,Kielce,2012,12,started,977.0,363.0,,12,True,False
6,2661000,Kielce,2013,1,started,24.0,24.0,,12,True,False
6,2661000,Kielce,2013,2,started,28.0,4.0,,12,True,False
6,2661000,Kielce,2013,3,started,201.0,173.0,,12,True,False
6,2661000,Kielce,2013,4,started,426.0,225.0,,12,True,False
6,2661000,Kielce,2013,5,started,480.0,54.0,,12,True,False
6,2661000,Kielce,2013,6,started,596.0,116.0,,12,True,False
6,2661000,Kielce,2013,7,started,757.0,161.0,,12,True,False
6,2661000,Kielce,2013,8,started,773.0,16.0,,12,True,False
6,2661000,Kielce,2013,9,started,789.0,16.0,,12,True,False
6,2661000,Kielce,2013,10,started,800.0,11.0,,12,True,False
6,2661000,Kielce,2013,11,started,843.0,43.0,,12,True,False
6,2661000,Kielce,2013,12,started,876.0,33.0,,12,True,False
6,2661000,Kielce,2014,1,started,68.0,68.0,,12,True,False
6,2661000,Kielce,2014,2,started,69.0,1.0,,12,True,False
6,2661000,Kielce,2014,3,started,252.0,183.0,,12,True,False
6,2661000,Kielce,2014,4,started,388.0,136.0,,12,True,False
6,2661000,Kielce,2014,5,started,412.0,24.0,,12,True,False
6,2661000,Kielce,2014,6,started,507.0,95.0,,12,True,False
6,2661000,Kielce,2014,7,started,630.0,123.0,,12,True,False
6,2661000,Kielce,2014,8,started,695.0,65.0,,12,True,False
6,2661000,Kielce,2014,9,started,867.0,172.0,,12,True,False
6,2661000,Kielce,2014,10,started,878.0,11.0,,12,True,False
6,2661000,Kielce,2014,11,started,904.0,26.0,,12,True,False
6,2661000,Kielce,2014,12,started,907.0,3.0,,12,True,False
6,2661000,Kielce,2015,1,started,20.0,20.0,,12,True,False
6,2661000,Kielce,2015,2,started,25.0,5.0,,12,True,False
6,2661000,Kielce,2015,3,started,34.0,9.0,,12,True,False
6,2661000,Kielce,2015,4,started,97.0,63.0,,12,True,False
6,2661000,Kielce,2015,5,started,106.0,9.0,,12,True,False
6,2661000,Kielce,2015,6,started,110.0,4.0,,12,True,False
6,2661000,Kielce,2015,7,started,133.0,23.0,,12,True,False
6,2661000,Kielce,2015,8,started,252.0,119.0,,12,True,False
6,2661000,Kielce,2015,9,started,489.0,237.0,,12,True,False
6,2661000,Kielce,2015,10,started,580.0,91.0,,12,True,False
6,2661000,Kielce,2015,11,started,764.0,184.0,,12,True,False
6,2661000,Kielce,2015,12,started,766.0,2.0,,12,True,False
6,2661000,Kielce,2016,1,started,27.0,27.0,,12,True,False
6,2661000,Kielce,2016,2,started,79.0,52.0,,12,True,False
6,2661000,Kielce,2016,3,started,150.0,71.0,,12,True,False
6,2661000,Kielce,2016,4,started,170.0,20.0,,12,True,False
6,2661000,Kielce,2016,5,started,358.0,188.0,,12,True,False
6,2661000,Kielce,2016,6,started,484.0,126.0,,12,True,False
6,2661000,Kielce,2016,7,started,519.0,35.0,,12,True,False
6,2661000,Kielce,2016,8,started,526.0,7.0,,12,True,False
6,2661000,Kielce,2016,9,started,712.0,186.0,,12,True,False
6,2661000,Kielce,2016,10,started,724.0,12.0,,12,True,False
6,2661000,Kielce,2016,11,started,821.0,97.0,,12,True,False
6,2661000,Kielce,2016,12,started,892.0,71.0,,12,True,False
6,2661000,Kielce,2017,1,started,2.0,2.0,,12,True,False
6,2661000,Kielce,2017,2,started,116.0,114.0,,12,True,False
6,2661000,Kielce,2017,3,started,131.0,15.0,,12,True,False
6,2661000,Kielce,2017,4,started,310.0,179.0,,12,True,False
6,2661000,Kielce,2017,5,started,414.0,104.0,,12,True,False
6,2661000,Kielce,2017,6,started,690.0,276.0,,12,True,False
6,2661000,Kielce,2017,7,started,734.0,44.0,,12,True,False
6,2661000,Kielce,2017,8,started,805.0,71.0,,12,True,False
6,2661000,Kielce,2017,9,started,852.0,47.0,,12,True,False
6,2661000,Kielce,2017,10,started,864.0,12.0,,12,True,False
6,2661000,Kielce,2017,11,started,868.0,4.0,,12,True,False
6,2661000,Kielce,2017,12,started,894.0,26.0,,12,True,False
6,2661000,Kielce,2018,1,started,207.0,207.0,,12,True,False
6,2661000,Kielce,2018,2,started,299.0,92.0,,12,True,False
6,2661000,Kielce,2018,3,started,583.0,284.0,,12,True,False
6,2661000,Kielce,2018,4,started,941.0,358.0,,12,True,False
6,2661000,Kielce,2018,5,started,1005.0,64.0,,12,True,False
6,2661000,Kielce,2018,6,started,1124.0,119.0,,12,True,False
6,2661000,Kielce,2018,7,started,1184.0,60.0,,12,True,False
6,2661000,Kielce,2018,8,started,1291.0,107.0,,12,True,False
6,2661000,Kielce,2018,9,started,1466.0,175.0,,12,True,False
6,2661000,Kielce,2018,10,started,1549.0,83.0,,12,True,False
6,2661000,Kielce,2018,11,started,1733.0,184.0,,12,True,False
6,2661000,Kielce,2018,12,started,1868.0,135.0,,12,True,False
6,2661000,Kielce,2019,1,started,36.0,36.0,,12,True,False
6,2661000,Kielce,2019,2,started,43.0,7.0,,12,True,False
6,2661000,Kielce,2019,3,started,191.0,148.0,,12,True,False
6,2661000,Kielce,2019,4,started,208.0,17.0,,12,True,False
6,2661000,Kielce,2019,5,started,408.0,200.0,,12,True,False
6,2661000,Kielce,2019,6,started,457.0,49.0,,12,True,False
6,2661000,Kielce,2019,7,started,565.0,108.0,,12,True,False
6,2661000,Kielce,2019,8,started,643.0,78.0,,12,True,False
6,2661000,Kielce,2019,9,started,737.0,94.0,,12,True,False
6,2661000,Kielce,2019,10,started,832.0,95.0,,12,True,False
6,2661000,Kielce,2019,11,started,953.0,121.0,,12,True,False
6,2661000,Kielce,2019,12,started,1102.0,149.0,,12,True,False
6,2661000,Kielce,2020,1,started,55.0,55.0,,12,True,False
6,2661000,Kielce,2020,2,started,62.0,7.0,,12,True,False
6,2661000,Kielce,2020,3,started,175.0,113.0,,12,True,False
6,2661000,Kielce,2020,4,started,200.0,25.0,,12,True,False
6,2661000,Kielce,2020,5,started,232.0,32.0,,12,True,False
6,2661000,Kielce,2020,6,started,253.0,21.0,,12,True,False
6,2661000,Kielce,2020,7,started,321.0,68.0,,12,True,False
6,2661000,Kielce,2020,8,started,342.0,21.0,,12,True,False
6,2661000,Kielce,2020,9,started,369.0,27.0,,12,True,False
6,2661000,Kielce,2020,10,started,502.0,133.0,,12,True,False
6,2661000,Kielce,2020,11,started,750.0,248.0,,12,True,False
6,2661000,Kielce,2020,12,started,833.0,83.0,,12,True,False
6,2661000,Kielce,2021,1,started,301.0,301.0,,12,True,False
6,2661000,Kielce,2021,2,started,441.0,140.0,,12,True,False
6,2661000,Kielce,2021,3,started,484.0,43.0,,12,True,False
6,2661000,Kielce,2021,4,started,514.0,30.0,,12,True,False
6,2661000,Kielce,2021,5,started,716.0,202.0,,12,True,False
6,2661000,Kielce,2021,6,started,899.0,183.0,,12,True,False
6,2661000,Kielce,2021,7,started,1136.0,237.0,,12,True,False
6,2661000,Kielce,2021,8,started,1380.0,244.0,,12,True,False
6,2661000,Kielce,2021,9,started,1430.0,50.0,,12,True,False
6,2661000,Kielce,2021,10,started,1822.0,392.0,,12,True,False
6,2661000,Kielce,2021,11,started,1906.0,84.0,,12,True,False
6,2661000,Kielce,2021,12,started,1909.0,3.0,,12,True,False
6,2661000,Kielce,2022,1,started,30.0,30.0,,12,True,False
6,2661000,Kielce,2022,2,started,36.0,6.0,,12,True,False
6,2661000,Kielce,2022,3,started,406.0,370.0,,12,True,False
6,2661000,Kielce,2022,4,started,456.0,50.0,,12,True,False
6,2661000,Kielce,2022,5,started,475.0,19.0,,12,True,False
6,2661000,Kielce,2022,6,started,491.0,16.0,,12,True,False
6,2661000,Kielce,2022,7,started,652.0,161.0,,12,True,False
6,2661000,Kielce,2022,8,started,1026.0,374.0,,12,True,False
6,2661000,Kielce,2022,9,started,1264.0,238.0,,12,True,False
6,2661000,Kielce,2022,10,started,1272.0,8.0,,12,True,False
6,2661000,Kielce,2022,11,started,1287.0,15.0,,12,True,False
6,2661000,Kielce,2022,12,started,1288.0,1.0,,12,True,False
6,2661000,Kielce,2023,1,started,61.0,61.0,,12,True,False
6,2661000,Kielce,2023,2,started,91.0,30.0,,12,True,False
6,2661000,Kielce,2023,3,started,100.0,9.0,,12,True,False
6,2661000,Kielce,2023,4,started,146.0,46.0,,12,True,False
6,2661000,Kielce,2023,5,started,284.0,138.0,,12,True,False
6,2661000,Kielce,2023,6,started,373.0,89.0,,12,True,False
6,2661000,Kielce,2023,7,started,466.0,93.0,,12,True,False
6,2661000,Kielce,2023,8,started,486.0,20.0,,12,True,False
6,2661000,Kielce,2023,9,started,727.0,241.0,,12,True,False
6,2661000,Kielce,2023,10,started,759.0,32.0,,12,True,False
6,2661000,Kielce,2023,11,started,783.0,24.0,,12,True,False
6,2661000,Kielce,2023,12,started,879.0,96.0,,12,True,False
6,2661000,Kielce,2024,1,started,217.0,217.0,,12,True,False
6,2661000,Kielce,2024,2,started,471.0,254.0,,12,True,False
6,2661000,Kielce,2024,3,started,482.0,11.0,,12,True,False
6,2661000,Kielce,2024,4,started,552.0,70.0,,12,True,False
6,2661000,Kielce,2024,5,started,720.0,168.0,,12,True,False
6,2661000,Kielce,2024,6,started,888.0,168.0,,12,True,False
6,2661000,Kielce,2024,7,started,935.0,47.0,,12,True,False
6,2661000,Kielce,2024,8,started,940.0,5.0,,12,True,False
6,2661000,Kielce,2024,9,started,1170.0,230.0,,12,True,False
6,2661000,Kielce,2024,10,started,1190.0,20.0,,12,True,False
6,2661000,Kielce,2024,11,started,1412.0,222.0,,12,True,False
6,2661000,Kielce,2024,12,started,1432.0,20.0,,12,True,False
6,2661000,Kielce,2025,1,started,102.0,102.0,,12,True,False
6,2661000,Kielce,2025,2,started,132.0,30.0,,12,True,False
6,2661000,Kielce,2025,3,started,179.0,47.0,,12,True,False
6,2661000,Kielce,2025,4,started,421.0,242.0,,12,True,False
6,2661000,Kielce,2025,5,started,447.0,26.0,,12,True,False
6,2661000,Kielce,2025,6,started,502.0,55.0,,12,True,False
6,2661000,Kielce,2025,7,started,544.0,42.0,,12,True,False
6,2661000,Kielce,2025,8,started,762.0,218.0,,12,True,False
6,2661000,Kielce,2025,9,started,822.0,60.0,,12,True,False
6,2661000,Kielce,2025,10,started,861.0,39.0,,12,True,False
6,2661000,Kielce,2025,11,started,1041.0,180.0,,12,True,False
6,2661000,Kielce,2025,12,started,1120.0,79.0,,12,True,False
6,2661000,Kielce,2026,1,started,11.0,11.0,,6,False,False
6,2661000,Kielce,2026,2,started,120.0,109.0,,6,False,False
6,2661000,Kielce,2026,3,started,175.0,55.0,,6,False,False
6,2661000,Kielce,2026,4,started,645.0,470.0,,6,False,False
6,2661000,Kielce,2026,5,started,648.0,3.0,,6,False,False
6,2661000,Kielce,2026,6,started,785.0,137.0,,6,False,False
7,1261000,Kraków,2005,1,started,201.0,201.0,,12,True,False
7,1261000,Kraków,2005,2,started,336.0,135.0,,12,True,False
7,1261000,Kraków,2005,3,started,572.0,236.0,,12,True,False
7,1261000,Kraków,2005,4,started,956.0,384.0,,12,True,False
7,1261000,Kraków,2005,5,started,1261.0,305.0,,12,True,False
7,1261000,Kraków,2005,6,started,2144.0,883.0,,12,True,False
7,1261000,Kraków,2005,7,started,2431.0,287.0,,12,True,False
7,1261000,Kraków,2005,8,started,2682.0,251.0,,12,True,False
7,1261000,Kraków,2005,9,started,3029.0,347.0,,12,True,False
7,1261000,Kraków,2005,10,started,3377.0,348.0,,12,True,False
7,1261000,Kraków,2005,11,started,3809.0,432.0,,12,True,False
7,1261000,Kraków,2005,12,started,4306.0,497.0,,12,True,False
7,1261000,Kraków,2006,1,started,131.0,131.0,,12,True,False
7,1261000,Kraków,2006,2,started,734.0,603.0,,12,True,False
7,1261000,Kraków,2006,3,started,1871.0,1137.0,,12,True,False
7,1261000,Kraków,2006,4,started,2451.0,580.0,,12,True,False
7,1261000,Kraków,2006,5,started,3015.0,564.0,,12,True,False
7,1261000,Kraków,2006,6,started,3532.0,517.0,,12,True,False
7,1261000,Kraków,2006,7,started,4304.0,772.0,,12,True,False
7,1261000,Kraków,2006,8,started,5632.0,1328.0,,12,True,False
7,1261000,Kraków,2006,9,started,6197.0,565.0,,12,True,False
7,1261000,Kraków,2006,10,started,7285.0,1088.0,,12,True,False
7,1261000,Kraków,2006,11,started,8524.0,1239.0,,12,True,False
7,1261000,Kraków,2006,12,started,9649.0,1125.0,,12,True,False
7,1261000,Kraków,2007,1,started,509.0,509.0,,12,True,False
7,1261000,Kraków,2007,2,started,1685.0,1176.0,,12,True,False
7,1261000,Kraków,2007,3,started,1938.0,253.0,,12,True,False
7,1261000,Kraków,2007,4,started,3063.0,1125.0,,12,True,False
7,1261000,Kraków,2007,5,started,4136.0,1073.0,,12,True,False
7,1261000,Kraków,2007,6,started,4778.0,642.0,,12,True,False
7,1261000,Kraków,2007,7,started,6544.0,1766.0,,12,True,False
7,1261000,Kraków,2007,8,started,7197.0,653.0,,12,True,False
7,1261000,Kraków,2007,9,started,7789.0,592.0,,12,True,False
7,1261000,Kraków,2007,10,started,8802.0,1013.0,,12,True,False
7,1261000,Kraków,2007,11,started,9859.0,1057.0,,12,True,False
7,1261000,Kraków,2007,12,started,10499.0,640.0,,12,True,False
7,1261000,Kraków,2008,1,started,766.0,766.0,,12,True,False
7,1261000,Kraków,2008,2,started,1026.0,260.0,,12,True,False
7,1261000,Kraków,2008,3,started,1391.0,365.0,,12,True,False
7,1261000,Kraków,2008,4,started,2294.0,903.0,,12,True,False
7,1261000,Kraków,2008,5,started,3022.0,728.0,,12,True,False
7,1261000,Kraków,2008,6,started,3928.0,906.0,,12,True,False
7,1261000,Kraków,2008,7,started,4861.0,933.0,,12,True,False
7,1261000,Kraków,2008,8,started,5139.0,278.0,,12,True,False
7,1261000,Kraków,2008,9,started,6489.0,1350.0,,12,True,False
7,1261000,Kraków,2008,10,started,6830.0,341.0,,12,True,False
7,1261000,Kraków,2008,11,started,7442.0,612.0,,12,True,False
7,1261000,Kraków,2008,12,started,7583.0,141.0,,12,True,False
7,1261000,Kraków,2009,1,started,217.0,217.0,,12,True,False
7,1261000,Kraków,2009,2,started,765.0,548.0,,12,True,False
7,1261000,Kraków,2009,3,started,1274.0,509.0,,12,True,False
7,1261000,Kraków,2009,4,started,1779.0,505.0,,12,True,False
7,1261000,Kraków,2009,5,started,2045.0,266.0,,12,True,False
7,1261000,Kraków,2009,6,started,3629.0,1584.0,,12,True,False
7,1261000,Kraków,2009,7,started,3992.0,363.0,,12,True,False
7,1261000,Kraków,2009,8,started,4404.0,412.0,,12,True,False
7,1261000,Kraków,2009,9,started,5229.0,825.0,,12,True,False
7,1261000,Kraków,2009,10,started,5359.0,130.0,,12,True,False
7,1261000,Kraków,2009,11,started,5817.0,458.0,,12,True,False
7,1261000,Kraków,2009,12,started,6199.0,382.0,,12,True,False
7,1261000,Kraków,2010,1,started,562.0,562.0,,12,True,False
7,1261000,Kraków,2010,2,started,1177.0,615.0,,12,True,False
7,1261000,Kraków,2010,3,started,1827.0,650.0,,12,True,False
7,1261000,Kraków,2010,4,started,2027.0,200.0,,12,True,False
7,1261000,Kraków,2010,5,started,3147.0,1120.0,,12,True,False
7,1261000,Kraków,2010,6,started,3851.0,704.0,,12,True,False
7,1261000,Kraków,2010,7,started,4827.0,976.0,,12,True,False
7,1261000,Kraków,2010,8,started,5386.0,559.0,,12,True,False
7,1261000,Kraków,2010,9,started,6163.0,777.0,,12,True,False
7,1261000,Kraków,2010,10,started,6626.0,463.0,,12,True,False
7,1261000,Kraków,2010,11,started,8242.0,1616.0,,12,True,False
7,1261000,Kraków,2010,12,started,9158.0,916.0,,12,True,False
7,1261000,Kraków,2011,1,started,591.0,591.0,,12,True,False
7,1261000,Kraków,2011,2,started,791.0,200.0,,12,True,False
7,1261000,Kraków,2011,3,started,2486.0,1695.0,,12,True,False
7,1261000,Kraków,2011,4,started,3129.0,643.0,,12,True,False
7,1261000,Kraków,2011,5,started,3903.0,774.0,,12,True,False
7,1261000,Kraków,2011,6,started,4850.0,947.0,,12,True,False
7,1261000,Kraków,2011,7,started,5525.0,675.0,,12,True,False
7,1261000,Kraków,2011,8,started,6520.0,995.0,,12,True,False
7,1261000,Kraków,2011,9,started,7463.0,943.0,,12,True,False
7,1261000,Kraków,2011,10,started,8369.0,906.0,,12,True,False
7,1261000,Kraków,2011,11,started,8885.0,516.0,,12,True,False
7,1261000,Kraków,2011,12,started,9423.0,538.0,,12,True,False
7,1261000,Kraków,2012,1,started,736.0,736.0,,12,True,False
7,1261000,Kraków,2012,2,started,1653.0,917.0,,12,True,False
7,1261000,Kraków,2012,3,started,2114.0,461.0,,12,True,False
7,1261000,Kraków,2012,4,started,4485.0,2371.0,,12,True,False
7,1261000,Kraków,2012,5,started,5086.0,601.0,,12,True,False
7,1261000,Kraków,2012,6,started,5898.0,812.0,,12,True,False
7,1261000,Kraków,2012,7,started,6406.0,508.0,,12,True,False
7,1261000,Kraków,2012,8,started,7261.0,855.0,,12,True,False
7,1261000,Kraków,2012,9,started,8423.0,1162.0,,12,True,False
7,1261000,Kraków,2012,10,started,8711.0,288.0,,12,True,False
7,1261000,Kraków,2012,11,started,8964.0,253.0,,12,True,False
7,1261000,Kraków,2012,12,started,9021.0,57.0,,12,True,False
7,1261000,Kraków,2013,1,started,162.0,162.0,,12,True,False
7,1261000,Kraków,2013,2,started,766.0,604.0,,12,True,False
7,1261000,Kraków,2013,3,started,1802.0,1036.0,,12,True,False
7,1261000,Kraków,2013,4,started,2737.0,935.0,,12,True,False
7,1261000,Kraków,2013,5,started,3414.0,677.0,,12,True,False
7,1261000,Kraków,2013,6,started,3720.0,306.0,,12,True,False
7,1261000,Kraków,2013,7,started,5177.0,1457.0,,12,True,False
7,1261000,Kraków,2013,8,started,6151.0,974.0,,12,True,False
7,1261000,Kraków,2013,9,started,7101.0,950.0,,12,True,False
7,1261000,Kraków,2013,10,started,8150.0,1049.0,,12,True,False
7,1261000,Kraków,2013,11,started,8481.0,331.0,,12,True,False
7,1261000,Kraków,2013,12,started,8650.0,169.0,,12,True,False
7,1261000,Kraków,2014,1,started,226.0,226.0,,12,True,False
7,1261000,Kraków,2014,2,started,707.0,481.0,,12,True,False
7,1261000,Kraków,2014,3,started,1817.0,1110.0,,12,True,False
7,1261000,Kraków,2014,4,started,2358.0,541.0,,12,True,False
7,1261000,Kraków,2014,5,started,2550.0,192.0,,12,True,False
7,1261000,Kraków,2014,6,started,3222.0,672.0,,12,True,False
7,1261000,Kraków,2014,7,started,4031.0,809.0,,12,True,False
7,1261000,Kraków,2014,8,started,5051.0,1020.0,,12,True,False
7,1261000,Kraków,2014,9,started,5678.0,627.0,,12,True,False
7,1261000,Kraków,2014,10,started,7681.0,2003.0,,12,True,False
7,1261000,Kraków,2014,11,started,8007.0,326.0,,12,True,False
7,1261000,Kraków,2014,12,started,9266.0,1259.0,,12,True,False
7,1261000,Kraków,2015,1,started,384.0,384.0,,12,True,False
7,1261000,Kraków,2015,2,started,1070.0,686.0,,12,True,False
7,1261000,Kraków,2015,3,started,1414.0,344.0,,12,True,False
7,1261000,Kraków,2015,4,started,4136.0,2722.0,,12,True,False
7,1261000,Kraków,2015,5,started,5079.0,943.0,,12,True,False
7,1261000,Kraków,2015,6,started,6291.0,1212.0,,12,True,False
7,1261000,Kraków,2015,7,started,6996.0,705.0,,12,True,False
7,1261000,Kraków,2015,8,started,7144.0,148.0,,12,True,False
7,1261000,Kraków,2015,9,started,8297.0,1153.0,,12,True,False
7,1261000,Kraków,2015,10,started,9057.0,760.0,,12,True,False
7,1261000,Kraków,2015,11,started,10048.0,991.0,,12,True,False
7,1261000,Kraków,2015,12,started,10942.0,894.0,,12,True,False
7,1261000,Kraków,2016,1,started,469.0,469.0,,12,True,False
7,1261000,Kraków,2016,2,started,1107.0,638.0,,12,True,False
7,1261000,Kraków,2016,3,started,2816.0,1709.0,,12,True,False
7,1261000,Kraków,2016,4,started,3870.0,1054.0,,12,True,False
7,1261000,Kraków,2016,5,started,4136.0,266.0,,12,True,False
7,1261000,Kraków,2016,6,started,5257.0,1121.0,,12,True,False
7,1261000,Kraków,2016,7,started,5489.0,232.0,,12,True,False
7,1261000,Kraków,2016,8,started,5600.0,111.0,,12,True,False
7,1261000,Kraków,2016,9,started,6384.0,784.0,,12,True,False
7,1261000,Kraków,2016,10,started,7466.0,1082.0,,12,True,False
7,1261000,Kraków,2016,11,started,7904.0,438.0,,12,True,False
7,1261000,Kraków,2016,12,started,8054.0,150.0,,12,True,False
7,1261000,Kraków,2017,1,started,1242.0,1242.0,,12,True,False
7,1261000,Kraków,2017,2,started,2031.0,789.0,,12,True,False
7,1261000,Kraków,2017,3,started,2746.0,715.0,,12,True,False
7,1261000,Kraków,2017,4,started,3725.0,979.0,,12,True,False
7,1261000,Kraków,2017,5,started,3935.0,210.0,,12,True,False
7,1261000,Kraków,2017,6,started,4706.0,771.0,,12,True,False
7,1261000,Kraków,2017,7,started,5378.0,672.0,,12,True,False
7,1261000,Kraków,2017,8,started,6800.0,1422.0,,12,True,False
7,1261000,Kraków,2017,9,started,8233.0,1433.0,,12,True,False
7,1261000,Kraków,2017,10,started,8714.0,481.0,,12,True,False
7,1261000,Kraków,2017,11,started,9567.0,853.0,,12,True,False
7,1261000,Kraków,2017,12,started,10582.0,1015.0,,12,True,False
7,1261000,Kraków,2018,1,started,878.0,878.0,,12,True,False
7,1261000,Kraków,2018,2,started,1490.0,612.0,,12,True,False
7,1261000,Kraków,2018,3,started,3040.0,1550.0,,12,True,False
7,1261000,Kraków,2018,4,started,3928.0,888.0,,12,True,False
7,1261000,Kraków,2018,5,started,4319.0,391.0,,12,True,False
7,1261000,Kraków,2018,6,started,5039.0,720.0,,12,True,False
7,1261000,Kraków,2018,7,started,6274.0,1235.0,,12,True,False
7,1261000,Kraków,2018,8,started,7513.0,1239.0,,12,True,False
7,1261000,Kraków,2018,9,started,8128.0,615.0,,12,True,False
7,1261000,Kraków,2018,10,started,9138.0,1010.0,,12,True,False
7,1261000,Kraków,2018,11,started,9687.0,549.0,,12,True,False
7,1261000,Kraków,2018,12,started,10070.0,383.0,,12,True,False
7,1261000,Kraków,2019,1,started,445.0,445.0,,12,True,False
7,1261000,Kraków,2019,2,started,811.0,366.0,,12,True,False
7,1261000,Kraków,2019,3,started,1933.0,1122.0,,12,True,False
7,1261000,Kraków,2019,4,started,2473.0,540.0,,12,True,False
7,1261000,Kraków,2019,5,started,3117.0,644.0,,12,True,False
7,1261000,Kraków,2019,6,started,3763.0,646.0,,12,True,False
7,1261000,Kraków,2019,7,started,4708.0,945.0,,12,True,False
7,1261000,Kraków,2019,8,started,5668.0,960.0,,12,True,False
7,1261000,Kraków,2019,9,started,6798.0,1130.0,,12,True,False
7,1261000,Kraków,2019,10,started,8224.0,1426.0,,12,True,False
7,1261000,Kraków,2019,11,started,9214.0,990.0,,12,True,False
7,1261000,Kraków,2019,12,started,10240.0,1026.0,,12,True,False
7,1261000,Kraków,2020,1,started,570.0,570.0,,12,True,False
7,1261000,Kraków,2020,2,started,939.0,369.0,,12,True,False
7,1261000,Kraków,2020,3,started,1801.0,862.0,,12,True,False
7,1261000,Kraków,2020,4,started,1940.0,139.0,,12,True,False
7,1261000,Kraków,2020,5,started,2382.0,442.0,,12,True,False
7,1261000,Kraków,2020,6,started,3428.0,1046.0,,12,True,False
7,1261000,Kraków,2020,7,started,4649.0,1221.0,,12,True,False
7,1261000,Kraków,2020,8,started,5214.0,565.0,,12,True,False
7,1261000,Kraków,2020,9,started,6220.0,1006.0,,12,True,False
7,1261000,Kraków,2020,10,started,6579.0,359.0,,12,True,False
7,1261000,Kraków,2020,11,started,8090.0,1511.0,,12,True,False
7,1261000,Kraków,2020,12,started,9010.0,920.0,,12,True,False
7,1261000,Kraków,2021,1,started,729.0,729.0,,12,True,False
7,1261000,Kraków,2021,2,started,1484.0,755.0,,12,True,False
7,1261000,Kraków,2021,3,started,2619.0,1135.0,,12,True,False
7,1261000,Kraków,2021,4,started,3674.0,1055.0,,12,True,False
7,1261000,Kraków,2021,5,started,4668.0,994.0,,12,True,False
7,1261000,Kraków,2021,6,started,5323.0,655.0,,12,True,False
7,1261000,Kraków,2021,7,started,6106.0,783.0,,12,True,False
7,1261000,Kraków,2021,8,started,7221.0,1115.0,,12,True,False
7,1261000,Kraków,2021,9,started,7358.0,137.0,,12,True,False
7,1261000,Kraków,2021,10,started,7831.0,473.0,,12,True,False
7,1261000,Kraków,2021,11,started,8898.0,1067.0,,12,True,False
7,1261000,Kraków,2021,12,started,10805.0,1907.0,,12,True,False
7,1261000,Kraków,2022,1,started,111.0,111.0,,12,True,False
7,1261000,Kraków,2022,2,started,817.0,706.0,,12,True,False
7,1261000,Kraków,2022,3,started,1450.0,633.0,,12,True,False
7,1261000,Kraków,2022,4,started,2099.0,649.0,,12,True,False
7,1261000,Kraków,2022,5,started,2816.0,717.0,,12,True,False
7,1261000,Kraków,2022,6,started,3847.0,1031.0,,12,True,False
7,1261000,Kraków,2022,7,started,4529.0,682.0,,12,True,False
7,1261000,Kraków,2022,8,started,4682.0,153.0,,12,True,False
7,1261000,Kraków,2022,9,started,4811.0,129.0,,12,True,False
7,1261000,Kraków,2022,10,started,4998.0,187.0,,12,True,False
7,1261000,Kraków,2022,11,started,5254.0,256.0,,12,True,False
7,1261000,Kraków,2022,12,started,5326.0,72.0,,12,True,False
7,1261000,Kraków,2023,1,started,42.0,42.0,,12,True,False
7,1261000,Kraków,2023,2,started,67.0,25.0,,12,True,False
7,1261000,Kraków,2023,3,started,807.0,740.0,,12,True,False
7,1261000,Kraków,2023,4,started,1478.0,671.0,,12,True,False
7,1261000,Kraków,2023,5,started,2151.0,673.0,,12,True,False
7,1261000,Kraków,2023,6,started,2444.0,293.0,,12,True,False
7,1261000,Kraków,2023,7,started,2980.0,536.0,,12,True,False
7,1261000,Kraków,2023,8,started,3686.0,706.0,,12,True,False
7,1261000,Kraków,2023,9,started,4146.0,460.0,,12,True,False
7,1261000,Kraków,2023,10,started,4786.0,640.0,,12,True,False
7,1261000,Kraków,2023,11,started,5341.0,555.0,,12,True,False
7,1261000,Kraków,2023,12,started,5708.0,367.0,,12,True,False
7,1261000,Kraków,2024,1,started,574.0,574.0,,12,True,False
7,1261000,Kraków,2024,2,started,1548.0,974.0,,12,True,False
7,1261000,Kraków,2024,3,started,2156.0,608.0,,12,True,False
7,1261000,Kraków,2024,4,started,2670.0,514.0,,12,True,False
7,1261000,Kraków,2024,5,started,2796.0,126.0,,12,True,False
7,1261000,Kraków,2024,6,started,3382.0,586.0,,12,True,False
7,1261000,Kraków,2024,7,started,3940.0,558.0,,12,True,False
7,1261000,Kraków,2024,8,started,4287.0,347.0,,12,True,False
7,1261000,Kraków,2024,9,started,4944.0,657.0,,12,True,False
7,1261000,Kraków,2024,10,started,6022.0,1078.0,,12,True,False
7,1261000,Kraków,2024,11,started,6610.0,588.0,,12,True,False
7,1261000,Kraków,2024,12,started,6716.0,106.0,,12,True,False
7,1261000,Kraków,2025,1,started,629.0,629.0,,12,True,False
7,1261000,Kraków,2025,2,started,1696.0,1067.0,,12,True,False
7,1261000,Kraków,2025,3,started,1875.0,179.0,,12,True,False
7,1261000,Kraków,2025,4,started,3364.0,1489.0,,12,True,False
7,1261000,Kraków,2025,5,started,4894.0,1530.0,,12,True,False
7,1261000,Kraków,2025,6,started,5413.0,519.0,,12,True,False
7,1261000,Kraków,2025,7,started,5589.0,176.0,,12,True,False
7,1261000,Kraków,2025,8,started,5786.0,197.0,,12,True,False
7,1261000,Kraków,2025,9,started,6640.0,854.0,,12,True,False
7,1261000,Kraków,2025,10,started,6817.0,177.0,,12,True,False
7,1261000,Kraków,2025,11,started,7538.0,721.0,,12,True,False
7,1261000,Kraków,2025,12,started,7962.0,424.0,,12,True,False
7,1261000,Kraków,2026,1,started,603.0,603.0,,6,False,False
7,1261000,Kraków,2026,2,started,1146.0,543.0,,6,False,False
7,1261000,Kraków,2026,3,started,2109.0,963.0,,6,False,False
7,1261000,Kraków,2026,4,started,2935.0,826.0,,6,False,False
7,1261000,Kraków,2026,5,started,3357.0,422.0,,6,False,False
7,1261000,Kraków,2026,6,started,3573.0,216.0,,6,False,False
8,0663000,Lublin,2005,1,started,224.0,224.0,,12,True,False
8,0663000,Lublin,2005,2,started,229.0,5.0,,12,True,False
8,0663000,Lublin,2005,3,started,244.0,15.0,,12,True,False
8,0663000,Lublin,2005,4,started,306.0,62.0,,12,True,False
8,0663000,Lublin,2005,5,started,480.0,174.0,,12,True,False
8,0663000,Lublin,2005,6,started,615.0,135.0,,12,True,False
8,0663000,Lublin,2005,7,started,736.0,121.0,,12,True,False
8,0663000,Lublin,2005,8,started,860.0,124.0,,12,True,False
8,0663000,Lublin,2005,9,started,1079.0,219.0,,12,True,False
8,0663000,Lublin,2005,10,started,1218.0,139.0,,12,True,False
8,0663000,Lublin,2005,11,started,1282.0,64.0,,12,True,False
8,0663000,Lublin,2005,12,started,1331.0,49.0,,12,True,False
8,0663000,Lublin,2006,1,started,132.0,132.0,,12,True,False
8,0663000,Lublin,2006,2,started,192.0,60.0,,12,True,False
8,0663000,Lublin,2006,3,started,206.0,14.0,,12,True,False
8,0663000,Lublin,2006,4,started,244.0,38.0,,12,True,False
8,0663000,Lublin,2006,5,started,262.0,18.0,,12,True,False
8,0663000,Lublin,2006,6,started,285.0,23.0,,12,True,False
8,0663000,Lublin,2006,7,started,336.0,51.0,,12,True,False
8,0663000,Lublin,2006,8,started,821.0,485.0,,12,True,False
8,0663000,Lublin,2006,9,started,1000.0,179.0,,12,True,False
8,0663000,Lublin,2006,10,started,1201.0,201.0,,12,True,False
8,0663000,Lublin,2006,11,started,1440.0,239.0,,12,True,False
8,0663000,Lublin,2006,12,started,1658.0,218.0,,12,True,False
8,0663000,Lublin,2007,1,started,25.0,25.0,,12,True,False
8,0663000,Lublin,2007,2,started,124.0,99.0,,12,True,False
8,0663000,Lublin,2007,3,started,294.0,170.0,,12,True,False
8,0663000,Lublin,2007,4,started,394.0,100.0,,12,True,False
8,0663000,Lublin,2007,5,started,747.0,353.0,,12,True,False
8,0663000,Lublin,2007,6,started,909.0,162.0,,12,True,False
8,0663000,Lublin,2007,7,started,1111.0,202.0,,12,True,False
8,0663000,Lublin,2007,8,started,1177.0,66.0,,12,True,False
8,0663000,Lublin,2007,9,started,1216.0,39.0,,12,True,False
8,0663000,Lublin,2007,10,started,1243.0,27.0,,12,True,False
8,0663000,Lublin,2007,11,started,1309.0,66.0,,12,True,False
8,0663000,Lublin,2007,12,started,1529.0,220.0,,12,True,False
8,0663000,Lublin,2008,1,started,154.0,154.0,,12,True,False
8,0663000,Lublin,2008,2,started,487.0,333.0,,12,True,False
8,0663000,Lublin,2008,3,started,505.0,18.0,,12,True,False
8,0663000,Lublin,2008,4,started,660.0,155.0,,12,True,False
8,0663000,Lublin,2008,5,started,683.0,23.0,,12,True,False
8,0663000,Lublin,2008,6,started,691.0,8.0,,12,True,False
8,0663000,Lublin,2008,7,started,712.0,21.0,,12,True,False
8,0663000,Lublin,2008,8,started,869.0,157.0,,12,True,False
8,0663000,Lublin,2008,9,started,901.0,32.0,,12,True,False
8,0663000,Lublin,2008,10,started,1050.0,149.0,,12,True,False
8,0663000,Lublin,2008,11,started,1126.0,76.0,,12,True,False
8,0663000,Lublin,2008,12,started,1275.0,149.0,,12,True,False
8,0663000,Lublin,2009,1,started,16.0,16.0,,12,True,False
8,0663000,Lublin,2009,2,started,144.0,128.0,,12,True,False
8,0663000,Lublin,2009,3,started,230.0,86.0,,12,True,False
8,0663000,Lublin,2009,4,started,309.0,79.0,,12,True,False
8,0663000,Lublin,2009,5,started,462.0,153.0,,12,True,False
8,0663000,Lublin,2009,6,started,616.0,154.0,,12,True,False
8,0663000,Lublin,2009,7,started,639.0,23.0,,12,True,False
8,0663000,Lublin,2009,8,started,717.0,78.0,,12,True,False
8,0663000,Lublin,2009,9,started,920.0,203.0,,12,True,False
8,0663000,Lublin,2009,10,started,1183.0,263.0,,12,True,False
8,0663000,Lublin,2009,11,started,1348.0,165.0,,12,True,False
8,0663000,Lublin,2009,12,started,1350.0,2.0,,12,True,False
8,0663000,Lublin,2010,1,started,4.0,4.0,,12,True,False
8,0663000,Lublin,2010,2,started,181.0,177.0,,12,True,False
8,0663000,Lublin,2010,3,started,246.0,65.0,,12,True,False
8,0663000,Lublin,2010,4,started,393.0,147.0,,12,True,False
8,0663000,Lublin,2010,5,started,444.0,51.0,,12,True,False
8,0663000,Lublin,2010,6,started,700.0,256.0,,12,True,False
8,0663000,Lublin,2010,7,started,888.0,188.0,,12,True,False
8,0663000,Lublin,2010,8,started,929.0,41.0,,12,True,False
8,0663000,Lublin,2010,9,started,1236.0,307.0,,12,True,False
8,0663000,Lublin,2010,10,started,1577.0,341.0,,12,True,False
8,0663000,Lublin,2010,11,started,1819.0,242.0,,12,True,False
8,0663000,Lublin,2010,12,started,1951.0,132.0,,12,True,False
8,0663000,Lublin,2011,1,started,20.0,20.0,,12,True,False
8,0663000,Lublin,2011,2,started,148.0,128.0,,12,True,False
8,0663000,Lublin,2011,3,started,280.0,132.0,,12,True,False
8,0663000,Lublin,2011,4,started,342.0,62.0,,12,True,False
8,0663000,Lublin,2011,5,started,482.0,140.0,,12,True,False
8,0663000,Lublin,2011,6,started,549.0,67.0,,12,True,False
8,0663000,Lublin,2011,7,started,670.0,121.0,,12,True,False
8,0663000,Lublin,2011,8,started,989.0,319.0,,12,True,False
8,0663000,Lublin,2011,9,started,1279.0,290.0,,12,True,False
8,0663000,Lublin,2011,10,started,1489.0,210.0,,12,True,False
8,0663000,Lublin,2011,11,started,1585.0,96.0,,12,True,False
8,0663000,Lublin,2011,12,started,1698.0,113.0,,12,True,False
8,0663000,Lublin,2012,1,started,181.0,181.0,,12,True,False
8,0663000,Lublin,2012,2,started,230.0,49.0,,12,True,False
8,0663000,Lublin,2012,3,started,538.0,308.0,,12,True,False
8,0663000,Lublin,2012,4,started,600.0,62.0,,12,True,False
8,0663000,Lublin,2012,5,started,648.0,48.0,,12,True,False
8,0663000,Lublin,2012,6,started,692.0,44.0,,12,True,False
8,0663000,Lublin,2012,7,started,785.0,93.0,,12,True,False
8,0663000,Lublin,2012,8,started,807.0,22.0,,12,True,False
8,0663000,Lublin,2012,9,started,1297.0,490.0,,12,True,False
8,0663000,Lublin,2012,10,started,1322.0,25.0,,12,True,False
8,0663000,Lublin,2012,11,started,1417.0,95.0,,12,True,False
8,0663000,Lublin,2012,12,started,1479.0,62.0,,12,True,False
8,0663000,Lublin,2013,1,started,105.0,105.0,,12,True,False
8,0663000,Lublin,2013,2,started,106.0,1.0,,12,True,False
8,0663000,Lublin,2013,3,started,330.0,224.0,,12,True,False
8,0663000,Lublin,2013,4,started,364.0,34.0,,12,True,False
8,0663000,Lublin,2013,5,started,415.0,51.0,,12,True,False
8,0663000,Lublin,2013,6,started,571.0,156.0,,12,True,False
8,0663000,Lublin,2013,7,started,634.0,63.0,,12,True,False
8,0663000,Lublin,2013,8,started,747.0,113.0,,12,True,False
8,0663000,Lublin,2013,9,started,926.0,179.0,,12,True,False
8,0663000,Lublin,2013,10,started,1196.0,270.0,,12,True,False
8,0663000,Lublin,2013,11,started,1330.0,134.0,,12,True,False
8,0663000,Lublin,2013,12,started,1389.0,59.0,,12,True,False
8,0663000,Lublin,2014,1,started,109.0,109.0,,12,True,False
8,0663000,Lublin,2014,2,started,344.0,235.0,,12,True,False
8,0663000,Lublin,2014,3,started,471.0,127.0,,12,True,False
8,0663000,Lublin,2014,4,started,873.0,402.0,,12,True,False
8,0663000,Lublin,2014,5,started,973.0,100.0,,12,True,False
8,0663000,Lublin,2014,6,started,1159.0,186.0,,12,True,False
8,0663000,Lublin,2014,7,started,1250.0,91.0,,12,True,False
8,0663000,Lublin,2014,8,started,1390.0,140.0,,12,True,False
8,0663000,Lublin,2014,9,started,1531.0,141.0,,12,True,False
8,0663000,Lublin,2014,10,started,1854.0,323.0,,12,True,False
8,0663000,Lublin,2014,11,started,1861.0,7.0,,12,True,False
8,0663000,Lublin,2014,12,started,1940.0,79.0,,12,True,False
8,0663000,Lublin,2015,1,started,57.0,57.0,,12,True,False
8,0663000,Lublin,2015,2,started,77.0,20.0,,12,True,False
8,0663000,Lublin,2015,3,started,333.0,256.0,,12,True,False
8,0663000,Lublin,2015,4,started,621.0,288.0,,12,True,False
8,0663000,Lublin,2015,5,started,772.0,151.0,,12,True,False
8,0663000,Lublin,2015,6,started,1051.0,279.0,,12,True,False
8,0663000,Lublin,2015,7,started,1448.0,397.0,,12,True,False
8,0663000,Lublin,2015,8,started,1765.0,317.0,,12,True,False
8,0663000,Lublin,2015,9,started,2597.0,832.0,,12,True,False
8,0663000,Lublin,2015,10,started,2862.0,265.0,,12,True,False
8,0663000,Lublin,2015,11,started,3050.0,188.0,,12,True,False
8,0663000,Lublin,2015,12,started,3339.0,289.0,,12,True,False
8,0663000,Lublin,2016,1,started,165.0,165.0,,12,True,False
8,0663000,Lublin,2016,2,started,382.0,217.0,,12,True,False
8,0663000,Lublin,2016,3,started,856.0,474.0,,12,True,False
8,0663000,Lublin,2016,4,started,999.0,143.0,,12,True,False
8,0663000,Lublin,2016,5,started,1087.0,88.0,,12,True,False
8,0663000,Lublin,2016,6,started,1193.0,106.0,,12,True,False
8,0663000,Lublin,2016,7,started,1587.0,394.0,,12,True,False
8,0663000,Lublin,2016,8,started,1897.0,310.0,,12,True,False
8,0663000,Lublin,2016,9,started,2027.0,130.0,,12,True,False
8,0663000,Lublin,2016,10,started,2052.0,25.0,,12,True,False
8,0663000,Lublin,2016,11,started,2238.0,186.0,,12,True,False
8,0663000,Lublin,2016,12,started,2267.0,29.0,,12,True,False
8,0663000,Lublin,2017,1,started,209.0,209.0,,12,True,False
8,0663000,Lublin,2017,2,started,525.0,316.0,,12,True,False
8,0663000,Lublin,2017,3,started,894.0,369.0,,12,True,False
8,0663000,Lublin,2017,4,started,1093.0,199.0,,12,True,False
8,0663000,Lublin,2017,5,started,1148.0,55.0,,12,True,False
8,0663000,Lublin,2017,6,started,1179.0,31.0,,12,True,False
8,0663000,Lublin,2017,7,started,1518.0,339.0,,12,True,False
8,0663000,Lublin,2017,8,started,1736.0,218.0,,12,True,False
8,0663000,Lublin,2017,9,started,1820.0,84.0,,12,True,False
8,0663000,Lublin,2017,10,started,2035.0,215.0,,12,True,False
8,0663000,Lublin,2017,11,started,2319.0,284.0,,12,True,False
8,0663000,Lublin,2017,12,started,2329.0,10.0,,12,True,False
8,0663000,Lublin,2018,1,started,273.0,273.0,,12,True,False
8,0663000,Lublin,2018,2,started,406.0,133.0,,12,True,False
8,0663000,Lublin,2018,3,started,769.0,363.0,,12,True,False
8,0663000,Lublin,2018,4,started,993.0,224.0,,12,True,False
8,0663000,Lublin,2018,5,started,1263.0,270.0,,12,True,False
8,0663000,Lublin,2018,6,started,1486.0,223.0,,12,True,False
8,0663000,Lublin,2018,7,started,1616.0,130.0,,12,True,False
8,0663000,Lublin,2018,8,started,2124.0,508.0,,12,True,False
8,0663000,Lublin,2018,9,started,2376.0,252.0,,12,True,False
8,0663000,Lublin,2018,10,started,2530.0,154.0,,12,True,False
8,0663000,Lublin,2018,11,started,2686.0,156.0,,12,True,False
8,0663000,Lublin,2018,12,started,2837.0,151.0,,12,True,False
8,0663000,Lublin,2019,1,started,223.0,223.0,,12,True,False
8,0663000,Lublin,2019,2,started,244.0,21.0,,12,True,False
8,0663000,Lublin,2019,3,started,545.0,301.0,,12,True,False
8,0663000,Lublin,2019,4,started,770.0,225.0,,12,True,False
8,0663000,Lublin,2019,5,started,1146.0,376.0,,12,True,False
8,0663000,Lublin,2019,6,started,1173.0,27.0,,12,True,False
8,0663000,Lublin,2019,7,started,1479.0,306.0,,12,True,False
8,0663000,Lublin,2019,8,started,1921.0,442.0,,12,True,False
8,0663000,Lublin,2019,9,started,2036.0,115.0,,12,True,False
8,0663000,Lublin,2019,10,started,2122.0,86.0,,12,True,False
8,0663000,Lublin,2019,11,started,2276.0,154.0,,12,True,False
8,0663000,Lublin,2019,12,started,2750.0,474.0,,12,True,False
8,0663000,Lublin,2020,1,started,139.0,139.0,,12,True,False
8,0663000,Lublin,2020,2,started,433.0,294.0,,12,True,False
8,0663000,Lublin,2020,3,started,787.0,354.0,,12,True,False
8,0663000,Lublin,2020,4,started,1067.0,280.0,,12,True,False
8,0663000,Lublin,2020,5,started,1309.0,242.0,,12,True,False
8,0663000,Lublin,2020,6,started,1375.0,66.0,,12,True,False
8,0663000,Lublin,2020,7,started,1610.0,235.0,,12,True,False
8,0663000,Lublin,2020,8,started,2145.0,535.0,,12,True,False
8,0663000,Lublin,2020,9,started,2419.0,274.0,,12,True,False
8,0663000,Lublin,2020,10,started,2800.0,381.0,,12,True,False
8,0663000,Lublin,2020,11,started,2861.0,61.0,,12,True,False
8,0663000,Lublin,2020,12,started,3462.0,601.0,,12,True,False
8,0663000,Lublin,2021,1,started,191.0,191.0,,12,True,False
8,0663000,Lublin,2021,2,started,830.0,639.0,,12,True,False
8,0663000,Lublin,2021,3,started,2069.0,1239.0,,12,True,False
8,0663000,Lublin,2021,4,started,2377.0,308.0,,12,True,False
8,0663000,Lublin,2021,5,started,2503.0,126.0,,12,True,False
8,0663000,Lublin,2021,6,started,3150.0,647.0,,12,True,False
8,0663000,Lublin,2021,7,started,3346.0,196.0,,12,True,False
8,0663000,Lublin,2021,8,started,3374.0,28.0,,12,True,False
8,0663000,Lublin,2021,9,started,3828.0,454.0,,12,True,False
8,0663000,Lublin,2021,10,started,4328.0,500.0,,12,True,False
8,0663000,Lublin,2021,11,started,4642.0,314.0,,12,True,False
8,0663000,Lublin,2021,12,started,5053.0,411.0,,12,True,False
8,0663000,Lublin,2022,1,started,250.0,250.0,,12,True,False
8,0663000,Lublin,2022,2,started,512.0,262.0,,12,True,False
8,0663000,Lublin,2022,3,started,877.0,365.0,,12,True,False
8,0663000,Lublin,2022,4,started,1259.0,382.0,,12,True,False
8,0663000,Lublin,2022,5,started,1800.0,541.0,,12,True,False
8,0663000,Lublin,2022,6,started,2015.0,215.0,,12,True,False
8,0663000,Lublin,2022,7,started,2044.0,29.0,,12,True,False
8,0663000,Lublin,2022,8,started,2079.0,35.0,,12,True,False
8,0663000,Lublin,2022,9,started,2103.0,24.0,,12,True,False
8,0663000,Lublin,2022,10,started,2117.0,14.0,,12,True,False
8,0663000,Lublin,2022,11,started,2288.0,171.0,,12,True,False
8,0663000,Lublin,2022,12,started,2530.0,242.0,,12,True,False
8,0663000,Lublin,2023,1,started,7.0,7.0,,12,True,False
8,0663000,Lublin,2023,2,started,334.0,327.0,,12,True,False
8,0663000,Lublin,2023,3,started,673.0,339.0,,12,True,False
8,0663000,Lublin,2023,4,started,729.0,56.0,,12,True,False
8,0663000,Lublin,2023,5,started,1117.0,388.0,,12,True,False
8,0663000,Lublin,2023,6,started,1604.0,487.0,,12,True,False
8,0663000,Lublin,2023,7,started,1922.0,318.0,,12,True,False
8,0663000,Lublin,2023,8,started,2003.0,81.0,,12,True,False
8,0663000,Lublin,2023,9,started,2521.0,518.0,,12,True,False
8,0663000,Lublin,2023,10,started,2758.0,237.0,,12,True,False
8,0663000,Lublin,2023,11,started,3567.0,809.0,,12,True,False
8,0663000,Lublin,2023,12,started,3573.0,6.0,,12,True,False
8,0663000,Lublin,2024,1,started,440.0,440.0,,12,True,False
8,0663000,Lublin,2024,2,started,888.0,448.0,,12,True,False
8,0663000,Lublin,2024,3,started,905.0,17.0,,12,True,False
8,0663000,Lublin,2024,4,started,1348.0,443.0,,12,True,False
8,0663000,Lublin,2024,5,started,1585.0,237.0,,12,True,False
8,0663000,Lublin,2024,6,started,1923.0,338.0,,12,True,False
8,0663000,Lublin,2024,7,started,2669.0,746.0,,12,True,False
8,0663000,Lublin,2024,8,started,2903.0,234.0,,12,True,False
8,0663000,Lublin,2024,9,started,2966.0,63.0,,12,True,False
8,0663000,Lublin,2024,10,started,3358.0,392.0,,12,True,False
8,0663000,Lublin,2024,11,started,4065.0,707.0,,12,True,False
8,0663000,Lublin,2024,12,started,4339.0,274.0,,12,True,False
8,0663000,Lublin,2025,1,started,42.0,42.0,,12,True,False
8,0663000,Lublin,2025,2,started,372.0,330.0,,12,True,False
8,0663000,Lublin,2025,3,started,723.0,351.0,,12,True,False
8,0663000,Lublin,2025,4,started,1031.0,308.0,,12,True,False
8,0663000,Lublin,2025,5,started,1056.0,25.0,,12,True,False
8,0663000,Lublin,2025,6,started,1291.0,235.0,,12,True,False
8,0663000,Lublin,2025,7,started,1315.0,24.0,,12,True,False
8,0663000,Lublin,2025,8,started,1440.0,125.0,,12,True,False
8,0663000,Lublin,2025,9,started,1684.0,244.0,,12,True,False
8,0663000,Lublin,2025,10,started,1897.0,213.0,,12,True,False
8,0663000,Lublin,2025,11,started,2134.0,237.0,,12,True,False
8,0663000,Lublin,2025,12,started,2155.0,21.0,,12,True,False
8,0663000,Lublin,2026,1,started,449.0,449.0,,6,False,False
8,0663000,Lublin,2026,2,started,478.0,29.0,,6,False,False
8,0663000,Lublin,2026,3,started,558.0,80.0,,6,False,False
8,0663000,Lublin,2026,4,started,1032.0,474.0,,6,False,False
8,0663000,Lublin,2026,5,started,1350.0,318.0,,6,False,False
8,0663000,Lublin,2026,6,started,1433.0,83.0,,6,False,False
9,2862000,Olsztyn,2005,1,started,115.0,115.0,,12,True,False
9,2862000,Olsztyn,2005,2,started,117.0,2.0,,12,True,False
9,2862000,Olsztyn,2005,3,started,159.0,42.0,,12,True,False
9,2862000,Olsztyn,2005,4,started,225.0,66.0,,12,True,False
9,2862000,Olsztyn,2005,5,started,235.0,10.0,,12,True,False
9,2862000,Olsztyn,2005,6,started,318.0,83.0,,12,True,False
9,2862000,Olsztyn,2005,7,started,369.0,51.0,,12,True,False
9,2862000,Olsztyn,2005,8,started,387.0,18.0,,12,True,False
9,2862000,Olsztyn,2005,9,started,443.0,56.0,,12,True,False
9,2862000,Olsztyn,2005,10,started,482.0,39.0,,12,True,False
9,2862000,Olsztyn,2005,11,started,656.0,174.0,,12,True,False
9,2862000,Olsztyn,2005,12,started,891.0,235.0,,12,True,False
9,2862000,Olsztyn,2006,1,started,0.0,0.0,,12,True,False
9,2862000,Olsztyn,2006,2,started,69.0,69.0,,12,True,False
9,2862000,Olsztyn,2006,3,started,389.0,320.0,,12,True,False
9,2862000,Olsztyn,2006,4,started,640.0,251.0,,12,True,False
9,2862000,Olsztyn,2006,5,started,719.0,79.0,,12,True,False
9,2862000,Olsztyn,2006,6,started,853.0,134.0,,12,True,False
9,2862000,Olsztyn,2006,7,started,911.0,58.0,,12,True,False
9,2862000,Olsztyn,2006,8,started,973.0,62.0,,12,True,False
9,2862000,Olsztyn,2006,9,started,1187.0,214.0,,12,True,False
9,2862000,Olsztyn,2006,10,started,1249.0,62.0,,12,True,False
9,2862000,Olsztyn,2006,11,started,1268.0,19.0,,12,True,False
9,2862000,Olsztyn,2006,12,started,1650.0,382.0,,12,True,False
9,2862000,Olsztyn,2007,1,started,351.0,351.0,,12,True,False
9,2862000,Olsztyn,2007,2,started,467.0,116.0,,12,True,False
9,2862000,Olsztyn,2007,3,started,549.0,82.0,,12,True,False
9,2862000,Olsztyn,2007,4,started,731.0,182.0,,12,True,False
9,2862000,Olsztyn,2007,5,started,824.0,93.0,,12,True,False
9,2862000,Olsztyn,2007,6,started,1139.0,315.0,,12,True,False
9,2862000,Olsztyn,2007,7,started,1228.0,89.0,,12,True,False
9,2862000,Olsztyn,2007,8,started,1280.0,52.0,,12,True,False
9,2862000,Olsztyn,2007,9,started,1303.0,23.0,,12,True,False
9,2862000,Olsztyn,2007,10,started,1357.0,54.0,,12,True,False
9,2862000,Olsztyn,2007,11,started,1361.0,4.0,,12,True,False
9,2862000,Olsztyn,2007,12,started,1477.0,116.0,,12,True,False
9,2862000,Olsztyn,2008,1,started,114.0,114.0,,12,True,False
9,2862000,Olsztyn,2008,2,started,369.0,255.0,,12,True,False
9,2862000,Olsztyn,2008,3,started,589.0,220.0,,12,True,False
9,2862000,Olsztyn,2008,4,started,639.0,50.0,,12,True,False
9,2862000,Olsztyn,2008,5,started,743.0,104.0,,12,True,False
9,2862000,Olsztyn,2008,6,started,1013.0,270.0,,12,True,False
9,2862000,Olsztyn,2008,7,started,1035.0,22.0,,12,True,False
9,2862000,Olsztyn,2008,8,started,1043.0,8.0,,12,True,False
9,2862000,Olsztyn,2008,9,started,1052.0,9.0,,12,True,False
9,2862000,Olsztyn,2008,10,started,1064.0,12.0,,12,True,False
9,2862000,Olsztyn,2008,11,started,1069.0,5.0,,12,True,False
9,2862000,Olsztyn,2008,12,started,1070.0,1.0,,12,True,False
9,2862000,Olsztyn,2009,1,started,5.0,5.0,,12,True,False
9,2862000,Olsztyn,2009,2,started,7.0,2.0,,12,True,False
9,2862000,Olsztyn,2009,3,started,15.0,8.0,,12,True,False
9,2862000,Olsztyn,2009,4,started,18.0,3.0,,12,True,False
9,2862000,Olsztyn,2009,5,started,24.0,6.0,,12,True,False
9,2862000,Olsztyn,2009,6,started,205.0,181.0,,12,True,False
9,2862000,Olsztyn,2009,7,started,290.0,85.0,,12,True,False
9,2862000,Olsztyn,2009,8,started,297.0,7.0,,12,True,False
9,2862000,Olsztyn,2009,9,started,306.0,9.0,,12,True,False
9,2862000,Olsztyn,2009,10,started,485.0,179.0,,12,True,False
9,2862000,Olsztyn,2009,11,started,488.0,3.0,,12,True,False
9,2862000,Olsztyn,2009,12,started,665.0,177.0,,12,True,False
9,2862000,Olsztyn,2010,1,started,0.0,0.0,,12,True,False
9,2862000,Olsztyn,2010,2,started,1.0,1.0,,12,True,False
9,2862000,Olsztyn,2010,3,started,119.0,118.0,,12,True,False
9,2862000,Olsztyn,2010,4,started,123.0,4.0,,12,True,False
9,2862000,Olsztyn,2010,5,started,367.0,244.0,,12,True,False
9,2862000,Olsztyn,2010,6,started,375.0,8.0,,12,True,False
9,2862000,Olsztyn,2010,7,started,380.0,5.0,,12,True,False
9,2862000,Olsztyn,2010,8,started,389.0,9.0,,12,True,False
9,2862000,Olsztyn,2010,9,started,504.0,115.0,,12,True,False
9,2862000,Olsztyn,2010,10,started,619.0,115.0,,12,True,False
9,2862000,Olsztyn,2010,11,started,659.0,40.0,,12,True,False
9,2862000,Olsztyn,2010,12,started,662.0,3.0,,12,True,False
9,2862000,Olsztyn,2011,1,started,106.0,106.0,,12,True,False
9,2862000,Olsztyn,2011,2,started,111.0,5.0,,12,True,False
9,2862000,Olsztyn,2011,3,started,298.0,187.0,,12,True,False
9,2862000,Olsztyn,2011,4,started,308.0,10.0,,12,True,False
9,2862000,Olsztyn,2011,5,started,312.0,4.0,,12,True,False
9,2862000,Olsztyn,2011,6,started,471.0,159.0,,12,True,False
9,2862000,Olsztyn,2011,7,started,478.0,7.0,,12,True,False
9,2862000,Olsztyn,2011,8,started,516.0,38.0,,12,True,False
9,2862000,Olsztyn,2011,9,started,1031.0,515.0,,12,True,False
9,2862000,Olsztyn,2011,10,started,1164.0,133.0,,12,True,False
9,2862000,Olsztyn,2011,11,started,1164.0,0.0,,12,True,False
9,2862000,Olsztyn,2011,12,started,1165.0,1.0,,12,True,False
9,2862000,Olsztyn,2012,1,started,1.0,1.0,,12,True,False
9,2862000,Olsztyn,2012,2,started,3.0,2.0,,12,True,False
9,2862000,Olsztyn,2012,3,started,5.0,2.0,,12,True,False
9,2862000,Olsztyn,2012,4,started,9.0,4.0,,12,True,False
9,2862000,Olsztyn,2012,5,started,28.0,19.0,,12,True,False
9,2862000,Olsztyn,2012,6,started,29.0,1.0,,12,True,False
9,2862000,Olsztyn,2012,7,started,43.0,14.0,,12,True,False
9,2862000,Olsztyn,2012,8,started,124.0,81.0,,12,True,False
9,2862000,Olsztyn,2012,9,started,269.0,145.0,,12,True,False
9,2862000,Olsztyn,2012,10,started,311.0,42.0,,12,True,False
9,2862000,Olsztyn,2012,11,started,345.0,34.0,,12,True,False
9,2862000,Olsztyn,2012,12,started,347.0,2.0,,12,True,False
9,2862000,Olsztyn,2013,1,started,67.0,67.0,,12,True,False
9,2862000,Olsztyn,2013,2,started,115.0,48.0,,12,True,False
9,2862000,Olsztyn,2013,3,started,117.0,2.0,,12,True,False
9,2862000,Olsztyn,2013,4,started,134.0,17.0,,12,True,False
9,2862000,Olsztyn,2013,5,started,137.0,3.0,,12,True,False
9,2862000,Olsztyn,2013,6,started,143.0,6.0,,12,True,False
9,2862000,Olsztyn,2013,7,started,148.0,5.0,,12,True,False
9,2862000,Olsztyn,2013,8,started,152.0,4.0,,12,True,False
9,2862000,Olsztyn,2013,9,started,158.0,6.0,,12,True,False
9,2862000,Olsztyn,2013,10,started,164.0,6.0,,12,True,False
9,2862000,Olsztyn,2013,11,started,307.0,143.0,,12,True,False
9,2862000,Olsztyn,2013,12,started,315.0,8.0,,12,True,False
9,2862000,Olsztyn,2014,1,started,129.0,129.0,,12,True,False
9,2862000,Olsztyn,2014,2,started,131.0,2.0,,12,True,False
9,2862000,Olsztyn,2014,3,started,286.0,155.0,,12,True,False
9,2862000,Olsztyn,2014,4,started,329.0,43.0,,12,True,False
9,2862000,Olsztyn,2014,5,started,330.0,1.0,,12,True,False
9,2862000,Olsztyn,2014,6,started,331.0,1.0,,12,True,False
9,2862000,Olsztyn,2014,7,started,337.0,6.0,,12,True,False
9,2862000,Olsztyn,2014,8,started,374.0,37.0,,12,True,False
9,2862000,Olsztyn,2014,9,started,543.0,169.0,,12,True,False
9,2862000,Olsztyn,2014,10,started,546.0,3.0,,12,True,False
9,2862000,Olsztyn,2014,11,started,548.0,2.0,,12,True,False
9,2862000,Olsztyn,2014,12,started,655.0,107.0,,12,True,False
9,2862000,Olsztyn,2015,1,started,4.0,4.0,,12,True,False
9,2862000,Olsztyn,2015,2,started,6.0,2.0,,12,True,False
9,2862000,Olsztyn,2015,3,started,100.0,94.0,,12,True,False
9,2862000,Olsztyn,2015,4,started,105.0,5.0,,12,True,False
9,2862000,Olsztyn,2015,5,started,108.0,3.0,,12,True,False
9,2862000,Olsztyn,2015,6,started,112.0,4.0,,12,True,False
9,2862000,Olsztyn,2015,7,started,122.0,10.0,,12,True,False
9,2862000,Olsztyn,2015,8,started,137.0,15.0,,12,True,False
9,2862000,Olsztyn,2015,9,started,144.0,7.0,,12,True,False
9,2862000,Olsztyn,2015,10,started,350.0,206.0,,12,True,False
9,2862000,Olsztyn,2015,11,started,563.0,213.0,,12,True,False
9,2862000,Olsztyn,2015,12,started,564.0,1.0,,12,True,False
9,2862000,Olsztyn,2016,1,started,6.0,6.0,,12,True,False
9,2862000,Olsztyn,2016,2,started,10.0,4.0,,12,True,False
9,2862000,Olsztyn,2016,3,started,184.0,174.0,,12,True,False
9,2862000,Olsztyn,2016,4,started,189.0,5.0,,12,True,False
9,2862000,Olsztyn,2016,5,started,194.0,5.0,,12,True,False
9,2862000,Olsztyn,2016,6,started,196.0,2.0,,12,True,False
9,2862000,Olsztyn,2016,7,started,217.0,21.0,,12,True,False
9,2862000,Olsztyn,2016,8,started,227.0,10.0,,12,True,False
9,2862000,Olsztyn,2016,9,started,233.0,6.0,,12,True,False
9,2862000,Olsztyn,2016,10,started,292.0,59.0,,12,True,False
9,2862000,Olsztyn,2016,11,started,292.0,0.0,,12,True,False
9,2862000,Olsztyn,2016,12,started,357.0,65.0,,12,True,False
9,2862000,Olsztyn,2017,1,started,201.0,201.0,,12,True,False
9,2862000,Olsztyn,2017,2,started,332.0,131.0,,12,True,False
9,2862000,Olsztyn,2017,3,started,378.0,46.0,,12,True,False
9,2862000,Olsztyn,2017,4,started,414.0,36.0,,12,True,False
9,2862000,Olsztyn,2017,5,started,423.0,9.0,,12,True,False
9,2862000,Olsztyn,2017,6,started,429.0,6.0,,12,True,False
9,2862000,Olsztyn,2017,7,started,434.0,5.0,,12,True,False
9,2862000,Olsztyn,2017,8,started,536.0,102.0,,12,True,False
9,2862000,Olsztyn,2017,9,started,541.0,5.0,,12,True,False
9,2862000,Olsztyn,2017,10,started,541.0,0.0,,12,True,False
9,2862000,Olsztyn,2017,11,started,654.0,113.0,,12,True,False
9,2862000,Olsztyn,2017,12,started,794.0,140.0,,12,True,False
9,2862000,Olsztyn,2018,1,started,2.0,2.0,,12,True,False
9,2862000,Olsztyn,2018,2,started,132.0,130.0,,12,True,False
9,2862000,Olsztyn,2018,3,started,135.0,3.0,,12,True,False
9,2862000,Olsztyn,2018,4,started,279.0,144.0,,12,True,False
9,2862000,Olsztyn,2018,5,started,882.0,603.0,,12,True,False
9,2862000,Olsztyn,2018,6,started,965.0,83.0,,12,True,False
9,2862000,Olsztyn,2018,7,started,1019.0,54.0,,12,True,False
9,2862000,Olsztyn,2018,8,started,1128.0,109.0,,12,True,False
9,2862000,Olsztyn,2018,9,started,1131.0,3.0,,12,True,False
9,2862000,Olsztyn,2018,10,started,1212.0,81.0,,12,True,False
9,2862000,Olsztyn,2018,11,started,1217.0,5.0,,12,True,False
9,2862000,Olsztyn,2018,12,started,1297.0,80.0,,12,True,False
9,2862000,Olsztyn,2019,1,started,0.0,0.0,,12,True,False
9,2862000,Olsztyn,2019,2,started,137.0,137.0,,12,True,False
9,2862000,Olsztyn,2019,3,started,279.0,142.0,,12,True,False
9,2862000,Olsztyn,2019,4,started,515.0,236.0,,12,True,False
9,2862000,Olsztyn,2019,5,started,573.0,58.0,,12,True,False
9,2862000,Olsztyn,2019,6,started,675.0,102.0,,12,True,False
9,2862000,Olsztyn,2019,7,started,681.0,6.0,,12,True,False
9,2862000,Olsztyn,2019,8,started,684.0,3.0,,12,True,False
9,2862000,Olsztyn,2019,9,started,705.0,21.0,,12,True,False
9,2862000,Olsztyn,2019,10,started,767.0,62.0,,12,True,False
9,2862000,Olsztyn,2019,11,started,836.0,69.0,,12,True,False
9,2862000,Olsztyn,2019,12,started,837.0,1.0,,12,True,False
9,2862000,Olsztyn,2020,1,started,1.0,1.0,,12,True,False
9,2862000,Olsztyn,2020,2,started,2.0,1.0,,12,True,False
9,2862000,Olsztyn,2020,3,started,10.0,8.0,,12,True,False
9,2862000,Olsztyn,2020,4,started,14.0,4.0,,12,True,False
9,2862000,Olsztyn,2020,5,started,22.0,8.0,,12,True,False
9,2862000,Olsztyn,2020,6,started,29.0,7.0,,12,True,False
9,2862000,Olsztyn,2020,7,started,119.0,90.0,,12,True,False
9,2862000,Olsztyn,2020,8,started,166.0,47.0,,12,True,False
9,2862000,Olsztyn,2020,9,started,440.0,274.0,,12,True,False
9,2862000,Olsztyn,2020,10,started,481.0,41.0,,12,True,False
9,2862000,Olsztyn,2020,11,started,577.0,96.0,,12,True,False
9,2862000,Olsztyn,2020,12,started,666.0,89.0,,12,True,False
9,2862000,Olsztyn,2021,1,started,1.0,1.0,,12,True,False
9,2862000,Olsztyn,2021,2,started,1.0,0.0,,12,True,False
9,2862000,Olsztyn,2021,3,started,73.0,72.0,,12,True,False
9,2862000,Olsztyn,2021,4,started,216.0,143.0,,12,True,False
9,2862000,Olsztyn,2021,5,started,219.0,3.0,,12,True,False
9,2862000,Olsztyn,2021,6,started,292.0,73.0,,12,True,False
9,2862000,Olsztyn,2021,7,started,294.0,2.0,,12,True,False
9,2862000,Olsztyn,2021,8,started,298.0,4.0,,12,True,False
9,2862000,Olsztyn,2021,9,started,356.0,58.0,,12,True,False
9,2862000,Olsztyn,2021,10,started,473.0,117.0,,12,True,False
9,2862000,Olsztyn,2021,11,started,524.0,51.0,,12,True,False
9,2862000,Olsztyn,2021,12,started,530.0,6.0,,12,True,False
9,2862000,Olsztyn,2022,1,started,27.0,27.0,,12,True,False
9,2862000,Olsztyn,2022,2,started,33.0,6.0,,12,True,False
9,2862000,Olsztyn,2022,3,started,36.0,3.0,,12,True,False
9,2862000,Olsztyn,2022,4,started,48.0,12.0,,12,True,False
9,2862000,Olsztyn,2022,5,started,410.0,362.0,,12,True,False
9,2862000,Olsztyn,2022,6,started,472.0,62.0,,12,True,False
9,2862000,Olsztyn,2022,7,started,472.0,0.0,,12,True,False
9,2862000,Olsztyn,2022,8,started,517.0,45.0,,12,True,False
9,2862000,Olsztyn,2022,9,started,576.0,59.0,,12,True,False
9,2862000,Olsztyn,2022,10,started,578.0,2.0,,12,True,False
9,2862000,Olsztyn,2022,11,started,581.0,3.0,,12,True,False
9,2862000,Olsztyn,2022,12,started,584.0,3.0,,12,True,False
9,2862000,Olsztyn,2023,1,started,3.0,3.0,,12,True,False
9,2862000,Olsztyn,2023,2,started,6.0,3.0,,12,True,False
9,2862000,Olsztyn,2023,3,started,111.0,105.0,,12,True,False
9,2862000,Olsztyn,2023,4,started,134.0,23.0,,12,True,False
9,2862000,Olsztyn,2023,5,started,137.0,3.0,,12,True,False
9,2862000,Olsztyn,2023,6,started,197.0,60.0,,12,True,False
9,2862000,Olsztyn,2023,7,started,302.0,105.0,,12,True,False
9,2862000,Olsztyn,2023,8,started,546.0,244.0,,12,True,False
9,2862000,Olsztyn,2023,9,started,550.0,4.0,,12,True,False
9,2862000,Olsztyn,2023,10,started,714.0,164.0,,12,True,False
9,2862000,Olsztyn,2023,11,started,847.0,133.0,,12,True,False
9,2862000,Olsztyn,2023,12,started,1165.0,318.0,,12,True,False
9,2862000,Olsztyn,2024,1,started,83.0,83.0,,12,True,False
9,2862000,Olsztyn,2024,2,started,210.0,127.0,,12,True,False
9,2862000,Olsztyn,2024,3,started,216.0,6.0,,12,True,False
9,2862000,Olsztyn,2024,4,started,239.0,23.0,,12,True,False
9,2862000,Olsztyn,2024,5,started,275.0,36.0,,12,True,False
9,2862000,Olsztyn,2024,6,started,281.0,6.0,,12,True,False
9,2862000,Olsztyn,2024,7,started,301.0,20.0,,12,True,False
9,2862000,Olsztyn,2024,8,started,360.0,59.0,,12,True,False
9,2862000,Olsztyn,2024,9,started,684.0,324.0,,12,True,False
9,2862000,Olsztyn,2024,10,started,739.0,55.0,,12,True,False
9,2862000,Olsztyn,2024,11,started,739.0,0.0,,12,True,False
9,2862000,Olsztyn,2024,12,started,740.0,1.0,,12,True,False
9,2862000,Olsztyn,2025,1,started,0.0,0.0,,12,True,False
9,2862000,Olsztyn,2025,2,started,4.0,4.0,,12,True,False
9,2862000,Olsztyn,2025,3,started,669.0,665.0,,12,True,False
9,2862000,Olsztyn,2025,4,started,671.0,2.0,,12,True,False
9,2862000,Olsztyn,2025,5,started,672.0,1.0,,12,True,False
9,2862000,Olsztyn,2025,6,started,674.0,2.0,,12,True,False
9,2862000,Olsztyn,2025,7,started,686.0,12.0,,12,True,False
9,2862000,Olsztyn,2025,8,started,686.0,0.0,,12,True,False
9,2862000,Olsztyn,2025,9,started,760.0,74.0,,12,True,False
9,2862000,Olsztyn,2025,10,started,765.0,5.0,,12,True,False
9,2862000,Olsztyn,2025,11,started,766.0,1.0,,12,True,False
9,2862000,Olsztyn,2025,12,started,1092.0,326.0,,12,True,False
9,2862000,Olsztyn,2026,1,started,33.0,33.0,,6,False,False
9,2862000,Olsztyn,2026,2,started,34.0,1.0,,6,False,False
9,2862000,Olsztyn,2026,3,started,41.0,7.0,,6,False,False
9,2862000,Olsztyn,2026,4,started,123.0,82.0,,6,False,False
9,2862000,Olsztyn,2026,5,started,221.0,98.0,,6,False,False
9,2862000,Olsztyn,2026,6,started,336.0,115.0,,6,False,False
10,1661000,Opole,2005,1,started,2.0,2.0,,12,True,False
10,1661000,Opole,2005,2,started,2.0,0.0,,12,True,False
10,1661000,Opole,2005,3,started,4.0,2.0,,12,True,False
10,1661000,Opole,2005,4,started,9.0,5.0,,12,True,False
10,1661000,Opole,2005,5,started,46.0,37.0,,12,True,False
10,1661000,Opole,2005,6,started,61.0,15.0,,12,True,False
10,1661000,Opole,2005,7,started,66.0,5.0,,12,True,False
10,1661000,Opole,2005,8,started,77.0,11.0,,12,True,False
10,1661000,Opole,2005,9,started,94.0,17.0,,12,True,False
10,1661000,Opole,2005,10,started,99.0,5.0,,12,True,False
10,1661000,Opole,2005,11,started,109.0,10.0,,12,True,False
10,1661000,Opole,2005,12,started,111.0,2.0,,12,True,False
10,1661000,Opole,2006,1,started,7.0,7.0,,12,True,False
10,1661000,Opole,2006,2,started,15.0,8.0,,12,True,False
10,1661000,Opole,2006,3,started,20.0,5.0,,12,True,False
10,1661000,Opole,2006,4,started,27.0,7.0,,12,True,False
10,1661000,Opole,2006,5,started,42.0,15.0,,12,True,False
10,1661000,Opole,2006,6,started,52.0,10.0,,12,True,False
10,1661000,Opole,2006,7,started,107.0,55.0,,12,True,False
10,1661000,Opole,2006,8,started,112.0,5.0,,12,True,False
10,1661000,Opole,2006,9,started,118.0,6.0,,12,True,False
10,1661000,Opole,2006,10,started,120.0,2.0,,12,True,False
10,1661000,Opole,2006,11,started,134.0,14.0,,12,True,False
10,1661000,Opole,2006,12,started,143.0,9.0,,12,True,False
10,1661000,Opole,2007,1,started,33.0,33.0,,12,True,False
10,1661000,Opole,2007,2,started,35.0,2.0,,12,True,False
10,1661000,Opole,2007,3,started,48.0,13.0,,12,True,False
10,1661000,Opole,2007,4,started,51.0,3.0,,12,True,False
10,1661000,Opole,2007,5,started,78.0,27.0,,12,True,False
10,1661000,Opole,2007,6,started,89.0,11.0,,12,True,False
10,1661000,Opole,2007,7,started,183.0,94.0,,12,True,False
10,1661000,Opole,2007,8,started,192.0,9.0,,12,True,False
10,1661000,Opole,2007,9,started,467.0,275.0,,12,True,False
10,1661000,Opole,2007,10,started,830.0,363.0,,12,True,False
10,1661000,Opole,2007,11,started,836.0,6.0,,12,True,False
10,1661000,Opole,2007,12,started,1103.0,267.0,,12,True,False
10,1661000,Opole,2008,1,started,3.0,3.0,,12,True,False
10,1661000,Opole,2008,2,started,21.0,18.0,,12,True,False
10,1661000,Opole,2008,3,started,273.0,252.0,,12,True,False
10,1661000,Opole,2008,4,started,287.0,14.0,,12,True,False
10,1661000,Opole,2008,5,started,312.0,25.0,,12,True,False
10,1661000,Opole,2008,6,started,362.0,50.0,,12,True,False
10,1661000,Opole,2008,7,started,391.0,29.0,,12,True,False
10,1661000,Opole,2008,8,started,395.0,4.0,,12,True,False
10,1661000,Opole,2008,9,started,425.0,30.0,,12,True,False
10,1661000,Opole,2008,10,started,429.0,4.0,,12,True,False
10,1661000,Opole,2008,11,started,624.0,195.0,,12,True,False
10,1661000,Opole,2008,12,started,627.0,3.0,,12,True,False
10,1661000,Opole,2009,1,started,59.0,59.0,,12,True,False
10,1661000,Opole,2009,2,started,104.0,45.0,,12,True,False
10,1661000,Opole,2009,3,started,107.0,3.0,,12,True,False
10,1661000,Opole,2009,4,started,125.0,18.0,,12,True,False
10,1661000,Opole,2009,5,started,139.0,14.0,,12,True,False
10,1661000,Opole,2009,6,started,146.0,7.0,,12,True,False
10,1661000,Opole,2009,7,started,159.0,13.0,,12,True,False
10,1661000,Opole,2009,8,started,163.0,4.0,,12,True,False
10,1661000,Opole,2009,9,started,170.0,7.0,,12,True,False
10,1661000,Opole,2009,10,started,177.0,7.0,,12,True,False
10,1661000,Opole,2009,11,started,182.0,5.0,,12,True,False
10,1661000,Opole,2009,12,started,188.0,6.0,,12,True,False
10,1661000,Opole,2010,1,started,4.0,4.0,,12,True,False
10,1661000,Opole,2010,2,started,8.0,4.0,,12,True,False
10,1661000,Opole,2010,3,started,27.0,19.0,,12,True,False
10,1661000,Opole,2010,4,started,202.0,175.0,,12,True,False
10,1661000,Opole,2010,5,started,351.0,149.0,,12,True,False
10,1661000,Opole,2010,6,started,377.0,26.0,,12,True,False
10,1661000,Opole,2010,7,started,400.0,23.0,,12,True,False
10,1661000,Opole,2010,8,started,457.0,57.0,,12,True,False
10,1661000,Opole,2010,9,started,471.0,14.0,,12,True,False
10,1661000,Opole,2010,10,started,477.0,6.0,,12,True,False
10,1661000,Opole,2010,11,started,483.0,6.0,,12,True,False
10,1661000,Opole,2010,12,started,484.0,1.0,,12,True,False
10,1661000,Opole,2011,1,started,5.0,5.0,,12,True,False
10,1661000,Opole,2011,2,started,12.0,7.0,,12,True,False
10,1661000,Opole,2011,3,started,42.0,30.0,,12,True,False
10,1661000,Opole,2011,4,started,52.0,10.0,,12,True,False
10,1661000,Opole,2011,5,started,61.0,9.0,,12,True,False
10,1661000,Opole,2011,6,started,68.0,7.0,,12,True,False
10,1661000,Opole,2011,7,started,87.0,19.0,,12,True,False
10,1661000,Opole,2011,8,started,94.0,7.0,,12,True,False
10,1661000,Opole,2011,9,started,223.0,129.0,,12,True,False
10,1661000,Opole,2011,10,started,234.0,11.0,,12,True,False
10,1661000,Opole,2011,11,started,256.0,22.0,,12,True,False
10,1661000,Opole,2011,12,started,260.0,4.0,,12,True,False
10,1661000,Opole,2012,1,started,6.0,6.0,,12,True,False
10,1661000,Opole,2012,2,started,10.0,4.0,,12,True,False
10,1661000,Opole,2012,3,started,15.0,5.0,,12,True,False
10,1661000,Opole,2012,4,started,19.0,4.0,,12,True,False
10,1661000,Opole,2012,5,started,36.0,17.0,,12,True,False
10,1661000,Opole,2012,6,started,90.0,54.0,,12,True,False
10,1661000,Opole,2012,7,started,190.0,100.0,,12,True,False
10,1661000,Opole,2012,8,started,208.0,18.0,,12,True,False
10,1661000,Opole,2012,9,started,216.0,8.0,,12,True,False
10,1661000,Opole,2012,10,started,226.0,10.0,,12,True,False
10,1661000,Opole,2012,11,started,349.0,123.0,,12,True,False
10,1661000,Opole,2012,12,started,349.0,0.0,,12,True,False
10,1661000,Opole,2013,1,started,8.0,8.0,,12,True,False
10,1661000,Opole,2013,2,started,8.0,0.0,,12,True,False
10,1661000,Opole,2013,3,started,60.0,52.0,,12,True,False
10,1661000,Opole,2013,4,started,67.0,7.0,,12,True,False
10,1661000,Opole,2013,5,started,72.0,5.0,,12,True,False
10,1661000,Opole,2013,6,started,73.0,1.0,,12,True,False
10,1661000,Opole,2013,7,started,188.0,115.0,,12,True,False
10,1661000,Opole,2013,8,started,200.0,12.0,,12,True,False
10,1661000,Opole,2013,9,started,278.0,78.0,,12,True,False
10,1661000,Opole,2013,10,started,449.0,171.0,,12,True,False
10,1661000,Opole,2013,11,started,459.0,10.0,,12,True,False
10,1661000,Opole,2013,12,started,557.0,98.0,,12,True,False
10,1661000,Opole,2014,1,started,6.0,6.0,,12,True,False
10,1661000,Opole,2014,2,started,10.0,4.0,,12,True,False
10,1661000,Opole,2014,3,started,22.0,12.0,,12,True,False
10,1661000,Opole,2014,4,started,29.0,7.0,,12,True,False
10,1661000,Opole,2014,5,started,30.0,1.0,,12,True,False
10,1661000,Opole,2014,6,started,108.0,78.0,,12,True,False
10,1661000,Opole,2014,7,started,117.0,9.0,,12,True,False
10,1661000,Opole,2014,8,started,178.0,61.0,,12,True,False
10,1661000,Opole,2014,9,started,262.0,84.0,,12,True,False
10,1661000,Opole,2014,10,started,397.0,135.0,,12,True,False
10,1661000,Opole,2014,11,started,402.0,5.0,,12,True,False
10,1661000,Opole,2014,12,started,405.0,3.0,,12,True,False
10,1661000,Opole,2015,1,started,64.0,64.0,,12,True,False
10,1661000,Opole,2015,2,started,82.0,18.0,,12,True,False
10,1661000,Opole,2015,3,started,98.0,16.0,,12,True,False
10,1661000,Opole,2015,4,started,165.0,67.0,,12,True,False
10,1661000,Opole,2015,5,started,198.0,33.0,,12,True,False
10,1661000,Opole,2015,6,started,260.0,62.0,,12,True,False
10,1661000,Opole,2015,7,started,271.0,11.0,,12,True,False
10,1661000,Opole,2015,8,started,298.0,27.0,,12,True,False
10,1661000,Opole,2015,9,started,383.0,85.0,,12,True,False
10,1661000,Opole,2015,10,started,389.0,6.0,,12,True,False
10,1661000,Opole,2015,11,started,410.0,21.0,,12,True,False
10,1661000,Opole,2015,12,started,414.0,4.0,,12,True,False
10,1661000,Opole,2016,1,started,51.0,51.0,,12,True,False
10,1661000,Opole,2016,2,started,141.0,90.0,,12,True,False
10,1661000,Opole,2016,3,started,163.0,22.0,,12,True,False
10,1661000,Opole,2016,4,started,205.0,42.0,,12,True,False
10,1661000,Opole,2016,5,started,246.0,41.0,,12,True,False
10,1661000,Opole,2016,6,started,386.0,140.0,,12,True,False
10,1661000,Opole,2016,7,started,542.0,156.0,,12,True,False
10,1661000,Opole,2016,8,started,549.0,7.0,,12,True,False
10,1661000,Opole,2016,9,started,562.0,13.0,,12,True,False
10,1661000,Opole,2016,10,started,571.0,9.0,,12,True,False
10,1661000,Opole,2016,11,started,599.0,28.0,,12,True,False
10,1661000,Opole,2016,12,started,600.0,1.0,,12,True,False
10,1661000,Opole,2017,1,started,143.0,143.0,,12,True,False
10,1661000,Opole,2017,2,started,238.0,95.0,,12,True,False
10,1661000,Opole,2017,3,started,280.0,42.0,,12,True,False
10,1661000,Opole,2017,4,started,329.0,49.0,,12,True,False
10,1661000,Opole,2017,5,started,341.0,12.0,,12,True,False
10,1661000,Opole,2017,6,started,550.0,209.0,,12,True,False
10,1661000,Opole,2017,7,started,648.0,98.0,,12,True,False
10,1661000,Opole,2017,8,started,696.0,48.0,,12,True,False
10,1661000,Opole,2017,9,started,829.0,133.0,,12,True,False
10,1661000,Opole,2017,10,started,946.0,117.0,,12,True,False
10,1661000,Opole,2017,11,started,1016.0,70.0,,12,True,False
10,1661000,Opole,2017,12,started,1025.0,9.0,,12,True,False
10,1661000,Opole,2018,1,started,171.0,171.0,,12,True,False
10,1661000,Opole,2018,2,started,262.0,91.0,,12,True,False
10,1661000,Opole,2018,3,started,368.0,106.0,,12,True,False
10,1661000,Opole,2018,4,started,398.0,30.0,,12,True,False
10,1661000,Opole,2018,5,started,524.0,126.0,,12,True,False
10,1661000,Opole,2018,6,started,550.0,26.0,,12,True,False
10,1661000,Opole,2018,7,started,724.0,174.0,,12,True,False
10,1661000,Opole,2018,8,started,763.0,39.0,,12,True,False
10,1661000,Opole,2018,9,started,870.0,107.0,,12,True,False
10,1661000,Opole,2018,10,started,911.0,41.0,,12,True,False
10,1661000,Opole,2018,11,started,927.0,16.0,,12,True,False
10,1661000,Opole,2018,12,started,939.0,12.0,,12,True,False
10,1661000,Opole,2019,1,started,72.0,72.0,,12,True,False
10,1661000,Opole,2019,2,started,106.0,34.0,,12,True,False
10,1661000,Opole,2019,3,started,192.0,86.0,,12,True,False
10,1661000,Opole,2019,4,started,476.0,284.0,,12,True,False
10,1661000,Opole,2019,5,started,518.0,42.0,,12,True,False
10,1661000,Opole,2019,6,started,728.0,210.0,,12,True,False
10,1661000,Opole,2019,7,started,875.0,147.0,,12,True,False
10,1661000,Opole,2019,8,started,923.0,48.0,,12,True,False
10,1661000,Opole,2019,9,started,935.0,12.0,,12,True,False
10,1661000,Opole,2019,10,started,979.0,44.0,,12,True,False
10,1661000,Opole,2019,11,started,1038.0,59.0,,12,True,False
10,1661000,Opole,2019,12,started,1105.0,67.0,,12,True,False
10,1661000,Opole,2020,1,started,184.0,184.0,,12,True,False
10,1661000,Opole,2020,2,started,298.0,114.0,,12,True,False
10,1661000,Opole,2020,3,started,379.0,81.0,,12,True,False
10,1661000,Opole,2020,4,started,422.0,43.0,,12,True,False
10,1661000,Opole,2020,5,started,439.0,17.0,,12,True,False
10,1661000,Opole,2020,6,started,581.0,142.0,,12,True,False
10,1661000,Opole,2020,7,started,620.0,39.0,,12,True,False
10,1661000,Opole,2020,8,started,762.0,142.0,,12,True,False
10,1661000,Opole,2020,9,started,879.0,117.0,,12,True,False
10,1661000,Opole,2020,10,started,915.0,36.0,,12,True,False
10,1661000,Opole,2020,11,started,926.0,11.0,,12,True,False
10,1661000,Opole,2020,12,started,939.0,13.0,,12,True,False
10,1661000,Opole,2021,1,started,28.0,28.0,,12,True,False
10,1661000,Opole,2021,2,started,108.0,80.0,,12,True,False
10,1661000,Opole,2021,3,started,124.0,16.0,,12,True,False
10,1661000,Opole,2021,4,started,303.0,179.0,,12,True,False
10,1661000,Opole,2021,5,started,612.0,309.0,,12,True,False
10,1661000,Opole,2021,6,started,762.0,150.0,,12,True,False
10,1661000,Opole,2021,7,started,808.0,46.0,,12,True,False
10,1661000,Opole,2021,8,started,839.0,31.0,,12,True,False
10,1661000,Opole,2021,9,started,924.0,85.0,,12,True,False
10,1661000,Opole,2021,10,started,1009.0,85.0,,12,True,False
10,1661000,Opole,2021,11,started,1075.0,66.0,,12,True,False
10,1661000,Opole,2021,12,started,1091.0,16.0,,12,True,False
10,1661000,Opole,2022,1,started,105.0,105.0,,12,True,False
10,1661000,Opole,2022,2,started,295.0,190.0,,12,True,False
10,1661000,Opole,2022,3,started,313.0,18.0,,12,True,False
10,1661000,Opole,2022,4,started,417.0,104.0,,12,True,False
10,1661000,Opole,2022,5,started,440.0,23.0,,12,True,False
10,1661000,Opole,2022,6,started,528.0,88.0,,12,True,False
10,1661000,Opole,2022,7,started,687.0,159.0,,12,True,False
10,1661000,Opole,2022,8,started,716.0,29.0,,12,True,False
10,1661000,Opole,2022,9,started,733.0,17.0,,12,True,False
10,1661000,Opole,2022,10,started,748.0,15.0,,12,True,False
10,1661000,Opole,2022,11,started,876.0,128.0,,12,True,False
10,1661000,Opole,2022,12,started,880.0,4.0,,12,True,False
10,1661000,Opole,2023,1,started,24.0,24.0,,12,True,False
10,1661000,Opole,2023,2,started,209.0,185.0,,12,True,False
10,1661000,Opole,2023,3,started,217.0,8.0,,12,True,False
10,1661000,Opole,2023,4,started,259.0,42.0,,12,True,False
10,1661000,Opole,2023,5,started,281.0,22.0,,12,True,False
10,1661000,Opole,2023,6,started,290.0,9.0,,12,True,False
10,1661000,Opole,2023,7,started,307.0,17.0,,12,True,False
10,1661000,Opole,2023,8,started,330.0,23.0,,12,True,False
10,1661000,Opole,2023,9,started,352.0,22.0,,12,True,False
10,1661000,Opole,2023,10,started,368.0,16.0,,12,True,False
10,1661000,Opole,2023,11,started,430.0,62.0,,12,True,False
10,1661000,Opole,2023,12,started,468.0,38.0,,12,True,False
10,1661000,Opole,2024,1,started,25.0,25.0,,12,True,False
10,1661000,Opole,2024,2,started,106.0,81.0,,12,True,False
10,1661000,Opole,2024,3,started,745.0,639.0,,12,True,False
10,1661000,Opole,2024,4,started,764.0,19.0,,12,True,False
10,1661000,Opole,2024,5,started,771.0,7.0,,12,True,False
10,1661000,Opole,2024,6,started,936.0,165.0,,12,True,False
10,1661000,Opole,2024,7,started,962.0,26.0,,12,True,False
10,1661000,Opole,2024,8,started,1017.0,55.0,,12,True,False
10,1661000,Opole,2024,9,started,1033.0,16.0,,12,True,False
10,1661000,Opole,2024,10,started,1057.0,24.0,,12,True,False
10,1661000,Opole,2024,11,started,1162.0,105.0,,12,True,False
10,1661000,Opole,2024,12,started,1175.0,13.0,,12,True,False
10,1661000,Opole,2025,1,started,30.0,30.0,,12,True,False
10,1661000,Opole,2025,2,started,37.0,7.0,,12,True,False
10,1661000,Opole,2025,3,started,81.0,44.0,,12,True,False
10,1661000,Opole,2025,4,started,107.0,26.0,,12,True,False
10,1661000,Opole,2025,5,started,142.0,35.0,,12,True,False
10,1661000,Opole,2025,6,started,180.0,38.0,,12,True,False
10,1661000,Opole,2025,7,started,203.0,23.0,,12,True,False
10,1661000,Opole,2025,8,started,208.0,5.0,,12,True,False
10,1661000,Opole,2025,9,started,234.0,26.0,,12,True,False
10,1661000,Opole,2025,10,started,488.0,254.0,,12,True,False
10,1661000,Opole,2025,11,started,491.0,3.0,,12,True,False
10,1661000,Opole,2025,12,started,686.0,195.0,,12,True,False
10,1661000,Opole,2026,1,started,141.0,141.0,,6,False,False
10,1661000,Opole,2026,2,started,166.0,25.0,,6,False,False
10,1661000,Opole,2026,3,started,208.0,42.0,,6,False,False
10,1661000,Opole,2026,4,started,216.0,8.0,,6,False,False
10,1661000,Opole,2026,5,started,230.0,14.0,,6,False,False
10,1661000,Opole,2026,6,started,277.0,47.0,,6,False,False
11,3064000,Poznań,2005,1,started,37.0,37.0,,12,True,False
11,3064000,Poznań,2005,2,started,175.0,138.0,,12,True,False
11,3064000,Poznań,2005,3,started,279.0,104.0,,12,True,False
11,3064000,Poznań,2005,4,started,449.0,170.0,,12,True,False
11,3064000,Poznań,2005,5,started,589.0,140.0,,12,True,False
11,3064000,Poznań,2005,6,started,600.0,11.0,,12,True,False
11,3064000,Poznań,2005,7,started,803.0,203.0,,12,True,False
11,3064000,Poznań,2005,8,started,895.0,92.0,,12,True,False
11,3064000,Poznań,2005,9,started,905.0,10.0,,12,True,False
11,3064000,Poznań,2005,10,started,1002.0,97.0,,12,True,False
11,3064000,Poznań,2005,11,started,1161.0,159.0,,12,True,False
11,3064000,Poznań,2005,12,started,1263.0,102.0,,12,True,False
11,3064000,Poznań,2006,1,started,4.0,4.0,,12,True,False
11,3064000,Poznań,2006,2,started,17.0,13.0,,12,True,False
11,3064000,Poznań,2006,3,started,41.0,24.0,,12,True,False
11,3064000,Poznań,2006,4,started,162.0,121.0,,12,True,False
11,3064000,Poznań,2006,5,started,1280.0,1118.0,,12,True,False
11,3064000,Poznań,2006,6,started,1716.0,436.0,,12,True,False
11,3064000,Poznań,2006,7,started,1740.0,24.0,,12,True,False
11,3064000,Poznań,2006,8,started,1928.0,188.0,,12,True,False
11,3064000,Poznań,2006,9,started,1940.0,12.0,,12,True,False
11,3064000,Poznań,2006,10,started,2289.0,349.0,,12,True,False
11,3064000,Poznań,2006,11,started,2326.0,37.0,,12,True,False
11,3064000,Poznań,2006,12,started,2500.0,174.0,,12,True,False
11,3064000,Poznań,2007,1,started,400.0,400.0,,12,True,False
11,3064000,Poznań,2007,2,started,764.0,364.0,,12,True,False
11,3064000,Poznań,2007,3,started,949.0,185.0,,12,True,False
11,3064000,Poznań,2007,4,started,1137.0,188.0,,12,True,False
11,3064000,Poznań,2007,5,started,1274.0,137.0,,12,True,False
11,3064000,Poznań,2007,6,started,1309.0,35.0,,12,True,False
11,3064000,Poznań,2007,7,started,2182.0,873.0,,12,True,False
11,3064000,Poznań,2007,8,started,2292.0,110.0,,12,True,False
11,3064000,Poznań,2007,9,started,2402.0,110.0,,12,True,False
11,3064000,Poznań,2007,10,started,2724.0,322.0,,12,True,False
11,3064000,Poznań,2007,11,started,3335.0,611.0,,12,True,False
11,3064000,Poznań,2007,12,started,3803.0,468.0,,12,True,False
11,3064000,Poznań,2008,1,started,383.0,383.0,,12,True,False
11,3064000,Poznań,2008,2,started,470.0,87.0,,12,True,False
11,3064000,Poznań,2008,3,started,610.0,140.0,,12,True,False
11,3064000,Poznań,2008,4,started,1061.0,451.0,,12,True,False
11,3064000,Poznań,2008,5,started,1158.0,97.0,,12,True,False
11,3064000,Poznań,2008,6,started,1511.0,353.0,,12,True,False
11,3064000,Poznań,2008,7,started,1703.0,192.0,,12,True,False
11,3064000,Poznań,2008,8,started,1939.0,236.0,,12,True,False
11,3064000,Poznań,2008,9,started,1980.0,41.0,,12,True,False
11,3064000,Poznań,2008,10,started,2002.0,22.0,,12,True,False
11,3064000,Poznań,2008,11,started,2096.0,94.0,,12,True,False
11,3064000,Poznań,2008,12,started,2220.0,124.0,,12,True,False
11,3064000,Poznań,2009,1,started,468.0,468.0,,12,True,False
11,3064000,Poznań,2009,2,started,499.0,31.0,,12,True,False
11,3064000,Poznań,2009,3,started,589.0,90.0,,12,True,False
11,3064000,Poznań,2009,4,started,654.0,65.0,,12,True,False
11,3064000,Poznań,2009,5,started,690.0,36.0,,12,True,False
11,3064000,Poznań,2009,6,started,875.0,185.0,,12,True,False
11,3064000,Poznań,2009,7,started,1012.0,137.0,,12,True,False
11,3064000,Poznań,2009,8,started,1500.0,488.0,,12,True,False
11,3064000,Poznań,2009,9,started,1801.0,301.0,,12,True,False
11,3064000,Poznań,2009,10,started,2098.0,297.0,,12,True,False
11,3064000,Poznań,2009,11,started,2387.0,289.0,,12,True,False
11,3064000,Poznań,2009,12,started,2433.0,46.0,,12,True,False
11,3064000,Poznań,2010,1,started,205.0,205.0,,12,True,False
11,3064000,Poznań,2010,2,started,352.0,147.0,,12,True,False
11,3064000,Poznań,2010,3,started,977.0,625.0,,12,True,False
11,3064000,Poznań,2010,4,started,1389.0,412.0,,12,True,False
11,3064000,Poznań,2010,5,started,1565.0,176.0,,12,True,False
11,3064000,Poznań,2010,6,started,1657.0,92.0,,12,True,False
11,3064000,Poznań,2010,7,started,1771.0,114.0,,12,True,False
11,3064000,Poznań,2010,8,started,2087.0,316.0,,12,True,False
11,3064000,Poznań,2010,9,started,2322.0,235.0,,12,True,False
11,3064000,Poznań,2010,10,started,2393.0,71.0,,12,True,False
11,3064000,Poznań,2010,11,started,2641.0,248.0,,12,True,False
11,3064000,Poznań,2010,12,started,2762.0,121.0,,12,True,False
11,3064000,Poznań,2011,1,started,29.0,29.0,,12,True,False
11,3064000,Poznań,2011,2,started,288.0,259.0,,12,True,False
11,3064000,Poznań,2011,3,started,431.0,143.0,,12,True,False
11,3064000,Poznań,2011,4,started,928.0,497.0,,12,True,False
11,3064000,Poznań,2011,5,started,1237.0,309.0,,12,True,False
11,3064000,Poznań,2011,6,started,1405.0,168.0,,12,True,False
11,3064000,Poznań,2011,7,started,1474.0,69.0,,12,True,False
11,3064000,Poznań,2011,8,started,1635.0,161.0,,12,True,False
11,3064000,Poznań,2011,9,started,1739.0,104.0,,12,True,False
11,3064000,Poznań,2011,10,started,1980.0,241.0,,12,True,False
11,3064000,Poznań,2011,11,started,2156.0,176.0,,12,True,False
11,3064000,Poznań,2011,12,started,2167.0,11.0,,12,True,False
11,3064000,Poznań,2012,1,started,311.0,311.0,,12,True,False
11,3064000,Poznań,2012,2,started,1167.0,856.0,,12,True,False
11,3064000,Poznań,2012,3,started,1315.0,148.0,,12,True,False
11,3064000,Poznań,2012,4,started,1566.0,251.0,,12,True,False
11,3064000,Poznań,2012,5,started,1586.0,20.0,,12,True,False
11,3064000,Poznań,2012,6,started,2069.0,483.0,,12,True,False
11,3064000,Poznań,2012,7,started,2271.0,202.0,,12,True,False
11,3064000,Poznań,2012,8,started,2528.0,257.0,,12,True,False
11,3064000,Poznań,2012,9,started,2753.0,225.0,,12,True,False
11,3064000,Poznań,2012,10,started,2948.0,195.0,,12,True,False
11,3064000,Poznań,2012,11,started,3096.0,148.0,,12,True,False
11,3064000,Poznań,2012,12,started,3319.0,223.0,,12,True,False
11,3064000,Poznań,2013,1,started,8.0,8.0,,12,True,False
11,3064000,Poznań,2013,2,started,33.0,25.0,,12,True,False
11,3064000,Poznań,2013,3,started,47.0,14.0,,12,True,False
11,3064000,Poznań,2013,4,started,93.0,46.0,,12,True,False
11,3064000,Poznań,2013,5,started,380.0,287.0,,12,True,False
11,3064000,Poznań,2013,6,started,619.0,239.0,,12,True,False
11,3064000,Poznań,2013,7,started,637.0,18.0,,12,True,False
11,3064000,Poznań,2013,8,started,663.0,26.0,,12,True,False
11,3064000,Poznań,2013,9,started,685.0,22.0,,12,True,False
11,3064000,Poznań,2013,10,started,1594.0,909.0,,12,True,False
11,3064000,Poznań,2013,11,started,1690.0,96.0,,12,True,False
11,3064000,Poznań,2013,12,started,1715.0,25.0,,12,True,False
11,3064000,Poznań,2014,1,started,31.0,31.0,,12,True,False
11,3064000,Poznań,2014,2,started,446.0,415.0,,12,True,False
11,3064000,Poznań,2014,3,started,954.0,508.0,,12,True,False
11,3064000,Poznań,2014,4,started,1450.0,496.0,,12,True,False
11,3064000,Poznań,2014,5,started,1495.0,45.0,,12,True,False
11,3064000,Poznań,2014,6,started,2273.0,778.0,,12,True,False
11,3064000,Poznań,2014,7,started,2622.0,349.0,,12,True,False
11,3064000,Poznań,2014,8,started,2720.0,98.0,,12,True,False
11,3064000,Poznań,2014,9,started,2943.0,223.0,,12,True,False
11,3064000,Poznań,2014,10,started,3398.0,455.0,,12,True,False
11,3064000,Poznań,2014,11,started,3423.0,25.0,,12,True,False
11,3064000,Poznań,2014,12,started,3817.0,394.0,,12,True,False
11,3064000,Poznań,2015,1,started,36.0,36.0,,12,True,False
11,3064000,Poznań,2015,2,started,618.0,582.0,,12,True,False
11,3064000,Poznań,2015,3,started,1042.0,424.0,,12,True,False
11,3064000,Poznań,2015,4,started,1643.0,601.0,,12,True,False
11,3064000,Poznań,2015,5,started,2097.0,454.0,,12,True,False
11,3064000,Poznań,2015,6,started,2490.0,393.0,,12,True,False
11,3064000,Poznań,2015,7,started,2630.0,140.0,,12,True,False
11,3064000,Poznań,2015,8,started,2667.0,37.0,,12,True,False
11,3064000,Poznań,2015,9,started,3263.0,596.0,,12,True,False
11,3064000,Poznań,2015,10,started,3668.0,405.0,,12,True,False
11,3064000,Poznań,2015,11,started,3808.0,140.0,,12,True,False
11,3064000,Poznań,2015,12,started,4570.0,762.0,,12,True,False
11,3064000,Poznań,2016,1,started,256.0,256.0,,12,True,False
11,3064000,Poznań,2016,2,started,580.0,324.0,,12,True,False
11,3064000,Poznań,2016,3,started,825.0,245.0,,12,True,False
11,3064000,Poznań,2016,4,started,1241.0,416.0,,12,True,False
11,3064000,Poznań,2016,5,started,1594.0,353.0,,12,True,False
11,3064000,Poznań,2016,6,started,1724.0,130.0,,12,True,False
11,3064000,Poznań,2016,7,started,1902.0,178.0,,12,True,False
11,3064000,Poznań,2016,8,started,2192.0,290.0,,12,True,False
11,3064000,Poznań,2016,9,started,2240.0,48.0,,12,True,False
11,3064000,Poznań,2016,10,started,2617.0,377.0,,12,True,False
11,3064000,Poznań,2016,11,started,2934.0,317.0,,12,True,False
11,3064000,Poznań,2016,12,started,3553.0,619.0,,12,True,False
11,3064000,Poznań,2017,1,started,493.0,493.0,,12,True,False
11,3064000,Poznań,2017,2,started,643.0,150.0,,12,True,False
11,3064000,Poznań,2017,3,started,1480.0,837.0,,12,True,False
11,3064000,Poznań,2017,4,started,2073.0,593.0,,12,True,False
11,3064000,Poznań,2017,5,started,2375.0,302.0,,12,True,False
11,3064000,Poznań,2017,6,started,2830.0,455.0,,12,True,False
11,3064000,Poznań,2017,7,started,3159.0,329.0,,12,True,False
11,3064000,Poznań,2017,8,started,4020.0,861.0,,12,True,False
11,3064000,Poznań,2017,9,started,4732.0,712.0,,12,True,False
11,3064000,Poznań,2017,10,started,5482.0,750.0,,12,True,False
11,3064000,Poznań,2017,11,started,7210.0,1728.0,,12,True,False
11,3064000,Poznań,2017,12,started,7432.0,222.0,,12,True,False
11,3064000,Poznań,2018,1,started,186.0,186.0,,12,True,False
11,3064000,Poznań,2018,2,started,308.0,122.0,,12,True,False
11,3064000,Poznań,2018,3,started,840.0,532.0,,12,True,False
11,3064000,Poznań,2018,4,started,1305.0,465.0,,12,True,False
11,3064000,Poznań,2018,5,started,1414.0,109.0,,12,True,False
11,3064000,Poznań,2018,6,started,1989.0,575.0,,12,True,False
11,3064000,Poznań,2018,7,started,2505.0,516.0,,12,True,False
11,3064000,Poznań,2018,8,started,2799.0,294.0,,12,True,False
11,3064000,Poznań,2018,9,started,3766.0,967.0,,12,True,False
11,3064000,Poznań,2018,10,started,3878.0,112.0,,12,True,False
11,3064000,Poznań,2018,11,started,5413.0,1535.0,,12,True,False
11,3064000,Poznań,2018,12,started,5610.0,197.0,,12,True,False
11,3064000,Poznań,2019,1,started,415.0,415.0,,12,True,False
11,3064000,Poznań,2019,2,started,1210.0,795.0,,12,True,False
11,3064000,Poznań,2019,3,started,1462.0,252.0,,12,True,False
11,3064000,Poznań,2019,4,started,1586.0,124.0,,12,True,False
11,3064000,Poznań,2019,5,started,1987.0,401.0,,12,True,False
11,3064000,Poznań,2019,6,started,2541.0,554.0,,12,True,False
11,3064000,Poznań,2019,7,started,2701.0,160.0,,12,True,False
11,3064000,Poznań,2019,8,started,2940.0,239.0,,12,True,False
11,3064000,Poznań,2019,9,started,3265.0,325.0,,12,True,False
11,3064000,Poznań,2019,10,started,3802.0,537.0,,12,True,False
11,3064000,Poznań,2019,11,started,3885.0,83.0,,12,True,False
11,3064000,Poznań,2019,12,started,4273.0,388.0,,12,True,False
11,3064000,Poznań,2020,1,started,304.0,304.0,,12,True,False
11,3064000,Poznań,2020,2,started,747.0,443.0,,12,True,False
11,3064000,Poznań,2020,3,started,1112.0,365.0,,12,True,False
11,3064000,Poznań,2020,4,started,1133.0,21.0,,12,True,False
11,3064000,Poznań,2020,5,started,1250.0,117.0,,12,True,False
11,3064000,Poznań,2020,6,started,1782.0,532.0,,12,True,False
11,3064000,Poznań,2020,7,started,2111.0,329.0,,12,True,False
11,3064000,Poznań,2020,8,started,2434.0,323.0,,12,True,False
11,3064000,Poznań,2020,9,started,3224.0,790.0,,12,True,False
11,3064000,Poznań,2020,10,started,3495.0,271.0,,12,True,False
11,3064000,Poznań,2020,11,started,3751.0,256.0,,12,True,False
11,3064000,Poznań,2020,12,started,4199.0,448.0,,12,True,False
11,3064000,Poznań,2021,1,started,1739.0,1739.0,,12,True,False
11,3064000,Poznań,2021,2,started,3014.0,1275.0,,12,True,False
11,3064000,Poznań,2021,3,started,3071.0,57.0,,12,True,False
11,3064000,Poznań,2021,4,started,4361.0,1290.0,,12,True,False
11,3064000,Poznań,2021,5,started,5184.0,823.0,,12,True,False
11,3064000,Poznań,2021,6,started,5340.0,156.0,,12,True,False
11,3064000,Poznań,2021,7,started,5368.0,28.0,,12,True,False
11,3064000,Poznań,2021,8,started,5731.0,363.0,,12,True,False
11,3064000,Poznań,2021,9,started,6091.0,360.0,,12,True,False
11,3064000,Poznań,2021,10,started,6434.0,343.0,,12,True,False
11,3064000,Poznań,2021,11,started,6593.0,159.0,,12,True,False
11,3064000,Poznań,2021,12,started,6837.0,244.0,,12,True,False
11,3064000,Poznań,2022,1,started,110.0,110.0,,12,True,False
11,3064000,Poznań,2022,2,started,202.0,92.0,,12,True,False
11,3064000,Poznań,2022,3,started,1633.0,1431.0,,12,True,False
11,3064000,Poznań,2022,4,started,2188.0,555.0,,12,True,False
11,3064000,Poznań,2022,5,started,2489.0,301.0,,12,True,False
11,3064000,Poznań,2022,6,started,2935.0,446.0,,12,True,False
11,3064000,Poznań,2022,7,started,2955.0,20.0,,12,True,False
11,3064000,Poznań,2022,8,started,2981.0,26.0,,12,True,False
11,3064000,Poznań,2022,9,started,3244.0,263.0,,12,True,False
11,3064000,Poznań,2022,10,started,3378.0,134.0,,12,True,False
11,3064000,Poznań,2022,11,started,4034.0,656.0,,12,True,False
11,3064000,Poznań,2022,12,started,4236.0,202.0,,12,True,False
11,3064000,Poznań,2023,1,started,14.0,14.0,,12,True,False
11,3064000,Poznań,2023,2,started,150.0,136.0,,12,True,False
11,3064000,Poznań,2023,3,started,722.0,572.0,,12,True,False
11,3064000,Poznań,2023,4,started,748.0,26.0,,12,True,False
11,3064000,Poznań,2023,5,started,1069.0,321.0,,12,True,False
11,3064000,Poznań,2023,6,started,1262.0,193.0,,12,True,False
11,3064000,Poznań,2023,7,started,1280.0,18.0,,12,True,False
11,3064000,Poznań,2023,8,started,1511.0,231.0,,12,True,False
11,3064000,Poznań,2023,9,started,1873.0,362.0,,12,True,False
11,3064000,Poznań,2023,10,started,2119.0,246.0,,12,True,False
11,3064000,Poznań,2023,11,started,2394.0,275.0,,12,True,False
11,3064000,Poznań,2023,12,started,3182.0,788.0,,12,True,False
11,3064000,Poznań,2024,1,started,317.0,317.0,,12,True,False
11,3064000,Poznań,2024,2,started,740.0,423.0,,12,True,False
11,3064000,Poznań,2024,3,started,1053.0,313.0,,12,True,False
11,3064000,Poznań,2024,4,started,1262.0,209.0,,12,True,False
11,3064000,Poznań,2024,5,started,2103.0,841.0,,12,True,False
11,3064000,Poznań,2024,6,started,2547.0,444.0,,12,True,False
11,3064000,Poznań,2024,7,started,3035.0,488.0,,12,True,False
11,3064000,Poznań,2024,8,started,3098.0,63.0,,12,True,False
11,3064000,Poznań,2024,9,started,3531.0,433.0,,12,True,False
11,3064000,Poznań,2024,10,started,3600.0,69.0,,12,True,False
11,3064000,Poznań,2024,11,started,3952.0,352.0,,12,True,False
11,3064000,Poznań,2024,12,started,4309.0,357.0,,12,True,False
11,3064000,Poznań,2025,1,started,522.0,522.0,,12,True,False
11,3064000,Poznań,2025,2,started,1079.0,557.0,,12,True,False
11,3064000,Poznań,2025,3,started,1574.0,495.0,,12,True,False
11,3064000,Poznań,2025,4,started,1602.0,28.0,,12,True,False
11,3064000,Poznań,2025,5,started,1883.0,281.0,,12,True,False
11,3064000,Poznań,2025,6,started,1908.0,25.0,,12,True,False
11,3064000,Poznań,2025,7,started,2402.0,494.0,,12,True,False
11,3064000,Poznań,2025,8,started,2414.0,12.0,,12,True,False
11,3064000,Poznań,2025,9,started,2492.0,78.0,,12,True,False
11,3064000,Poznań,2025,10,started,2578.0,86.0,,12,True,False
11,3064000,Poznań,2025,11,started,2747.0,169.0,,12,True,False
11,3064000,Poznań,2025,12,started,3130.0,383.0,,12,True,False
11,3064000,Poznań,2026,1,started,636.0,636.0,,6,False,False
11,3064000,Poznań,2026,2,started,775.0,139.0,,6,False,False
11,3064000,Poznań,2026,3,started,1065.0,290.0,,6,False,False
11,3064000,Poznań,2026,4,started,1623.0,558.0,,6,False,False
11,3064000,Poznań,2026,5,started,2248.0,625.0,,6,False,False
11,3064000,Poznań,2026,6,started,2515.0,267.0,,6,False,False
12,1863000,Rzeszów,2005,1,started,2.0,2.0,,12,True,False
12,1863000,Rzeszów,2005,2,started,17.0,15.0,,12,True,False
12,1863000,Rzeszów,2005,3,started,62.0,45.0,,12,True,False
12,1863000,Rzeszów,2005,4,started,68.0,6.0,,12,True,False
12,1863000,Rzeszów,2005,5,started,98.0,30.0,,12,True,False
12,1863000,Rzeszów,2005,6,started,203.0,105.0,,12,True,False
12,1863000,Rzeszów,2005,7,started,283.0,80.0,,12,True,False
12,1863000,Rzeszów,2005,8,started,304.0,21.0,,12,True,False
12,1863000,Rzeszów,2005,9,started,338.0,34.0,,12,True,False
12,1863000,Rzeszów,2005,10,started,345.0,7.0,,12,True,False
12,1863000,Rzeszów,2005,11,started,366.0,21.0,,12,True,False
12,1863000,Rzeszów,2005,12,started,374.0,8.0,,12,True,False
12,1863000,Rzeszów,2006,1,started,1.0,1.0,,12,True,False
12,1863000,Rzeszów,2006,2,started,4.0,3.0,,12,True,False
12,1863000,Rzeszów,2006,3,started,115.0,111.0,,12,True,False
12,1863000,Rzeszów,2006,4,started,175.0,60.0,,12,True,False
12,1863000,Rzeszów,2006,5,started,336.0,161.0,,12,True,False
12,1863000,Rzeszów,2006,6,started,612.0,276.0,,12,True,False
12,1863000,Rzeszów,2006,7,started,717.0,105.0,,12,True,False
12,1863000,Rzeszów,2006,8,started,752.0,35.0,,12,True,False
12,1863000,Rzeszów,2006,9,started,809.0,57.0,,12,True,False
12,1863000,Rzeszów,2006,10,started,867.0,58.0,,12,True,False
12,1863000,Rzeszów,2006,11,started,932.0,65.0,,12,True,False
12,1863000,Rzeszów,2006,12,started,1273.0,341.0,,12,True,False
12,1863000,Rzeszów,2007,1,started,100.0,100.0,,12,True,False
12,1863000,Rzeszów,2007,2,started,110.0,10.0,,12,True,False
12,1863000,Rzeszów,2007,3,started,127.0,17.0,,12,True,False
12,1863000,Rzeszów,2007,4,started,392.0,265.0,,12,True,False
12,1863000,Rzeszów,2007,5,started,571.0,179.0,,12,True,False
12,1863000,Rzeszów,2007,6,started,626.0,55.0,,12,True,False
12,1863000,Rzeszów,2007,7,started,737.0,111.0,,12,True,False
12,1863000,Rzeszów,2007,8,started,845.0,108.0,,12,True,False
12,1863000,Rzeszów,2007,9,started,1020.0,175.0,,12,True,False
12,1863000,Rzeszów,2007,10,started,1326.0,306.0,,12,True,False
12,1863000,Rzeszów,2007,11,started,1520.0,194.0,,12,True,False
12,1863000,Rzeszów,2007,12,started,1797.0,277.0,,12,True,False
12,1863000,Rzeszów,2008,1,started,6.0,6.0,,12,True,False
12,1863000,Rzeszów,2008,2,started,14.0,8.0,,12,True,False
12,1863000,Rzeszów,2008,3,started,109.0,95.0,,12,True,False
12,1863000,Rzeszów,2008,4,started,166.0,57.0,,12,True,False
12,1863000,Rzeszów,2008,5,started,331.0,165.0,,12,True,False
12,1863000,Rzeszów,2008,6,started,566.0,235.0,,12,True,False
12,1863000,Rzeszów,2008,7,started,605.0,39.0,,12,True,False
12,1863000,Rzeszów,2008,8,started,633.0,28.0,,12,True,False
12,1863000,Rzeszów,2008,9,started,712.0,79.0,,12,True,False
12,1863000,Rzeszów,2008,10,started,777.0,65.0,,12,True,False
12,1863000,Rzeszów,2008,11,started,785.0,8.0,,12,True,False
12,1863000,Rzeszów,2008,12,started,794.0,9.0,,12,True,False
12,1863000,Rzeszów,2009,1,started,4.0,4.0,,12,True,False
12,1863000,Rzeszów,2009,2,started,20.0,16.0,,12,True,False
12,1863000,Rzeszów,2009,3,started,285.0,265.0,,12,True,False
12,1863000,Rzeszów,2009,4,started,475.0,190.0,,12,True,False
12,1863000,Rzeszów,2009,5,started,581.0,106.0,,12,True,False
12,1863000,Rzeszów,2009,6,started,653.0,72.0,,12,True,False
12,1863000,Rzeszów,2009,7,started,788.0,135.0,,12,True,False
12,1863000,Rzeszów,2009,8,started,1100.0,312.0,,12,True,False
12,1863000,Rzeszów,2009,9,started,1127.0,27.0,,12,True,False
12,1863000,Rzeszów,2009,10,started,1171.0,44.0,,12,True,False
12,1863000,Rzeszów,2009,11,started,1187.0,16.0,,12,True,False
12,1863000,Rzeszów,2009,12,started,1306.0,119.0,,12,True,False
12,1863000,Rzeszów,2010,1,started,68.0,68.0,,12,True,False
12,1863000,Rzeszów,2010,2,started,188.0,120.0,,12,True,False
12,1863000,Rzeszów,2010,3,started,308.0,120.0,,12,True,False
12,1863000,Rzeszów,2010,4,started,477.0,169.0,,12,True,False
12,1863000,Rzeszów,2010,5,started,511.0,34.0,,12,True,False
12,1863000,Rzeszów,2010,6,started,624.0,113.0,,12,True,False
12,1863000,Rzeszów,2010,7,started,1090.0,466.0,,12,True,False
12,1863000,Rzeszów,2010,8,started,1159.0,69.0,,12,True,False
12,1863000,Rzeszów,2010,9,started,1282.0,123.0,,12,True,False
12,1863000,Rzeszów,2010,10,started,1335.0,53.0,,12,True,False
12,1863000,Rzeszów,2010,11,started,1488.0,153.0,,12,True,False
12,1863000,Rzeszów,2010,12,started,1496.0,8.0,,12,True,False
12,1863000,Rzeszów,2011,1,started,27.0,27.0,,12,True,False
12,1863000,Rzeszów,2011,2,started,79.0,52.0,,12,True,False
12,1863000,Rzeszów,2011,3,started,222.0,143.0,,12,True,False
12,1863000,Rzeszów,2011,4,started,353.0,131.0,,12,True,False
12,1863000,Rzeszów,2011,5,started,441.0,88.0,,12,True,False
12,1863000,Rzeszów,2011,6,started,584.0,143.0,,12,True,False
12,1863000,Rzeszów,2011,7,started,730.0,146.0,,12,True,False
12,1863000,Rzeszów,2011,8,started,1039.0,309.0,,12,True,False
12,1863000,Rzeszów,2011,9,started,1177.0,138.0,,12,True,False
12,1863000,Rzeszów,2011,10,started,1374.0,197.0,,12,True,False
12,1863000,Rzeszów,2011,11,started,1462.0,88.0,,12,True,False
12,1863000,Rzeszów,2011,12,started,1595.0,133.0,,12,True,False
12,1863000,Rzeszów,2012,1,started,7.0,7.0,,12,True,False
12,1863000,Rzeszów,2012,2,started,134.0,127.0,,12,True,False
12,1863000,Rzeszów,2012,3,started,166.0,32.0,,12,True,False
12,1863000,Rzeszów,2012,4,started,510.0,344.0,,12,True,False
12,1863000,Rzeszów,2012,5,started,615.0,105.0,,12,True,False
12,1863000,Rzeszów,2012,6,started,691.0,76.0,,12,True,False
12,1863000,Rzeszów,2012,7,started,894.0,203.0,,12,True,False
12,1863000,Rzeszów,2012,8,started,938.0,44.0,,12,True,False
12,1863000,Rzeszów,2012,9,started,1168.0,230.0,,12,True,False
12,1863000,Rzeszów,2012,10,started,1199.0,31.0,,12,True,False
12,1863000,Rzeszów,2012,11,started,1691.0,492.0,,12,True,False
12,1863000,Rzeszów,2012,12,started,1944.0,253.0,,12,True,False
12,1863000,Rzeszów,2013,1,started,21.0,21.0,,12,True,False
12,1863000,Rzeszów,2013,2,started,149.0,128.0,,12,True,False
12,1863000,Rzeszów,2013,3,started,329.0,180.0,,12,True,False
12,1863000,Rzeszów,2013,4,started,385.0,56.0,,12,True,False
12,1863000,Rzeszów,2013,5,started,504.0,119.0,,12,True,False
12,1863000,Rzeszów,2013,6,started,520.0,16.0,,12,True,False
12,1863000,Rzeszów,2013,7,started,554.0,34.0,,12,True,False
12,1863000,Rzeszów,2013,8,started,623.0,69.0,,12,True,False
12,1863000,Rzeszów,2013,9,started,898.0,275.0,,12,True,False
12,1863000,Rzeszów,2013,10,started,962.0,64.0,,12,True,False
12,1863000,Rzeszów,2013,11,started,1160.0,198.0,,12,True,False
12,1863000,Rzeszów,2013,12,started,1325.0,165.0,,12,True,False
12,1863000,Rzeszów,2014,1,started,37.0,37.0,,12,True,False
12,1863000,Rzeszów,2014,2,started,158.0,121.0,,12,True,False
12,1863000,Rzeszów,2014,3,started,399.0,241.0,,12,True,False
12,1863000,Rzeszów,2014,4,started,566.0,167.0,,12,True,False
12,1863000,Rzeszów,2014,5,started,1066.0,500.0,,12,True,False
12,1863000,Rzeszów,2014,6,started,1118.0,52.0,,12,True,False
12,1863000,Rzeszów,2014,7,started,1294.0,176.0,,12,True,False
12,1863000,Rzeszów,2014,8,started,1674.0,380.0,,12,True,False
12,1863000,Rzeszów,2014,9,started,1747.0,73.0,,12,True,False
12,1863000,Rzeszów,2014,10,started,1939.0,192.0,,12,True,False
12,1863000,Rzeszów,2014,11,started,2301.0,362.0,,12,True,False
12,1863000,Rzeszów,2014,12,started,2613.0,312.0,,12,True,False
12,1863000,Rzeszów,2015,1,started,94.0,94.0,,12,True,False
12,1863000,Rzeszów,2015,2,started,187.0,93.0,,12,True,False
12,1863000,Rzeszów,2015,3,started,416.0,229.0,,12,True,False
12,1863000,Rzeszów,2015,4,started,705.0,289.0,,12,True,False
12,1863000,Rzeszów,2015,5,started,772.0,67.0,,12,True,False
12,1863000,Rzeszów,2015,6,started,1012.0,240.0,,12,True,False
12,1863000,Rzeszów,2015,7,started,1283.0,271.0,,12,True,False
12,1863000,Rzeszów,2015,8,started,1667.0,384.0,,12,True,False
12,1863000,Rzeszów,2015,9,started,1773.0,106.0,,12,True,False
12,1863000,Rzeszów,2015,10,started,1989.0,216.0,,12,True,False
12,1863000,Rzeszów,2015,11,started,2365.0,376.0,,12,True,False
12,1863000,Rzeszów,2015,12,started,2435.0,70.0,,12,True,False
12,1863000,Rzeszów,2016,1,started,156.0,156.0,,12,True,False
12,1863000,Rzeszów,2016,2,started,660.0,504.0,,12,True,False
12,1863000,Rzeszów,2016,3,started,713.0,53.0,,12,True,False
12,1863000,Rzeszów,2016,4,started,923.0,210.0,,12,True,False
12,1863000,Rzeszów,2016,5,started,1029.0,106.0,,12,True,False
12,1863000,Rzeszów,2016,6,started,1110.0,81.0,,12,True,False
12,1863000,Rzeszów,2016,7,started,1374.0,264.0,,12,True,False
12,1863000,Rzeszów,2016,8,started,1450.0,76.0,,12,True,False
12,1863000,Rzeszów,2016,9,started,2027.0,577.0,,12,True,False
12,1863000,Rzeszów,2016,10,started,2492.0,465.0,,12,True,False
12,1863000,Rzeszów,2016,11,started,2744.0,252.0,,12,True,False
12,1863000,Rzeszów,2016,12,started,3167.0,423.0,,12,True,False
12,1863000,Rzeszów,2017,1,started,29.0,29.0,,12,True,False
12,1863000,Rzeszów,2017,2,started,44.0,15.0,,12,True,False
12,1863000,Rzeszów,2017,3,started,665.0,621.0,,12,True,False
12,1863000,Rzeszów,2017,4,started,708.0,43.0,,12,True,False
12,1863000,Rzeszów,2017,5,started,1474.0,766.0,,12,True,False
12,1863000,Rzeszów,2017,6,started,1627.0,153.0,,12,True,False
12,1863000,Rzeszów,2017,7,started,1764.0,137.0,,12,True,False
12,1863000,Rzeszów,2017,8,started,1931.0,167.0,,12,True,False
12,1863000,Rzeszów,2017,9,started,2138.0,207.0,,12,True,False
12,1863000,Rzeszów,2017,10,started,2798.0,660.0,,12,True,False
12,1863000,Rzeszów,2017,11,started,3157.0,359.0,,12,True,False
12,1863000,Rzeszów,2017,12,started,3576.0,419.0,,12,True,False
12,1863000,Rzeszów,2018,1,started,69.0,69.0,,12,True,False
12,1863000,Rzeszów,2018,2,started,241.0,172.0,,12,True,False
12,1863000,Rzeszów,2018,3,started,604.0,363.0,,12,True,False
12,1863000,Rzeszów,2018,4,started,789.0,185.0,,12,True,False
12,1863000,Rzeszów,2018,5,started,949.0,160.0,,12,True,False
12,1863000,Rzeszów,2018,6,started,1165.0,216.0,,12,True,False
12,1863000,Rzeszów,2018,7,started,1452.0,287.0,,12,True,False
12,1863000,Rzeszów,2018,8,started,1623.0,171.0,,12,True,False
12,1863000,Rzeszów,2018,9,started,2355.0,732.0,,12,True,False
12,1863000,Rzeszów,2018,10,started,2642.0,287.0,,12,True,False
12,1863000,Rzeszów,2018,11,started,2861.0,219.0,,12,True,False
12,1863000,Rzeszów,2018,12,started,3139.0,278.0,,12,True,False
12,1863000,Rzeszów,2019,1,started,208.0,208.0,,12,True,False
12,1863000,Rzeszów,2019,2,started,281.0,73.0,,12,True,False
12,1863000,Rzeszów,2019,3,started,429.0,148.0,,12,True,False
12,1863000,Rzeszów,2019,4,started,572.0,143.0,,12,True,False
12,1863000,Rzeszów,2019,5,started,1356.0,784.0,,12,True,False
12,1863000,Rzeszów,2019,6,started,1478.0,122.0,,12,True,False
12,1863000,Rzeszów,2019,7,started,1795.0,317.0,,12,True,False
12,1863000,Rzeszów,2019,8,started,1897.0,102.0,,12,True,False
12,1863000,Rzeszów,2019,9,started,2526.0,629.0,,12,True,False
12,1863000,Rzeszów,2019,10,started,3281.0,755.0,,12,True,False
12,1863000,Rzeszów,2019,11,started,3424.0,143.0,,12,True,False
12,1863000,Rzeszów,2019,12,started,3656.0,232.0,,12,True,False
12,1863000,Rzeszów,2020,1,started,441.0,441.0,,12,True,False
12,1863000,Rzeszów,2020,2,started,663.0,222.0,,12,True,False
12,1863000,Rzeszów,2020,3,started,987.0,324.0,,12,True,False
12,1863000,Rzeszów,2020,4,started,1392.0,405.0,,12,True,False
12,1863000,Rzeszów,2020,5,started,1481.0,89.0,,12,True,False
12,1863000,Rzeszów,2020,6,started,2096.0,615.0,,12,True,False
12,1863000,Rzeszów,2020,7,started,2460.0,364.0,,12,True,False
12,1863000,Rzeszów,2020,8,started,2680.0,220.0,,12,True,False
12,1863000,Rzeszów,2020,9,started,2994.0,314.0,,12,True,False
12,1863000,Rzeszów,2020,10,started,3338.0,344.0,,12,True,False
12,1863000,Rzeszów,2020,11,started,3545.0,207.0,,12,True,False
12,1863000,Rzeszów,2020,12,started,3728.0,183.0,,12,True,False
12,1863000,Rzeszów,2021,1,started,930.0,930.0,,12,True,False
12,1863000,Rzeszów,2021,2,started,1062.0,132.0,,12,True,False
12,1863000,Rzeszów,2021,3,started,1241.0,179.0,,12,True,False
12,1863000,Rzeszów,2021,4,started,1403.0,162.0,,12,True,False
12,1863000,Rzeszów,2021,5,started,1498.0,95.0,,12,True,False
12,1863000,Rzeszów,2021,6,started,1967.0,469.0,,12,True,False
12,1863000,Rzeszów,2021,7,started,2275.0,308.0,,12,True,False
12,1863000,Rzeszów,2021,8,started,2376.0,101.0,,12,True,False
12,1863000,Rzeszów,2021,9,started,2575.0,199.0,,12,True,False
12,1863000,Rzeszów,2021,10,started,2611.0,36.0,,12,True,False
12,1863000,Rzeszów,2021,11,started,2653.0,42.0,,12,True,False
12,1863000,Rzeszów,2021,12,started,2710.0,57.0,,12,True,False
12,1863000,Rzeszów,2022,1,started,75.0,75.0,,12,True,False
12,1863000,Rzeszów,2022,2,started,198.0,123.0,,12,True,False
12,1863000,Rzeszów,2022,3,started,432.0,234.0,,12,True,False
12,1863000,Rzeszów,2022,4,started,497.0,65.0,,12,True,False
12,1863000,Rzeszów,2022,5,started,2028.0,1531.0,,12,True,False
12,1863000,Rzeszów,2022,6,started,2766.0,738.0,,12,True,False
12,1863000,Rzeszów,2022,7,started,2786.0,20.0,,12,True,False
12,1863000,Rzeszów,2022,8,started,2929.0,143.0,,12,True,False
12,1863000,Rzeszów,2022,9,started,2987.0,58.0,,12,True,False
12,1863000,Rzeszów,2022,10,started,3064.0,77.0,,12,True,False
12,1863000,Rzeszów,2022,11,started,3152.0,88.0,,12,True,False
12,1863000,Rzeszów,2022,12,started,3529.0,377.0,,12,True,False
12,1863000,Rzeszów,2023,1,started,14.0,14.0,,12,True,False
12,1863000,Rzeszów,2023,2,started,141.0,127.0,,12,True,False
12,1863000,Rzeszów,2023,3,started,619.0,478.0,,12,True,False
12,1863000,Rzeszów,2023,4,started,765.0,146.0,,12,True,False
12,1863000,Rzeszów,2023,5,started,850.0,85.0,,12,True,False
12,1863000,Rzeszów,2023,6,started,958.0,108.0,,12,True,False
12,1863000,Rzeszów,2023,7,started,1231.0,273.0,,12,True,False
12,1863000,Rzeszów,2023,8,started,1666.0,435.0,,12,True,False
12,1863000,Rzeszów,2023,9,started,1893.0,227.0,,12,True,False
12,1863000,Rzeszów,2023,10,started,2107.0,214.0,,12,True,False
12,1863000,Rzeszów,2023,11,started,2222.0,115.0,,12,True,False
12,1863000,Rzeszów,2023,12,started,2293.0,71.0,,12,True,False
12,1863000,Rzeszów,2024,1,started,93.0,93.0,,12,True,False
12,1863000,Rzeszów,2024,2,started,831.0,738.0,,12,True,False
12,1863000,Rzeszów,2024,3,started,1174.0,343.0,,12,True,False
12,1863000,Rzeszów,2024,4,started,1296.0,122.0,,12,True,False
12,1863000,Rzeszów,2024,5,started,1411.0,115.0,,12,True,False
12,1863000,Rzeszów,2024,6,started,1541.0,130.0,,12,True,False
12,1863000,Rzeszów,2024,7,started,2218.0,677.0,,12,True,False
12,1863000,Rzeszów,2024,8,started,2337.0,119.0,,12,True,False
12,1863000,Rzeszów,2024,9,started,3031.0,694.0,,12,True,False
12,1863000,Rzeszów,2024,10,started,3444.0,413.0,,12,True,False
12,1863000,Rzeszów,2024,11,started,3710.0,266.0,,12,True,False
12,1863000,Rzeszów,2024,12,started,4043.0,333.0,,12,True,False
12,1863000,Rzeszów,2025,1,started,376.0,376.0,,12,True,False
12,1863000,Rzeszów,2025,2,started,495.0,119.0,,12,True,False
12,1863000,Rzeszów,2025,3,started,878.0,383.0,,12,True,False
12,1863000,Rzeszów,2025,4,started,924.0,46.0,,12,True,False
12,1863000,Rzeszów,2025,5,started,994.0,70.0,,12,True,False
12,1863000,Rzeszów,2025,6,started,1104.0,110.0,,12,True,False
12,1863000,Rzeszów,2025,7,started,1188.0,84.0,,12,True,False
12,1863000,Rzeszów,2025,8,started,1456.0,268.0,,12,True,False
12,1863000,Rzeszów,2025,9,started,1536.0,80.0,,12,True,False
12,1863000,Rzeszów,2025,10,started,1711.0,175.0,,12,True,False
12,1863000,Rzeszów,2025,11,started,1783.0,72.0,,12,True,False
12,1863000,Rzeszów,2025,12,started,1824.0,41.0,,12,True,False
12,1863000,Rzeszów,2026,1,started,451.0,451.0,,6,False,False
12,1863000,Rzeszów,2026,2,started,636.0,185.0,,6,False,False
12,1863000,Rzeszów,2026,3,started,757.0,121.0,,6,False,False
12,1863000,Rzeszów,2026,4,started,863.0,106.0,,6,False,False
12,1863000,Rzeszów,2026,5,started,1197.0,334.0,,6,False,False
12,1863000,Rzeszów,2026,6,started,1942.0,745.0,,6,False,False
13,3262000,Szczecin,2005,1,started,56.0,56.0,,12,True,False
13,3262000,Szczecin,2005,2,started,136.0,80.0,,12,True,False
13,3262000,Szczecin,2005,3,started,270.0,134.0,,12,True,False
13,3262000,Szczecin,2005,4,started,307.0,37.0,,12,True,False
13,3262000,Szczecin,2005,5,started,323.0,16.0,,12,True,False
13,3262000,Szczecin,2005,6,started,490.0,167.0,,12,True,False
13,3262000,Szczecin,2005,7,started,627.0,137.0,,12,True,False
13,3262000,Szczecin,2005,8,started,849.0,222.0,,12,True,False
13,3262000,Szczecin,2005,9,started,1145.0,296.0,,12,True,False
13,3262000,Szczecin,2005,10,started,1330.0,185.0,,12,True,False
13,3262000,Szczecin,2005,11,started,1416.0,86.0,,12,True,False
13,3262000,Szczecin,2005,12,started,1589.0,173.0,,12,True,False
13,3262000,Szczecin,2006,1,started,47.0,47.0,,12,True,False
13,3262000,Szczecin,2006,2,started,198.0,151.0,,12,True,False
13,3262000,Szczecin,2006,3,started,236.0,38.0,,12,True,False
13,3262000,Szczecin,2006,4,started,394.0,158.0,,12,True,False
13,3262000,Szczecin,2006,5,started,518.0,124.0,,12,True,False
13,3262000,Szczecin,2006,6,started,673.0,155.0,,12,True,False
13,3262000,Szczecin,2006,7,started,777.0,104.0,,12,True,False
13,3262000,Szczecin,2006,8,started,843.0,66.0,,12,True,False
13,3262000,Szczecin,2006,9,started,1042.0,199.0,,12,True,False
13,3262000,Szczecin,2006,10,started,1096.0,54.0,,12,True,False
13,3262000,Szczecin,2006,11,started,1224.0,128.0,,12,True,False
13,3262000,Szczecin,2006,12,started,1485.0,261.0,,12,True,False
13,3262000,Szczecin,2007,1,started,95.0,95.0,,12,True,False
13,3262000,Szczecin,2007,2,started,111.0,16.0,,12,True,False
13,3262000,Szczecin,2007,3,started,170.0,59.0,,12,True,False
13,3262000,Szczecin,2007,4,started,197.0,27.0,,12,True,False
13,3262000,Szczecin,2007,5,started,527.0,330.0,,12,True,False
13,3262000,Szczecin,2007,6,started,621.0,94.0,,12,True,False
13,3262000,Szczecin,2007,7,started,658.0,37.0,,12,True,False
13,3262000,Szczecin,2007,8,started,1158.0,500.0,,12,True,False
13,3262000,Szczecin,2007,9,started,1516.0,358.0,,12,True,False
13,3262000,Szczecin,2007,10,started,2317.0,801.0,,12,True,False
13,3262000,Szczecin,2007,11,started,2450.0,133.0,,12,True,False
13,3262000,Szczecin,2007,12,started,2521.0,71.0,,12,True,False
13,3262000,Szczecin,2008,1,started,154.0,154.0,,12,True,False
13,3262000,Szczecin,2008,2,started,240.0,86.0,,12,True,False
13,3262000,Szczecin,2008,3,started,251.0,11.0,,12,True,False
13,3262000,Szczecin,2008,4,started,336.0,85.0,,12,True,False
13,3262000,Szczecin,2008,5,started,609.0,273.0,,12,True,False
13,3262000,Szczecin,2008,6,started,940.0,331.0,,12,True,False
13,3262000,Szczecin,2008,7,started,1720.0,780.0,,12,True,False
13,3262000,Szczecin,2008,8,started,1982.0,262.0,,12,True,False
13,3262000,Szczecin,2008,9,started,2073.0,91.0,,12,True,False
13,3262000,Szczecin,2008,10,started,2162.0,89.0,,12,True,False
13,3262000,Szczecin,2008,11,started,2188.0,26.0,,12,True,False
13,3262000,Szczecin,2008,12,started,2212.0,24.0,,12,True,False
13,3262000,Szczecin,2009,1,started,31.0,31.0,,12,True,False
13,3262000,Szczecin,2009,2,started,55.0,24.0,,12,True,False
13,3262000,Szczecin,2009,3,started,115.0,60.0,,12,True,False
13,3262000,Szczecin,2009,4,started,254.0,139.0,,12,True,False
13,3262000,Szczecin,2009,5,started,378.0,124.0,,12,True,False
13,3262000,Szczecin,2009,6,started,784.0,406.0,,12,True,False
13,3262000,Szczecin,2009,7,started,865.0,81.0,,12,True,False
13,3262000,Szczecin,2009,8,started,941.0,76.0,,12,True,False
13,3262000,Szczecin,2009,9,started,1218.0,277.0,,12,True,False
13,3262000,Szczecin,2009,10,started,1292.0,74.0,,12,True,False
13,3262000,Szczecin,2009,11,started,1524.0,232.0,,12,True,False
13,3262000,Szczecin,2009,12,started,1565.0,41.0,,12,True,False
13,3262000,Szczecin,2010,1,started,70.0,70.0,,12,True,False
13,3262000,Szczecin,2010,2,started,283.0,213.0,,12,True,False
13,3262000,Szczecin,2010,3,started,597.0,314.0,,12,True,False
13,3262000,Szczecin,2010,4,started,889.0,292.0,,12,True,False
13,3262000,Szczecin,2010,5,started,1267.0,378.0,,12,True,False
13,3262000,Szczecin,2010,6,started,1876.0,609.0,,12,True,False
13,3262000,Szczecin,2010,7,started,2085.0,209.0,,12,True,False
13,3262000,Szczecin,2010,8,started,2342.0,257.0,,12,True,False
13,3262000,Szczecin,2010,9,started,2538.0,196.0,,12,True,False
13,3262000,Szczecin,2010,10,started,2675.0,137.0,,12,True,False
13,3262000,Szczecin,2010,11,started,2917.0,242.0,,12,True,False
13,3262000,Szczecin,2010,12,started,3060.0,143.0,,12,True,False
13,3262000,Szczecin,2011,1,started,354.0,354.0,,12,True,False
13,3262000,Szczecin,2011,2,started,458.0,104.0,,12,True,False
13,3262000,Szczecin,2011,3,started,695.0,237.0,,12,True,False
13,3262000,Szczecin,2011,4,started,1264.0,569.0,,12,True,False
13,3262000,Szczecin,2011,5,started,1548.0,284.0,,12,True,False
13,3262000,Szczecin,2011,6,started,1716.0,168.0,,12,True,False
13,3262000,Szczecin,2011,7,started,1893.0,177.0,,12,True,False
13,3262000,Szczecin,2011,8,started,1989.0,96.0,,12,True,False
13,3262000,Szczecin,2011,9,started,2211.0,222.0,,12,True,False
13,3262000,Szczecin,2011,10,started,2244.0,33.0,,12,True,False
13,3262000,Szczecin,2011,11,started,2494.0,250.0,,12,True,False
13,3262000,Szczecin,2011,12,started,2560.0,66.0,,12,True,False
13,3262000,Szczecin,2012,1,started,71.0,71.0,,12,True,False
13,3262000,Szczecin,2012,2,started,283.0,212.0,,12,True,False
13,3262000,Szczecin,2012,3,started,654.0,371.0,,12,True,False
13,3262000,Szczecin,2012,4,started,843.0,189.0,,12,True,False
13,3262000,Szczecin,2012,5,started,860.0,17.0,,12,True,False
13,3262000,Szczecin,2012,6,started,990.0,130.0,,12,True,False
13,3262000,Szczecin,2012,7,started,1069.0,79.0,,12,True,False
13,3262000,Szczecin,2012,8,started,1155.0,86.0,,12,True,False
13,3262000,Szczecin,2012,9,started,1488.0,333.0,,12,True,False
13,3262000,Szczecin,2012,10,started,1568.0,80.0,,12,True,False
13,3262000,Szczecin,2012,11,started,1678.0,110.0,,12,True,False
13,3262000,Szczecin,2012,12,started,1688.0,10.0,,12,True,False
13,3262000,Szczecin,2013,1,started,121.0,121.0,,12,True,False
13,3262000,Szczecin,2013,2,started,158.0,37.0,,12,True,False
13,3262000,Szczecin,2013,3,started,265.0,107.0,,12,True,False
13,3262000,Szczecin,2013,4,started,370.0,105.0,,12,True,False
13,3262000,Szczecin,2013,5,started,436.0,66.0,,12,True,False
13,3262000,Szczecin,2013,6,started,494.0,58.0,,12,True,False
13,3262000,Szczecin,2013,7,started,706.0,212.0,,12,True,False
13,3262000,Szczecin,2013,8,started,728.0,22.0,,12,True,False
13,3262000,Szczecin,2013,9,started,834.0,106.0,,12,True,False
13,3262000,Szczecin,2013,10,started,1070.0,236.0,,12,True,False
13,3262000,Szczecin,2013,11,started,1116.0,46.0,,12,True,False
13,3262000,Szczecin,2013,12,started,1457.0,341.0,,12,True,False
13,3262000,Szczecin,2014,1,started,8.0,8.0,,12,True,False
13,3262000,Szczecin,2014,2,started,190.0,182.0,,12,True,False
13,3262000,Szczecin,2014,3,started,213.0,23.0,,12,True,False
13,3262000,Szczecin,2014,4,started,255.0,42.0,,12,True,False
13,3262000,Szczecin,2014,5,started,303.0,48.0,,12,True,False
13,3262000,Szczecin,2014,6,started,339.0,36.0,,12,True,False
13,3262000,Szczecin,2014,7,started,369.0,30.0,,12,True,False
13,3262000,Szczecin,2014,8,started,579.0,210.0,,12,True,False
13,3262000,Szczecin,2014,9,started,645.0,66.0,,12,True,False
13,3262000,Szczecin,2014,10,started,769.0,124.0,,12,True,False
13,3262000,Szczecin,2014,11,started,1351.0,582.0,,12,True,False
13,3262000,Szczecin,2014,12,started,1494.0,143.0,,12,True,False
13,3262000,Szczecin,2015,1,started,165.0,165.0,,12,True,False
13,3262000,Szczecin,2015,2,started,451.0,286.0,,12,True,False
13,3262000,Szczecin,2015,3,started,592.0,141.0,,12,True,False
13,3262000,Szczecin,2015,4,started,745.0,153.0,,12,True,False
13,3262000,Szczecin,2015,5,started,994.0,249.0,,12,True,False
13,3262000,Szczecin,2015,6,started,1147.0,153.0,,12,True,False
13,3262000,Szczecin,2015,7,started,1570.0,423.0,,12,True,False
13,3262000,Szczecin,2015,8,started,1596.0,26.0,,12,True,False
13,3262000,Szczecin,2015,9,started,1645.0,49.0,,12,True,False
13,3262000,Szczecin,2015,10,started,2230.0,585.0,,12,True,False
13,3262000,Szczecin,2015,11,started,2627.0,397.0,,12,True,False
13,3262000,Szczecin,2015,12,started,2648.0,21.0,,12,True,False
13,3262000,Szczecin,2016,1,started,144.0,144.0,,12,True,False
13,3262000,Szczecin,2016,2,started,235.0,91.0,,12,True,False
13,3262000,Szczecin,2016,3,started,411.0,176.0,,12,True,False
13,3262000,Szczecin,2016,4,started,886.0,475.0,,12,True,False
13,3262000,Szczecin,2016,5,started,1157.0,271.0,,12,True,False
13,3262000,Szczecin,2016,6,started,1297.0,140.0,,12,True,False
13,3262000,Szczecin,2016,7,started,1550.0,253.0,,12,True,False
13,3262000,Szczecin,2016,8,started,1764.0,214.0,,12,True,False
13,3262000,Szczecin,2016,9,started,1811.0,47.0,,12,True,False
13,3262000,Szczecin,2016,10,started,2000.0,189.0,,12,True,False
13,3262000,Szczecin,2016,11,started,2133.0,133.0,,12,True,False
13,3262000,Szczecin,2016,12,started,2205.0,72.0,,12,True,False
13,3262000,Szczecin,2017,1,started,17.0,17.0,,12,True,False
13,3262000,Szczecin,2017,2,started,167.0,150.0,,12,True,False
13,3262000,Szczecin,2017,3,started,240.0,73.0,,12,True,False
13,3262000,Szczecin,2017,4,started,782.0,542.0,,12,True,False
13,3262000,Szczecin,2017,5,started,1007.0,225.0,,12,True,False
13,3262000,Szczecin,2017,6,started,1437.0,430.0,,12,True,False
13,3262000,Szczecin,2017,7,started,1552.0,115.0,,12,True,False
13,3262000,Szczecin,2017,8,started,1599.0,47.0,,12,True,False
13,3262000,Szczecin,2017,9,started,1820.0,221.0,,12,True,False
13,3262000,Szczecin,2017,10,started,2080.0,260.0,,12,True,False
13,3262000,Szczecin,2017,11,started,2497.0,417.0,,12,True,False
13,3262000,Szczecin,2017,12,started,2582.0,85.0,,12,True,False
13,3262000,Szczecin,2018,1,started,9.0,9.0,,12,True,False
13,3262000,Szczecin,2018,2,started,735.0,726.0,,12,True,False
13,3262000,Szczecin,2018,3,started,1045.0,310.0,,12,True,False
13,3262000,Szczecin,2018,4,started,1097.0,52.0,,12,True,False
13,3262000,Szczecin,2018,5,started,1634.0,537.0,,12,True,False
13,3262000,Szczecin,2018,6,started,1889.0,255.0,,12,True,False
13,3262000,Szczecin,2018,7,started,2075.0,186.0,,12,True,False
13,3262000,Szczecin,2018,8,started,2231.0,156.0,,12,True,False
13,3262000,Szczecin,2018,9,started,2284.0,53.0,,12,True,False
13,3262000,Szczecin,2018,10,started,2419.0,135.0,,12,True,False
13,3262000,Szczecin,2018,11,started,2671.0,252.0,,12,True,False
13,3262000,Szczecin,2018,12,started,3071.0,400.0,,12,True,False
13,3262000,Szczecin,2019,1,started,113.0,113.0,,12,True,False
13,3262000,Szczecin,2019,2,started,229.0,116.0,,12,True,False
13,3262000,Szczecin,2019,3,started,324.0,95.0,,12,True,False
13,3262000,Szczecin,2019,4,started,481.0,157.0,,12,True,False
13,3262000,Szczecin,2019,5,started,685.0,204.0,,12,True,False
13,3262000,Szczecin,2019,6,started,807.0,122.0,,12,True,False
13,3262000,Szczecin,2019,7,started,899.0,92.0,,12,True,False
13,3262000,Szczecin,2019,8,started,1090.0,191.0,,12,True,False
13,3262000,Szczecin,2019,9,started,1385.0,295.0,,12,True,False
13,3262000,Szczecin,2019,10,started,1809.0,424.0,,12,True,False
13,3262000,Szczecin,2019,11,started,2083.0,274.0,,12,True,False
13,3262000,Szczecin,2019,12,started,2351.0,268.0,,12,True,False
13,3262000,Szczecin,2020,1,started,8.0,8.0,,12,True,False
13,3262000,Szczecin,2020,2,started,392.0,384.0,,12,True,False
13,3262000,Szczecin,2020,3,started,954.0,562.0,,12,True,False
13,3262000,Szczecin,2020,4,started,1089.0,135.0,,12,True,False
13,3262000,Szczecin,2020,5,started,1127.0,38.0,,12,True,False
13,3262000,Szczecin,2020,6,started,1348.0,221.0,,12,True,False
13,3262000,Szczecin,2020,7,started,1870.0,522.0,,12,True,False
13,3262000,Szczecin,2020,8,started,1924.0,54.0,,12,True,False
13,3262000,Szczecin,2020,9,started,2310.0,386.0,,12,True,False
13,3262000,Szczecin,2020,10,started,2545.0,235.0,,12,True,False
13,3262000,Szczecin,2020,11,started,2774.0,229.0,,12,True,False
13,3262000,Szczecin,2020,12,started,2898.0,124.0,,12,True,False
13,3262000,Szczecin,2021,1,started,147.0,147.0,,12,True,False
13,3262000,Szczecin,2021,2,started,399.0,252.0,,12,True,False
13,3262000,Szczecin,2021,3,started,1458.0,1059.0,,12,True,False
13,3262000,Szczecin,2021,4,started,1520.0,62.0,,12,True,False
13,3262000,Szczecin,2021,5,started,2067.0,547.0,,12,True,False
13,3262000,Szczecin,2021,6,started,2153.0,86.0,,12,True,False
13,3262000,Szczecin,2021,7,started,2351.0,198.0,,12,True,False
13,3262000,Szczecin,2021,8,started,2476.0,125.0,,12,True,False
13,3262000,Szczecin,2021,9,started,2627.0,151.0,,12,True,False
13,3262000,Szczecin,2021,10,started,2848.0,221.0,,12,True,False
13,3262000,Szczecin,2021,11,started,3134.0,286.0,,12,True,False
13,3262000,Szczecin,2021,12,started,3421.0,287.0,,12,True,False
13,3262000,Szczecin,2022,1,started,121.0,121.0,,12,True,False
13,3262000,Szczecin,2022,2,started,400.0,279.0,,12,True,False
13,3262000,Szczecin,2022,3,started,708.0,308.0,,12,True,False
13,3262000,Szczecin,2022,4,started,769.0,61.0,,12,True,False
13,3262000,Szczecin,2022,5,started,1323.0,554.0,,12,True,False
13,3262000,Szczecin,2022,6,started,2064.0,741.0,,12,True,False
13,3262000,Szczecin,2022,7,started,2341.0,277.0,,12,True,False
13,3262000,Szczecin,2022,8,started,2388.0,47.0,,12,True,False
13,3262000,Szczecin,2022,9,started,2418.0,30.0,,12,True,False
13,3262000,Szczecin,2022,10,started,2439.0,21.0,,12,True,False
13,3262000,Szczecin,2022,11,started,2583.0,144.0,,12,True,False
13,3262000,Szczecin,2022,12,started,2622.0,39.0,,12,True,False
13,3262000,Szczecin,2023,1,started,7.0,7.0,,12,True,False
13,3262000,Szczecin,2023,2,started,70.0,63.0,,12,True,False
13,3262000,Szczecin,2023,3,started,212.0,142.0,,12,True,False
13,3262000,Szczecin,2023,4,started,465.0,253.0,,12,True,False
13,3262000,Szczecin,2023,5,started,575.0,110.0,,12,True,False
13,3262000,Szczecin,2023,6,started,833.0,258.0,,12,True,False
13,3262000,Szczecin,2023,7,started,987.0,154.0,,12,True,False
13,3262000,Szczecin,2023,8,started,1051.0,64.0,,12,True,False
13,3262000,Szczecin,2023,9,started,1597.0,546.0,,12,True,False
13,3262000,Szczecin,2023,10,started,2105.0,508.0,,12,True,False
13,3262000,Szczecin,2023,11,started,2234.0,129.0,,12,True,False
13,3262000,Szczecin,2023,12,started,2419.0,185.0,,12,True,False
13,3262000,Szczecin,2024,1,started,45.0,45.0,,12,True,False
13,3262000,Szczecin,2024,2,started,381.0,336.0,,12,True,False
13,3262000,Szczecin,2024,3,started,461.0,80.0,,12,True,False
13,3262000,Szczecin,2024,4,started,544.0,83.0,,12,True,False
13,3262000,Szczecin,2024,5,started,751.0,207.0,,12,True,False
13,3262000,Szczecin,2024,6,started,1244.0,493.0,,12,True,False
13,3262000,Szczecin,2024,7,started,1311.0,67.0,,12,True,False
13,3262000,Szczecin,2024,8,started,1529.0,218.0,,12,True,False
13,3262000,Szczecin,2024,9,started,1653.0,124.0,,12,True,False
13,3262000,Szczecin,2024,10,started,1808.0,155.0,,12,True,False
13,3262000,Szczecin,2024,11,started,2079.0,271.0,,12,True,False
13,3262000,Szczecin,2024,12,started,2096.0,17.0,,12,True,False
13,3262000,Szczecin,2025,1,started,379.0,379.0,,12,True,False
13,3262000,Szczecin,2025,2,started,447.0,68.0,,12,True,False
13,3262000,Szczecin,2025,3,started,518.0,71.0,,12,True,False
13,3262000,Szczecin,2025,4,started,794.0,276.0,,12,True,False
13,3262000,Szczecin,2025,5,started,1016.0,222.0,,12,True,False
13,3262000,Szczecin,2025,6,started,1361.0,345.0,,12,True,False
13,3262000,Szczecin,2025,7,started,1463.0,102.0,,12,True,False
13,3262000,Szczecin,2025,8,started,1479.0,16.0,,12,True,False
13,3262000,Szczecin,2025,9,started,1503.0,24.0,,12,True,False
13,3262000,Szczecin,2025,10,started,2024.0,521.0,,12,True,False
13,3262000,Szczecin,2025,11,started,2085.0,61.0,,12,True,False
13,3262000,Szczecin,2025,12,started,2109.0,24.0,,12,True,False
13,3262000,Szczecin,2026,1,started,21.0,21.0,,6,False,False
13,3262000,Szczecin,2026,2,started,1528.0,1507.0,,6,False,False
13,3262000,Szczecin,2026,3,started,1598.0,70.0,,6,False,False
13,3262000,Szczecin,2026,4,started,1764.0,166.0,,6,False,False
13,3262000,Szczecin,2026,5,started,2584.0,820.0,,6,False,False
13,3262000,Szczecin,2026,6,started,2691.0,107.0,,6,False,False
14,1465000,Warszawa,2005,1,started,388.0,388.0,,12,True,False
14,1465000,Warszawa,2005,2,started,2714.0,2326.0,,12,True,False
14,1465000,Warszawa,2005,3,started,3245.0,531.0,,12,True,False
14,1465000,Warszawa,2005,4,started,5475.0,2230.0,,12,True,False
14,1465000,Warszawa,2005,5,started,7186.0,1711.0,,12,True,False
14,1465000,Warszawa,2005,6,started,8304.0,1118.0,,12,True,False
14,1465000,Warszawa,2005,7,started,9412.0,1108.0,,12,True,False
14,1465000,Warszawa,2005,8,started,11538.0,2126.0,,12,True,False
14,1465000,Warszawa,2005,9,started,12504.0,966.0,,12,True,False
14,1465000,Warszawa,2005,10,started,14009.0,1505.0,,12,True,False
14,1465000,Warszawa,2005,11,started,15404.0,1395.0,,12,True,False
14,1465000,Warszawa,2005,12,started,16042.0,638.0,,12,True,False
14,1465000,Warszawa,2006,1,started,537.0,537.0,,12,True,False
14,1465000,Warszawa,2006,2,started,854.0,317.0,,12,True,False
14,1465000,Warszawa,2006,3,started,2123.0,1269.0,,12,True,False
14,1465000,Warszawa,2006,4,started,3586.0,1463.0,,12,True,False
14,1465000,Warszawa,2006,5,started,4538.0,952.0,,12,True,False
14,1465000,Warszawa,2006,6,started,7332.0,2794.0,,12,True,False
14,1465000,Warszawa,2006,7,started,9638.0,2306.0,,12,True,False
14,1465000,Warszawa,2006,8,started,10880.0,1242.0,,12,True,False
14,1465000,Warszawa,2006,9,started,11879.0,999.0,,12,True,False
14,1465000,Warszawa,2006,10,started,13959.0,2080.0,,12,True,False
14,1465000,Warszawa,2006,11,started,15267.0,1308.0,,12,True,False
14,1465000,Warszawa,2006,12,started,17670.0,2403.0,,12,True,False
14,1465000,Warszawa,2007,1,started,1224.0,1224.0,,12,True,False
14,1465000,Warszawa,2007,2,started,2137.0,913.0,,12,True,False
14,1465000,Warszawa,2007,3,started,4268.0,2131.0,,12,True,False
14,1465000,Warszawa,2007,4,started,6778.0,2510.0,,12,True,False
14,1465000,Warszawa,2007,5,started,8788.0,2010.0,,12,True,False
14,1465000,Warszawa,2007,6,started,10198.0,1410.0,,12,True,False
14,1465000,Warszawa,2007,7,started,11755.0,1557.0,,12,True,False
14,1465000,Warszawa,2007,8,started,14547.0,2792.0,,12,True,False
14,1465000,Warszawa,2007,9,started,16474.0,1927.0,,12,True,False
14,1465000,Warszawa,2007,10,started,18733.0,2259.0,,12,True,False
14,1465000,Warszawa,2007,11,started,21730.0,2997.0,,12,True,False
14,1465000,Warszawa,2007,12,started,24170.0,2440.0,,12,True,False
14,1465000,Warszawa,2008,1,started,1543.0,1543.0,,12,True,False
14,1465000,Warszawa,2008,2,started,3277.0,1734.0,,12,True,False
14,1465000,Warszawa,2008,3,started,5203.0,1926.0,,12,True,False
14,1465000,Warszawa,2008,4,started,9722.0,4519.0,,12,True,False
14,1465000,Warszawa,2008,5,started,11290.0,1568.0,,12,True,False
14,1465000,Warszawa,2008,6,started,12493.0,1203.0,,12,True,False
14,1465000,Warszawa,2008,7,started,14681.0,2188.0,,12,True,False
14,1465000,Warszawa,2008,8,started,16573.0,1892.0,,12,True,False
14,1465000,Warszawa,2008,9,started,17988.0,1415.0,,12,True,False
14,1465000,Warszawa,2008,10,started,19719.0,1731.0,,12,True,False
14,1465000,Warszawa,2008,11,started,20515.0,796.0,,12,True,False
14,1465000,Warszawa,2008,12,started,21330.0,815.0,,12,True,False
14,1465000,Warszawa,2009,1,started,753.0,753.0,,12,True,False
14,1465000,Warszawa,2009,2,started,1207.0,454.0,,12,True,False
14,1465000,Warszawa,2009,3,started,1608.0,401.0,,12,True,False
14,1465000,Warszawa,2009,4,started,1965.0,357.0,,12,True,False
14,1465000,Warszawa,2009,5,started,2519.0,554.0,,12,True,False
14,1465000,Warszawa,2009,6,started,3042.0,523.0,,12,True,False
14,1465000,Warszawa,2009,7,started,3609.0,567.0,,12,True,False
14,1465000,Warszawa,2009,8,started,4194.0,585.0,,12,True,False
14,1465000,Warszawa,2009,9,started,6086.0,1892.0,,12,True,False
14,1465000,Warszawa,2009,10,started,8157.0,2071.0,,12,True,False
14,1465000,Warszawa,2009,11,started,9678.0,1521.0,,12,True,False
14,1465000,Warszawa,2009,12,started,11273.0,1595.0,,12,True,False
14,1465000,Warszawa,2010,1,started,347.0,347.0,,12,True,False
14,1465000,Warszawa,2010,2,started,1311.0,964.0,,12,True,False
14,1465000,Warszawa,2010,3,started,1838.0,527.0,,12,True,False
14,1465000,Warszawa,2010,4,started,5347.0,3509.0,,12,True,False
14,1465000,Warszawa,2010,5,started,7064.0,1717.0,,12,True,False
14,1465000,Warszawa,2010,6,started,8130.0,1066.0,,12,True,False
14,1465000,Warszawa,2010,7,started,9325.0,1195.0,,12,True,False
14,1465000,Warszawa,2010,8,started,10399.0,1074.0,,12,True,False
14,1465000,Warszawa,2010,9,started,10842.0,443.0,,12,True,False
14,1465000,Warszawa,2010,10,started,11636.0,794.0,,12,True,False
14,1465000,Warszawa,2010,11,started,12302.0,666.0,,12,True,False
14,1465000,Warszawa,2010,12,started,13855.0,1553.0,,12,True,False
14,1465000,Warszawa,2011,1,started,1113.0,1113.0,,12,True,False
14,1465000,Warszawa,2011,2,started,2219.0,1106.0,,12,True,False
14,1465000,Warszawa,2011,3,started,3150.0,931.0,,12,True,False
14,1465000,Warszawa,2011,4,started,4285.0,1135.0,,12,True,False
14,1465000,Warszawa,2011,5,started,5179.0,894.0,,12,True,False
14,1465000,Warszawa,2011,6,started,5955.0,776.0,,12,True,False
14,1465000,Warszawa,2011,7,started,7399.0,1444.0,,12,True,False
14,1465000,Warszawa,2011,8,started,8039.0,640.0,,12,True,False
14,1465000,Warszawa,2011,9,started,9850.0,1811.0,,12,True,False
14,1465000,Warszawa,2011,10,started,11460.0,1610.0,,12,True,False
14,1465000,Warszawa,2011,11,started,12735.0,1275.0,,12,True,False
14,1465000,Warszawa,2011,12,started,14737.0,2002.0,,12,True,False
14,1465000,Warszawa,2012,1,started,553.0,553.0,,12,True,False
14,1465000,Warszawa,2012,2,started,1051.0,498.0,,12,True,False
14,1465000,Warszawa,2012,3,started,4030.0,2979.0,,12,True,False
14,1465000,Warszawa,2012,4,started,6184.0,2154.0,,12,True,False
14,1465000,Warszawa,2012,5,started,7933.0,1749.0,,12,True,False
14,1465000,Warszawa,2012,6,started,8574.0,641.0,,12,True,False
14,1465000,Warszawa,2012,7,started,9114.0,540.0,,12,True,False
14,1465000,Warszawa,2012,8,started,9555.0,441.0,,12,True,False
14,1465000,Warszawa,2012,9,started,9931.0,376.0,,12,True,False
14,1465000,Warszawa,2012,10,started,10606.0,675.0,,12,True,False
14,1465000,Warszawa,2012,11,started,11474.0,868.0,,12,True,False
14,1465000,Warszawa,2012,12,started,11797.0,323.0,,12,True,False
14,1465000,Warszawa,2013,1,started,476.0,476.0,,12,True,False
14,1465000,Warszawa,2013,2,started,931.0,455.0,,12,True,False
14,1465000,Warszawa,2013,3,started,2268.0,1337.0,,12,True,False
14,1465000,Warszawa,2013,4,started,3149.0,881.0,,12,True,False
14,1465000,Warszawa,2013,5,started,3735.0,586.0,,12,True,False
14,1465000,Warszawa,2013,6,started,5195.0,1460.0,,12,True,False
14,1465000,Warszawa,2013,7,started,6004.0,809.0,,12,True,False
14,1465000,Warszawa,2013,8,started,6862.0,858.0,,12,True,False
14,1465000,Warszawa,2013,9,started,8132.0,1270.0,,12,True,False
14,1465000,Warszawa,2013,10,started,8801.0,669.0,,12,True,False
14,1465000,Warszawa,2013,11,started,10098.0,1297.0,,12,True,False
14,1465000,Warszawa,2013,12,started,10475.0,377.0,,12,True,False
14,1465000,Warszawa,2014,1,started,1310.0,1310.0,,12,True,False
14,1465000,Warszawa,2014,2,started,3222.0,1912.0,,12,True,False
14,1465000,Warszawa,2014,3,started,4441.0,1219.0,,12,True,False
14,1465000,Warszawa,2014,4,started,4873.0,432.0,,12,True,False
14,1465000,Warszawa,2014,5,started,6563.0,1690.0,,12,True,False
14,1465000,Warszawa,2014,6,started,8088.0,1525.0,,12,True,False
14,1465000,Warszawa,2014,7,started,9283.0,1195.0,,12,True,False
14,1465000,Warszawa,2014,8,started,11240.0,1957.0,,12,True,False
14,1465000,Warszawa,2014,9,started,13432.0,2192.0,,12,True,False
14,1465000,Warszawa,2014,10,started,15316.0,1884.0,,12,True,False
14,1465000,Warszawa,2014,11,started,17023.0,1707.0,,12,True,False
14,1465000,Warszawa,2014,12,started,18340.0,1317.0,,12,True,False
14,1465000,Warszawa,2015,1,started,750.0,750.0,,12,True,False
14,1465000,Warszawa,2015,2,started,1543.0,793.0,,12,True,False
14,1465000,Warszawa,2015,3,started,2053.0,510.0,,12,True,False
14,1465000,Warszawa,2015,4,started,4003.0,1950.0,,12,True,False
14,1465000,Warszawa,2015,5,started,7203.0,3200.0,,12,True,False
14,1465000,Warszawa,2015,6,started,8178.0,975.0,,12,True,False
14,1465000,Warszawa,2015,7,started,10052.0,1874.0,,12,True,False
14,1465000,Warszawa,2015,8,started,11720.0,1668.0,,12,True,False
14,1465000,Warszawa,2015,9,started,14410.0,2690.0,,12,True,False
14,1465000,Warszawa,2015,10,started,15500.0,1090.0,,12,True,False
14,1465000,Warszawa,2015,11,started,17703.0,2203.0,,12,True,False
14,1465000,Warszawa,2015,12,started,20156.0,2453.0,,12,True,False
14,1465000,Warszawa,2016,1,started,1192.0,1192.0,,12,True,False
14,1465000,Warszawa,2016,2,started,2535.0,1343.0,,12,True,False
14,1465000,Warszawa,2016,3,started,3606.0,1071.0,,12,True,False
14,1465000,Warszawa,2016,4,started,6993.0,3387.0,,12,True,False
14,1465000,Warszawa,2016,5,started,7967.0,974.0,,12,True,False
14,1465000,Warszawa,2016,6,started,10467.0,2500.0,,12,True,False
14,1465000,Warszawa,2016,7,started,11972.0,1505.0,,12,True,False
14,1465000,Warszawa,2016,8,started,13934.0,1962.0,,12,True,False
14,1465000,Warszawa,2016,9,started,15377.0,1443.0,,12,True,False
14,1465000,Warszawa,2016,10,started,17456.0,2079.0,,12,True,False
14,1465000,Warszawa,2016,11,started,19761.0,2305.0,,12,True,False
14,1465000,Warszawa,2016,12,started,21992.0,2231.0,,12,True,False
14,1465000,Warszawa,2017,1,started,1079.0,1079.0,,12,True,False
14,1465000,Warszawa,2017,2,started,1957.0,878.0,,12,True,False
14,1465000,Warszawa,2017,3,started,3158.0,1201.0,,12,True,False
14,1465000,Warszawa,2017,4,started,4215.0,1057.0,,12,True,False
14,1465000,Warszawa,2017,5,started,7361.0,3146.0,,12,True,False
14,1465000,Warszawa,2017,6,started,10361.0,3000.0,,12,True,False
14,1465000,Warszawa,2017,7,started,12621.0,2260.0,,12,True,False
14,1465000,Warszawa,2017,8,started,15170.0,2549.0,,12,True,False
14,1465000,Warszawa,2017,9,started,16433.0,1263.0,,12,True,False
14,1465000,Warszawa,2017,10,started,17734.0,1301.0,,12,True,False
14,1465000,Warszawa,2017,11,started,20183.0,2449.0,,12,True,False
14,1465000,Warszawa,2017,12,started,22770.0,2587.0,,12,True,False
14,1465000,Warszawa,2018,1,started,1759.0,1759.0,,12,True,False
14,1465000,Warszawa,2018,2,started,4144.0,2385.0,,12,True,False
14,1465000,Warszawa,2018,3,started,5926.0,1782.0,,12,True,False
14,1465000,Warszawa,2018,4,started,7837.0,1911.0,,12,True,False
14,1465000,Warszawa,2018,5,started,10047.0,2210.0,,12,True,False
14,1465000,Warszawa,2018,6,started,13259.0,3212.0,,12,True,False
14,1465000,Warszawa,2018,7,started,14375.0,1116.0,,12,True,False
14,1465000,Warszawa,2018,8,started,17743.0,3368.0,,12,True,False
14,1465000,Warszawa,2018,9,started,19341.0,1598.0,,12,True,False
14,1465000,Warszawa,2018,10,started,21680.0,2339.0,,12,True,False
14,1465000,Warszawa,2018,11,started,23028.0,1348.0,,12,True,False
14,1465000,Warszawa,2018,12,started,24245.0,1217.0,,12,True,False
14,1465000,Warszawa,2019,1,started,2091.0,2091.0,,12,True,False
14,1465000,Warszawa,2019,2,started,3925.0,1834.0,,12,True,False
14,1465000,Warszawa,2019,3,started,5812.0,1887.0,,12,True,False
14,1465000,Warszawa,2019,4,started,7541.0,1729.0,,12,True,False
14,1465000,Warszawa,2019,5,started,8190.0,649.0,,12,True,False
14,1465000,Warszawa,2019,6,started,9566.0,1376.0,,12,True,False
14,1465000,Warszawa,2019,7,started,12240.0,2674.0,,12,True,False
14,1465000,Warszawa,2019,8,started,14378.0,2138.0,,12,True,False
14,1465000,Warszawa,2019,9,started,16972.0,2594.0,,12,True,False
14,1465000,Warszawa,2019,10,started,19113.0,2141.0,,12,True,False
14,1465000,Warszawa,2019,11,started,21062.0,1949.0,,12,True,False
14,1465000,Warszawa,2019,12,started,22259.0,1197.0,,12,True,False
14,1465000,Warszawa,2020,1,started,1624.0,1624.0,,12,True,False
14,1465000,Warszawa,2020,2,started,3262.0,1638.0,,12,True,False
14,1465000,Warszawa,2020,3,started,4274.0,1012.0,,12,True,False
14,1465000,Warszawa,2020,4,started,5066.0,792.0,,12,True,False
14,1465000,Warszawa,2020,5,started,5494.0,428.0,,12,True,False
14,1465000,Warszawa,2020,6,started,6207.0,713.0,,12,True,False
14,1465000,Warszawa,2020,7,started,7243.0,1036.0,,12,True,False
14,1465000,Warszawa,2020,8,started,8977.0,1734.0,,12,True,False
14,1465000,Warszawa,2020,9,started,10979.0,2002.0,,12,True,False
14,1465000,Warszawa,2020,10,started,12442.0,1463.0,,12,True,False
14,1465000,Warszawa,2020,11,started,14319.0,1877.0,,12,True,False
14,1465000,Warszawa,2020,12,started,15254.0,935.0,,12,True,False
14,1465000,Warszawa,2021,1,started,1184.0,1184.0,,12,True,False
14,1465000,Warszawa,2021,2,started,1808.0,624.0,,12,True,False
14,1465000,Warszawa,2021,3,started,2745.0,937.0,,12,True,False
14,1465000,Warszawa,2021,4,started,4271.0,1526.0,,12,True,False
14,1465000,Warszawa,2021,5,started,6400.0,2129.0,,12,True,False
14,1465000,Warszawa,2021,6,started,8045.0,1645.0,,12,True,False
14,1465000,Warszawa,2021,7,started,10035.0,1990.0,,12,True,False
14,1465000,Warszawa,2021,8,started,13253.0,3218.0,,12,True,False
14,1465000,Warszawa,2021,9,started,14574.0,1321.0,,12,True,False
14,1465000,Warszawa,2021,10,started,15987.0,1413.0,,12,True,False
14,1465000,Warszawa,2021,11,started,17020.0,1033.0,,12,True,False
14,1465000,Warszawa,2021,12,started,18020.0,1000.0,,12,True,False
14,1465000,Warszawa,2022,1,started,743.0,743.0,,12,True,False
14,1465000,Warszawa,2022,2,started,2472.0,1729.0,,12,True,False
14,1465000,Warszawa,2022,3,started,4084.0,1612.0,,12,True,False
14,1465000,Warszawa,2022,4,started,5168.0,1084.0,,12,True,False
14,1465000,Warszawa,2022,5,started,6930.0,1762.0,,12,True,False
14,1465000,Warszawa,2022,6,started,7858.0,928.0,,12,True,False
14,1465000,Warszawa,2022,7,started,8687.0,829.0,,12,True,False
14,1465000,Warszawa,2022,8,started,8951.0,264.0,,12,True,False
14,1465000,Warszawa,2022,9,started,10173.0,1222.0,,12,True,False
14,1465000,Warszawa,2022,10,started,10911.0,738.0,,12,True,False
14,1465000,Warszawa,2022,11,started,11886.0,975.0,,12,True,False
14,1465000,Warszawa,2022,12,started,13468.0,1582.0,,12,True,False
14,1465000,Warszawa,2023,1,started,1267.0,1267.0,,12,True,False
14,1465000,Warszawa,2023,2,started,2453.0,1186.0,,12,True,False
14,1465000,Warszawa,2023,3,started,4986.0,2533.0,,12,True,False
14,1465000,Warszawa,2023,4,started,5754.0,768.0,,12,True,False
14,1465000,Warszawa,2023,5,started,6500.0,746.0,,12,True,False
14,1465000,Warszawa,2023,6,started,7748.0,1248.0,,12,True,False
14,1465000,Warszawa,2023,7,started,8715.0,967.0,,12,True,False
14,1465000,Warszawa,2023,8,started,10474.0,1759.0,,12,True,False
14,1465000,Warszawa,2023,9,started,12182.0,1708.0,,12,True,False
14,1465000,Warszawa,2023,10,started,13311.0,1129.0,,12,True,False
14,1465000,Warszawa,2023,11,started,14269.0,958.0,,12,True,False
14,1465000,Warszawa,2023,12,started,15465.0,1196.0,,12,True,False
14,1465000,Warszawa,2024,1,started,1297.0,1297.0,,12,True,False
14,1465000,Warszawa,2024,2,started,2393.0,1096.0,,12,True,False
14,1465000,Warszawa,2024,3,started,4359.0,1966.0,,12,True,False
14,1465000,Warszawa,2024,4,started,5411.0,1052.0,,12,True,False
14,1465000,Warszawa,2024,5,started,6410.0,999.0,,12,True,False
14,1465000,Warszawa,2024,6,started,8449.0,2039.0,,12,True,False
14,1465000,Warszawa,2024,7,started,9492.0,1043.0,,12,True,False
14,1465000,Warszawa,2024,8,started,11095.0,1603.0,,12,True,False
14,1465000,Warszawa,2024,9,started,12260.0,1165.0,,12,True,False
14,1465000,Warszawa,2024,10,started,13585.0,1325.0,,12,True,False
14,1465000,Warszawa,2024,11,started,15255.0,1670.0,,12,True,False
14,1465000,Warszawa,2024,12,started,16170.0,915.0,,12,True,False
14,1465000,Warszawa,2025,1,started,2242.0,2242.0,,12,True,False
14,1465000,Warszawa,2025,2,started,2782.0,540.0,,12,True,False
14,1465000,Warszawa,2025,3,started,4192.0,1410.0,,12,True,False
14,1465000,Warszawa,2025,4,started,5037.0,845.0,,12,True,False
14,1465000,Warszawa,2025,5,started,5986.0,949.0,,12,True,False
14,1465000,Warszawa,2025,6,started,7003.0,1017.0,,12,True,False
14,1465000,Warszawa,2025,7,started,7975.0,972.0,,12,True,False
14,1465000,Warszawa,2025,8,started,8634.0,659.0,,12,True,False
14,1465000,Warszawa,2025,9,started,10209.0,1575.0,,12,True,False
14,1465000,Warszawa,2025,10,started,12217.0,2008.0,,12,True,False
14,1465000,Warszawa,2025,11,started,13322.0,1105.0,,12,True,False
14,1465000,Warszawa,2025,12,started,14399.0,1077.0,,12,True,False
14,1465000,Warszawa,2026,1,started,1477.0,1477.0,,6,False,False
14,1465000,Warszawa,2026,2,started,2052.0,575.0,,6,False,False
14,1465000,Warszawa,2026,3,started,2923.0,871.0,,6,False,False
14,1465000,Warszawa,2026,4,started,3586.0,663.0,,6,False,False
14,1465000,Warszawa,2026,5,started,5004.0,1418.0,,6,False,False
14,1465000,Warszawa,2026,6,started,6528.0,1524.0,,6,False,False
15,0264000,Wrocław,2005,1,started,0.0,0.0,,12,True,False
15,0264000,Wrocław,2005,2,started,6.0,6.0,,12,True,False
15,0264000,Wrocław,2005,3,started,268.0,262.0,,12,True,False
15,0264000,Wrocław,2005,4,started,603.0,335.0,,12,True,False
15,0264000,Wrocław,2005,5,started,724.0,121.0,,12,True,False
15,0264000,Wrocław,2005,6,started,899.0,175.0,,12,True,False
15,0264000,Wrocław,2005,7,started,920.0,21.0,,12,True,False
15,0264000,Wrocław,2005,8,started,1151.0,231.0,,12,True,False
15,0264000,Wrocław,2005,9,started,1351.0,200.0,,12,True,False
15,0264000,Wrocław,2005,10,started,1351.0,0.0,,12,True,False
15,0264000,Wrocław,2005,11,started,1351.0,0.0,,12,True,False
15,0264000,Wrocław,2005,12,started,1351.0,0.0,,12,True,False
15,0264000,Wrocław,2006,1,started,0.0,0.0,,12,True,False
15,0264000,Wrocław,2006,2,started,0.0,0.0,,12,True,False
15,0264000,Wrocław,2006,3,started,2.0,2.0,,12,True,False
15,0264000,Wrocław,2006,4,started,2.0,0.0,,12,True,False
15,0264000,Wrocław,2006,5,started,114.0,112.0,,12,True,False
15,0264000,Wrocław,2006,6,started,459.0,345.0,,12,True,False
15,0264000,Wrocław,2006,7,started,993.0,534.0,,12,True,False
15,0264000,Wrocław,2006,8,started,1311.0,318.0,,12,True,False
15,0264000,Wrocław,2006,9,started,1971.0,660.0,,12,True,False
15,0264000,Wrocław,2006,10,started,2420.0,449.0,,12,True,False
15,0264000,Wrocław,2006,11,started,3600.0,1180.0,,12,True,False
15,0264000,Wrocław,2006,12,started,3984.0,384.0,,12,True,False
15,0264000,Wrocław,2007,1,started,31.0,31.0,,12,True,False
15,0264000,Wrocław,2007,2,started,47.0,16.0,,12,True,False
15,0264000,Wrocław,2007,3,started,86.0,39.0,,12,True,False
15,0264000,Wrocław,2007,4,started,130.0,44.0,,12,True,False
15,0264000,Wrocław,2007,5,started,165.0,35.0,,12,True,False
15,0264000,Wrocław,2007,6,started,212.0,47.0,,12,True,False
15,0264000,Wrocław,2007,7,started,247.0,35.0,,12,True,False
15,0264000,Wrocław,2007,8,started,286.0,39.0,,12,True,False
15,0264000,Wrocław,2007,9,started,333.0,47.0,,12,True,False
15,0264000,Wrocław,2007,10,started,358.0,25.0,,12,True,False
15,0264000,Wrocław,2007,11,started,393.0,35.0,,12,True,False
15,0264000,Wrocław,2007,12,started,424.0,31.0,,12,True,False
15,0264000,Wrocław,2008,1,started,188.0,188.0,,12,True,False
15,0264000,Wrocław,2008,2,started,498.0,310.0,,12,True,False
15,0264000,Wrocław,2008,3,started,1129.0,631.0,,12,True,False
15,0264000,Wrocław,2008,4,started,1731.0,602.0,,12,True,False
15,0264000,Wrocław,2008,5,started,1896.0,165.0,,12,True,False
15,0264000,Wrocław,2008,6,started,3114.0,1218.0,,12,True,False
15,0264000,Wrocław,2008,7,started,3337.0,223.0,,12,True,False
15,0264000,Wrocław,2008,8,started,3895.0,558.0,,12,True,False
15,0264000,Wrocław,2008,9,started,4560.0,665.0,,12,True,False
15,0264000,Wrocław,2008,10,started,4941.0,381.0,,12,True,False
15,0264000,Wrocław,2008,11,started,5015.0,74.0,,12,True,False
15,0264000,Wrocław,2008,12,started,5430.0,415.0,,12,True,False
15,0264000,Wrocław,2009,1,started,44.0,44.0,,12,True,False
15,0264000,Wrocław,2009,2,started,85.0,41.0,,12,True,False
15,0264000,Wrocław,2009,3,started,413.0,328.0,,12,True,False
15,0264000,Wrocław,2009,4,started,639.0,226.0,,12,True,False
15,0264000,Wrocław,2009,5,started,911.0,272.0,,12,True,False
15,0264000,Wrocław,2009,6,started,1128.0,217.0,,12,True,False
15,0264000,Wrocław,2009,7,started,1270.0,142.0,,12,True,False
15,0264000,Wrocław,2009,8,started,1294.0,24.0,,12,True,False
15,0264000,Wrocław,2009,9,started,1785.0,491.0,,12,True,False
15,0264000,Wrocław,2009,10,started,1917.0,132.0,,12,True,False
15,0264000,Wrocław,2009,11,started,1932.0,15.0,,12,True,False
15,0264000,Wrocław,2009,12,started,1986.0,54.0,,12,True,False
15,0264000,Wrocław,2010,1,started,129.0,129.0,,12,True,False
15,0264000,Wrocław,2010,2,started,234.0,105.0,,12,True,False
15,0264000,Wrocław,2010,3,started,1401.0,1167.0,,12,True,False
15,0264000,Wrocław,2010,4,started,1401.0,0.0,,12,True,False
15,0264000,Wrocław,2010,5,started,2203.0,802.0,,12,True,False
15,0264000,Wrocław,2010,6,started,2276.0,73.0,,12,True,False
15,0264000,Wrocław,2010,7,started,2827.0,551.0,,12,True,False
15,0264000,Wrocław,2010,8,started,3117.0,290.0,,12,True,False
15,0264000,Wrocław,2010,9,started,4003.0,886.0,,12,True,False
15,0264000,Wrocław,2010,10,started,4472.0,469.0,,12,True,False
15,0264000,Wrocław,2010,11,started,4605.0,133.0,,12,True,False
15,0264000,Wrocław,2010,12,started,4724.0,119.0,,12,True,False
15,0264000,Wrocław,2011,1,started,542.0,542.0,,12,True,False
15,0264000,Wrocław,2011,2,started,798.0,256.0,,12,True,False
15,0264000,Wrocław,2011,3,started,1499.0,701.0,,12,True,False
15,0264000,Wrocław,2011,4,started,1668.0,169.0,,12,True,False
15,0264000,Wrocław,2011,5,started,2372.0,704.0,,12,True,False
15,0264000,Wrocław,2011,6,started,2943.0,571.0,,12,True,False
15,0264000,Wrocław,2011,7,started,3474.0,531.0,,12,True,False
15,0264000,Wrocław,2011,8,started,3869.0,395.0,,12,True,False
15,0264000,Wrocław,2011,9,started,5666.0,1797.0,,12,True,False
15,0264000,Wrocław,2011,10,started,5666.0,0.0,,12,True,False
15,0264000,Wrocław,2011,11,started,6857.0,1191.0,,12,True,False
15,0264000,Wrocław,2011,12,started,7364.0,507.0,,12,True,False
15,0264000,Wrocław,2012,1,started,122.0,122.0,,12,True,False
15,0264000,Wrocław,2012,2,started,929.0,807.0,,12,True,False
15,0264000,Wrocław,2012,3,started,1558.0,629.0,,12,True,False
15,0264000,Wrocław,2012,4,started,1790.0,232.0,,12,True,False
15,0264000,Wrocław,2012,5,started,1930.0,140.0,,12,True,False
15,0264000,Wrocław,2012,6,started,2513.0,583.0,,12,True,False
15,0264000,Wrocław,2012,7,started,2698.0,185.0,,12,True,False
15,0264000,Wrocław,2012,8,started,2776.0,78.0,,12,True,False
15,0264000,Wrocław,2012,9,started,2972.0,196.0,,12,True,False
15,0264000,Wrocław,2012,10,started,3273.0,301.0,,12,True,False
15,0264000,Wrocław,2012,11,started,4218.0,945.0,,12,True,False
15,0264000,Wrocław,2012,12,started,4425.0,207.0,,12,True,False
15,0264000,Wrocław,2013,1,started,43.0,43.0,,12,True,False
15,0264000,Wrocław,2013,2,started,130.0,87.0,,12,True,False
15,0264000,Wrocław,2013,3,started,399.0,269.0,,12,True,False
15,0264000,Wrocław,2013,4,started,845.0,446.0,,12,True,False
15,0264000,Wrocław,2013,5,started,1082.0,237.0,,12,True,False
15,0264000,Wrocław,2013,6,started,1359.0,277.0,,12,True,False
15,0264000,Wrocław,2013,7,started,1690.0,331.0,,12,True,False
15,0264000,Wrocław,2013,8,started,2209.0,519.0,,12,True,False
15,0264000,Wrocław,2013,9,started,3378.0,1169.0,,12,True,False
15,0264000,Wrocław,2013,10,started,4432.0,1054.0,,12,True,False
15,0264000,Wrocław,2013,11,started,4924.0,492.0,,12,True,False
15,0264000,Wrocław,2013,12,started,5242.0,318.0,,12,True,False
15,0264000,Wrocław,2014,1,started,614.0,614.0,,12,True,False
15,0264000,Wrocław,2014,2,started,1197.0,583.0,,12,True,False
15,0264000,Wrocław,2014,3,started,1303.0,106.0,,12,True,False
15,0264000,Wrocław,2014,4,started,2037.0,734.0,,12,True,False
15,0264000,Wrocław,2014,5,started,2525.0,488.0,,12,True,False
15,0264000,Wrocław,2014,6,started,2810.0,285.0,,12,True,False
15,0264000,Wrocław,2014,7,started,3494.0,684.0,,12,True,False
15,0264000,Wrocław,2014,8,started,4315.0,821.0,,12,True,False
15,0264000,Wrocław,2014,9,started,5126.0,811.0,,12,True,False
15,0264000,Wrocław,2014,10,started,5379.0,253.0,,12,True,False
15,0264000,Wrocław,2014,11,started,5940.0,561.0,,12,True,False
15,0264000,Wrocław,2014,12,started,6191.0,251.0,,12,True,False
15,0264000,Wrocław,2015,1,started,598.0,598.0,,12,True,False
15,0264000,Wrocław,2015,2,started,1379.0,781.0,,12,True,False
15,0264000,Wrocław,2015,3,started,2040.0,661.0,,12,True,False
15,0264000,Wrocław,2015,4,started,2640.0,600.0,,12,True,False
15,0264000,Wrocław,2015,5,started,3285.0,645.0,,12,True,False
15,0264000,Wrocław,2015,6,started,3721.0,436.0,,12,True,False
15,0264000,Wrocław,2015,7,started,4234.0,513.0,,12,True,False
15,0264000,Wrocław,2015,8,started,5859.0,1625.0,,12,True,False
15,0264000,Wrocław,2015,9,started,6621.0,762.0,,12,True,False
15,0264000,Wrocław,2015,10,started,7640.0,1019.0,,12,True,False
15,0264000,Wrocław,2015,11,started,8510.0,870.0,,12,True,False
15,0264000,Wrocław,2015,12,started,9422.0,912.0,,12,True,False
15,0264000,Wrocław,2016,1,started,335.0,335.0,,12,True,False
15,0264000,Wrocław,2016,2,started,508.0,173.0,,12,True,False
15,0264000,Wrocław,2016,3,started,1288.0,780.0,,12,True,False
15,0264000,Wrocław,2016,4,started,2254.0,966.0,,12,True,False
15,0264000,Wrocław,2016,5,started,2984.0,730.0,,12,True,False
15,0264000,Wrocław,2016,6,started,4199.0,1215.0,,12,True,False
15,0264000,Wrocław,2016,7,started,5182.0,983.0,,12,True,False
15,0264000,Wrocław,2016,8,started,5928.0,746.0,,12,True,False
15,0264000,Wrocław,2016,9,started,6706.0,778.0,,12,True,False
15,0264000,Wrocław,2016,10,started,7227.0,521.0,,12,True,False
15,0264000,Wrocław,2016,11,started,8435.0,1208.0,,12,True,False
15,0264000,Wrocław,2016,12,started,9205.0,770.0,,12,True,False
15,0264000,Wrocław,2017,1,started,598.0,598.0,,12,True,False
15,0264000,Wrocław,2017,2,started,1175.0,577.0,,12,True,False
15,0264000,Wrocław,2017,3,started,2123.0,948.0,,12,True,False
15,0264000,Wrocław,2017,4,started,2613.0,490.0,,12,True,False
15,0264000,Wrocław,2017,5,started,3902.0,1289.0,,12,True,False
15,0264000,Wrocław,2017,6,started,5298.0,1396.0,,12,True,False
15,0264000,Wrocław,2017,7,started,6722.0,1424.0,,12,True,False
15,0264000,Wrocław,2017,8,started,8000.0,1278.0,,12,True,False
15,0264000,Wrocław,2017,9,started,8436.0,436.0,,12,True,False
15,0264000,Wrocław,2017,10,started,8777.0,341.0,,12,True,False
15,0264000,Wrocław,2017,11,started,9688.0,911.0,,12,True,False
15,0264000,Wrocław,2017,12,started,10276.0,588.0,,12,True,False
15,0264000,Wrocław,2018,1,started,1963.0,1963.0,,12,True,False
15,0264000,Wrocław,2018,2,started,2407.0,444.0,,12,True,False
15,0264000,Wrocław,2018,3,started,3251.0,844.0,,12,True,False
15,0264000,Wrocław,2018,4,started,3812.0,561.0,,12,True,False
15,0264000,Wrocław,2018,5,started,5020.0,1208.0,,12,True,False
15,0264000,Wrocław,2018,6,started,6013.0,993.0,,12,True,False
15,0264000,Wrocław,2018,7,started,6204.0,191.0,,12,True,False
15,0264000,Wrocław,2018,8,started,6790.0,586.0,,12,True,False
15,0264000,Wrocław,2018,9,started,8331.0,1541.0,,12,True,False
15,0264000,Wrocław,2018,10,started,8939.0,608.0,,12,True,False
15,0264000,Wrocław,2018,11,started,9748.0,809.0,,12,True,False
15,0264000,Wrocław,2018,12,started,10997.0,1249.0,,12,True,False
15,0264000,Wrocław,2019,1,started,1278.0,1278.0,,12,True,False
15,0264000,Wrocław,2019,2,started,1524.0,246.0,,12,True,False
15,0264000,Wrocław,2019,3,started,3619.0,2095.0,,12,True,False
15,0264000,Wrocław,2019,4,started,4542.0,923.0,,12,True,False
15,0264000,Wrocław,2019,5,started,5309.0,767.0,,12,True,False
15,0264000,Wrocław,2019,6,started,6225.0,916.0,,12,True,False
15,0264000,Wrocław,2019,7,started,7219.0,994.0,,12,True,False
15,0264000,Wrocław,2019,8,started,8067.0,848.0,,12,True,False
15,0264000,Wrocław,2019,9,started,8863.0,796.0,,12,True,False
15,0264000,Wrocław,2019,10,started,10910.0,2047.0,,12,True,False
15,0264000,Wrocław,2019,11,started,11775.0,865.0,,12,True,False
15,0264000,Wrocław,2019,12,started,12107.0,332.0,,12,True,False
15,0264000,Wrocław,2020,1,started,431.0,431.0,,12,True,False
15,0264000,Wrocław,2020,2,started,587.0,156.0,,12,True,False
15,0264000,Wrocław,2020,3,started,1657.0,1070.0,,12,True,False
15,0264000,Wrocław,2020,4,started,1966.0,309.0,,12,True,False
15,0264000,Wrocław,2020,5,started,2163.0,197.0,,12,True,False
15,0264000,Wrocław,2020,6,started,2763.0,600.0,,12,True,False
15,0264000,Wrocław,2020,7,started,3222.0,459.0,,12,True,False
15,0264000,Wrocław,2020,8,started,3425.0,203.0,,12,True,False
15,0264000,Wrocław,2020,9,started,5022.0,1597.0,,12,True,False
15,0264000,Wrocław,2020,10,started,5403.0,381.0,,12,True,False
15,0264000,Wrocław,2020,11,started,6408.0,1005.0,,12,True,False
15,0264000,Wrocław,2020,12,started,7605.0,1197.0,,12,True,False
15,0264000,Wrocław,2021,1,started,1307.0,1307.0,,12,True,False
15,0264000,Wrocław,2021,2,started,2218.0,911.0,,12,True,False
15,0264000,Wrocław,2021,3,started,2333.0,115.0,,12,True,False
15,0264000,Wrocław,2021,4,started,3213.0,880.0,,12,True,False
15,0264000,Wrocław,2021,5,started,3712.0,499.0,,12,True,False
15,0264000,Wrocław,2021,6,started,4160.0,448.0,,12,True,False
15,0264000,Wrocław,2021,7,started,4879.0,719.0,,12,True,False
15,0264000,Wrocław,2021,8,started,5273.0,394.0,,12,True,False
15,0264000,Wrocław,2021,9,started,5644.0,371.0,,12,True,False
15,0264000,Wrocław,2021,10,started,6933.0,1289.0,,12,True,False
15,0264000,Wrocław,2021,11,started,8684.0,1751.0,,12,True,False
15,0264000,Wrocław,2021,12,started,9518.0,834.0,,12,True,False
15,0264000,Wrocław,2022,1,started,659.0,659.0,,12,True,False
15,0264000,Wrocław,2022,2,started,1202.0,543.0,,12,True,False
15,0264000,Wrocław,2022,3,started,1512.0,310.0,,12,True,False
15,0264000,Wrocław,2022,4,started,2068.0,556.0,,12,True,False
15,0264000,Wrocław,2022,5,started,2420.0,352.0,,12,True,False
15,0264000,Wrocław,2022,6,started,2918.0,498.0,,12,True,False
15,0264000,Wrocław,2022,7,started,3315.0,397.0,,12,True,False
15,0264000,Wrocław,2022,8,started,3541.0,226.0,,12,True,False
15,0264000,Wrocław,2022,9,started,3819.0,278.0,,12,True,False
15,0264000,Wrocław,2022,10,started,3945.0,126.0,,12,True,False
15,0264000,Wrocław,2022,11,started,4007.0,62.0,,12,True,False
15,0264000,Wrocław,2022,12,started,4061.0,54.0,,12,True,False
15,0264000,Wrocław,2023,1,started,212.0,212.0,,12,True,False
15,0264000,Wrocław,2023,2,started,904.0,692.0,,12,True,False
15,0264000,Wrocław,2023,3,started,1568.0,664.0,,12,True,False
15,0264000,Wrocław,2023,4,started,1700.0,132.0,,12,True,False
15,0264000,Wrocław,2023,5,started,1742.0,42.0,,12,True,False
15,0264000,Wrocław,2023,6,started,2320.0,578.0,,12,True,False
15,0264000,Wrocław,2023,7,started,3238.0,918.0,,12,True,False
15,0264000,Wrocław,2023,8,started,3946.0,708.0,,12,True,False
15,0264000,Wrocław,2023,9,started,4491.0,545.0,,12,True,False
15,0264000,Wrocław,2023,10,started,5425.0,934.0,,12,True,False
15,0264000,Wrocław,2023,11,started,5858.0,433.0,,12,True,False
15,0264000,Wrocław,2023,12,started,6342.0,484.0,,12,True,False
15,0264000,Wrocław,2024,1,started,888.0,888.0,,12,True,False
15,0264000,Wrocław,2024,2,started,1436.0,548.0,,12,True,False
15,0264000,Wrocław,2024,3,started,2552.0,1116.0,,12,True,False
15,0264000,Wrocław,2024,4,started,3186.0,634.0,,12,True,False
15,0264000,Wrocław,2024,5,started,3532.0,346.0,,12,True,False
15,0264000,Wrocław,2024,6,started,3946.0,414.0,,12,True,False
15,0264000,Wrocław,2024,7,started,5290.0,1344.0,,12,True,False
15,0264000,Wrocław,2024,8,started,5507.0,217.0,,12,True,False
15,0264000,Wrocław,2024,9,started,6264.0,757.0,,12,True,False
15,0264000,Wrocław,2024,10,started,7299.0,1035.0,,12,True,False
15,0264000,Wrocław,2024,11,started,7311.0,12.0,,12,True,False
15,0264000,Wrocław,2024,12,started,7519.0,208.0,,12,True,False
15,0264000,Wrocław,2025,1,started,474.0,474.0,,12,True,False
15,0264000,Wrocław,2025,2,started,509.0,35.0,,12,True,False
15,0264000,Wrocław,2025,3,started,1130.0,621.0,,12,True,False
15,0264000,Wrocław,2025,4,started,1885.0,755.0,,12,True,False
15,0264000,Wrocław,2025,5,started,2184.0,299.0,,12,True,False
15,0264000,Wrocław,2025,6,started,2625.0,441.0,,12,True,False
15,0264000,Wrocław,2025,7,started,3159.0,534.0,,12,True,False
15,0264000,Wrocław,2025,8,started,3245.0,86.0,,12,True,False
15,0264000,Wrocław,2025,9,started,3674.0,429.0,,12,True,False
15,0264000,Wrocław,2025,10,started,4343.0,669.0,,12,True,False
15,0264000,Wrocław,2025,11,started,4839.0,496.0,,12,True,False
15,0264000,Wrocław,2025,12,started,5009.0,170.0,,12,True,False
15,0264000,Wrocław,2026,1,started,33.0,33.0,,6,False,False
15,0264000,Wrocław,2026,2,started,414.0,381.0,,6,False,False
15,0264000,Wrocław,2026,3,started,943.0,529.0,,6,False,False
15,0264000,Wrocław,2026,4,started,1975.0,1032.0,,6,False,False
15,0264000,Wrocław,2026,5,started,2445.0,470.0,,6,False,False
15,0264000,Wrocław,2026,6,started,2657.0,212.0,,6,False,False
16,0862000,Zielona Góra,2005,1,started,4.0,4.0,,12,True,False
16,0862000,Zielona Góra,2005,2,started,69.0,65.0,,12,True,False
16,0862000,Zielona Góra,2005,3,started,74.0,5.0,,12,True,False
16,0862000,Zielona Góra,2005,4,started,110.0,36.0,,12,True,False
16,0862000,Zielona Góra,2005,5,started,153.0,43.0,,12,True,False
16,0862000,Zielona Góra,2005,6,started,229.0,76.0,,12,True,False
16,0862000,Zielona Góra,2005,7,started,340.0,111.0,,12,True,False
16,0862000,Zielona Góra,2005,8,started,367.0,27.0,,12,True,False
16,0862000,Zielona Góra,2005,9,started,372.0,5.0,,12,True,False
16,0862000,Zielona Góra,2005,10,started,380.0,8.0,,12,True,False
16,0862000,Zielona Góra,2005,11,started,415.0,35.0,,12,True,False
16,0862000,Zielona Góra,2005,12,started,443.0,28.0,,12,True,False
16,0862000,Zielona Góra,2006,1,started,2.0,2.0,,12,True,False
16,0862000,Zielona Góra,2006,2,started,3.0,1.0,,12,True,False
16,0862000,Zielona Góra,2006,3,started,161.0,158.0,,12,True,False
16,0862000,Zielona Góra,2006,4,started,240.0,79.0,,12,True,False
16,0862000,Zielona Góra,2006,5,started,282.0,42.0,,12,True,False
16,0862000,Zielona Góra,2006,6,started,345.0,63.0,,12,True,False
16,0862000,Zielona Góra,2006,7,started,511.0,166.0,,12,True,False
16,0862000,Zielona Góra,2006,8,started,560.0,49.0,,12,True,False
16,0862000,Zielona Góra,2006,9,started,569.0,9.0,,12,True,False
16,0862000,Zielona Góra,2006,10,started,606.0,37.0,,12,True,False
16,0862000,Zielona Góra,2006,11,started,610.0,4.0,,12,True,False
16,0862000,Zielona Góra,2006,12,started,632.0,22.0,,12,True,False
16,0862000,Zielona Góra,2007,1,started,5.0,5.0,,12,True,False
16,0862000,Zielona Góra,2007,2,started,56.0,51.0,,12,True,False
16,0862000,Zielona Góra,2007,3,started,100.0,44.0,,12,True,False
16,0862000,Zielona Góra,2007,4,started,110.0,10.0,,12,True,False
16,0862000,Zielona Góra,2007,5,started,162.0,52.0,,12,True,False
16,0862000,Zielona Góra,2007,6,started,184.0,22.0,,12,True,False
16,0862000,Zielona Góra,2007,7,started,199.0,15.0,,12,True,False
16,0862000,Zielona Góra,2007,8,started,213.0,14.0,,12,True,False
16,0862000,Zielona Góra,2007,9,started,221.0,8.0,,12,True,False
16,0862000,Zielona Góra,2007,10,started,307.0,86.0,,12,True,False
16,0862000,Zielona Góra,2007,11,started,343.0,36.0,,12,True,False
16,0862000,Zielona Góra,2007,12,started,346.0,3.0,,12,True,False
16,0862000,Zielona Góra,2008,1,started,3.0,3.0,,12,True,False
16,0862000,Zielona Góra,2008,2,started,7.0,4.0,,12,True,False
16,0862000,Zielona Góra,2008,3,started,128.0,121.0,,12,True,False
16,0862000,Zielona Góra,2008,4,started,134.0,6.0,,12,True,False
16,0862000,Zielona Góra,2008,5,started,241.0,107.0,,12,True,False
16,0862000,Zielona Góra,2008,6,started,247.0,6.0,,12,True,False
16,0862000,Zielona Góra,2008,7,started,291.0,44.0,,12,True,False
16,0862000,Zielona Góra,2008,8,started,301.0,10.0,,12,True,False
16,0862000,Zielona Góra,2008,9,started,357.0,56.0,,12,True,False
16,0862000,Zielona Góra,2008,10,started,404.0,47.0,,12,True,False
16,0862000,Zielona Góra,2008,11,started,407.0,3.0,,12,True,False
16,0862000,Zielona Góra,2008,12,started,409.0,2.0,,12,True,False
16,0862000,Zielona Góra,2009,1,started,1.0,1.0,,12,True,False
16,0862000,Zielona Góra,2009,2,started,2.0,1.0,,12,True,False
16,0862000,Zielona Góra,2009,3,started,151.0,149.0,,12,True,False
16,0862000,Zielona Góra,2009,4,started,184.0,33.0,,12,True,False
16,0862000,Zielona Góra,2009,5,started,278.0,94.0,,12,True,False
16,0862000,Zielona Góra,2009,6,started,284.0,6.0,,12,True,False
16,0862000,Zielona Góra,2009,7,started,333.0,49.0,,12,True,False
16,0862000,Zielona Góra,2009,8,started,339.0,6.0,,12,True,False
16,0862000,Zielona Góra,2009,9,started,349.0,10.0,,12,True,False
16,0862000,Zielona Góra,2009,10,started,363.0,14.0,,12,True,False
16,0862000,Zielona Góra,2009,11,started,370.0,7.0,,12,True,False
16,0862000,Zielona Góra,2009,12,started,435.0,65.0,,12,True,False
16,0862000,Zielona Góra,2010,1,started,106.0,106.0,,12,True,False
16,0862000,Zielona Góra,2010,2,started,110.0,4.0,,12,True,False
16,0862000,Zielona Góra,2010,3,started,115.0,5.0,,12,True,False
16,0862000,Zielona Góra,2010,4,started,288.0,173.0,,12,True,False
16,0862000,Zielona Góra,2010,5,started,301.0,13.0,,12,True,False
16,0862000,Zielona Góra,2010,6,started,317.0,16.0,,12,True,False
16,0862000,Zielona Góra,2010,7,started,395.0,78.0,,12,True,False
16,0862000,Zielona Góra,2010,8,started,404.0,9.0,,12,True,False
16,0862000,Zielona Góra,2010,9,started,447.0,43.0,,12,True,False
16,0862000,Zielona Góra,2010,10,started,456.0,9.0,,12,True,False
16,0862000,Zielona Góra,2010,11,started,459.0,3.0,,12,True,False
16,0862000,Zielona Góra,2010,12,started,461.0,2.0,,12,True,False
16,0862000,Zielona Góra,2011,1,started,3.0,3.0,,12,True,False
16,0862000,Zielona Góra,2011,2,started,9.0,6.0,,12,True,False
16,0862000,Zielona Góra,2011,3,started,148.0,139.0,,12,True,False
16,0862000,Zielona Góra,2011,4,started,186.0,38.0,,12,True,False
16,0862000,Zielona Góra,2011,5,started,192.0,6.0,,12,True,False
16,0862000,Zielona Góra,2011,6,started,469.0,277.0,,12,True,False
16,0862000,Zielona Góra,2011,7,started,473.0,4.0,,12,True,False
16,0862000,Zielona Góra,2011,8,started,634.0,161.0,,12,True,False
16,0862000,Zielona Góra,2011,9,started,640.0,6.0,,12,True,False
16,0862000,Zielona Góra,2011,10,started,686.0,46.0,,12,True,False
16,0862000,Zielona Góra,2011,11,started,725.0,39.0,,12,True,False
16,0862000,Zielona Góra,2011,12,started,769.0,44.0,,12,True,False
16,0862000,Zielona Góra,2012,1,started,7.0,7.0,,12,True,False
16,0862000,Zielona Góra,2012,2,started,9.0,2.0,,12,True,False
16,0862000,Zielona Góra,2012,3,started,20.0,11.0,,12,True,False
16,0862000,Zielona Góra,2012,4,started,460.0,440.0,,12,True,False
16,0862000,Zielona Góra,2012,5,started,604.0,144.0,,12,True,False
16,0862000,Zielona Góra,2012,6,started,614.0,10.0,,12,True,False
16,0862000,Zielona Góra,2012,7,started,620.0,6.0,,12,True,False
16,0862000,Zielona Góra,2012,8,started,632.0,12.0,,12,True,False
16,0862000,Zielona Góra,2012,9,started,639.0,7.0,,12,True,False
16,0862000,Zielona Góra,2012,10,started,1010.0,371.0,,12,True,False
16,0862000,Zielona Góra,2012,11,started,1012.0,2.0,,12,True,False
16,0862000,Zielona Góra,2012,12,started,1046.0,34.0,,12,True,False
16,0862000,Zielona Góra,2013,1,started,5.0,5.0,,12,True,False
16,0862000,Zielona Góra,2013,2,started,229.0,224.0,,12,True,False
16,0862000,Zielona Góra,2013,3,started,236.0,7.0,,12,True,False
16,0862000,Zielona Góra,2013,4,started,239.0,3.0,,12,True,False
16,0862000,Zielona Góra,2013,5,started,243.0,4.0,,12,True,False
16,0862000,Zielona Góra,2013,6,started,368.0,125.0,,12,True,False
16,0862000,Zielona Góra,2013,7,started,373.0,5.0,,12,True,False
16,0862000,Zielona Góra,2013,8,started,393.0,20.0,,12,True,False
16,0862000,Zielona Góra,2013,9,started,403.0,10.0,,12,True,False
16,0862000,Zielona Góra,2013,10,started,406.0,3.0,,12,True,False
16,0862000,Zielona Góra,2013,11,started,609.0,203.0,,12,True,False
16,0862000,Zielona Góra,2013,12,started,613.0,4.0,,12,True,False
16,0862000,Zielona Góra,2014,1,started,196.0,196.0,,12,True,False
16,0862000,Zielona Góra,2014,2,started,197.0,1.0,,12,True,False
16,0862000,Zielona Góra,2014,3,started,394.0,197.0,,12,True,False
16,0862000,Zielona Góra,2014,4,started,403.0,9.0,,12,True,False
16,0862000,Zielona Góra,2014,5,started,481.0,78.0,,12,True,False
16,0862000,Zielona Góra,2014,6,started,487.0,6.0,,12,True,False
16,0862000,Zielona Góra,2014,7,started,492.0,5.0,,12,True,False
16,0862000,Zielona Góra,2014,8,started,735.0,243.0,,12,True,False
16,0862000,Zielona Góra,2014,9,started,740.0,5.0,,12,True,False
16,0862000,Zielona Góra,2014,10,started,882.0,142.0,,12,True,False
16,0862000,Zielona Góra,2014,11,started,896.0,14.0,,12,True,False
16,0862000,Zielona Góra,2014,12,started,960.0,64.0,,12,True,False
16,0862000,Zielona Góra,2015,1,started,5.0,5.0,,12,True,False
16,0862000,Zielona Góra,2015,2,started,38.0,33.0,,12,True,False
16,0862000,Zielona Góra,2015,3,started,54.0,16.0,,12,True,False
16,0862000,Zielona Góra,2015,4,started,321.0,267.0,,12,True,False
16,0862000,Zielona Góra,2015,5,started,667.0,346.0,,12,True,False
16,0862000,Zielona Góra,2015,6,started,799.0,132.0,,12,True,False
16,0862000,Zielona Góra,2015,7,started,884.0,85.0,,12,True,False
16,0862000,Zielona Góra,2015,8,started,968.0,84.0,,12,True,False
16,0862000,Zielona Góra,2015,9,started,1072.0,104.0,,12,True,False
16,0862000,Zielona Góra,2015,10,started,1120.0,48.0,,12,True,False
16,0862000,Zielona Góra,2015,11,started,1135.0,15.0,,12,True,False
16,0862000,Zielona Góra,2015,12,started,1164.0,29.0,,12,True,False
16,0862000,Zielona Góra,2016,1,started,57.0,57.0,,12,True,False
16,0862000,Zielona Góra,2016,2,started,73.0,16.0,,12,True,False
16,0862000,Zielona Góra,2016,3,started,90.0,17.0,,12,True,False
16,0862000,Zielona Góra,2016,4,started,155.0,65.0,,12,True,False
16,0862000,Zielona Góra,2016,5,started,336.0,181.0,,12,True,False
16,0862000,Zielona Góra,2016,6,started,387.0,51.0,,12,True,False
16,0862000,Zielona Góra,2016,7,started,446.0,59.0,,12,True,False
16,0862000,Zielona Góra,2016,8,started,591.0,145.0,,12,True,False
16,0862000,Zielona Góra,2016,9,started,724.0,133.0,,12,True,False
16,0862000,Zielona Góra,2016,10,started,1072.0,348.0,,12,True,False
16,0862000,Zielona Góra,2016,11,started,1089.0,17.0,,12,True,False
16,0862000,Zielona Góra,2016,12,started,1103.0,14.0,,12,True,False
16,0862000,Zielona Góra,2017,1,started,24.0,24.0,,12,True,False
16,0862000,Zielona Góra,2017,2,started,224.0,200.0,,12,True,False
16,0862000,Zielona Góra,2017,3,started,274.0,50.0,,12,True,False
16,0862000,Zielona Góra,2017,4,started,284.0,10.0,,12,True,False
16,0862000,Zielona Góra,2017,5,started,410.0,126.0,,12,True,False
16,0862000,Zielona Góra,2017,6,started,818.0,408.0,,12,True,False
16,0862000,Zielona Góra,2017,7,started,869.0,51.0,,12,True,False
16,0862000,Zielona Góra,2017,8,started,887.0,18.0,,12,True,False
16,0862000,Zielona Góra,2017,9,started,930.0,43.0,,12,True,False
16,0862000,Zielona Góra,2017,10,started,936.0,6.0,,12,True,False
16,0862000,Zielona Góra,2017,11,started,949.0,13.0,,12,True,False
16,0862000,Zielona Góra,2017,12,started,984.0,35.0,,12,True,False
16,0862000,Zielona Góra,2018,1,started,23.0,23.0,,12,True,False
16,0862000,Zielona Góra,2018,2,started,31.0,8.0,,12,True,False
16,0862000,Zielona Góra,2018,3,started,58.0,27.0,,12,True,False
16,0862000,Zielona Góra,2018,4,started,75.0,17.0,,12,True,False
16,0862000,Zielona Góra,2018,5,started,295.0,220.0,,12,True,False
16,0862000,Zielona Góra,2018,6,started,418.0,123.0,,12,True,False
16,0862000,Zielona Góra,2018,7,started,458.0,40.0,,12,True,False
16,0862000,Zielona Góra,2018,8,started,1096.0,638.0,,12,True,False
16,0862000,Zielona Góra,2018,9,started,1139.0,43.0,,12,True,False
16,0862000,Zielona Góra,2018,10,started,1161.0,22.0,,12,True,False
16,0862000,Zielona Góra,2018,11,started,1308.0,147.0,,12,True,False
16,0862000,Zielona Góra,2018,12,started,1492.0,184.0,,12,True,False
16,0862000,Zielona Góra,2019,1,started,26.0,26.0,,12,True,False
16,0862000,Zielona Góra,2019,2,started,41.0,15.0,,12,True,False
16,0862000,Zielona Góra,2019,3,started,231.0,190.0,,12,True,False
16,0862000,Zielona Góra,2019,4,started,357.0,126.0,,12,True,False
16,0862000,Zielona Góra,2019,5,started,783.0,426.0,,12,True,False
16,0862000,Zielona Góra,2019,6,started,1051.0,268.0,,12,True,False
16,0862000,Zielona Góra,2019,7,started,1278.0,227.0,,12,True,False
16,0862000,Zielona Góra,2019,8,started,1370.0,92.0,,12,True,False
16,0862000,Zielona Góra,2019,9,started,1392.0,22.0,,12,True,False
16,0862000,Zielona Góra,2019,10,started,1609.0,217.0,,12,True,False
16,0862000,Zielona Góra,2019,11,started,1690.0,81.0,,12,True,False
16,0862000,Zielona Góra,2019,12,started,1859.0,169.0,,12,True,False
16,0862000,Zielona Góra,2020,1,started,13.0,13.0,,12,True,False
16,0862000,Zielona Góra,2020,2,started,86.0,73.0,,12,True,False
16,0862000,Zielona Góra,2020,3,started,266.0,180.0,,12,True,False
16,0862000,Zielona Góra,2020,4,started,318.0,52.0,,12,True,False
16,0862000,Zielona Góra,2020,5,started,370.0,52.0,,12,True,False
16,0862000,Zielona Góra,2020,6,started,497.0,127.0,,12,True,False
16,0862000,Zielona Góra,2020,7,started,595.0,98.0,,12,True,False
16,0862000,Zielona Góra,2020,8,started,647.0,52.0,,12,True,False
16,0862000,Zielona Góra,2020,9,started,773.0,126.0,,12,True,False
16,0862000,Zielona Góra,2020,10,started,823.0,50.0,,12,True,False
16,0862000,Zielona Góra,2020,11,started,946.0,123.0,,12,True,False
16,0862000,Zielona Góra,2020,12,started,952.0,6.0,,12,True,False
16,0862000,Zielona Góra,2021,1,started,22.0,22.0,,12,True,False
16,0862000,Zielona Góra,2021,2,started,75.0,53.0,,12,True,False
16,0862000,Zielona Góra,2021,3,started,221.0,146.0,,12,True,False
16,0862000,Zielona Góra,2021,4,started,398.0,177.0,,12,True,False
16,0862000,Zielona Góra,2021,5,started,573.0,175.0,,12,True,False
16,0862000,Zielona Góra,2021,6,started,630.0,57.0,,12,True,False
16,0862000,Zielona Góra,2021,7,started,731.0,101.0,,12,True,False
16,0862000,Zielona Góra,2021,8,started,755.0,24.0,,12,True,False
16,0862000,Zielona Góra,2021,9,started,866.0,111.0,,12,True,False
16,0862000,Zielona Góra,2021,10,started,930.0,64.0,,12,True,False
16,0862000,Zielona Góra,2021,11,started,959.0,29.0,,12,True,False
16,0862000,Zielona Góra,2021,12,started,990.0,31.0,,12,True,False
16,0862000,Zielona Góra,2022,1,started,17.0,17.0,,12,True,False
16,0862000,Zielona Góra,2022,2,started,155.0,138.0,,12,True,False
16,0862000,Zielona Góra,2022,3,started,173.0,18.0,,12,True,False
16,0862000,Zielona Góra,2022,4,started,307.0,134.0,,12,True,False
16,0862000,Zielona Góra,2022,5,started,361.0,54.0,,12,True,False
16,0862000,Zielona Góra,2022,6,started,428.0,67.0,,12,True,False
16,0862000,Zielona Góra,2022,7,started,478.0,50.0,,12,True,False
16,0862000,Zielona Góra,2022,8,started,491.0,13.0,,12,True,False
16,0862000,Zielona Góra,2022,9,started,527.0,36.0,,12,True,False
16,0862000,Zielona Góra,2022,10,started,539.0,12.0,,12,True,False
16,0862000,Zielona Góra,2022,11,started,603.0,64.0,,12,True,False
16,0862000,Zielona Góra,2022,12,started,624.0,21.0,,12,True,False
16,0862000,Zielona Góra,2023,1,started,435.0,435.0,,12,True,False
16,0862000,Zielona Góra,2023,2,started,474.0,39.0,,12,True,False
16,0862000,Zielona Góra,2023,3,started,480.0,6.0,,12,True,False
16,0862000,Zielona Góra,2023,4,started,492.0,12.0,,12,True,False
16,0862000,Zielona Góra,2023,5,started,506.0,14.0,,12,True,False
16,0862000,Zielona Góra,2023,6,started,629.0,123.0,,12,True,False
16,0862000,Zielona Góra,2023,7,started,912.0,283.0,,12,True,False
16,0862000,Zielona Góra,2023,8,started,1030.0,118.0,,12,True,False
16,0862000,Zielona Góra,2023,9,started,1164.0,134.0,,12,True,False
16,0862000,Zielona Góra,2023,10,started,1229.0,65.0,,12,True,False
16,0862000,Zielona Góra,2023,11,started,1262.0,33.0,,12,True,False
16,0862000,Zielona Góra,2023,12,started,1747.0,485.0,,12,True,False
16,0862000,Zielona Góra,2024,1,started,17.0,17.0,,12,True,False
16,0862000,Zielona Góra,2024,2,started,64.0,47.0,,12,True,False
16,0862000,Zielona Góra,2024,3,started,78.0,14.0,,12,True,False
16,0862000,Zielona Góra,2024,4,started,93.0,15.0,,12,True,False
16,0862000,Zielona Góra,2024,5,started,129.0,36.0,,12,True,False
16,0862000,Zielona Góra,2024,6,started,204.0,75.0,,12,True,False
16,0862000,Zielona Góra,2024,7,started,285.0,81.0,,12,True,False
16,0862000,Zielona Góra,2024,8,started,309.0,24.0,,12,True,False
16,0862000,Zielona Góra,2024,9,started,320.0,11.0,,12,True,False
16,0862000,Zielona Góra,2024,10,started,350.0,30.0,,12,True,False
16,0862000,Zielona Góra,2024,11,started,372.0,22.0,,12,True,False
16,0862000,Zielona Góra,2024,12,started,513.0,141.0,,12,True,False
16,0862000,Zielona Góra,2025,1,started,45.0,45.0,,12,True,False
16,0862000,Zielona Góra,2025,2,started,193.0,148.0,,12,True,False
16,0862000,Zielona Góra,2025,3,started,392.0,199.0,,12,True,False
16,0862000,Zielona Góra,2025,4,started,435.0,43.0,,12,True,False
16,0862000,Zielona Góra,2025,5,started,522.0,87.0,,12,True,False
16,0862000,Zielona Góra,2025,6,started,561.0,39.0,,12,True,False
16,0862000,Zielona Góra,2025,7,started,664.0,103.0,,12,True,False
16,0862000,Zielona Góra,2025,8,started,693.0,29.0,,12,True,False
16,0862000,Zielona Góra,2025,9,started,733.0,40.0,,12,True,False
16,0862000,Zielona Góra,2025,10,started,820.0,87.0,,12,True,False
16,0862000,Zielona Góra,2025,11,started,836.0,16.0,,12,True,False
16,0862000,Zielona Góra,2025,12,started,842.0,6.0,,12,True,False
16,0862000,Zielona Góra,2026,1,started,3.0,3.0,,6,False,False
16,0862000,Zielona Góra,2026,2,started,12.0,9.0,,6,False,False
16,0862000,Zielona Góra,2026,3,started,169.0,157.0,,6,False,False
16,0862000,Zielona Góra,2026,4,started,430.0,261.0,,6,False,False
16,0862000,Zielona Góra,2026,5,started,449.0,19.0,,6,False,False
16,0862000,Zielona Góra,2026,6,started,464.0,15.0,,6,False,False
17,1061000,Łódź,2005,1,started,136.0,136.0,,12,True,False
17,1061000,Łódź,2005,2,started,142.0,6.0,,12,True,False
17,1061000,Łódź,2005,3,started,155.0,13.0,,12,True,False
17,1061000,Łódź,2005,4,started,198.0,43.0,,12,True,False
17,1061000,Łódź,2005,5,started,408.0,210.0,,12,True,False
17,1061000,Łódź,2005,6,started,456.0,48.0,,12,True,False
17,1061000,Łódź,2005,7,started,552.0,96.0,,12,True,False
17,1061000,Łódź,2005,8,started,625.0,73.0,,12,True,False
17,1061000,Łódź,2005,9,started,808.0,183.0,,12,True,False
17,1061000,Łódź,2005,10,started,864.0,56.0,,12,True,False
17,1061000,Łódź,2005,11,started,872.0,8.0,,12,True,False
17,1061000,Łódź,2005,12,started,880.0,8.0,,12,True,False
17,1061000,Łódź,2006,1,started,1.0,1.0,,12,True,False
17,1061000,Łódź,2006,2,started,6.0,5.0,,12,True,False
17,1061000,Łódź,2006,3,started,190.0,184.0,,12,True,False
17,1061000,Łódź,2006,4,started,215.0,25.0,,12,True,False
17,1061000,Łódź,2006,5,started,302.0,87.0,,12,True,False
17,1061000,Łódź,2006,6,started,345.0,43.0,,12,True,False
17,1061000,Łódź,2006,7,started,366.0,21.0,,12,True,False
17,1061000,Łódź,2006,8,started,436.0,70.0,,12,True,False
17,1061000,Łódź,2006,9,started,548.0,112.0,,12,True,False
17,1061000,Łódź,2006,10,started,567.0,19.0,,12,True,False
17,1061000,Łódź,2006,11,started,986.0,419.0,,12,True,False
17,1061000,Łódź,2006,12,started,994.0,8.0,,12,True,False
17,1061000,Łódź,2007,1,started,13.0,13.0,,12,True,False
17,1061000,Łódź,2007,2,started,48.0,35.0,,12,True,False
17,1061000,Łódź,2007,3,started,130.0,82.0,,12,True,False
17,1061000,Łódź,2007,4,started,151.0,21.0,,12,True,False
17,1061000,Łódź,2007,5,started,340.0,189.0,,12,True,False
17,1061000,Łódź,2007,6,started,413.0,73.0,,12,True,False
17,1061000,Łódź,2007,7,started,471.0,58.0,,12,True,False
17,1061000,Łódź,2007,8,started,703.0,232.0,,12,True,False
17,1061000,Łódź,2007,9,started,1085.0,382.0,,12,True,False
17,1061000,Łódź,2007,10,started,1463.0,378.0,,12,True,False
17,1061000,Łódź,2007,11,started,2021.0,558.0,,12,True,False
17,1061000,Łódź,2007,12,started,2061.0,40.0,,12,True,False
17,1061000,Łódź,2008,1,started,458.0,458.0,,12,True,False
17,1061000,Łódź,2008,2,started,566.0,108.0,,12,True,False
17,1061000,Łódź,2008,3,started,606.0,40.0,,12,True,False
17,1061000,Łódź,2008,4,started,639.0,33.0,,12,True,False
17,1061000,Łódź,2008,5,started,664.0,25.0,,12,True,False
17,1061000,Łódź,2008,6,started,695.0,31.0,,12,True,False
17,1061000,Łódź,2008,7,started,751.0,56.0,,12,True,False
17,1061000,Łódź,2008,8,started,827.0,76.0,,12,True,False
17,1061000,Łódź,2008,9,started,848.0,21.0,,12,True,False
17,1061000,Łódź,2008,10,started,1004.0,156.0,,12,True,False
17,1061000,Łódź,2008,11,started,1480.0,476.0,,12,True,False
17,1061000,Łódź,2008,12,started,1529.0,49.0,,12,True,False
17,1061000,Łódź,2009,1,started,4.0,4.0,,12,True,False
17,1061000,Łódź,2009,2,started,57.0,53.0,,12,True,False
17,1061000,Łódź,2009,3,started,86.0,29.0,,12,True,False
17,1061000,Łódź,2009,4,started,140.0,54.0,,12,True,False
17,1061000,Łódź,2009,5,started,297.0,157.0,,12,True,False
17,1061000,Łódź,2009,6,started,578.0,281.0,,12,True,False
17,1061000,Łódź,2009,7,started,609.0,31.0,,12,True,False
17,1061000,Łódź,2009,8,started,865.0,256.0,,12,True,False
17,1061000,Łódź,2009,9,started,1276.0,411.0,,12,True,False
17,1061000,Łódź,2009,10,started,1299.0,23.0,,12,True,False
17,1061000,Łódź,2009,11,started,1376.0,77.0,,12,True,False
17,1061000,Łódź,2009,12,started,1452.0,76.0,,12,True,False
17,1061000,Łódź,2010,1,started,2.0,2.0,,12,True,False
17,1061000,Łódź,2010,2,started,9.0,7.0,,12,True,False
17,1061000,Łódź,2010,3,started,407.0,398.0,,12,True,False
17,1061000,Łódź,2010,4,started,936.0,529.0,,12,True,False
17,1061000,Łódź,2010,5,started,1077.0,141.0,,12,True,False
17,1061000,Łódź,2010,6,started,1171.0,94.0,,12,True,False
17,1061000,Łódź,2010,7,started,1379.0,208.0,,12,True,False
17,1061000,Łódź,2010,8,started,1420.0,41.0,,12,True,False
17,1061000,Łódź,2010,9,started,1459.0,39.0,,12,True,False
17,1061000,Łódź,2010,10,started,1832.0,373.0,,12,True,False
17,1061000,Łódź,2010,11,started,2105.0,273.0,,12,True,False
17,1061000,Łódź,2010,12,started,2374.0,269.0,,12,True,False
17,1061000,Łódź,2011,1,started,45.0,45.0,,12,True,False
17,1061000,Łódź,2011,2,started,57.0,12.0,,12,True,False
17,1061000,Łódź,2011,3,started,239.0,182.0,,12,True,False
17,1061000,Łódź,2011,4,started,363.0,124.0,,12,True,False
17,1061000,Łódź,2011,5,started,542.0,179.0,,12,True,False
17,1061000,Łódź,2011,6,started,594.0,52.0,,12,True,False
17,1061000,Łódź,2011,7,started,638.0,44.0,,12,True,False
17,1061000,Łódź,2011,8,started,658.0,20.0,,12,True,False
17,1061000,Łódź,2011,9,started,1091.0,433.0,,12,True,False
17,1061000,Łódź,2011,10,started,1207.0,116.0,,12,True,False
17,1061000,Łódź,2011,11,started,1492.0,285.0,,12,True,False
17,1061000,Łódź,2011,12,started,1972.0,480.0,,12,True,False
17,1061000,Łódź,2012,1,started,14.0,14.0,,12,True,False
17,1061000,Łódź,2012,2,started,43.0,29.0,,12,True,False
17,1061000,Łódź,2012,3,started,310.0,267.0,,12,True,False
17,1061000,Łódź,2012,4,started,363.0,53.0,,12,True,False
17,1061000,Łódź,2012,5,started,488.0,125.0,,12,True,False
17,1061000,Łódź,2012,6,started,563.0,75.0,,12,True,False
17,1061000,Łódź,2012,7,started,600.0,37.0,,12,True,False
17,1061000,Łódź,2012,8,started,666.0,66.0,,12,True,False
17,1061000,Łódź,2012,9,started,696.0,30.0,,12,True,False
17,1061000,Łódź,2012,10,started,870.0,174.0,,12,True,False
17,1061000,Łódź,2012,11,started,908.0,38.0,,12,True,False
17,1061000,Łódź,2012,12,started,915.0,7.0,,12,True,False
17,1061000,Łódź,2013,1,started,257.0,257.0,,12,True,False
17,1061000,Łódź,2013,2,started,268.0,11.0,,12,True,False
17,1061000,Łódź,2013,3,started,428.0,160.0,,12,True,False
17,1061000,Łódź,2013,4,started,631.0,203.0,,12,True,False
17,1061000,Łódź,2013,5,started,695.0,64.0,,12,True,False
17,1061000,Łódź,2013,6,started,860.0,165.0,,12,True,False
17,1061000,Łódź,2013,7,started,889.0,29.0,,12,True,False
17,1061000,Łódź,2013,8,started,1139.0,250.0,,12,True,False
17,1061000,Łódź,2013,9,started,1252.0,113.0,,12,True,False
17,1061000,Łódź,2013,10,started,1565.0,313.0,,12,True,False
17,1061000,Łódź,2013,11,started,1618.0,53.0,,12,True,False
17,1061000,Łódź,2013,12,started,1631.0,13.0,,12,True,False
17,1061000,Łódź,2014,1,started,14.0,14.0,,12,True,False
17,1061000,Łódź,2014,2,started,123.0,109.0,,12,True,False
17,1061000,Łódź,2014,3,started,901.0,778.0,,12,True,False
17,1061000,Łódź,2014,4,started,1093.0,192.0,,12,True,False
17,1061000,Łódź,2014,5,started,1478.0,385.0,,12,True,False
17,1061000,Łódź,2014,6,started,1664.0,186.0,,12,True,False
17,1061000,Łódź,2014,7,started,1794.0,130.0,,12,True,False
17,1061000,Łódź,2014,8,started,1924.0,130.0,,12,True,False
17,1061000,Łódź,2014,9,started,2087.0,163.0,,12,True,False
17,1061000,Łódź,2014,10,started,2266.0,179.0,,12,True,False
17,1061000,Łódź,2014,11,started,2318.0,52.0,,12,True,False
17,1061000,Łódź,2014,12,started,2361.0,43.0,,12,True,False
17,1061000,Łódź,2015,1,started,383.0,383.0,,12,True,False
17,1061000,Łódź,2015,2,started,423.0,40.0,,12,True,False
17,1061000,Łódź,2015,3,started,920.0,497.0,,12,True,False
17,1061000,Łódź,2015,4,started,1059.0,139.0,,12,True,False
17,1061000,Łódź,2015,5,started,1190.0,131.0,,12,True,False
17,1061000,Łódź,2015,6,started,1264.0,74.0,,12,True,False
17,1061000,Łódź,2015,7,started,1295.0,31.0,,12,True,False
17,1061000,Łódź,2015,8,started,1466.0,171.0,,12,True,False
17,1061000,Łódź,2015,9,started,1762.0,296.0,,12,True,False
17,1061000,Łódź,2015,10,started,1910.0,148.0,,12,True,False
17,1061000,Łódź,2015,11,started,2214.0,304.0,,12,True,False
17,1061000,Łódź,2015,12,started,2717.0,503.0,,12,True,False
17,1061000,Łódź,2016,1,started,74.0,74.0,,12,True,False
17,1061000,Łódź,2016,2,started,304.0,230.0,,12,True,False
17,1061000,Łódź,2016,3,started,489.0,185.0,,12,True,False
17,1061000,Łódź,2016,4,started,677.0,188.0,,12,True,False
17,1061000,Łódź,2016,5,started,812.0,135.0,,12,True,False
17,1061000,Łódź,2016,6,started,1004.0,192.0,,12,True,False
17,1061000,Łódź,2016,7,started,1209.0,205.0,,12,True,False
17,1061000,Łódź,2016,8,started,1381.0,172.0,,12,True,False
17,1061000,Łódź,2016,9,started,1487.0,106.0,,12,True,False
17,1061000,Łódź,2016,10,started,1942.0,455.0,,12,True,False
17,1061000,Łódź,2016,11,started,2012.0,70.0,,12,True,False
17,1061000,Łódź,2016,12,started,2340.0,328.0,,12,True,False
17,1061000,Łódź,2017,1,started,699.0,699.0,,12,True,False
17,1061000,Łódź,2017,2,started,870.0,171.0,,12,True,False
17,1061000,Łódź,2017,3,started,1000.0,130.0,,12,True,False
17,1061000,Łódź,2017,4,started,1239.0,239.0,,12,True,False
17,1061000,Łódź,2017,5,started,1396.0,157.0,,12,True,False
17,1061000,Łódź,2017,6,started,1988.0,592.0,,12,True,False
17,1061000,Łódź,2017,7,started,2128.0,140.0,,12,True,False
17,1061000,Łódź,2017,8,started,2511.0,383.0,,12,True,False
17,1061000,Łódź,2017,9,started,2589.0,78.0,,12,True,False
17,1061000,Łódź,2017,10,started,2946.0,357.0,,12,True,False
17,1061000,Łódź,2017,11,started,3245.0,299.0,,12,True,False
17,1061000,Łódź,2017,12,started,3552.0,307.0,,12,True,False
17,1061000,Łódź,2018,1,started,48.0,48.0,,12,True,False
17,1061000,Łódź,2018,2,started,670.0,622.0,,12,True,False
17,1061000,Łódź,2018,3,started,1006.0,336.0,,12,True,False
17,1061000,Łódź,2018,4,started,1209.0,203.0,,12,True,False
17,1061000,Łódź,2018,5,started,1804.0,595.0,,12,True,False
17,1061000,Łódź,2018,6,started,2099.0,295.0,,12,True,False
17,1061000,Łódź,2018,7,started,2558.0,459.0,,12,True,False
17,1061000,Łódź,2018,8,started,2855.0,297.0,,12,True,False
17,1061000,Łódź,2018,9,started,2974.0,119.0,,12,True,False
17,1061000,Łódź,2018,10,started,3230.0,256.0,,12,True,False
17,1061000,Łódź,2018,11,started,3721.0,491.0,,12,True,False
17,1061000,Łódź,2018,12,started,3842.0,121.0,,12,True,False
17,1061000,Łódź,2019,1,started,593.0,593.0,,12,True,False
17,1061000,Łódź,2019,2,started,1222.0,629.0,,12,True,False
17,1061000,Łódź,2019,3,started,1786.0,564.0,,12,True,False
17,1061000,Łódź,2019,4,started,2298.0,512.0,,12,True,False
17,1061000,Łódź,2019,5,started,2780.0,482.0,,12,True,False
17,1061000,Łódź,2019,6,started,3497.0,717.0,,12,True,False
17,1061000,Łódź,2019,7,started,4008.0,511.0,,12,True,False
17,1061000,Łódź,2019,8,started,4293.0,285.0,,12,True,False
17,1061000,Łódź,2019,9,started,4965.0,672.0,,12,True,False
17,1061000,Łódź,2019,10,started,5233.0,268.0,,12,True,False
17,1061000,Łódź,2019,11,started,5301.0,68.0,,12,True,False
17,1061000,Łódź,2019,12,started,6708.0,1407.0,,12,True,False
17,1061000,Łódź,2020,1,started,57.0,57.0,,12,True,False
17,1061000,Łódź,2020,2,started,558.0,501.0,,12,True,False
17,1061000,Łódź,2020,3,started,1596.0,1038.0,,12,True,False
17,1061000,Łódź,2020,4,started,1796.0,200.0,,12,True,False
17,1061000,Łódź,2020,5,started,1862.0,66.0,,12,True,False
17,1061000,Łódź,2020,6,started,2019.0,157.0,,12,True,False
17,1061000,Łódź,2020,7,started,2158.0,139.0,,12,True,False
17,1061000,Łódź,2020,8,started,2498.0,340.0,,12,True,False
17,1061000,Łódź,2020,9,started,3051.0,553.0,,12,True,False
17,1061000,Łódź,2020,10,started,3360.0,309.0,,12,True,False
17,1061000,Łódź,2020,11,started,3981.0,621.0,,12,True,False
17,1061000,Łódź,2020,12,started,4037.0,56.0,,12,True,False
17,1061000,Łódź,2021,1,started,336.0,336.0,,12,True,False
17,1061000,Łódź,2021,2,started,579.0,243.0,,12,True,False
17,1061000,Łódź,2021,3,started,1485.0,906.0,,12,True,False
17,1061000,Łódź,2021,4,started,1953.0,468.0,,12,True,False
17,1061000,Łódź,2021,5,started,3235.0,1282.0,,12,True,False
17,1061000,Łódź,2021,6,started,3918.0,683.0,,12,True,False
17,1061000,Łódź,2021,7,started,4884.0,966.0,,12,True,False
17,1061000,Łódź,2021,8,started,5244.0,360.0,,12,True,False
17,1061000,Łódź,2021,9,started,6192.0,948.0,,12,True,False
17,1061000,Łódź,2021,10,started,6395.0,203.0,,12,True,False
17,1061000,Łódź,2021,11,started,6835.0,440.0,,12,True,False
17,1061000,Łódź,2021,12,started,7117.0,282.0,,12,True,False
17,1061000,Łódź,2022,1,started,338.0,338.0,,12,True,False
17,1061000,Łódź,2022,2,started,402.0,64.0,,12,True,False
17,1061000,Łódź,2022,3,started,906.0,504.0,,12,True,False
17,1061000,Łódź,2022,4,started,1084.0,178.0,,12,True,False
17,1061000,Łódź,2022,5,started,1291.0,207.0,,12,True,False
17,1061000,Łódź,2022,6,started,1883.0,592.0,,12,True,False
17,1061000,Łódź,2022,7,started,2387.0,504.0,,12,True,False
17,1061000,Łódź,2022,8,started,2418.0,31.0,,12,True,False
17,1061000,Łódź,2022,9,started,3118.0,700.0,,12,True,False
17,1061000,Łódź,2022,10,started,3434.0,316.0,,12,True,False
17,1061000,Łódź,2022,11,started,3549.0,115.0,,12,True,False
17,1061000,Łódź,2022,12,started,4003.0,454.0,,12,True,False
17,1061000,Łódź,2023,1,started,45.0,45.0,,12,True,False
17,1061000,Łódź,2023,2,started,665.0,620.0,,12,True,False
17,1061000,Łódź,2023,3,started,998.0,333.0,,12,True,False
17,1061000,Łódź,2023,4,started,1878.0,880.0,,12,True,False
17,1061000,Łódź,2023,5,started,2120.0,242.0,,12,True,False
17,1061000,Łódź,2023,6,started,2452.0,332.0,,12,True,False
17,1061000,Łódź,2023,7,started,2563.0,111.0,,12,True,False
17,1061000,Łódź,2023,8,started,2838.0,275.0,,12,True,False
17,1061000,Łódź,2023,9,started,3155.0,317.0,,12,True,False
17,1061000,Łódź,2023,10,started,3968.0,813.0,,12,True,False
17,1061000,Łódź,2023,11,started,4528.0,560.0,,12,True,False
17,1061000,Łódź,2023,12,started,5037.0,509.0,,12,True,False
17,1061000,Łódź,2024,1,started,1696.0,1696.0,,12,True,False
17,1061000,Łódź,2024,2,started,2425.0,729.0,,12,True,False
17,1061000,Łódź,2024,3,started,4267.0,1842.0,,12,True,False
17,1061000,Łódź,2024,4,started,5247.0,980.0,,12,True,False
17,1061000,Łódź,2024,5,started,5849.0,602.0,,12,True,False
17,1061000,Łódź,2024,6,started,6999.0,1150.0,,12,True,False
17,1061000,Łódź,2024,7,started,7215.0,216.0,,12,True,False
17,1061000,Łódź,2024,8,started,7935.0,720.0,,12,True,False
17,1061000,Łódź,2024,9,started,8159.0,224.0,,12,True,False
17,1061000,Łódź,2024,10,started,9615.0,1456.0,,12,True,False
17,1061000,Łódź,2024,11,started,9821.0,206.0,,12,True,False
17,1061000,Łódź,2024,12,started,10413.0,592.0,,12,True,False
17,1061000,Łódź,2025,1,started,1663.0,1663.0,,12,True,False
17,1061000,Łódź,2025,2,started,2266.0,603.0,,12,True,False
17,1061000,Łódź,2025,3,started,2892.0,626.0,,12,True,False
17,1061000,Łódź,2025,4,started,3407.0,515.0,,12,True,False
17,1061000,Łódź,2025,5,started,3696.0,289.0,,12,True,False
17,1061000,Łódź,2025,6,started,4366.0,670.0,,12,True,False
17,1061000,Łódź,2025,7,started,4846.0,480.0,,12,True,False
17,1061000,Łódź,2025,8,started,5265.0,419.0,,12,True,False
17,1061000,Łódź,2025,9,started,6210.0,945.0,,12,True,False
17,1061000,Łódź,2025,10,started,6903.0,693.0,,12,True,False
17,1061000,Łódź,2025,11,started,7036.0,133.0,,12,True,False
17,1061000,Łódź,2025,12,started,7520.0,484.0,,12,True,False
17,1061000,Łódź,2026,1,started,302.0,302.0,,6,False,False
17,1061000,Łódź,2026,2,started,719.0,417.0,,6,False,False
17,1061000,Łódź,2026,3,started,1418.0,699.0,,6,False,False
17,1061000,Łódź,2026,4,started,2082.0,664.0,,6,False,False
17,1061000,Łódź,2026,5,started,2454.0,372.0,,6,False,False
17,1061000,Łódź,2026,6,started,3182.0,728.0,,6,False,False
