city_id,teryt_code,city_name,nbp_period,nbp_year,nbp_quarter,nbp_period_order,market_type,price_type,price_pln_m2,methodology_break,methodology_note,source_geography,nbp_period_source
1,2061000,Białystok,2006Q3,2006,3,20063,primary,offer,2727.0,False,,Białystok,III 2006
1,2061000,Białystok,2006Q4,2006,4,20064,primary,offer,2727.0,False,,Białystok,IV 2006
1,2061000,Białystok,2007Q1,2007,1,20071,primary,offer,4181.0,False,,Białystok,I 2007
1,2061000,Białystok,2007Q2,2007,2,20072,primary,offer,4725.0,False,,Białystok,II 2007
1,2061000,Białystok,2007Q3,2007,3,20073,primary,offer,4199.0,False,,Białystok,III 2007
1,2061000,Białystok,2007Q4,2007,4,20074,primary,offer,4995.0,False,,Białystok,IV 2007
1,2061000,Białystok,2008Q1,2008,1,20081,primary,offer,5128.0,False,,Białystok,I 2008
1,2061000,Białystok,2008Q2,2008,2,20082,primary,offer,5651.0,False,,Białystok,II 2008
1,2061000,Białystok,2008Q3,2008,3,20083,primary,offer,5115.0,False,,Białystok,III 2008
1,2061000,Białystok,2008Q4,2008,4,20084,primary,offer,4725.0,False,,Białystok,IV 2008
1,2061000,Białystok,2009Q1,2009,1,20091,primary,offer,5510.0,False,,Białystok,I 2009
1,2061000,Białystok,2009Q2,2009,2,20092,primary,offer,4738.0,False,,Białystok,II 2009
1,2061000,Białystok,2009Q3,2009,3,20093,primary,offer,4925.0,False,,Białystok,III 2009
1,2061000,Białystok,2009Q4,2009,4,20094,primary,offer,4830.0,False,,Białystok,IV 2009
1,2061000,Białystok,2010Q1,2010,1,20101,primary,offer,4791.0,False,,Białystok,I 2010
1,2061000,Białystok,2010Q2,2010,2,20102,primary,offer,4640.0,False,,Białystok,II 2010
1,2061000,Białystok,2010Q3,2010,3,20103,primary,offer,4790.0,False,,Białystok,III 2010
1,2061000,Białystok,2010Q4,2010,4,20104,primary,offer,4778.0,False,,Białystok,IV 2010
1,2061000,Białystok,2011Q1,2011,1,20111,primary,offer,4830.0,False,,Białystok,I 2011
1,2061000,Białystok,2011Q2,2011,2,20112,primary,offer,4823.0,False,,Białystok,II 2011
1,2061000,Białystok,2011Q3,2011,3,20113,primary,offer,4828.0,False,,Białystok,III 2011
1,2061000,Białystok,2011Q4,2011,4,20114,primary,offer,4825.0,False,,Białystok,IV 2011
1,2061000,Białystok,2012Q1,2012,1,20121,primary,offer,4776.0,False,,Białystok,I 2012
1,2061000,Białystok,2012Q2,2012,2,20122,primary,offer,4731.0,False,,Białystok,II 2012
1,2061000,Białystok,2012Q3,2012,3,20123,primary,offer,5011.0,False,,Białystok,III 2012
1,2061000,Białystok,2012Q4,2012,4,20124,primary,offer,4951.0,False,,Białystok,IV 2012
1,2061000,Białystok,2013Q1,2013,1,20131,primary,offer,4965.0,False,,Białystok,I 2013
1,2061000,Białystok,2013Q2,2013,2,20132,primary,offer,4936.0,False,,Białystok,II 2013
1,2061000,Białystok,2013Q3,2013,3,20133,primary,offer,4949.0,False,,Białystok,III 2013
1,2061000,Białystok,2013Q4,2013,4,20134,primary,offer,4938.0,False,,Białystok,IV 2013
1,2061000,Białystok,2014Q1,2014,1,20141,primary,offer,4856.0,False,,Białystok,I 2014
1,2061000,Białystok,2014Q2,2014,2,20142,primary,offer,4840.0,False,,Białystok,II 2014
1,2061000,Białystok,2014Q3,2014,3,20143,primary,offer,4885.0,False,,Białystok,III 2014
1,2061000,Białystok,2014Q4,2014,4,20144,primary,offer,4909.0,False,,Białystok,IV 2014
1,2061000,Białystok,2015Q1,2015,1,20151,primary,offer,4881.0,False,,Białystok,I 2015
1,2061000,Białystok,2015Q2,2015,2,20152,primary,offer,4838.0,False,,Białystok,II 2015
1,2061000,Białystok,2015Q3,2015,3,20153,primary,offer,4790.0,False,,Białystok,III 2015
1,2061000,Białystok,2015Q4,2015,4,20154,primary,offer,4886.0,False,,Białystok,IV 2015
1,2061000,Białystok,2016Q1,2016,1,20161,primary,offer,4850.0,False,,Białystok,I 2016
1,2061000,Białystok,2016Q2,2016,2,20162,primary,offer,4832.0,False,,Białystok,II 2016
1,2061000,Białystok,2016Q3,2016,3,20163,primary,offer,4684.0,False,,Białystok,III 2016
1,2061000,Białystok,2016Q4,2016,4,20164,primary,offer,4707.0,False,,Białystok,IV 2016
1,2061000,Białystok,2017Q1,2017,1,20171,primary,offer,4844.0,False,,Białystok,I 2017
1,2061000,Białystok,2017Q2,2017,2,20172,primary,offer,4874.0,False,,Białystok,II 2017
1,2061000,Białystok,2017Q3,2017,3,20173,primary,offer,5096.0,False,,Białystok,III 2017
1,2061000,Białystok,2017Q4,2017,4,20174,primary,offer,5066.0,False,,Białystok,IV 2017
1,2061000,Białystok,2018Q1,2018,1,20181,primary,offer,5095.0,False,,Białystok,I 2018
1,2061000,Białystok,2018Q2,2018,2,20182,primary,offer,5236.0,False,,Białystok,II 2018
1,2061000,Białystok,2018Q3,2018,3,20183,primary,offer,5401.0,False,,Białystok,III 2018
1,2061000,Białystok,2018Q4,2018,4,20184,primary,offer,5569.0,False,,Białystok,IV 2018
1,2061000,Białystok,2019Q1,2019,1,20191,primary,offer,5640.0,False,,Białystok,I 2019
1,2061000,Białystok,2019Q2,2019,2,20192,primary,offer,5753.0,False,,Białystok,II 2019
1,2061000,Białystok,2019Q3,2019,3,20193,primary,offer,5916.260790900237,False,,Białystok,III 2019
1,2061000,Białystok,2019Q4,2019,4,20194,primary,offer,5961.062567148038,False,,Białystok,IV 2019
1,2061000,Białystok,2020Q1,2020,1,20201,primary,offer,6219.540372008448,False,,Białystok,I 2020
1,2061000,Białystok,2020Q2,2020,2,20202,primary,offer,6166.395080085407,False,,Białystok,II 2020
1,2061000,Białystok,2020Q3,2020,3,20203,primary,offer,6229.196511354569,False,,Białystok,III 2020
1,2061000,Białystok,2020Q4,2020,4,20204,primary,offer,6238.454931998984,False,,Białystok,IV 2020
1,2061000,Białystok,2021Q1,2021,1,20211,primary,offer,6509.418692435176,False,,Białystok,I 2021
1,2061000,Białystok,2021Q2,2021,2,20212,primary,offer,6814.560574602564,False,,Białystok,II 2021
1,2061000,Białystok,2021Q3,2021,3,20213,primary,offer,7621.430904858043,False,,Białystok,III 2021
1,2061000,Białystok,2021Q4,2021,4,20214,primary,offer,8154.6679641710125,False,,Białystok,IV 2021
1,2061000,Białystok,2022Q1,2022,1,20221,primary,offer,8317.783906975124,False,,Białystok,I 2022
1,2061000,Białystok,2022Q2,2022,2,20222,primary,offer,8610.804226853288,False,,Białystok,II 2022
1,2061000,Białystok,2022Q3,2022,3,20223,primary,offer,8722.576820249087,False,,Białystok,III 2022
1,2061000,Białystok,2022Q4,2022,4,20224,primary,offer,8714.306751268556,False,,Białystok,IV 2022
1,2061000,Białystok,2023Q1,2023,1,20231,primary,offer,8777.528930861366,False,,Białystok,I 2023
1,2061000,Białystok,2023Q2,2023,2,20232,primary,offer,8892.57600291159,False,,Białystok,II 2023
1,2061000,Białystok,2023Q3,2023,3,20233,primary,offer,9570.950993134227,False,,Białystok,III 2023
1,2061000,Białystok,2023Q4,2023,4,20234,primary,offer,9845.78202869486,False,,Białystok,IV 2023
1,2061000,Białystok,2024Q1,2024,1,20241,primary,offer,9941.00137851869,False,,Białystok,I 2024
1,2061000,Białystok,2024Q2,2024,2,20242,primary,offer,10628.0927656931,False,,Białystok,II 2024
1,2061000,Białystok,2024Q3,2024,3,20243,primary,offer,10786.8499414939,False,,Białystok,III 2024
1,2061000,Białystok,2024Q4,2024,4,20244,primary,offer,11020.5328789986,False,,Białystok,IV 2024
1,2061000,Białystok,2025Q1,2025,1,20251,primary,offer,11023.1590301491,False,,Białystok,I 2025
1,2061000,Białystok,2025Q2,2025,2,20252,primary,offer,11779.2045303347,False,,Białystok,II 2025
1,2061000,Białystok,2025Q3,2025,3,20253,primary,offer,11930.7352869811,False,,Białystok,III 2025
1,2061000,Białystok,2025Q4,2025,4,20254,primary,offer,12260.1959948483,False,,Białystok,IV 2025
1,2061000,Białystok,2026Q1,2026,1,20261,primary,offer,12178.8539976136,False,,Białystok,I 2026
1,2061000,Białystok,2026Q2,2026,2,20262,primary,offer,12006.096559473,False,,Białystok,II 2026
2,0461000,Bydgoszcz,2006Q3,2006,3,20063,primary,offer,3243.0,False,,Bydgoszcz,III 2006
2,0461000,Bydgoszcz,2006Q4,2006,4,20064,primary,offer,3947.0,False,,Bydgoszcz,IV 2006
2,0461000,Bydgoszcz,2007Q1,2007,1,20071,primary,offer,4501.0,False,,Bydgoszcz,I 2007
2,0461000,Bydgoszcz,2007Q2,2007,2,20072,primary,offer,5700.0,False,,Bydgoszcz,II 2007
2,0461000,Bydgoszcz,2007Q3,2007,3,20073,primary,offer,4994.0,False,,Bydgoszcz,III 2007
2,0461000,Bydgoszcz,2007Q4,2007,4,20074,primary,offer,4829.0,False,,Bydgoszcz,IV 2007
2,0461000,Bydgoszcz,2008Q1,2008,1,20081,primary,offer,4893.0,False,,Bydgoszcz,I 2008
2,0461000,Bydgoszcz,2008Q2,2008,2,20082,primary,offer,5035.0,False,,Bydgoszcz,II 2008
2,0461000,Bydgoszcz,2008Q3,2008,3,20083,primary,offer,4959.0,False,,Bydgoszcz,III 2008
2,0461000,Bydgoszcz,2008Q4,2008,4,20084,primary,offer,4989.0,False,,Bydgoszcz,IV 2008
2,0461000,Bydgoszcz,2009Q1,2009,1,20091,primary,offer,4940.0,False,,Bydgoszcz,I 2009
2,0461000,Bydgoszcz,2009Q2,2009,2,20092,primary,offer,4897.0,False,,Bydgoszcz,II 2009
2,0461000,Bydgoszcz,2009Q3,2009,3,20093,primary,offer,4920.0,False,,Bydgoszcz,III 2009
2,0461000,Bydgoszcz,2009Q4,2009,4,20094,primary,offer,4939.0,False,,Bydgoszcz,IV 2009
2,0461000,Bydgoszcz,2010Q1,2010,1,20101,primary,offer,5080.0,False,,Bydgoszcz,I 2010
2,0461000,Bydgoszcz,2010Q2,2010,2,20102,primary,offer,5026.0,False,,Bydgoszcz,II 2010
2,0461000,Bydgoszcz,2010Q3,2010,3,20103,primary,offer,5036.0,False,,Bydgoszcz,III 2010
2,0461000,Bydgoszcz,2010Q4,2010,4,20104,primary,offer,4733.0,False,,Bydgoszcz,IV 2010
2,0461000,Bydgoszcz,2011Q1,2011,1,20111,primary,offer,4764.0,False,,Bydgoszcz,I 2011
2,0461000,Bydgoszcz,2011Q2,2011,2,20112,primary,offer,4849.0,False,,Bydgoszcz,II 2011
2,0461000,Bydgoszcz,2011Q3,2011,3,20113,primary,offer,4841.0,False,,Bydgoszcz,III 2011
2,0461000,Bydgoszcz,2011Q4,2011,4,20114,primary,offer,4880.0,False,,Bydgoszcz,IV 2011
2,0461000,Bydgoszcz,2012Q1,2012,1,20121,primary,offer,4846.0,False,,Bydgoszcz,I 2012
2,0461000,Bydgoszcz,2012Q2,2012,2,20122,primary,offer,4851.0,False,,Bydgoszcz,II 2012
2,0461000,Bydgoszcz,2012Q3,2012,3,20123,primary,offer,4859.0,False,,Bydgoszcz,III 2012
2,0461000,Bydgoszcz,2012Q4,2012,4,20124,primary,offer,4787.0,False,,Bydgoszcz,IV 2012
2,0461000,Bydgoszcz,2013Q1,2013,1,20131,primary,offer,4934.0,False,,Bydgoszcz,I 2013
2,0461000,Bydgoszcz,2013Q2,2013,2,20132,primary,offer,5131.0,False,,Bydgoszcz,II 2013
2,0461000,Bydgoszcz,2013Q3,2013,3,20133,primary,offer,5185.0,False,,Bydgoszcz,III 2013
2,0461000,Bydgoszcz,2013Q4,2013,4,20134,primary,offer,5279.0,False,,Bydgoszcz,IV 2013
2,0461000,Bydgoszcz,2014Q1,2014,1,20141,primary,offer,5040.0,False,,Bydgoszcz,I 2014
2,0461000,Bydgoszcz,2014Q2,2014,2,20142,primary,offer,4951.0,False,,Bydgoszcz,II 2014
2,0461000,Bydgoszcz,2014Q3,2014,3,20143,primary,offer,5100.0,False,,Bydgoszcz,III 2014
2,0461000,Bydgoszcz,2014Q4,2014,4,20144,primary,offer,5149.0,False,,Bydgoszcz,IV 2014
2,0461000,Bydgoszcz,2015Q1,2015,1,20151,primary,offer,5200.0,False,,Bydgoszcz,I 2015
2,0461000,Bydgoszcz,2015Q2,2015,2,20152,primary,offer,5092.0,False,,Bydgoszcz,II 2015
2,0461000,Bydgoszcz,2015Q3,2015,3,20153,primary,offer,5121.0,False,,Bydgoszcz,III 2015
2,0461000,Bydgoszcz,2015Q4,2015,4,20154,primary,offer,5088.0,False,,Bydgoszcz,IV 2015
2,0461000,Bydgoszcz,2016Q1,2016,1,20161,primary,offer,5148.0,False,,Bydgoszcz,I 2016
2,0461000,Bydgoszcz,2016Q2,2016,2,20162,primary,offer,5153.0,False,,Bydgoszcz,II 2016
2,0461000,Bydgoszcz,2016Q3,2016,3,20163,primary,offer,5246.0,False,,Bydgoszcz,III 2016
2,0461000,Bydgoszcz,2016Q4,2016,4,20164,primary,offer,5250.0,False,,Bydgoszcz,IV 2016
2,0461000,Bydgoszcz,2017Q1,2017,1,20171,primary,offer,5289.0,False,,Bydgoszcz,I 2017
2,0461000,Bydgoszcz,2017Q2,2017,2,20172,primary,offer,5397.0,False,,Bydgoszcz,II 2017
2,0461000,Bydgoszcz,2017Q3,2017,3,20173,primary,offer,6028.0,False,,Bydgoszcz,III 2017
2,0461000,Bydgoszcz,2017Q4,2017,4,20174,primary,offer,6041.0,False,,Bydgoszcz,IV 2017
2,0461000,Bydgoszcz,2018Q1,2018,1,20181,primary,offer,6196.0,False,,Bydgoszcz,I 2018
2,0461000,Bydgoszcz,2018Q2,2018,2,20182,primary,offer,6123.0,False,,Bydgoszcz,II 2018
2,0461000,Bydgoszcz,2018Q3,2018,3,20183,primary,offer,6227.0,False,,Bydgoszcz,III 2018
2,0461000,Bydgoszcz,2018Q4,2018,4,20184,primary,offer,6427.0,False,,Bydgoszcz,IV 2018
2,0461000,Bydgoszcz,2019Q1,2019,1,20191,primary,offer,6309.0,False,,Bydgoszcz,I 2019
2,0461000,Bydgoszcz,2019Q2,2019,2,20192,primary,offer,6340.0,False,,Bydgoszcz,II 2019
2,0461000,Bydgoszcz,2019Q3,2019,3,20193,primary,offer,6415.0,False,,Bydgoszcz,III 2019
2,0461000,Bydgoszcz,2019Q4,2019,4,20194,primary,offer,6512.0,False,,Bydgoszcz,IV 2019
2,0461000,Bydgoszcz,2020Q1,2020,1,20201,primary,offer,6592.0,False,,Bydgoszcz,I 2020
2,0461000,Bydgoszcz,2020Q2,2020,2,20202,primary,offer,7093.0,False,,Bydgoszcz,II 2020
2,0461000,Bydgoszcz,2020Q3,2020,3,20203,primary,offer,7125.0,False,,Bydgoszcz,III 2020
2,0461000,Bydgoszcz,2020Q4,2020,4,20204,primary,offer,7227.19962371757,False,,Bydgoszcz,IV 2020
2,0461000,Bydgoszcz,2021Q1,2021,1,20211,primary,offer,7271.7214204549655,False,,Bydgoszcz,I 2021
2,0461000,Bydgoszcz,2021Q2,2021,2,20212,primary,offer,7405.48940878373,False,,Bydgoszcz,II 2021
2,0461000,Bydgoszcz,2021Q3,2021,3,20213,primary,offer,7567.2298511893,False,,Bydgoszcz,III 2021
2,0461000,Bydgoszcz,2021Q4,2021,4,20214,primary,offer,8102.67221266769,False,,Bydgoszcz,IV 2021
2,0461000,Bydgoszcz,2022Q1,2022,1,20221,primary,offer,8308.99055594002,False,,Bydgoszcz,I 2022
2,0461000,Bydgoszcz,2022Q2,2022,2,20222,primary,offer,8874.54632984678,False,,Bydgoszcz,II 2022
2,0461000,Bydgoszcz,2022Q3,2022,3,20223,primary,offer,8857.12361173128,False,,Bydgoszcz,III 2022
2,0461000,Bydgoszcz,2022Q4,2022,4,20224,primary,offer,9009.78288409362,False,,Bydgoszcz,IV 2022
2,0461000,Bydgoszcz,2023Q1,2023,1,20231,primary,offer,9124.95796401565,False,,Bydgoszcz,I 2023
2,0461000,Bydgoszcz,2023Q2,2023,2,20232,primary,offer,9405.06138274379,False,,Bydgoszcz,II 2023
2,0461000,Bydgoszcz,2023Q3,2023,3,20233,primary,offer,9634.02238643643,False,,Bydgoszcz,III 2023
2,0461000,Bydgoszcz,2023Q4,2023,4,20234,primary,offer,9701.15649849299,False,,Bydgoszcz,IV 2023
2,0461000,Bydgoszcz,2024Q1,2024,1,20241,primary,offer,9941.259329452236,False,,Bydgoszcz,I 2024
2,0461000,Bydgoszcz,2024Q2,2024,2,20242,primary,offer,10016.4742845641,False,,Bydgoszcz,II 2024
2,0461000,Bydgoszcz,2024Q3,2024,3,20243,primary,offer,10285.6895797761,False,,Bydgoszcz,III 2024
2,0461000,Bydgoszcz,2024Q4,2024,4,20244,primary,offer,10608.5144753748,False,,Bydgoszcz,IV 2024
2,0461000,Bydgoszcz,2025Q1,2025,1,20251,primary,offer,10586.7646752789,False,,Bydgoszcz,I 2025
2,0461000,Bydgoszcz,2025Q2,2025,2,20252,primary,offer,10857.8858506623,False,,Bydgoszcz,II 2025
2,0461000,Bydgoszcz,2025Q3,2025,3,20253,primary,offer,10901.2129654771,False,,Bydgoszcz,III 2025
2,0461000,Bydgoszcz,2025Q4,2025,4,20254,primary,offer,11639.64930590615,False,,Bydgoszcz,IV 2025
2,0461000,Bydgoszcz,2026Q1,2026,1,20261,primary,offer,11599.8198733013,False,,Bydgoszcz,I 2026
2,0461000,Bydgoszcz,2026Q2,2026,2,20262,primary,offer,11679.915016591409,False,,Bydgoszcz,II 2026
3,2261000,Gdańsk,2006Q3,2006,3,20063,primary,offer,5004.0,False,,Gdańsk,III 2006
3,2261000,Gdańsk,2006Q4,2006,4,20064,primary,offer,6199.0,False,,Gdańsk,IV 2006
3,2261000,Gdańsk,2007Q1,2007,1,20071,primary,offer,6437.0,False,,Gdańsk,I 2007
3,2261000,Gdańsk,2007Q2,2007,2,20072,primary,offer,7999.0,False,,Gdańsk,II 2007
3,2261000,Gdańsk,2007Q3,2007,3,20073,primary,offer,8053.0,False,,Gdańsk,III 2007
3,2261000,Gdańsk,2007Q4,2007,4,20074,primary,offer,7402.0,False,,Gdańsk,IV 2007
3,2261000,Gdańsk,2008Q1,2008,1,20081,primary,offer,7210.0,False,,Gdańsk,I 2008
3,2261000,Gdańsk,2008Q2,2008,2,20082,primary,offer,8509.0,False,,Gdańsk,II 2008
3,2261000,Gdańsk,2008Q3,2008,3,20083,primary,offer,8454.0,False,,Gdańsk,III 2008
3,2261000,Gdańsk,2008Q4,2008,4,20084,primary,offer,6609.0,False,,Gdańsk,IV 2008
3,2261000,Gdańsk,2009Q1,2009,1,20091,primary,offer,6800.0,False,,Gdańsk,I 2009
3,2261000,Gdańsk,2009Q2,2009,2,20092,primary,offer,6875.0,False,,Gdańsk,II 2009
3,2261000,Gdańsk,2009Q3,2009,3,20093,primary,offer,6096.0,False,,Gdańsk,III 2009
3,2261000,Gdańsk,2009Q4,2009,4,20094,primary,offer,6179.0,False,,Gdańsk,IV 2009
3,2261000,Gdańsk,2010Q1,2010,1,20101,primary,offer,6077.708581007804,False,,Gdańsk,I 2010
3,2261000,Gdańsk,2010Q2,2010,2,20102,primary,offer,5730.007635911096,False,,Gdańsk,II 2010
3,2261000,Gdańsk,2010Q3,2010,3,20103,primary,offer,5456.091177532825,False,,Gdańsk,III 2010
3,2261000,Gdańsk,2010Q4,2010,4,20104,primary,offer,5577.0,False,,Gdańsk,IV 2010
3,2261000,Gdańsk,2011Q1,2011,1,20111,primary,offer,5732.0,False,,Gdańsk,I 2011
3,2261000,Gdańsk,2011Q2,2011,2,20112,primary,offer,5630.0,False,,Gdańsk,II 2011
3,2261000,Gdańsk,2011Q3,2011,3,20113,primary,offer,5804.0,False,,Gdańsk,III 2011
3,2261000,Gdańsk,2011Q4,2011,4,20114,primary,offer,5910.0,False,,Gdańsk,IV 2011
3,2261000,Gdańsk,2012Q1,2012,1,20121,primary,offer,6248.0,False,,Gdańsk,I 2012
3,2261000,Gdańsk,2012Q2,2012,2,20122,primary,offer,6357.566713139826,False,,Gdańsk,II 2012
3,2261000,Gdańsk,2012Q3,2012,3,20123,primary,offer,6475.0,False,,Gdańsk,III 2012
3,2261000,Gdańsk,2012Q4,2012,4,20124,primary,offer,6513.995835347796,False,,Gdańsk,IV 2012
3,2261000,Gdańsk,2013Q1,2013,1,20131,primary,offer,6452.584084365295,False,,Gdańsk,I 2013
3,2261000,Gdańsk,2013Q2,2013,2,20132,primary,offer,6403.0,False,,Gdańsk,II 2013
3,2261000,Gdańsk,2013Q3,2013,3,20133,primary,offer,6397.896551761513,False,,Gdańsk,III 2013
3,2261000,Gdańsk,2013Q4,2013,4,20134,primary,offer,6568.0,False,,Gdańsk,IV 2013
3,2261000,Gdańsk,2014Q1,2014,1,20141,primary,offer,6090.446853361197,False,,Gdańsk,I 2014
3,2261000,Gdańsk,2014Q2,2014,2,20142,primary,offer,6232.0,False,,Gdańsk,II 2014
3,2261000,Gdańsk,2014Q3,2014,3,20143,primary,offer,6074.0,False,,Gdańsk,III 2014
3,2261000,Gdańsk,2014Q4,2014,4,20144,primary,offer,6289.228882846356,False,,Gdańsk,IV 2014
3,2261000,Gdańsk,2015Q1,2015,1,20151,primary,offer,6492.288428129669,False,,Gdańsk,I 2015
3,2261000,Gdańsk,2015Q2,2015,2,20152,primary,offer,6671.324659290638,False,,Gdańsk,II 2015
3,2261000,Gdańsk,2015Q3,2015,3,20153,primary,offer,6416.41448193605,False,,Gdańsk,III 2015
3,2261000,Gdańsk,2015Q4,2015,4,20154,primary,offer,6487.950390548651,False,,Gdańsk,IV 2015
3,2261000,Gdańsk,2016Q1,2016,1,20161,primary,offer,6635.995493790266,False,,Gdańsk,I 2016
3,2261000,Gdańsk,2016Q2,2016,2,20162,primary,offer,6581.282975833361,False,,Gdańsk,II 2016
3,2261000,Gdańsk,2016Q3,2016,3,20163,primary,offer,6535.657037473796,False,,Gdańsk,III 2016
3,2261000,Gdańsk,2016Q4,2016,4,20164,primary,offer,6549.534791347212,False,,Gdańsk,IV 2016
3,2261000,Gdańsk,2017Q1,2017,1,20171,primary,offer,6461.539186905519,False,,Gdańsk,I 2017
3,2261000,Gdańsk,2017Q2,2017,2,20172,primary,offer,6775.257953888942,False,,Gdańsk,II 2017
3,2261000,Gdańsk,2017Q3,2017,3,20173,primary,offer,7329.195790482667,False,,Gdańsk,III 2017
3,2261000,Gdańsk,2017Q4,2017,4,20174,primary,offer,7370.844582689377,False,,Gdańsk,IV 2017
3,2261000,Gdańsk,2018Q1,2018,1,20181,primary,offer,8053.928994000547,False,,Gdańsk,I 2018
3,2261000,Gdańsk,2018Q2,2018,2,20182,primary,offer,8421.690001801358,False,,Gdańsk,II 2018
3,2261000,Gdańsk,2018Q3,2018,3,20183,primary,offer,8293.091903961813,False,,Gdańsk,III 2018
3,2261000,Gdańsk,2018Q4,2018,4,20184,primary,offer,8603.402564395901,False,,Gdańsk,IV 2018
3,2261000,Gdańsk,2019Q1,2019,1,20191,primary,offer,8267.423061312596,False,,Gdańsk,I 2019
3,2261000,Gdańsk,2019Q2,2019,2,20192,primary,offer,9032.708277431371,False,,Gdańsk,II 2019
3,2261000,Gdańsk,2019Q3,2019,3,20193,primary,offer,9474.023816734387,False,,Gdańsk,III 2019
3,2261000,Gdańsk,2019Q4,2019,4,20194,primary,offer,9806.05298020242,False,,Gdańsk,IV 2019
3,2261000,Gdańsk,2020Q1,2020,1,20201,primary,offer,9904.150708054496,False,,Gdańsk,I 2020
3,2261000,Gdańsk,2020Q2,2020,2,20202,primary,offer,9780.905571859792,False,,Gdańsk,II 2020
3,2261000,Gdańsk,2020Q3,2020,3,20203,primary,offer,9620.978064029137,False,,Gdańsk,III 2020
3,2261000,Gdańsk,2020Q4,2020,4,20204,primary,offer,9690.680485974435,False,,Gdańsk,IV 2020
3,2261000,Gdańsk,2021Q1,2021,1,20211,primary,offer,10070.184102790361,False,,Gdańsk,I 2021
3,2261000,Gdańsk,2021Q2,2021,2,20212,primary,offer,9716.26603934578,False,,Gdańsk,II 2021
3,2261000,Gdańsk,2021Q3,2021,3,20213,primary,offer,10309.71658100315,False,,Gdańsk,III 2021
3,2261000,Gdańsk,2021Q4,2021,4,20214,primary,offer,11185.360925360786,False,,Gdańsk,IV 2021
3,2261000,Gdańsk,2022Q1,2022,1,20221,primary,offer,11356.052868443194,False,,Gdańsk,I 2022
3,2261000,Gdańsk,2022Q2,2022,2,20222,primary,offer,11632.49792479902,False,,Gdańsk,II 2022
3,2261000,Gdańsk,2022Q3,2022,3,20223,primary,offer,11619.434981532744,False,,Gdańsk,III 2022
3,2261000,Gdańsk,2022Q4,2022,4,20224,primary,offer,11642.896017323154,False,,Gdańsk,IV 2022
3,2261000,Gdańsk,2023Q1,2023,1,20231,primary,offer,11808.458457485343,False,,Gdańsk,I 2023
3,2261000,Gdańsk,2023Q2,2023,2,20232,primary,offer,11793.475606774195,False,,Gdańsk,II 2023
3,2261000,Gdańsk,2023Q3,2023,3,20233,primary,offer,12232.81380708881,False,,Gdańsk,III 2023
3,2261000,Gdańsk,2023Q4,2023,4,20234,primary,offer,13062.921047923648,False,,Gdańsk,IV 2023
3,2261000,Gdańsk,2024Q1,2024,1,20241,primary,offer,14019.366904758523,False,,Gdańsk,I 2024
3,2261000,Gdańsk,2024Q2,2024,2,20242,primary,offer,14246.5016656348,False,,Gdańsk,II 2024
3,2261000,Gdańsk,2024Q3,2024,3,20243,primary,offer,14353.385995022796,False,,Gdańsk,III 2024
3,2261000,Gdańsk,2024Q4,2024,4,20244,primary,offer,14055.214865059641,False,,Gdańsk,IV 2024
3,2261000,Gdańsk,2025Q1,2025,1,20251,primary,offer,15275.80574864355,False,,Gdańsk,I 2025
3,2261000,Gdańsk,2025Q2,2025,2,20252,primary,offer,15884.957304234133,False,,Gdańsk,II 2025
3,2261000,Gdańsk,2025Q3,2025,3,20253,primary,offer,16180.16833154081,False,,Gdańsk,III 2025
3,2261000,Gdańsk,2025Q4,2025,4,20254,primary,offer,16083.611256027383,False,,Gdańsk,IV 2025
3,2261000,Gdańsk,2026Q1,2026,1,20261,primary,offer,16431.4611781543,False,,Gdańsk,I 2026
3,2261000,Gdańsk,2026Q2,2026,2,20262,primary,offer,17116.312732002636,False,,Gdańsk,II 2026
4,2262000,Gdynia,2006Q3,2006,3,20063,primary,offer,4937.0,False,,Gdynia*,III 2006
4,2262000,Gdynia,2006Q4,2006,4,20064,primary,offer,5284.0,False,,Gdynia*,IV 2006
4,2262000,Gdynia,2007Q1,2007,1,20071,primary,offer,6466.0,False,,Gdynia*,I 2007
4,2262000,Gdynia,2007Q2,2007,2,20072,primary,offer,8934.0,False,,Gdynia*,II 2007
4,2262000,Gdynia,2007Q3,2007,3,20073,primary,offer,8114.0,False,,Gdynia*,III 2007
4,2262000,Gdynia,2007Q4,2007,4,20074,primary,offer,7887.0,False,,Gdynia*,IV 2007
4,2262000,Gdynia,2008Q1,2008,1,20081,primary,offer,7737.0,False,,Gdynia*,I 2008
4,2262000,Gdynia,2008Q2,2008,2,20082,primary,offer,7897.0,False,,Gdynia*,II 2008
4,2262000,Gdynia,2008Q3,2008,3,20083,primary,offer,7169.0,False,,Gdynia*,III 2008
4,2262000,Gdynia,2008Q4,2008,4,20084,primary,offer,6342.0,False,,Gdynia*,IV 2008
4,2262000,Gdynia,2009Q1,2009,1,20091,primary,offer,6290.0,False,,Gdynia*,I 2009
4,2262000,Gdynia,2009Q2,2009,2,20092,primary,offer,6084.0,False,,Gdynia*,II 2009
4,2262000,Gdynia,2009Q3,2009,3,20093,primary,offer,6294.0,False,,Gdynia*,III 2009
4,2262000,Gdynia,2009Q4,2009,4,20094,primary,offer,6134.0,False,,Gdynia*,IV 2009
4,2262000,Gdynia,2010Q1,2010,1,20101,primary,offer,6128.0,False,,Gdynia*,I 2010
4,2262000,Gdynia,2010Q2,2010,2,20102,primary,offer,5693.0,False,,Gdynia*,II 2010
4,2262000,Gdynia,2010Q3,2010,3,20103,primary,offer,6030.0,False,,Gdynia*,III 2010
4,2262000,Gdynia,2010Q4,2010,4,20104,primary,offer,6327.0,False,,Gdynia*,IV 2010
4,2262000,Gdynia,2011Q1,2011,1,20111,primary,offer,6344.0,False,,Gdynia*,I 2011
4,2262000,Gdynia,2011Q2,2011,2,20112,primary,offer,6541.0,False,,Gdynia*,II 2011
4,2262000,Gdynia,2011Q3,2011,3,20113,primary,offer,6344.0,False,,Gdynia*,III 2011
4,2262000,Gdynia,2011Q4,2011,4,20114,primary,offer,6441.292637858976,False,,Gdynia*,IV 2011
4,2262000,Gdynia,2012Q1,2012,1,20121,primary,offer,6879.0,False,,Gdynia*,I 2012
4,2262000,Gdynia,2012Q2,2012,2,20122,primary,offer,6119.040244704159,False,,Gdynia*,II 2012
4,2262000,Gdynia,2012Q3,2012,3,20123,primary,offer,6278.626590609534,False,,Gdynia*,III 2012
4,2262000,Gdynia,2012Q4,2012,4,20124,primary,offer,6186.072691572366,False,,Gdynia*,IV 2012
4,2262000,Gdynia,2013Q1,2013,1,20131,primary,offer,6063.427934532366,False,,Gdynia*,I 2013
4,2262000,Gdynia,2013Q2,2013,2,20132,primary,offer,6582.399348962638,False,,Gdynia*,II 2013
4,2262000,Gdynia,2013Q3,2013,3,20133,primary,offer,6824.496014448865,False,,Gdynia*,III 2013
4,2262000,Gdynia,2013Q4,2013,4,20134,primary,offer,6313.644506806712,False,,Gdynia*,IV 2013
4,2262000,Gdynia,2014Q1,2014,1,20141,primary,offer,6943.8099366317,False,,Gdynia*,I 2014
4,2262000,Gdynia,2014Q2,2014,2,20142,primary,offer,6341.230548809175,False,,Gdynia*,II 2014
4,2262000,Gdynia,2014Q3,2014,3,20143,primary,offer,6328.332146962931,False,,Gdynia*,III 2014
4,2262000,Gdynia,2014Q4,2014,4,20144,primary,offer,6004.7438658238025,False,,Gdynia*,IV 2014
4,2262000,Gdynia,2015Q1,2015,1,20151,primary,offer,6201.398812597928,False,,Gdynia*,I 2015
4,2262000,Gdynia,2015Q2,2015,2,20152,primary,offer,6356.791627774055,False,,Gdynia*,II 2015
4,2262000,Gdynia,2015Q3,2015,3,20153,primary,offer,6583.925766598997,False,,Gdynia*,III 2015
4,2262000,Gdynia,2015Q4,2015,4,20154,primary,offer,6264.550361225706,False,,Gdynia*,IV 2015
4,2262000,Gdynia,2016Q1,2016,1,20161,primary,offer,6505.886577253404,False,,Gdynia*,I 2016
4,2262000,Gdynia,2016Q2,2016,2,20162,primary,offer,6963.510238131336,False,,Gdynia*,II 2016
4,2262000,Gdynia,2016Q3,2016,3,20163,primary,offer,6948.962430566322,False,,Gdynia*,III 2016
4,2262000,Gdynia,2016Q4,2016,4,20164,primary,offer,6841.7085238607915,False,,Gdynia*,IV 2016
4,2262000,Gdynia,2017Q1,2017,1,20171,primary,offer,6869.847208720336,False,,Gdynia*,I 2017
4,2262000,Gdynia,2017Q2,2017,2,20172,primary,offer,6785.406900761093,False,,Gdynia*,II 2017
4,2262000,Gdynia,2017Q3,2017,3,20173,primary,offer,7258.8210228169655,False,,Gdynia*,III 2017
4,2262000,Gdynia,2017Q4,2017,4,20174,primary,offer,7954.689088514747,False,,Gdynia*,IV 2017
4,2262000,Gdynia,2018Q1,2018,1,20181,primary,offer,7855.476059480719,False,,Gdynia*,I 2018
4,2262000,Gdynia,2018Q2,2018,2,20182,primary,offer,7911.930384676428,False,,Gdynia*,II 2018
4,2262000,Gdynia,2018Q3,2018,3,20183,primary,offer,7640.721381840102,False,,Gdynia*,III 2018
4,2262000,Gdynia,2018Q4,2018,4,20184,primary,offer,9341.839716713706,False,,Gdynia*,IV 2018
4,2262000,Gdynia,2019Q1,2019,1,20191,primary,offer,9205.569125666141,False,,Gdynia*,I 2019
4,2262000,Gdynia,2019Q2,2019,2,20192,primary,offer,9071.09922300072,False,,Gdynia*,II 2019
4,2262000,Gdynia,2019Q3,2019,3,20193,primary,offer,9185.675255715087,False,,Gdynia*,III 2019
4,2262000,Gdynia,2019Q4,2019,4,20194,primary,offer,9175.175126285827,False,,Gdynia*,IV 2019
4,2262000,Gdynia,2020Q1,2020,1,20201,primary,offer,9242.62332913248,False,,Gdynia*,I 2020
4,2262000,Gdynia,2020Q2,2020,2,20202,primary,offer,9437.845402246077,False,,Gdynia*,II 2020
4,2262000,Gdynia,2020Q3,2020,3,20203,primary,offer,9570.707311738382,False,,Gdynia*,III 2020
4,2262000,Gdynia,2020Q4,2020,4,20204,primary,offer,9758.682918857947,False,,Gdynia*,IV 2020
4,2262000,Gdynia,2021Q1,2021,1,20211,primary,offer,10218.25150069842,False,,Gdynia*,I 2021
4,2262000,Gdynia,2021Q2,2021,2,20212,primary,offer,10408.96260042398,False,,Gdynia*,II 2021
4,2262000,Gdynia,2021Q3,2021,3,20213,primary,offer,10997.735922644422,False,,Gdynia*,III 2021
4,2262000,Gdynia,2021Q4,2021,4,20214,primary,offer,10922.66759399874,False,,Gdynia*,IV 2021
4,2262000,Gdynia,2022Q1,2022,1,20221,primary,offer,11241.123652567518,False,,Gdynia*,I 2022
4,2262000,Gdynia,2022Q2,2022,2,20222,primary,offer,11531.415142684546,False,,Gdynia*,II 2022
4,2262000,Gdynia,2022Q3,2022,3,20223,primary,offer,11850.077192116767,False,,Gdynia*,III 2022
4,2262000,Gdynia,2022Q4,2022,4,20224,primary,offer,11666.683975472355,False,,Gdynia*,IV 2022
4,2262000,Gdynia,2023Q1,2023,1,20231,primary,offer,11243.642648750665,True,Gdynia primary offer-price weighting methodology changed from 2023Q1.,Gdynia*,I 2023
4,2262000,Gdynia,2023Q2,2023,2,20232,primary,offer,11380.912851084755,False,,Gdynia*,II 2023
4,2262000,Gdynia,2023Q3,2023,3,20233,primary,offer,11942.117330511684,False,,Gdynia*,III 2023
4,2262000,Gdynia,2023Q4,2023,4,20234,primary,offer,12765.858548962102,False,,Gdynia*,IV 2023
4,2262000,Gdynia,2024Q1,2024,1,20241,primary,offer,11560.516004265854,False,,Gdynia*,I 2024
4,2262000,Gdynia,2024Q2,2024,2,20242,primary,offer,12006.268912306214,False,,Gdynia*,II 2024
4,2262000,Gdynia,2024Q3,2024,3,20243,primary,offer,12846.031100768792,False,,Gdynia*,III 2024
4,2262000,Gdynia,2024Q4,2024,4,20244,primary,offer,13527.839111596822,False,,Gdynia*,IV 2024
4,2262000,Gdynia,2025Q1,2025,1,20251,primary,offer,13941.562112375166,False,,Gdynia*,I 2025
4,2262000,Gdynia,2025Q2,2025,2,20252,primary,offer,14060.480769521982,False,,Gdynia*,II 2025
4,2262000,Gdynia,2025Q3,2025,3,20253,primary,offer,14251.15356611268,False,,Gdynia*,III 2025
4,2262000,Gdynia,2025Q4,2025,4,20254,primary,offer,14287.035346920118,False,,Gdynia*,IV 2025
4,2262000,Gdynia,2026Q1,2026,1,20261,primary,offer,14095.47157158185,False,,Gdynia*,I 2026
4,2262000,Gdynia,2026Q2,2026,2,20262,primary,offer,14297.857462537442,False,,Gdynia*,II 2026
5,2469000,Katowice,2006Q3,2006,3,20063,primary,offer,3986.27,False,,Katowice,III 2006
5,2469000,Katowice,2006Q4,2006,4,20064,primary,offer,4062.31,False,,Katowice,IV 2006
5,2469000,Katowice,2007Q1,2007,1,20071,primary,offer,4518.37,False,,Katowice,I 2007
5,2469000,Katowice,2007Q2,2007,2,20072,primary,offer,5180.56,False,,Katowice,II 2007
5,2469000,Katowice,2007Q3,2007,3,20073,primary,offer,6235.53,False,,Katowice,III 2007
5,2469000,Katowice,2007Q4,2007,4,20074,primary,offer,6457.54,False,,Katowice,IV 2007
5,2469000,Katowice,2008Q1,2008,1,20081,primary,offer,6257.59,False,,Katowice,I 2008
5,2469000,Katowice,2008Q2,2008,2,20082,primary,offer,6599.0,False,,Katowice,II 2008
5,2469000,Katowice,2008Q3,2008,3,20083,primary,offer,6303.43,False,,Katowice,III 2008
5,2469000,Katowice,2008Q4,2008,4,20084,primary,offer,6676.96,False,,Katowice,IV 2008
5,2469000,Katowice,2009Q1,2009,1,20091,primary,offer,6482.04,False,,Katowice,I 2009
5,2469000,Katowice,2009Q2,2009,2,20092,primary,offer,6614.53,False,,Katowice,II 2009
5,2469000,Katowice,2009Q3,2009,3,20093,primary,offer,5990.0,False,,Katowice,III 2009
5,2469000,Katowice,2009Q4,2009,4,20094,primary,offer,5909.0,False,,Katowice,IV 2009
5,2469000,Katowice,2010Q1,2010,1,20101,primary,offer,6467.0,False,,Katowice,I 2010
5,2469000,Katowice,2010Q2,2010,2,20102,primary,offer,6360.0,False,,Katowice,II 2010
5,2469000,Katowice,2010Q3,2010,3,20103,primary,offer,6420.0,False,,Katowice,III 2010
5,2469000,Katowice,2010Q4,2010,4,20104,primary,offer,6085.0,False,,Katowice,IV 2010
5,2469000,Katowice,2011Q1,2011,1,20111,primary,offer,6122.0,False,,Katowice,I 2011
5,2469000,Katowice,2011Q2,2011,2,20112,primary,offer,6141.0,False,,Katowice,II 2011
5,2469000,Katowice,2011Q3,2011,3,20113,primary,offer,5451.0,False,,Katowice,III 2011
5,2469000,Katowice,2011Q4,2011,4,20114,primary,offer,5412.73273422933,False,,Katowice,IV 2011
5,2469000,Katowice,2012Q1,2012,1,20121,primary,offer,4740.7975648815045,False,,Katowice,I 2012
5,2469000,Katowice,2012Q2,2012,2,20122,primary,offer,5351.420820497892,False,,Katowice,II 2012
5,2469000,Katowice,2012Q3,2012,3,20123,primary,offer,5411.423280815723,False,,Katowice,III 2012
5,2469000,Katowice,2012Q4,2012,4,20124,primary,offer,5317.6917566534385,False,,Katowice,IV 2012
5,2469000,Katowice,2013Q1,2013,1,20131,primary,offer,5526.309706020552,False,,Katowice,I 2013
5,2469000,Katowice,2013Q2,2013,2,20132,primary,offer,5816.815822182287,False,,Katowice,II 2013
5,2469000,Katowice,2013Q3,2013,3,20133,primary,offer,5897.766455945944,False,,Katowice,III 2013
5,2469000,Katowice,2013Q4,2013,4,20134,primary,offer,5455.738289171891,False,,Katowice,IV 2013
5,2469000,Katowice,2014Q1,2014,1,20141,primary,offer,5530.761726260291,False,,Katowice,I 2014
5,2469000,Katowice,2014Q2,2014,2,20142,primary,offer,5601.897444391108,False,,Katowice,II 2014
5,2469000,Katowice,2014Q3,2014,3,20143,primary,offer,5397.031062732024,False,,Katowice,III 2014
5,2469000,Katowice,2014Q4,2014,4,20144,primary,offer,5544.663593868694,False,,Katowice,IV 2014
5,2469000,Katowice,2015Q1,2015,1,20151,primary,offer,5630.474967506079,False,,Katowice,I 2015
5,2469000,Katowice,2015Q2,2015,2,20152,primary,offer,5632.311244125632,False,,Katowice,II 2015
5,2469000,Katowice,2015Q3,2015,3,20153,primary,offer,5509.348811080794,False,,Katowice,III 2015
5,2469000,Katowice,2015Q4,2015,4,20154,primary,offer,5511.275501759139,False,,Katowice,IV 2015
5,2469000,Katowice,2016Q1,2016,1,20161,primary,offer,5423.910365745465,False,,Katowice,I 2016
5,2469000,Katowice,2016Q2,2016,2,20162,primary,offer,5372.200361696805,False,,Katowice,II 2016
5,2469000,Katowice,2016Q3,2016,3,20163,primary,offer,5365.416332671766,False,,Katowice,III 2016
5,2469000,Katowice,2016Q4,2016,4,20164,primary,offer,5293.116206629939,False,,Katowice,IV 2016
5,2469000,Katowice,2017Q1,2017,1,20171,primary,offer,5361.9735415564855,False,,Katowice,I 2017
5,2469000,Katowice,2017Q2,2017,2,20172,primary,offer,5383.332366454565,False,,Katowice,II 2017
5,2469000,Katowice,2017Q3,2017,3,20173,primary,offer,5438.574466238199,False,,Katowice,III 2017
5,2469000,Katowice,2017Q4,2017,4,20174,primary,offer,5479.364502342552,False,,Katowice,IV 2017
5,2469000,Katowice,2018Q1,2018,1,20181,primary,offer,5376.905254021726,False,,Katowice,I 2018
5,2469000,Katowice,2018Q2,2018,2,20182,primary,offer,5779.7011458959,False,,Katowice,II 2018
5,2469000,Katowice,2018Q3,2018,3,20183,primary,offer,5844.903171986158,False,,Katowice,III 2018
5,2469000,Katowice,2018Q4,2018,4,20184,primary,offer,6273.925445597948,False,,Katowice,IV 2018
5,2469000,Katowice,2019Q1,2019,1,20191,primary,offer,6417.642315551744,False,,Katowice,I 2019
5,2469000,Katowice,2019Q2,2019,2,20192,primary,offer,6547.655949219298,False,,Katowice,II 2019
5,2469000,Katowice,2019Q3,2019,3,20193,primary,offer,6717.02948585346,False,,Katowice,III 2019
5,2469000,Katowice,2019Q4,2019,4,20194,primary,offer,7002.425987614285,False,,Katowice,IV 2019
5,2469000,Katowice,2020Q1,2020,1,20201,primary,offer,7313.422116154558,False,,Katowice,I 2020
5,2469000,Katowice,2020Q2,2020,2,20202,primary,offer,7340.754422809646,False,,Katowice,II 2020
5,2469000,Katowice,2020Q3,2020,3,20203,primary,offer,7661.946572899448,False,,Katowice,III 2020
5,2469000,Katowice,2020Q4,2020,4,20204,primary,offer,7953.776320675834,False,,Katowice,IV 2020
5,2469000,Katowice,2021Q1,2021,1,20211,primary,offer,8050.995341621772,False,,Katowice,I 2021
5,2469000,Katowice,2021Q2,2021,2,20212,primary,offer,8248.818317557467,False,,Katowice,II 2021
5,2469000,Katowice,2021Q3,2021,3,20213,primary,offer,8386.820460032086,False,,Katowice,III 2021
5,2469000,Katowice,2021Q4,2021,4,20214,primary,offer,8384.23183385334,False,,Katowice,IV 2021
5,2469000,Katowice,2022Q1,2022,1,20221,primary,offer,8849.63588608175,False,,Katowice,I 2022
5,2469000,Katowice,2022Q2,2022,2,20222,primary,offer,9295.276303021388,False,,Katowice,II 2022
5,2469000,Katowice,2022Q3,2022,3,20223,primary,offer,10107.067690663818,False,,Katowice,III 2022
5,2469000,Katowice,2022Q4,2022,4,20224,primary,offer,10320.494075769719,False,,Katowice,IV 2022
5,2469000,Katowice,2023Q1,2023,1,20231,primary,offer,10459.819704494683,False,,Katowice,I 2023
5,2469000,Katowice,2023Q2,2023,2,20232,primary,offer,10633.936731191783,False,,Katowice,II 2023
5,2469000,Katowice,2023Q3,2023,3,20233,primary,offer,10906.941615373624,False,,Katowice,III 2023
5,2469000,Katowice,2023Q4,2023,4,20234,primary,offer,11266.599049907958,False,,Katowice,IV 2023
5,2469000,Katowice,2024Q1,2024,1,20241,primary,offer,11341.604114962707,False,,Katowice,I 2024
5,2469000,Katowice,2024Q2,2024,2,20242,primary,offer,11922.159743003074,False,,Katowice,II 2024
5,2469000,Katowice,2024Q3,2024,3,20243,primary,offer,12143.64491651955,False,,Katowice,III 2024
5,2469000,Katowice,2024Q4,2024,4,20244,primary,offer,12325.661721328208,False,,Katowice,IV 2024
5,2469000,Katowice,2025Q1,2025,1,20251,primary,offer,12475.760528053836,False,,Katowice,I 2025
5,2469000,Katowice,2025Q2,2025,2,20252,primary,offer,12559.109258308008,False,,Katowice,II 2025
5,2469000,Katowice,2025Q3,2025,3,20253,primary,offer,12466.7824577436,False,,Katowice,III 2025
5,2469000,Katowice,2025Q4,2025,4,20254,primary,offer,12597.9281021339,False,,Katowice,IV 2025
5,2469000,Katowice,2026Q1,2026,1,20261,primary,offer,12628.439896705158,False,,Katowice,I 2026
5,2469000,Katowice,2026Q2,2026,2,20262,primary,offer,12699.706184629367,False,,Katowice,II 2026
6,2661000,Kielce,2006Q3,2006,3,20063,primary,offer,2918.6444430330034,False,,Kielce,III 2006
6,2661000,Kielce,2006Q4,2006,4,20064,primary,offer,3492.617589207882,False,,Kielce,IV 2006
6,2661000,Kielce,2007Q1,2007,1,20071,primary,offer,3381.7189556049398,False,,Kielce,I 2007
6,2661000,Kielce,2007Q2,2007,2,20072,primary,offer,3901.578310065053,False,,Kielce,II 2007
6,2661000,Kielce,2007Q3,2007,3,20073,primary,offer,4651.056568640905,False,,Kielce,III 2007
6,2661000,Kielce,2007Q4,2007,4,20074,primary,offer,4475.155575736593,False,,Kielce,IV 2007
6,2661000,Kielce,2008Q1,2008,1,20081,primary,offer,4528.6138082218995,False,,Kielce,I 2008
6,2661000,Kielce,2008Q2,2008,2,20082,primary,offer,5281.053897624991,False,,Kielce,II 2008
6,2661000,Kielce,2008Q3,2008,3,20083,primary,offer,5395.875405254305,False,,Kielce,III 2008
6,2661000,Kielce,2008Q4,2008,4,20084,primary,offer,5208.196857052586,False,,Kielce,IV 2008
6,2661000,Kielce,2009Q1,2009,1,20091,primary,offer,5110.593550148178,False,,Kielce,I 2009
6,2661000,Kielce,2009Q2,2009,2,20092,primary,offer,5098.609912955743,False,,Kielce,II 2009
6,2661000,Kielce,2009Q3,2009,3,20093,primary,offer,5121.8577390469045,False,,Kielce,III 2009
6,2661000,Kielce,2009Q4,2009,4,20094,primary,offer,4978.293152911976,False,,Kielce,IV 2009
6,2661000,Kielce,2010Q1,2010,1,20101,primary,offer,4958.341276773841,False,,Kielce,I 2010
6,2661000,Kielce,2010Q2,2010,2,20102,primary,offer,4947.12980596654,False,,Kielce,II 2010
6,2661000,Kielce,2010Q3,2010,3,20103,primary,offer,4944.533970116415,False,,Kielce,III 2010
6,2661000,Kielce,2010Q4,2010,4,20104,primary,offer,4951.116726987033,False,,Kielce,IV 2010
6,2661000,Kielce,2011Q1,2011,1,20111,primary,offer,4906.8256308107,False,,Kielce,I 2011
6,2661000,Kielce,2011Q2,2011,2,20112,primary,offer,4953.594514892558,False,,Kielce,II 2011
6,2661000,Kielce,2011Q3,2011,3,20113,primary,offer,4866.774709472299,False,,Kielce,III 2011
6,2661000,Kielce,2011Q4,2011,4,20114,primary,offer,4876.30641492078,False,,Kielce,IV 2011
6,2661000,Kielce,2012Q1,2012,1,20121,primary,offer,4982.137275745238,False,,Kielce,I 2012
6,2661000,Kielce,2012Q2,2012,2,20122,primary,offer,5070.749807888555,False,,Kielce,II 2012
6,2661000,Kielce,2012Q3,2012,3,20123,primary,offer,5219.014369344701,False,,Kielce,III 2012
6,2661000,Kielce,2012Q4,2012,4,20124,primary,offer,5109.780495281434,False,,Kielce,IV 2012
6,2661000,Kielce,2013Q1,2013,1,20131,primary,offer,5061.172992995966,False,,Kielce,I 2013
6,2661000,Kielce,2013Q2,2013,2,20132,primary,offer,5075.341171675978,False,,Kielce,II 2013
6,2661000,Kielce,2013Q3,2013,3,20133,primary,offer,4883.549742674129,False,,Kielce,III 2013
6,2661000,Kielce,2013Q4,2013,4,20134,primary,offer,4882.1198216392995,False,,Kielce,IV 2013
6,2661000,Kielce,2014Q1,2014,1,20141,primary,offer,4851.655444899021,False,,Kielce,I 2014
6,2661000,Kielce,2014Q2,2014,2,20142,primary,offer,4878.21465439637,False,,Kielce,II 2014
6,2661000,Kielce,2014Q3,2014,3,20143,primary,offer,4767.4044330553215,False,,Kielce,III 2014
6,2661000,Kielce,2014Q4,2014,4,20144,primary,offer,4750.275216236003,False,,Kielce,IV 2014
6,2661000,Kielce,2015Q1,2015,1,20151,primary,offer,4856.137925069047,False,,Kielce,I 2015
6,2661000,Kielce,2015Q2,2015,2,20152,primary,offer,4844.072869403896,False,,Kielce,II 2015
6,2661000,Kielce,2015Q3,2015,3,20153,primary,offer,4782.548943596908,False,,Kielce,III 2015
6,2661000,Kielce,2015Q4,2015,4,20154,primary,offer,4878.024031197594,False,,Kielce,IV 2015
6,2661000,Kielce,2016Q1,2016,1,20161,primary,offer,4837.772802805143,False,,Kielce,I 2016
6,2661000,Kielce,2016Q2,2016,2,20162,primary,offer,4832.588410858278,False,,Kielce,II 2016
6,2661000,Kielce,2016Q3,2016,3,20163,primary,offer,4685.500338304093,False,,Kielce,III 2016
6,2661000,Kielce,2016Q4,2016,4,20164,primary,offer,4679.415994554653,False,,Kielce,IV 2016
6,2661000,Kielce,2017Q1,2017,1,20171,primary,offer,4676.5730555743285,False,,Kielce,I 2017
6,2661000,Kielce,2017Q2,2017,2,20172,primary,offer,4757.15721790408,False,,Kielce,II 2017
6,2661000,Kielce,2017Q3,2017,3,20173,primary,offer,4779.658392494102,False,,Kielce,III 2017
6,2661000,Kielce,2017Q4,2017,4,20174,primary,offer,4761.515021315165,False,,Kielce,IV 2017
6,2661000,Kielce,2018Q1,2018,1,20181,primary,offer,4868.926655462192,False,,Kielce,I 2018
6,2661000,Kielce,2018Q2,2018,2,20182,primary,offer,4868.76,False,,Kielce,II 2018
6,2661000,Kielce,2018Q3,2018,3,20183,primary,offer,4851.587780907355,False,,Kielce,III 2018
6,2661000,Kielce,2018Q4,2018,4,20184,primary,offer,5111.892136182762,False,,Kielce,IV 2018
6,2661000,Kielce,2019Q1,2019,1,20191,primary,offer,5101.383342106981,False,,Kielce,I 2019
6,2661000,Kielce,2019Q2,2019,2,20192,primary,offer,5132.389886295344,False,,Kielce,II 2019
6,2661000,Kielce,2019Q3,2019,3,20193,primary,offer,5283.552874006767,False,,Kielce,III 2019
6,2661000,Kielce,2019Q4,2019,4,20194,primary,offer,5476.066609611451,False,,Kielce,IV 2019
6,2661000,Kielce,2020Q1,2020,1,20201,primary,offer,5494.184511634816,False,,Kielce,I 2020
6,2661000,Kielce,2020Q2,2020,2,20202,primary,offer,6156.135738226977,False,,Kielce,II 2020
6,2661000,Kielce,2020Q3,2020,3,20203,primary,offer,6145.144567435305,False,,Kielce,III 2020
6,2661000,Kielce,2020Q4,2020,4,20204,primary,offer,6234.6913819961,False,,Kielce,IV 2020
6,2661000,Kielce,2021Q1,2021,1,20211,primary,offer,6232.085560960979,False,,Kielce,I 2021
6,2661000,Kielce,2021Q2,2021,2,20212,primary,offer,6344.685707552994,False,,Kielce,II 2021
6,2661000,Kielce,2021Q3,2021,3,20213,primary,offer,6633.179703595059,False,,Kielce,III 2021
6,2661000,Kielce,2021Q4,2021,4,20214,primary,offer,6768.737772814533,False,,Kielce,IV 2021
6,2661000,Kielce,2022Q1,2022,1,20221,primary,offer,7123.739257711546,False,,Kielce,I 2022
6,2661000,Kielce,2022Q2,2022,2,20222,primary,offer,7703.61652626771,False,,Kielce,II 2022
6,2661000,Kielce,2022Q3,2022,3,20223,primary,offer,8067.553507606113,False,,Kielce,III 2022
6,2661000,Kielce,2022Q4,2022,4,20224,primary,offer,8346.691538926507,False,,Kielce,IV 2022
6,2661000,Kielce,2023Q1,2023,1,20231,primary,offer,8386.214349088556,False,,Kielce,I 2023
6,2661000,Kielce,2023Q2,2023,2,20232,primary,offer,8447.370443876387,False,,Kielce,II 2023
6,2661000,Kielce,2023Q3,2023,3,20233,primary,offer,8551.210176985747,False,,Kielce,III 2023
6,2661000,Kielce,2023Q4,2023,4,20234,primary,offer,8719.397740084694,False,,Kielce,IV 2023
6,2661000,Kielce,2024Q1,2024,1,20241,primary,offer,9033.646106486522,False,,Kielce,I 2024
6,2661000,Kielce,2024Q2,2024,2,20242,primary,offer,9721.601759175843,False,,Kielce,II 2024
6,2661000,Kielce,2024Q3,2024,3,20243,primary,offer,10060.317828217065,False,,Kielce,III 2024
6,2661000,Kielce,2024Q4,2024,4,20244,primary,offer,10725.263396308666,False,,Kielce,IV 2024
6,2661000,Kielce,2025Q1,2025,1,20251,primary,offer,10648.99615572732,False,,Kielce,I 2025
6,2661000,Kielce,2025Q2,2025,2,20252,primary,offer,10631.680172864311,False,,Kielce,II 2025
6,2661000,Kielce,2025Q3,2025,3,20253,primary,offer,10644.707243907433,False,,Kielce,III 2025
6,2661000,Kielce,2025Q4,2025,4,20254,primary,offer,10692.254116569142,False,,Kielce,IV 2025
6,2661000,Kielce,2026Q1,2026,1,20261,primary,offer,10617.354552027045,False,,Kielce,I 2026
6,2661000,Kielce,2026Q2,2026,2,20262,primary,offer,10647.574975957134,False,,Kielce,II 2026
7,1261000,Kraków,2006Q3,2006,3,20063,primary,offer,6021.0,False,,Kraków,III 2006
7,1261000,Kraków,2006Q4,2006,4,20064,primary,offer,7929.0,False,,Kraków,IV 2006
7,1261000,Kraków,2007Q1,2007,1,20071,primary,offer,8247.0,False,,Kraków,I 2007
7,1261000,Kraków,2007Q2,2007,2,20072,primary,offer,8129.0,False,,Kraków,II 2007
7,1261000,Kraków,2007Q3,2007,3,20073,primary,offer,8420.0,False,,Kraków,III 2007
7,1261000,Kraków,2007Q4,2007,4,20074,primary,offer,8355.0,False,,Kraków,IV 2007
7,1261000,Kraków,2008Q1,2008,1,20081,primary,offer,8084.0,False,,Kraków,I 2008
7,1261000,Kraków,2008Q2,2008,2,20082,primary,offer,8034.0,False,,Kraków,II 2008
7,1261000,Kraków,2008Q3,2008,3,20083,primary,offer,8012.0,False,,Kraków,III 2008
7,1261000,Kraków,2008Q4,2008,4,20084,primary,offer,7751.0,False,,Kraków,IV 2008
7,1261000,Kraków,2009Q1,2009,1,20091,primary,offer,7675.0,False,,Kraków,I 2009
7,1261000,Kraków,2009Q2,2009,2,20092,primary,offer,7622.0,False,,Kraków,II 2009
7,1261000,Kraków,2009Q3,2009,3,20093,primary,offer,7631.0,False,,Kraków,III 2009
7,1261000,Kraków,2009Q4,2009,4,20094,primary,offer,7521.0,False,,Kraków,IV 2009
7,1261000,Kraków,2010Q1,2010,1,20101,primary,offer,7595.0,False,,Kraków,I 2010
7,1261000,Kraków,2010Q2,2010,2,20102,primary,offer,7559.0,False,,Kraków,II 2010
7,1261000,Kraków,2010Q3,2010,3,20103,primary,offer,7526.0,False,,Kraków,III 2010
7,1261000,Kraków,2010Q4,2010,4,20104,primary,offer,7564.0,False,,Kraków,IV 2010
7,1261000,Kraków,2011Q1,2011,1,20111,primary,offer,7517.0,False,,Kraków,I 2011
7,1261000,Kraków,2011Q2,2011,2,20112,primary,offer,7209.0,False,,Kraków,II 2011
7,1261000,Kraków,2011Q3,2011,3,20113,primary,offer,7061.0,False,,Kraków,III 2011
7,1261000,Kraków,2011Q4,2011,4,20114,primary,offer,7039.0,False,,Kraków,IV 2011
7,1261000,Kraków,2012Q1,2012,1,20121,primary,offer,7111.8968852809285,False,,Kraków,I 2012
7,1261000,Kraków,2012Q2,2012,2,20122,primary,offer,7082.544249948684,False,,Kraków,II 2012
7,1261000,Kraków,2012Q3,2012,3,20123,primary,offer,6893.044091390006,False,,Kraków,III 2012
7,1261000,Kraków,2012Q4,2012,4,20124,primary,offer,6773.493746136923,False,,Kraków,IV 2012
7,1261000,Kraków,2013Q1,2013,1,20131,primary,offer,6361.697465776355,False,,Kraków,I 2013
7,1261000,Kraków,2013Q2,2013,2,20132,primary,offer,6265.893815760362,False,,Kraków,II 2013
7,1261000,Kraków,2013Q3,2013,3,20133,primary,offer,6071.463798360449,False,,Kraków,III 2013
7,1261000,Kraków,2013Q4,2013,4,20134,primary,offer,6122.340668805413,False,,Kraków,IV 2013
7,1261000,Kraków,2014Q1,2014,1,20141,primary,offer,6472.426780025669,False,,Kraków,I 2014
7,1261000,Kraków,2014Q2,2014,2,20142,primary,offer,6433.618868815462,False,,Kraków,II 2014
7,1261000,Kraków,2014Q3,2014,3,20143,primary,offer,6214.309634313189,False,,Kraków,III 2014
7,1261000,Kraków,2014Q4,2014,4,20144,primary,offer,6491.090375463125,False,,Kraków,IV 2014
7,1261000,Kraków,2015Q1,2015,1,20151,primary,offer,6564.528925327671,False,,Kraków,I 2015
7,1261000,Kraków,2015Q2,2015,2,20152,primary,offer,6720.0,False,,Kraków,II 2015
7,1261000,Kraków,2015Q3,2015,3,20153,primary,offer,6658.0,False,,Kraków,III 2015
7,1261000,Kraków,2015Q4,2015,4,20154,primary,offer,6524.534146084892,False,,Kraków,IV 2015
7,1261000,Kraków,2016Q1,2016,1,20161,primary,offer,6524.0,False,,Kraków,I 2016
7,1261000,Kraków,2016Q2,2016,2,20162,primary,offer,6670.440828959773,False,,Kraków,II 2016
7,1261000,Kraków,2016Q3,2016,3,20163,primary,offer,6525.678266524273,False,,Kraków,III 2016
7,1261000,Kraków,2016Q4,2016,4,20164,primary,offer,6711.0,False,,Kraków,IV 2016
7,1261000,Kraków,2017Q1,2017,1,20171,primary,offer,6618.933651146061,False,,Kraków,I 2017
7,1261000,Kraków,2017Q2,2017,2,20172,primary,offer,6746.158351015139,False,,Kraków,II 2017
7,1261000,Kraków,2017Q3,2017,3,20173,primary,offer,6931.476461244793,False,,Kraków,III 2017
7,1261000,Kraków,2017Q4,2017,4,20174,primary,offer,6923.771729952507,False,,Kraków,IV 2017
7,1261000,Kraków,2018Q1,2018,1,20181,primary,offer,6918.257455352491,False,,Kraków,I 2018
7,1261000,Kraków,2018Q2,2018,2,20182,primary,offer,6902.119273518455,False,,Kraków,II 2018
7,1261000,Kraków,2018Q3,2018,3,20183,primary,offer,7040.135609426442,False,,Kraków,III 2018
7,1261000,Kraków,2018Q4,2018,4,20184,primary,offer,7355.588969653671,False,,Kraków,IV 2018
7,1261000,Kraków,2019Q1,2019,1,20191,primary,offer,7622.580978132204,False,,Kraków,I 2019
7,1261000,Kraków,2019Q2,2019,2,20192,primary,offer,7956.7851947023855,False,,Kraków,II 2019
7,1261000,Kraków,2019Q3,2019,3,20193,primary,offer,8017.007267102284,False,,Kraków,III 2019
7,1261000,Kraków,2019Q4,2019,4,20194,primary,offer,8531.583494293085,False,,Kraków,IV 2019
7,1261000,Kraków,2020Q1,2020,1,20201,primary,offer,9211.884893204046,False,,Kraków,I 2020
7,1261000,Kraków,2020Q2,2020,2,20202,primary,offer,9757.170100695734,False,,Kraków,II 2020
7,1261000,Kraków,2020Q3,2020,3,20203,primary,offer,9466.0634295462,False,,Kraków,III 2020
7,1261000,Kraków,2020Q4,2020,4,20204,primary,offer,9594.498000650497,False,,Kraków,IV 2020
7,1261000,Kraków,2021Q1,2021,1,20211,primary,offer,9739.469830838536,False,,Kraków,I 2021
7,1261000,Kraków,2021Q2,2021,2,20212,primary,offer,10141.927682670197,False,,Kraków,II 2021
7,1261000,Kraków,2021Q3,2021,3,20213,primary,offer,10618.436537830567,False,,Kraków,III 2021
7,1261000,Kraków,2021Q4,2021,4,20214,primary,offer,11009.337744706794,False,,Kraków,IV 2021
7,1261000,Kraków,2022Q1,2022,1,20221,primary,offer,11156.127150855182,False,,Kraków,I 2022
7,1261000,Kraków,2022Q2,2022,2,20222,primary,offer,11390.805645673612,False,,Kraków,II 2022
7,1261000,Kraków,2022Q3,2022,3,20223,primary,offer,11731.454621651788,False,,Kraków,III 2022
7,1261000,Kraków,2022Q4,2022,4,20224,primary,offer,11967.174254914942,False,,Kraków,IV 2022
7,1261000,Kraków,2023Q1,2023,1,20231,primary,offer,12145.575759385905,False,,Kraków,I 2023
7,1261000,Kraków,2023Q2,2023,2,20232,primary,offer,13049.758020749556,False,,Kraków,II 2023
7,1261000,Kraków,2023Q3,2023,3,20233,primary,offer,14174.239094776782,False,,Kraków,III 2023
7,1261000,Kraków,2023Q4,2023,4,20234,primary,offer,14555.235924119532,False,,Kraków,IV 2023
7,1261000,Kraków,2024Q1,2024,1,20241,primary,offer,15584.629694483574,False,,Kraków,I 2024
7,1261000,Kraków,2024Q2,2024,2,20242,primary,offer,16757.21578778952,False,,Kraków,II 2024
7,1261000,Kraków,2024Q3,2024,3,20243,primary,offer,16605.83245822229,False,,Kraków,III 2024
7,1261000,Kraków,2024Q4,2024,4,20244,primary,offer,16583.350113124416,False,,Kraków,IV 2024
7,1261000,Kraków,2025Q1,2025,1,20251,primary,offer,16926.92492583604,False,,Kraków,I 2025
7,1261000,Kraków,2025Q2,2025,2,20252,primary,offer,16748.84292143073,False,,Kraków,II 2025
7,1261000,Kraków,2025Q3,2025,3,20253,primary,offer,16838.941307578836,False,,Kraków,III 2025
7,1261000,Kraków,2025Q4,2025,4,20254,primary,offer,16846.708548230672,False,,Kraków,IV 2025
7,1261000,Kraków,2026Q1,2026,1,20261,primary,offer,16865.254735069586,False,,Kraków,I 2026
7,1261000,Kraków,2026Q2,2026,2,20262,primary,offer,16867.092440179247,False,,Kraków,II 2026
8,0663000,Lublin,2006Q3,2006,3,20063,primary,offer,3456.0,False,,Lublin,III 2006
8,0663000,Lublin,2006Q4,2006,4,20064,primary,offer,3314.0,False,,Lublin,IV 2006
8,0663000,Lublin,2007Q1,2007,1,20071,primary,offer,3604.0,False,,Lublin,I 2007
8,0663000,Lublin,2007Q2,2007,2,20072,primary,offer,4143.0,False,,Lublin,II 2007
8,0663000,Lublin,2007Q3,2007,3,20073,primary,offer,4645.0,False,,Lublin,III 2007
8,0663000,Lublin,2007Q4,2007,4,20074,primary,offer,5047.0,False,,Lublin,IV 2007
8,0663000,Lublin,2008Q1,2008,1,20081,primary,offer,5011.0,False,,Lublin,I 2008
8,0663000,Lublin,2008Q2,2008,2,20082,primary,offer,5174.0,False,,Lublin,II 2008
8,0663000,Lublin,2008Q3,2008,3,20083,primary,offer,5170.0,False,,Lublin,III 2008
8,0663000,Lublin,2008Q4,2008,4,20084,primary,offer,5266.0,False,,Lublin,IV 2008
8,0663000,Lublin,2009Q1,2009,1,20091,primary,offer,5177.0,False,,Lublin,I 2009
8,0663000,Lublin,2009Q2,2009,2,20092,primary,offer,5079.0,False,,Lublin,II 2009
8,0663000,Lublin,2009Q3,2009,3,20093,primary,offer,5329.0,False,,Lublin,III 2009
8,0663000,Lublin,2009Q4,2009,4,20094,primary,offer,5287.0,False,,Lublin,IV 2009
8,0663000,Lublin,2010Q1,2010,1,20101,primary,offer,5113.0,False,,Lublin,I 2010
8,0663000,Lublin,2010Q2,2010,2,20102,primary,offer,5257.0,False,,Lublin,II 2010
8,0663000,Lublin,2010Q3,2010,3,20103,primary,offer,5002.0,False,,Lublin,III 2010
8,0663000,Lublin,2010Q4,2010,4,20104,primary,offer,5003.0,False,,Lublin,IV 2010
8,0663000,Lublin,2011Q1,2011,1,20111,primary,offer,4993.0,False,,Lublin,I 2011
8,0663000,Lublin,2011Q2,2011,2,20112,primary,offer,5053.0,False,,Lublin,II 2011
8,0663000,Lublin,2011Q3,2011,3,20113,primary,offer,5121.0,False,,Lublin,III 2011
8,0663000,Lublin,2011Q4,2011,4,20114,primary,offer,5031.0,False,,Lublin,IV 2011
8,0663000,Lublin,2012Q1,2012,1,20121,primary,offer,5080.0,False,,Lublin,I 2012
8,0663000,Lublin,2012Q2,2012,2,20122,primary,offer,5134.0,False,,Lublin,II 2012
8,0663000,Lublin,2012Q3,2012,3,20123,primary,offer,5111.0,False,,Lublin,III 2012
8,0663000,Lublin,2012Q4,2012,4,20124,primary,offer,5043.0,False,,Lublin,IV 2012
8,0663000,Lublin,2013Q1,2013,1,20131,primary,offer,5126.0,False,,Lublin,I 2013
8,0663000,Lublin,2013Q2,2013,2,20132,primary,offer,5014.0,False,,Lublin,II 2013
8,0663000,Lublin,2013Q3,2013,3,20133,primary,offer,5140.0,False,,Lublin,III 2013
8,0663000,Lublin,2013Q4,2013,4,20134,primary,offer,5017.0,False,,Lublin,IV 2013
8,0663000,Lublin,2014Q1,2014,1,20141,primary,offer,5009.0,False,,Lublin,I 2014
8,0663000,Lublin,2014Q2,2014,2,20142,primary,offer,4924.0,False,,Lublin,II 2014
8,0663000,Lublin,2014Q3,2014,3,20143,primary,offer,4922.0,False,,Lublin,III 2014
8,0663000,Lublin,2014Q4,2014,4,20144,primary,offer,5005.0,False,,Lublin,IV 2014
8,0663000,Lublin,2015Q1,2015,1,20151,primary,offer,5008.0,False,,Lublin,I 2015
8,0663000,Lublin,2015Q2,2015,2,20152,primary,offer,4966.0,False,,Lublin,II 2015
8,0663000,Lublin,2015Q3,2015,3,20153,primary,offer,5108.0,False,,Lublin,III 2015
8,0663000,Lublin,2015Q4,2015,4,20154,primary,offer,5172.0,False,,Lublin,IV 2015
8,0663000,Lublin,2016Q1,2016,1,20161,primary,offer,5050.0,False,,Lublin,I 2016
8,0663000,Lublin,2016Q2,2016,2,20162,primary,offer,5095.0,False,,Lublin,II 2016
8,0663000,Lublin,2016Q3,2016,3,20163,primary,offer,5244.0,False,,Lublin,III 2016
8,0663000,Lublin,2016Q4,2016,4,20164,primary,offer,5202.0,False,,Lublin,IV 2016
8,0663000,Lublin,2017Q1,2017,1,20171,primary,offer,5123.0,False,,Lublin,I 2017
8,0663000,Lublin,2017Q2,2017,2,20172,primary,offer,5210.0,False,,Lublin,II 2017
8,0663000,Lublin,2017Q3,2017,3,20173,primary,offer,5134.0,False,,Lublin,III 2017
8,0663000,Lublin,2017Q4,2017,4,20174,primary,offer,5209.0,False,,Lublin,IV 2017
8,0663000,Lublin,2018Q1,2018,1,20181,primary,offer,5284.0,False,,Lublin,I 2018
8,0663000,Lublin,2018Q2,2018,2,20182,primary,offer,5364.0,False,,Lublin,II 2018
8,0663000,Lublin,2018Q3,2018,3,20183,primary,offer,5676.0,False,,Lublin,III 2018
8,0663000,Lublin,2018Q4,2018,4,20184,primary,offer,5860.0,False,,Lublin,IV 2018
8,0663000,Lublin,2019Q1,2019,1,20191,primary,offer,5866.0,False,,Lublin,I 2019
8,0663000,Lublin,2019Q2,2019,2,20192,primary,offer,5844.0,False,,Lublin,II 2019
8,0663000,Lublin,2019Q3,2019,3,20193,primary,offer,5933.0,False,,Lublin,III 2019
8,0663000,Lublin,2019Q4,2019,4,20194,primary,offer,5911.0284,False,,Lublin,IV 2019
8,0663000,Lublin,2020Q1,2020,1,20201,primary,offer,5964.77,False,,Lublin,I 2020
8,0663000,Lublin,2020Q2,2020,2,20202,primary,offer,6224.52,False,,Lublin,II 2020
8,0663000,Lublin,2020Q3,2020,3,20203,primary,offer,6650.97,False,,Lublin,III 2020
8,0663000,Lublin,2020Q4,2020,4,20204,primary,offer,6898.98,False,,Lublin,IV 2020
8,0663000,Lublin,2021Q1,2021,1,20211,primary,offer,7082.85,False,,Lublin,I 2021
8,0663000,Lublin,2021Q2,2021,2,20212,primary,offer,7561.92,False,,Lublin,II 2021
8,0663000,Lublin,2021Q3,2021,3,20213,primary,offer,7964.81,False,,Lublin,III 2021
8,0663000,Lublin,2021Q4,2021,4,20214,primary,offer,7897.43,False,,Lublin,IV 2021
8,0663000,Lublin,2022Q1,2022,1,20221,primary,offer,8169.68,False,,Lublin,I 2022
8,0663000,Lublin,2022Q2,2022,2,20222,primary,offer,8501.01,False,,Lublin,II 2022
8,0663000,Lublin,2022Q3,2022,3,20223,primary,offer,9420.61,False,,Lublin,III 2022
8,0663000,Lublin,2022Q4,2022,4,20224,primary,offer,9407.93,False,,Lublin,IV 2022
8,0663000,Lublin,2023Q1,2023,1,20231,primary,offer,9735.41,False,,Lublin,I 2023
8,0663000,Lublin,2023Q2,2023,2,20232,primary,offer,9839.1,False,,Lublin,II 2023
8,0663000,Lublin,2023Q3,2023,3,20233,primary,offer,10055.09,False,,Lublin,III 2023
8,0663000,Lublin,2023Q4,2023,4,20234,primary,offer,10703.25,False,,Lublin,IV 2023
8,0663000,Lublin,2024Q1,2024,1,20241,primary,offer,10880.24,False,,Lublin,I 2024
8,0663000,Lublin,2024Q2,2024,2,20242,primary,offer,11259.53,False,,Lublin,II 2024
8,0663000,Lublin,2024Q3,2024,3,20243,primary,offer,11041.25,False,,Lublin,III 2024
8,0663000,Lublin,2024Q4,2024,4,20244,primary,offer,11161.41,False,,Lublin,IV 2024
8,0663000,Lublin,2025Q1,2025,1,20251,primary,offer,11277.0,False,,Lublin,I 2025
8,0663000,Lublin,2025Q2,2025,2,20252,primary,offer,11300.6,False,,Lublin,II 2025
8,0663000,Lublin,2025Q3,2025,3,20253,primary,offer,11538.96,False,,Lublin,III 2025
8,0663000,Lublin,2025Q4,2025,4,20254,primary,offer,11492.65,False,,Lublin,IV 2025
8,0663000,Lublin,2026Q1,2026,1,20261,primary,offer,11891.55,False,,Lublin,I 2026
8,0663000,Lublin,2026Q2,2026,2,20262,primary,offer,11943.09,False,,Lublin,II 2026
17,1061000,Łódź,2006Q3,2006,3,20063,primary,offer,3210.0,False,,Łódź,III 2006
17,1061000,Łódź,2006Q4,2006,4,20064,primary,offer,4237.0,False,,Łódź,IV 2006
17,1061000,Łódź,2007Q1,2007,1,20071,primary,offer,4927.0,False,,Łódź,I 2007
17,1061000,Łódź,2007Q2,2007,2,20072,primary,offer,5453.0,False,,Łódź,II 2007
17,1061000,Łódź,2007Q3,2007,3,20073,primary,offer,5201.0,False,,Łódź,III 2007
17,1061000,Łódź,2007Q4,2007,4,20074,primary,offer,5062.0,False,,Łódź,IV 2007
17,1061000,Łódź,2008Q1,2008,1,20081,primary,offer,5048.0,False,,Łódź,I 2008
17,1061000,Łódź,2008Q2,2008,2,20082,primary,offer,4962.0,False,,Łódź,II 2008
17,1061000,Łódź,2008Q3,2008,3,20083,primary,offer,5480.0,False,,Łódź,III 2008
17,1061000,Łódź,2008Q4,2008,4,20084,primary,offer,5329.0,False,,Łódź,IV 2008
17,1061000,Łódź,2009Q1,2009,1,20091,primary,offer,5308.0,False,,Łódź,I 2009
17,1061000,Łódź,2009Q2,2009,2,20092,primary,offer,4960.0,False,,Łódź,II 2009
17,1061000,Łódź,2009Q3,2009,3,20093,primary,offer,5255.0,False,,Łódź,III 2009
17,1061000,Łódź,2009Q4,2009,4,20094,primary,offer,5250.0,False,,Łódź,IV 2009
17,1061000,Łódź,2010Q1,2010,1,20101,primary,offer,5290.0,False,,Łódź,I 2010
17,1061000,Łódź,2010Q2,2010,2,20102,primary,offer,5366.0,False,,Łódź,II 2010
17,1061000,Łódź,2010Q3,2010,3,20103,primary,offer,5367.0,False,,Łódź,III 2010
17,1061000,Łódź,2010Q4,2010,4,20104,primary,offer,5215.0,False,,Łódź,IV 2010
17,1061000,Łódź,2011Q1,2011,1,20111,primary,offer,5265.0,False,,Łódź,I 2011
17,1061000,Łódź,2011Q2,2011,2,20112,primary,offer,5002.0,False,,Łódź,II 2011
17,1061000,Łódź,2011Q3,2011,3,20113,primary,offer,5101.0,False,,Łódź,III 2011
17,1061000,Łódź,2011Q4,2011,4,20114,primary,offer,5038.0,False,,Łódź,IV 2011
17,1061000,Łódź,2012Q1,2012,1,20121,primary,offer,5176.0,False,,Łódź,I 2012
17,1061000,Łódź,2012Q2,2012,2,20122,primary,offer,4948.0,False,,Łódź,II 2012
17,1061000,Łódź,2012Q3,2012,3,20123,primary,offer,4969.0,False,,Łódź,III 2012
17,1061000,Łódź,2012Q4,2012,4,20124,primary,offer,4646.0,False,,Łódź,IV 2012
17,1061000,Łódź,2013Q1,2013,1,20131,primary,offer,4898.0,False,,Łódź,I 2013
17,1061000,Łódź,2013Q2,2013,2,20132,primary,offer,4811.0,False,,Łódź,II 2013
17,1061000,Łódź,2013Q3,2013,3,20133,primary,offer,4780.0,False,,Łódź,III 2013
17,1061000,Łódź,2013Q4,2013,4,20134,primary,offer,4768.0,False,,Łódź,IV 2013
17,1061000,Łódź,2014Q1,2014,1,20141,primary,offer,4808.0,False,,Łódź,I 2014
17,1061000,Łódź,2014Q2,2014,2,20142,primary,offer,4936.0,False,,Łódź,II 2014
17,1061000,Łódź,2014Q3,2014,3,20143,primary,offer,4932.0,False,,Łódź,III 2014
17,1061000,Łódź,2014Q4,2014,4,20144,primary,offer,4861.0,False,,Łódź,IV 2014
17,1061000,Łódź,2015Q1,2015,1,20151,primary,offer,4863.0,False,,Łódź,I 2015
17,1061000,Łódź,2015Q2,2015,2,20152,primary,offer,4906.0,False,,Łódź,II 2015
17,1061000,Łódź,2015Q3,2015,3,20153,primary,offer,4881.0,False,,Łódź,III 2015
17,1061000,Łódź,2015Q4,2015,4,20154,primary,offer,4831.0,False,,Łódź,IV 2015
17,1061000,Łódź,2016Q1,2016,1,20161,primary,offer,4773.0,False,,Łódź,I 2016
17,1061000,Łódź,2016Q2,2016,2,20162,primary,offer,4894.0,False,,Łódź,II 2016
17,1061000,Łódź,2016Q3,2016,3,20163,primary,offer,4900.0,False,,Łódź,III 2016
17,1061000,Łódź,2016Q4,2016,4,20164,primary,offer,5110.0,False,,Łódź,IV 2016
17,1061000,Łódź,2017Q1,2017,1,20171,primary,offer,4943.0,False,,Łódź,I 2017
17,1061000,Łódź,2017Q2,2017,2,20172,primary,offer,5180.0,False,,Łódź,II 2017
17,1061000,Łódź,2017Q3,2017,3,20173,primary,offer,5147.0,False,,Łódź,III 2017
17,1061000,Łódź,2017Q4,2017,4,20174,primary,offer,5332.0,False,,Łódź,IV 2017
17,1061000,Łódź,2018Q1,2018,1,20181,primary,offer,5524.0,False,,Łódź,I 2018
17,1061000,Łódź,2018Q2,2018,2,20182,primary,offer,5475.0,False,,Łódź,II 2018
17,1061000,Łódź,2018Q3,2018,3,20183,primary,offer,5529.0,False,,Łódź,III 2018
17,1061000,Łódź,2018Q4,2018,4,20184,primary,offer,5663.0,False,,Łódź,IV 2018
17,1061000,Łódź,2019Q1,2019,1,20191,primary,offer,5796.0,False,,Łódź,I 2019
17,1061000,Łódź,2019Q2,2019,2,20192,primary,offer,6010.0,False,,Łódź,II 2019
17,1061000,Łódź,2019Q3,2019,3,20193,primary,offer,6027.0,False,,Łódź,III 2019
17,1061000,Łódź,2019Q4,2019,4,20194,primary,offer,6274.0,False,,Łódź,IV 2019
17,1061000,Łódź,2020Q1,2020,1,20201,primary,offer,6608.0,False,,Łódź,I 2020
17,1061000,Łódź,2020Q2,2020,2,20202,primary,offer,6509.85384484064,False,,Łódź,II 2020
17,1061000,Łódź,2020Q3,2020,3,20203,primary,offer,6733.59010241401,False,,Łódź,III 2020
17,1061000,Łódź,2020Q4,2020,4,20204,primary,offer,6760.70222418099,False,,Łódź,IV 2020
17,1061000,Łódź,2021Q1,2021,1,20211,primary,offer,6854.06145036981,False,,Łódź,I 2021
17,1061000,Łódź,2021Q2,2021,2,20212,primary,offer,7408.69470822715,False,,Łódź,II 2021
17,1061000,Łódź,2021Q3,2021,3,20213,primary,offer,8005.59116399207,False,,Łódź,III 2021
17,1061000,Łódź,2021Q4,2021,4,20214,primary,offer,8117.3353121211,False,,Łódź,IV 2021
17,1061000,Łódź,2022Q1,2022,1,20221,primary,offer,8145.13719288766,False,,Łódź,I 2022
17,1061000,Łódź,2022Q2,2022,2,20222,primary,offer,8481.22817982165,False,,Łódź,II 2022
17,1061000,Łódź,2022Q3,2022,3,20223,primary,offer,8972.58787189372,False,,Łódź,III 2022
17,1061000,Łódź,2022Q4,2022,4,20224,primary,offer,9152.19508716393,False,,Łódź,IV 2022
17,1061000,Łódź,2023Q1,2023,1,20231,primary,offer,9390.52239701095,False,,Łódź,I 2023
17,1061000,Łódź,2023Q2,2023,2,20232,primary,offer,9465.292774483474,False,,Łódź,II 2023
17,1061000,Łódź,2023Q3,2023,3,20233,primary,offer,9593.72,False,,Łódź,III 2023
17,1061000,Łódź,2023Q4,2023,4,20234,primary,offer,10197.131104104,False,,Łódź,IV 2023
17,1061000,Łódź,2024Q1,2024,1,20241,primary,offer,10708.4575019116,False,,Łódź,I 2024
17,1061000,Łódź,2024Q2,2024,2,20242,primary,offer,11247.3037314787,False,,Łódź,II 2024
17,1061000,Łódź,2024Q3,2024,3,20243,primary,offer,11465.4070767942,False,,Łódź,III 2024
17,1061000,Łódź,2024Q4,2024,4,20244,primary,offer,11532.0,False,,Łódź,IV 2024
17,1061000,Łódź,2025Q1,2025,1,20251,primary,offer,11521.42,False,,Łódź,I 2025
17,1061000,Łódź,2025Q2,2025,2,20252,primary,offer,11749.07,False,,Łódź,II 2025
17,1061000,Łódź,2025Q3,2025,3,20253,primary,offer,10960.118178089722,False,,Łódź,III 2025
17,1061000,Łódź,2025Q4,2025,4,20254,primary,offer,11193.941564889827,False,,Łódź,IV 2025
17,1061000,Łódź,2026Q1,2026,1,20261,primary,offer,11562.859073021526,False,,Łódź,I 2026
17,1061000,Łódź,2026Q2,2026,2,20262,primary,offer,11836.801269763406,False,,Łódź,II 2026
9,2862000,Olsztyn,2006Q3,2006,3,20063,primary,offer,4000.0,False,,Olsztyn,III 2006
9,2862000,Olsztyn,2006Q4,2006,4,20064,primary,offer,4800.0,False,,Olsztyn,IV 2006
9,2862000,Olsztyn,2007Q1,2007,1,20071,primary,offer,5149.0,False,,Olsztyn,I 2007
9,2862000,Olsztyn,2007Q2,2007,2,20072,primary,offer,4776.0,False,,Olsztyn,II 2007
9,2862000,Olsztyn,2007Q3,2007,3,20073,primary,offer,4900.0,False,,Olsztyn,III 2007
9,2862000,Olsztyn,2007Q4,2007,4,20074,primary,offer,4900.0,False,,Olsztyn,IV 2007
9,2862000,Olsztyn,2008Q1,2008,1,20081,primary,offer,4800.0,False,,Olsztyn,I 2008
9,2862000,Olsztyn,2008Q2,2008,2,20082,primary,offer,4800.0,False,,Olsztyn,II 2008
9,2862000,Olsztyn,2008Q3,2008,3,20083,primary,offer,4924.0,False,,Olsztyn,III 2008
9,2862000,Olsztyn,2008Q4,2008,4,20084,primary,offer,4761.0,False,,Olsztyn,IV 2008
9,2862000,Olsztyn,2009Q1,2009,1,20091,primary,offer,4650.0,False,,Olsztyn,I 2009
9,2862000,Olsztyn,2009Q2,2009,2,20092,primary,offer,4600.0,False,,Olsztyn,II 2009
9,2862000,Olsztyn,2009Q3,2009,3,20093,primary,offer,4496.0,False,,Olsztyn,III 2009
9,2862000,Olsztyn,2009Q4,2009,4,20094,primary,offer,4913.0,False,,Olsztyn,IV 2009
9,2862000,Olsztyn,2010Q1,2010,1,20101,primary,offer,5290.0,False,,Olsztyn,I 2010
9,2862000,Olsztyn,2010Q2,2010,2,20102,primary,offer,4840.0,False,,Olsztyn,II 2010
9,2862000,Olsztyn,2010Q3,2010,3,20103,primary,offer,5100.0,False,,Olsztyn,III 2010
9,2862000,Olsztyn,2010Q4,2010,4,20104,primary,offer,5135.0,False,,Olsztyn,IV 2010
9,2862000,Olsztyn,2011Q1,2011,1,20111,primary,offer,4858.0,False,,Olsztyn,I 2011
9,2862000,Olsztyn,2011Q2,2011,2,20112,primary,offer,4938.0,False,,Olsztyn,II 2011
9,2862000,Olsztyn,2011Q3,2011,3,20113,primary,offer,4920.0,False,,Olsztyn,III 2011
9,2862000,Olsztyn,2011Q4,2011,4,20114,primary,offer,4772.637,False,,Olsztyn,IV 2011
9,2862000,Olsztyn,2012Q1,2012,1,20121,primary,offer,4775.016,False,,Olsztyn,I 2012
9,2862000,Olsztyn,2012Q2,2012,2,20122,primary,offer,4787.653,False,,Olsztyn,II 2012
9,2862000,Olsztyn,2012Q3,2012,3,20123,primary,offer,4840.0,False,,Olsztyn,III 2012
9,2862000,Olsztyn,2012Q4,2012,4,20124,primary,offer,4570.101,False,,Olsztyn,IV 2012
9,2862000,Olsztyn,2013Q1,2013,1,20131,primary,offer,4597.9,False,,Olsztyn,I 2013
9,2862000,Olsztyn,2013Q2,2013,2,20132,primary,offer,4647.425,False,,Olsztyn,II 2013
9,2862000,Olsztyn,2013Q3,2013,3,20133,primary,offer,4855.693,False,,Olsztyn,III 2013
9,2862000,Olsztyn,2013Q4,2013,4,20134,primary,offer,4866.636,False,,Olsztyn,IV 2013
9,2862000,Olsztyn,2014Q1,2014,1,20141,primary,offer,4861.926,False,,Olsztyn,I 2014
9,2862000,Olsztyn,2014Q2,2014,2,20142,primary,offer,4937.435,False,,Olsztyn,II 2014
9,2862000,Olsztyn,2014Q3,2014,3,20143,primary,offer,4929.2,False,,Olsztyn,III 2014
9,2862000,Olsztyn,2014Q4,2014,4,20144,primary,offer,4941.912,False,,Olsztyn,IV 2014
9,2862000,Olsztyn,2015Q1,2015,1,20151,primary,offer,4971.117,False,,Olsztyn,I 2015
9,2862000,Olsztyn,2015Q2,2015,2,20152,primary,offer,4799.208,False,,Olsztyn,II 2015
9,2862000,Olsztyn,2015Q3,2015,3,20153,primary,offer,4746.8,False,,Olsztyn,III 2015
9,2862000,Olsztyn,2015Q4,2015,4,20154,primary,offer,4848.315,False,,Olsztyn,IV 2015
9,2862000,Olsztyn,2016Q1,2016,1,20161,primary,offer,4806.437,False,,Olsztyn,I 2016
9,2862000,Olsztyn,2016Q2,2016,2,20162,primary,offer,4787.561,False,,Olsztyn,II 2016
9,2862000,Olsztyn,2016Q3,2016,3,20163,primary,offer,5173.66,False,,Olsztyn,III 2016
9,2862000,Olsztyn,2016Q4,2016,4,20164,primary,offer,5559.423,False,,Olsztyn,IV 2016
9,2862000,Olsztyn,2017Q1,2017,1,20171,primary,offer,5565.576,False,,Olsztyn,I 2017
9,2862000,Olsztyn,2017Q2,2017,2,20172,primary,offer,5481.031,False,,Olsztyn,II 2017
9,2862000,Olsztyn,2017Q3,2017,3,20173,primary,offer,5449.56,False,,Olsztyn,III 2017
9,2862000,Olsztyn,2017Q4,2017,4,20174,primary,offer,5600.0,False,,Olsztyn,IV 2017
9,2862000,Olsztyn,2018Q1,2018,1,20181,primary,offer,5708.96,False,,Olsztyn,I 2018
9,2862000,Olsztyn,2018Q2,2018,2,20182,primary,offer,5811.48,False,,Olsztyn,II 2018
9,2862000,Olsztyn,2018Q3,2018,3,20183,primary,offer,5793.91,False,,Olsztyn,III 2018
9,2862000,Olsztyn,2018Q4,2018,4,20184,primary,offer,5946.414,False,,Olsztyn,IV 2018
9,2862000,Olsztyn,2019Q1,2019,1,20191,primary,offer,6083.302,False,,Olsztyn,I 2019
9,2862000,Olsztyn,2019Q2,2019,2,20192,primary,offer,6081.52,False,,Olsztyn,II 2019
9,2862000,Olsztyn,2019Q3,2019,3,20193,primary,offer,6190.722,False,,Olsztyn,III 2019
9,2862000,Olsztyn,2019Q4,2019,4,20194,primary,offer,6349.88,False,,Olsztyn,IV 2019
9,2862000,Olsztyn,2020Q1,2020,1,20201,primary,offer,6380.091,False,,Olsztyn,I 2020
9,2862000,Olsztyn,2020Q2,2020,2,20202,primary,offer,6410.954,False,,Olsztyn,II 2020
9,2862000,Olsztyn,2020Q3,2020,3,20203,primary,offer,6428.931,False,,Olsztyn,III 2020
9,2862000,Olsztyn,2020Q4,2020,4,20204,primary,offer,6417.334,False,,Olsztyn,IV 2020
9,2862000,Olsztyn,2021Q1,2021,1,20211,primary,offer,6591.945,False,,Olsztyn,I 2021
9,2862000,Olsztyn,2021Q2,2021,2,20212,primary,offer,6869.963,False,,Olsztyn,II 2021
9,2862000,Olsztyn,2021Q3,2021,3,20213,primary,offer,6917.102,False,,Olsztyn,III 2021
9,2862000,Olsztyn,2021Q4,2021,4,20214,primary,offer,7202.552,False,,Olsztyn,IV 2021
9,2862000,Olsztyn,2022Q1,2022,1,20221,primary,offer,7741.583,False,,Olsztyn,I 2022
9,2862000,Olsztyn,2022Q2,2022,2,20222,primary,offer,7960.356,False,,Olsztyn,II 2022
9,2862000,Olsztyn,2022Q3,2022,3,20223,primary,offer,8236.678,False,,Olsztyn,III 2022
9,2862000,Olsztyn,2022Q4,2022,4,20224,primary,offer,8562.815,False,,Olsztyn,IV 2022
9,2862000,Olsztyn,2023Q1,2023,1,20231,primary,offer,8882.982,False,,Olsztyn,I 2023
9,2862000,Olsztyn,2023Q2,2023,2,20232,primary,offer,8981.417,False,,Olsztyn,II 2023
9,2862000,Olsztyn,2023Q3,2023,3,20233,primary,offer,8738.568,False,,Olsztyn,III 2023
9,2862000,Olsztyn,2023Q4,2023,4,20234,primary,offer,8950.712,False,,Olsztyn,IV 2023
9,2862000,Olsztyn,2024Q1,2024,1,20241,primary,offer,9791.75,False,,Olsztyn,I 2024
9,2862000,Olsztyn,2024Q2,2024,2,20242,primary,offer,9881.559,False,,Olsztyn,II 2024
9,2862000,Olsztyn,2024Q3,2024,3,20243,primary,offer,10044.7,False,,Olsztyn,III 2024
9,2862000,Olsztyn,2024Q4,2024,4,20244,primary,offer,10988.96,False,,Olsztyn,IV 2024
9,2862000,Olsztyn,2025Q1,2025,1,20251,primary,offer,10634.89,False,,Olsztyn,I 2025
9,2862000,Olsztyn,2025Q2,2025,2,20252,primary,offer,10437.26,False,,Olsztyn,II 2025
9,2862000,Olsztyn,2025Q3,2025,3,20253,primary,offer,10416.56,False,,Olsztyn,III 2025
9,2862000,Olsztyn,2025Q4,2025,4,20254,primary,offer,10485.05,False,,Olsztyn,IV 2025
9,2862000,Olsztyn,2026Q1,2026,1,20261,primary,offer,10544.57,False,,Olsztyn,I 2026
9,2862000,Olsztyn,2026Q2,2026,2,20262,primary,offer,10454.08,False,,Olsztyn,II 2026
10,1661000,Opole,2006Q3,2006,3,20063,primary,offer,3342.843092343046,False,,Opole,III 2006
10,1661000,Opole,2006Q4,2006,4,20064,primary,offer,,False,,Opole,IV 2006
10,1661000,Opole,2007Q1,2007,1,20071,primary,offer,,False,,Opole,I 2007
10,1661000,Opole,2007Q2,2007,2,20072,primary,offer,,False,,Opole,II 2007
10,1661000,Opole,2007Q3,2007,3,20073,primary,offer,4784.1436908150845,False,,Opole,III 2007
10,1661000,Opole,2007Q4,2007,4,20074,primary,offer,4937.434136692244,False,,Opole,IV 2007
10,1661000,Opole,2008Q1,2008,1,20081,primary,offer,4919.777756533484,False,,Opole,I 2008
10,1661000,Opole,2008Q2,2008,2,20082,primary,offer,4930.917490277614,False,,Opole,II 2008
10,1661000,Opole,2008Q3,2008,3,20083,primary,offer,4943.045504990017,False,,Opole,III 2008
10,1661000,Opole,2008Q4,2008,4,20084,primary,offer,4967.615536839141,False,,Opole,IV 2008
10,1661000,Opole,2009Q1,2009,1,20091,primary,offer,4993.303921362312,False,,Opole,I 2009
10,1661000,Opole,2009Q2,2009,2,20092,primary,offer,5015.079979599868,False,,Opole,II 2009
10,1661000,Opole,2009Q3,2009,3,20093,primary,offer,5082.903566813306,False,,Opole,III 2009
10,1661000,Opole,2009Q4,2009,4,20094,primary,offer,5223.49173487172,False,,Opole,IV 2009
10,1661000,Opole,2010Q1,2010,1,20101,primary,offer,5275.839975249585,False,,Opole,I 2010
10,1661000,Opole,2010Q2,2010,2,20102,primary,offer,5355.092273649187,False,,Opole,II 2010
10,1661000,Opole,2010Q3,2010,3,20103,primary,offer,5429.243737698355,False,,Opole,III 2010
10,1661000,Opole,2010Q4,2010,4,20104,primary,offer,5497.05212412214,False,,Opole,IV 2010
10,1661000,Opole,2011Q1,2011,1,20111,primary,offer,4840.0,False,,Opole,I 2011
10,1661000,Opole,2011Q2,2011,2,20112,primary,offer,4841.0,False,,Opole,II 2011
10,1661000,Opole,2011Q3,2011,3,20113,primary,offer,4839.483665690344,False,,Opole,III 2011
10,1661000,Opole,2011Q4,2011,4,20114,primary,offer,4837.139128215603,False,,Opole,IV 2011
10,1661000,Opole,2012Q1,2012,1,20121,primary,offer,4834.995969468337,False,,Opole,I 2012
10,1661000,Opole,2012Q2,2012,2,20122,primary,offer,4832.044687276179,False,,Opole,II 2012
10,1661000,Opole,2012Q3,2012,3,20123,primary,offer,4828.528613980165,False,,Opole,III 2012
10,1661000,Opole,2012Q4,2012,4,20124,primary,offer,4828.525864419258,False,,Opole,IV 2012
10,1661000,Opole,2013Q1,2013,1,20131,primary,offer,4821.0,False,,Opole,I 2013
10,1661000,Opole,2013Q2,2013,2,20132,primary,offer,4808.917721008806,False,,Opole,II 2013
10,1661000,Opole,2013Q3,2013,3,20133,primary,offer,4674.422428723456,False,,Opole,III 2013
10,1661000,Opole,2013Q4,2013,4,20134,primary,offer,4426.262858565662,False,,Opole,IV 2013
10,1661000,Opole,2014Q1,2014,1,20141,primary,offer,4457.94734960278,False,,Opole,I 2014
10,1661000,Opole,2014Q2,2014,2,20142,primary,offer,4563.908050555304,False,,Opole,II 2014
10,1661000,Opole,2014Q3,2014,3,20143,primary,offer,4730.88914688036,False,,Opole,III 2014
10,1661000,Opole,2014Q4,2014,4,20144,primary,offer,4771.918808233974,False,,Opole,IV 2014
10,1661000,Opole,2015Q1,2015,1,20151,primary,offer,4802.074578,False,,Opole,I 2015
10,1661000,Opole,2015Q2,2015,2,20152,primary,offer,4800.994464,False,,Opole,II 2015
10,1661000,Opole,2015Q3,2015,3,20153,primary,offer,4781.357829,False,,Opole,III 2015
10,1661000,Opole,2015Q4,2015,4,20154,primary,offer,4599.088373,False,,Opole,IV 2015
10,1661000,Opole,2016Q1,2016,1,20161,primary,offer,4577.015404,False,,Opole,I 2016
10,1661000,Opole,2016Q2,2016,2,20162,primary,offer,4640.6065,False,,Opole,II 2016
10,1661000,Opole,2016Q3,2016,3,20163,primary,offer,4488.19714,False,,Opole,III 2016
10,1661000,Opole,2016Q4,2016,4,20164,primary,offer,4500.682187,False,,Opole,IV 2016
10,1661000,Opole,2017Q1,2017,1,20171,primary,offer,4690.696831,False,,Opole,I 2017
10,1661000,Opole,2017Q2,2017,2,20172,primary,offer,4741.426987,False,,Opole,II 2017
10,1661000,Opole,2017Q3,2017,3,20173,primary,offer,4760.665871341059,False,,Opole,III 2017
10,1661000,Opole,2017Q4,2017,4,20174,primary,offer,4758.122396896414,False,,Opole,IV 2017
10,1661000,Opole,2018Q1,2018,1,20181,primary,offer,5020.804608110528,False,,Opole,I 2018
10,1661000,Opole,2018Q2,2018,2,20182,primary,offer,5070.307178120793,False,,Opole,II 2018
10,1661000,Opole,2018Q3,2018,3,20183,primary,offer,5199.4386288810265,False,,Opole,III 2018
10,1661000,Opole,2018Q4,2018,4,20184,primary,offer,5263.6464370471185,False,,Opole,IV 2018
10,1661000,Opole,2019Q1,2019,1,20191,primary,offer,5322.137814157049,False,,Opole,I 2019
10,1661000,Opole,2019Q2,2019,2,20192,primary,offer,5645.645321159868,False,,Opole,II 2019
10,1661000,Opole,2019Q3,2019,3,20193,primary,offer,5698.433360678702,False,,Opole,III 2019
10,1661000,Opole,2019Q4,2019,4,20194,primary,offer,6086.321475955184,False,,Opole,IV 2019
10,1661000,Opole,2020Q1,2020,1,20201,primary,offer,6098.494861555211,False,,Opole,I 2020
10,1661000,Opole,2020Q2,2020,2,20202,primary,offer,6075.952384720526,False,,Opole,II 2020
10,1661000,Opole,2020Q3,2020,3,20203,primary,offer,6109.397062636141,False,,Opole,III 2020
10,1661000,Opole,2020Q4,2020,4,20204,primary,offer,6011.073320940453,False,,Opole,IV 2020
10,1661000,Opole,2021Q1,2021,1,20211,primary,offer,5996.616502693742,False,,Opole,I 2021
10,1661000,Opole,2021Q2,2021,2,20212,primary,offer,5942.68581315353,False,,Opole,II 2021
10,1661000,Opole,2021Q3,2021,3,20213,primary,offer,6855.053110401509,False,,Opole,III 2021
10,1661000,Opole,2021Q4,2021,4,20214,primary,offer,7146.702739032024,False,,Opole,IV 2021
10,1661000,Opole,2022Q1,2022,1,20221,primary,offer,6837.903352736719,False,,Opole,I 2022
10,1661000,Opole,2022Q2,2022,2,20222,primary,offer,8221.37021322091,False,,Opole,II 2022
10,1661000,Opole,2022Q3,2022,3,20223,primary,offer,8340.779639616745,False,,Opole,III 2022
10,1661000,Opole,2022Q4,2022,4,20224,primary,offer,8499.809460927314,False,,Opole,IV 2022
10,1661000,Opole,2023Q1,2023,1,20231,primary,offer,9055.984734710799,False,,Opole,I 2023
10,1661000,Opole,2023Q2,2023,2,20232,primary,offer,9133.212742101774,False,,Opole,II 2023
10,1661000,Opole,2023Q3,2023,3,20233,primary,offer,9105.351336734006,False,,Opole,III 2023
10,1661000,Opole,2023Q4,2023,4,20234,primary,offer,10301.272235218417,False,,Opole,IV 2023
10,1661000,Opole,2024Q1,2024,1,20241,primary,offer,10062.890366282492,False,,Opole,I 2024
10,1661000,Opole,2024Q2,2024,2,20242,primary,offer,11295.052362157778,False,,Opole,II 2024
10,1661000,Opole,2024Q3,2024,3,20243,primary,offer,11348.510837913444,False,,Opole,III 2024
10,1661000,Opole,2024Q4,2024,4,20244,primary,offer,11481.907660726336,False,,Opole,IV 2024
10,1661000,Opole,2025Q1,2025,1,20251,primary,offer,11693.68116731884,False,,Opole,I 2025
10,1661000,Opole,2025Q2,2025,2,20252,primary,offer,11502.96914343479,False,,Opole,II 2025
10,1661000,Opole,2025Q3,2025,3,20253,primary,offer,11396.579716978238,False,,Opole,III 2025
10,1661000,Opole,2025Q4,2025,4,20254,primary,offer,11649.086621760147,False,,Opole,IV 2025
10,1661000,Opole,2026Q1,2026,1,20261,primary,offer,12047.273310958835,False,,Opole,I 2026
10,1661000,Opole,2026Q2,2026,2,20262,primary,offer,12025.570250841714,False,,Opole,II 2026
11,3064000,Poznań,2006Q3,2006,3,20063,primary,offer,4769.933414634147,False,,Poznań,III 2006
11,3064000,Poznań,2006Q4,2006,4,20064,primary,offer,4827.2275,False,,Poznań,IV 2006
11,3064000,Poznań,2007Q1,2007,1,20071,primary,offer,7274.7460930232555,False,,Poznań,I 2007
11,3064000,Poznań,2007Q2,2007,2,20072,primary,offer,7360.018660714285,False,,Poznań,II 2007
11,3064000,Poznań,2007Q3,2007,3,20073,primary,offer,6837.761369863017,False,,Poznań,III 2007
11,3064000,Poznań,2007Q4,2007,4,20074,primary,offer,7563.710226415094,False,,Poznań,IV 2007
11,3064000,Poznań,2008Q1,2008,1,20081,primary,offer,7479.829108734404,False,,Poznań,I 2008
11,3064000,Poznań,2008Q2,2008,2,20082,primary,offer,7338.029848484848,False,,Poznań,II 2008
11,3064000,Poznań,2008Q3,2008,3,20083,primary,offer,7320.217572254336,False,,Poznań,III 2008
11,3064000,Poznań,2008Q4,2008,4,20084,primary,offer,7277.032245222933,False,,Poznań,IV 2008
11,3064000,Poznań,2009Q1,2009,1,20091,primary,offer,7200.436766784456,False,,Poznań,I 2009
11,3064000,Poznań,2009Q2,2009,2,20092,primary,offer,7232.7185820895575,False,,Poznań,II 2009
11,3064000,Poznań,2009Q3,2009,3,20093,primary,offer,7029.869491228069,False,,Poznań,III 2009
11,3064000,Poznań,2009Q4,2009,4,20094,primary,offer,6725.227116279071,False,,Poznań,IV 2009
11,3064000,Poznań,2010Q1,2010,1,20101,primary,offer,6685.4709223300915,False,,Poznań,I 2010
11,3064000,Poznań,2010Q2,2010,2,20102,primary,offer,6586.992705128202,False,,Poznań,II 2010
11,3064000,Poznań,2010Q3,2010,3,20103,primary,offer,6599.816960526314,False,,Poznań,III 2010
11,3064000,Poznań,2010Q4,2010,4,20104,primary,offer,6527.888330975957,False,,Poznań,IV 2010
11,3064000,Poznań,2011Q1,2011,1,20111,primary,offer,6376.381120797012,False,,Poznań,I 2011
11,3064000,Poznań,2011Q2,2011,2,20112,primary,offer,6328.437763157892,False,,Poznań,II 2011
11,3064000,Poznań,2011Q3,2011,3,20113,primary,offer,6286.1037240663845,False,,Poznań,III 2011
11,3064000,Poznań,2011Q4,2011,4,20114,primary,offer,6203.601386138608,False,,Poznań,IV 2011
11,3064000,Poznań,2012Q1,2012,1,20121,primary,offer,6183.136512935878,False,,Poznań,I 2012
11,3064000,Poznań,2012Q2,2012,2,20122,primary,offer,6058.024276315788,False,,Poznań,II 2012
11,3064000,Poznań,2012Q3,2012,3,20123,primary,offer,6160.990374531832,False,,Poznań,III 2012
11,3064000,Poznań,2012Q4,2012,4,20124,primary,offer,6130.552004310342,False,,Poznań,IV 2012
11,3064000,Poznań,2013Q1,2013,1,20131,primary,offer,6382.252769918093,False,,Poznań,I 2013
11,3064000,Poznań,2013Q2,2013,2,20132,primary,offer,6334.477904993913,False,,Poznań,II 2013
11,3064000,Poznań,2013Q3,2013,3,20133,primary,offer,6341.773666890525,False,,Poznań,III 2013
11,3064000,Poznań,2013Q4,2013,4,20134,primary,offer,6417.4551321450435,False,,Poznań,IV 2013
11,3064000,Poznań,2014Q1,2014,1,20141,primary,offer,6669.8867016205895,False,,Poznań,I 2014
11,3064000,Poznań,2014Q2,2014,2,20142,primary,offer,6560.276163141997,False,,Poznań,II 2014
11,3064000,Poznań,2014Q3,2014,3,20143,primary,offer,6551.987410953663,False,,Poznań,III 2014
11,3064000,Poznań,2014Q4,2014,4,20144,primary,offer,6546.295553607939,False,,Poznań,IV 2014
11,3064000,Poznań,2015Q1,2015,1,20151,primary,offer,6599.738677137865,False,,Poznań,I 2015
11,3064000,Poznań,2015Q2,2015,2,20152,primary,offer,6526.581786120597,False,,Poznań,II 2015
11,3064000,Poznań,2015Q3,2015,3,20153,primary,offer,6482.168236906205,False,,Poznań,III 2015
11,3064000,Poznań,2015Q4,2015,4,20154,primary,offer,6511.799892584909,False,,Poznań,IV 2015
11,3064000,Poznań,2016Q1,2016,1,20161,primary,offer,6424.695459585635,False,,Poznań,I 2016
11,3064000,Poznań,2016Q2,2016,2,20162,primary,offer,6457.748962395563,False,,Poznań,II 2016
11,3064000,Poznań,2016Q3,2016,3,20163,primary,offer,6452.691720109951,False,,Poznań,III 2016
11,3064000,Poznań,2016Q4,2016,4,20164,primary,offer,6402.7558695652115,False,,Poznań,IV 2016
11,3064000,Poznań,2017Q1,2017,1,20171,primary,offer,6429.217447338649,False,,Poznań,I 2017
11,3064000,Poznań,2017Q2,2017,2,20172,primary,offer,6434.689785318571,False,,Poznań,II 2017
11,3064000,Poznań,2017Q3,2017,3,20173,primary,offer,6479.397334674384,False,,Poznań,III 2017
11,3064000,Poznań,2017Q4,2017,4,20174,primary,offer,6550.619344713657,False,,Poznań,IV 2017
11,3064000,Poznań,2018Q1,2018,1,20181,primary,offer,6676.285945945926,False,,Poznań,I 2018
11,3064000,Poznań,2018Q2,2018,2,20182,primary,offer,6866.28678166241,False,,Poznań,II 2018
11,3064000,Poznań,2018Q3,2018,3,20183,primary,offer,6930.668099224187,False,,Poznań,III 2018
11,3064000,Poznań,2018Q4,2018,4,20184,primary,offer,7032.572678105206,False,,Poznań,IV 2018
11,3064000,Poznań,2019Q1,2019,1,20191,primary,offer,7350.505610874532,False,,Poznań,I 2019
11,3064000,Poznań,2019Q2,2019,2,20192,primary,offer,7233.264505770937,False,,Poznań,II 2019
11,3064000,Poznań,2019Q3,2019,3,20193,primary,offer,7390.78997873961,False,,Poznań,III 2019
11,3064000,Poznań,2019Q4,2019,4,20194,primary,offer,7394.000539906076,False,,Poznań,IV 2019
11,3064000,Poznań,2020Q1,2020,1,20201,primary,offer,7540.962733496334,False,,Poznań,I 2020
11,3064000,Poznań,2020Q2,2020,2,20202,primary,offer,7763.615633541423,False,,Poznań,II 2020
11,3064000,Poznań,2020Q3,2020,3,20203,primary,offer,7922.850674231203,False,,Poznań,III 2020
11,3064000,Poznań,2020Q4,2020,4,20204,primary,offer,7980.402005302007,False,,Poznań,IV 2020
11,3064000,Poznań,2021Q1,2021,1,20211,primary,offer,7989.56086292788,False,,Poznań,I 2021
11,3064000,Poznań,2021Q2,2021,2,20212,primary,offer,8256.481150741494,False,,Poznań,II 2021
11,3064000,Poznań,2021Q3,2021,3,20213,primary,offer,8780.528889306528,False,,Poznań,III 2021
11,3064000,Poznań,2021Q4,2021,4,20214,primary,offer,9199.976556822996,False,,Poznań,IV 2021
11,3064000,Poznań,2022Q1,2022,1,20221,primary,offer,9843.157458628844,False,,Poznań,I 2022
11,3064000,Poznań,2022Q2,2022,2,20222,primary,offer,9969.346869230774,False,,Poznań,II 2022
11,3064000,Poznań,2022Q3,2022,3,20223,primary,offer,10154.59633610899,False,,Poznań,III 2022
11,3064000,Poznań,2022Q4,2022,4,20224,primary,offer,10326.656333739356,False,,Poznań,IV 2022
11,3064000,Poznań,2023Q1,2023,1,20231,primary,offer,10683.893913506605,False,,Poznań,I 2023
11,3064000,Poznań,2023Q2,2023,2,20232,primary,offer,10808.322101634842,False,,Poznań,II 2023
11,3064000,Poznań,2023Q3,2023,3,20233,primary,offer,11558.576275520743,False,,Poznań,III 2023
11,3064000,Poznań,2023Q4,2023,4,20234,primary,offer,12434.801893110087,False,,Poznań,IV 2023
11,3064000,Poznań,2024Q1,2024,1,20241,primary,offer,12811.514590846042,False,,Poznań,I 2024
11,3064000,Poznań,2024Q2,2024,2,20242,primary,offer,12794.003301050348,False,,Poznań,II 2024
11,3064000,Poznań,2024Q3,2024,3,20243,primary,offer,12955.860423993214,False,,Poznań,III 2024
11,3064000,Poznań,2024Q4,2024,4,20244,primary,offer,12953.006424233683,False,,Poznań,IV 2024
11,3064000,Poznań,2025Q1,2025,1,20251,primary,offer,13132.453744839006,False,,Poznań,I 2025
11,3064000,Poznań,2025Q2,2025,2,20252,primary,offer,13226.618523217452,False,,Poznań,II 2025
11,3064000,Poznań,2025Q3,2025,3,20253,primary,offer,13202.537618731754,False,,Poznań,III 2025
11,3064000,Poznań,2025Q4,2025,4,20254,primary,offer,13592.962315937224,False,,Poznań,IV 2025
11,3064000,Poznań,2026Q1,2026,1,20261,primary,offer,13777.820579536387,False,,Poznań,I 2026
11,3064000,Poznań,2026Q2,2026,2,20262,primary,offer,13908.930634441118,False,,Poznań,II 2026
12,1863000,Rzeszów,2006Q3,2006,3,20063,primary,offer,2862.0,False,,Rzeszów,III 2006
12,1863000,Rzeszów,2006Q4,2006,4,20064,primary,offer,3401.0,False,,Rzeszów,IV 2006
12,1863000,Rzeszów,2007Q1,2007,1,20071,primary,offer,3420.0,False,,Rzeszów,I 2007
12,1863000,Rzeszów,2007Q2,2007,2,20072,primary,offer,4080.0,False,,Rzeszów,II 2007
12,1863000,Rzeszów,2007Q3,2007,3,20073,primary,offer,4069.0,False,,Rzeszów,III 2007
12,1863000,Rzeszów,2007Q4,2007,4,20074,primary,offer,4357.0,False,,Rzeszów,IV 2007
12,1863000,Rzeszów,2008Q1,2008,1,20081,primary,offer,4188.0,False,,Rzeszów,I 2008
12,1863000,Rzeszów,2008Q2,2008,2,20082,primary,offer,4215.0,False,,Rzeszów,II 2008
12,1863000,Rzeszów,2008Q3,2008,3,20083,primary,offer,4433.0,False,,Rzeszów,III 2008
12,1863000,Rzeszów,2008Q4,2008,4,20084,primary,offer,4069.0,False,,Rzeszów,IV 2008
12,1863000,Rzeszów,2009Q1,2009,1,20091,primary,offer,3966.0,False,,Rzeszów,I 2009
12,1863000,Rzeszów,2009Q2,2009,2,20092,primary,offer,3787.0,False,,Rzeszów,II 2009
12,1863000,Rzeszów,2009Q3,2009,3,20093,primary,offer,3742.0,False,,Rzeszów,III 2009
12,1863000,Rzeszów,2009Q4,2009,4,20094,primary,offer,4021.0,False,,Rzeszów,IV 2009
12,1863000,Rzeszów,2010Q1,2010,1,20101,primary,offer,4159.0,False,,Rzeszów,I 2010
12,1863000,Rzeszów,2010Q2,2010,2,20102,primary,offer,4274.0,False,,Rzeszów,II 2010
12,1863000,Rzeszów,2010Q3,2010,3,20103,primary,offer,4305.0,False,,Rzeszów,III 2010
12,1863000,Rzeszów,2010Q4,2010,4,20104,primary,offer,4254.0,False,,Rzeszów,IV 2010
12,1863000,Rzeszów,2011Q1,2011,1,20111,primary,offer,4077.0,False,,Rzeszów,I 2011
12,1863000,Rzeszów,2011Q2,2011,2,20112,primary,offer,4142.0,False,,Rzeszów,II 2011
12,1863000,Rzeszów,2011Q3,2011,3,20113,primary,offer,4283.0,False,,Rzeszów,III 2011
12,1863000,Rzeszów,2011Q4,2011,4,20114,primary,offer,4271.0,False,,Rzeszów,IV 2011
12,1863000,Rzeszów,2012Q1,2012,1,20121,primary,offer,4457.0,False,,Rzeszów,I 2012
12,1863000,Rzeszów,2012Q2,2012,2,20122,primary,offer,4565.0,False,,Rzeszów,II 2012
12,1863000,Rzeszów,2012Q3,2012,3,20123,primary,offer,4507.0,False,,Rzeszów,III 2012
12,1863000,Rzeszów,2012Q4,2012,4,20124,primary,offer,4555.0,False,,Rzeszów,IV 2012
12,1863000,Rzeszów,2013Q1,2013,1,20131,primary,offer,4463.0,False,,Rzeszów,I 2013
12,1863000,Rzeszów,2013Q2,2013,2,20132,primary,offer,5141.0,False,,Rzeszów,II 2013
12,1863000,Rzeszów,2013Q3,2013,3,20133,primary,offer,5148.0,False,,Rzeszów,III 2013
12,1863000,Rzeszów,2013Q4,2013,4,20134,primary,offer,5102.0,False,,Rzeszów,IV 2013
12,1863000,Rzeszów,2014Q1,2014,1,20141,primary,offer,5123.0,False,,Rzeszów,I 2014
12,1863000,Rzeszów,2014Q2,2014,2,20142,primary,offer,5027.0,False,,Rzeszów,II 2014
12,1863000,Rzeszów,2014Q3,2014,3,20143,primary,offer,5040.0,False,,Rzeszów,III 2014
12,1863000,Rzeszów,2014Q4,2014,4,20144,primary,offer,5034.0,False,,Rzeszów,IV 2014
12,1863000,Rzeszów,2015Q1,2015,1,20151,primary,offer,5245.0,False,,Rzeszów,I 2015
12,1863000,Rzeszów,2015Q2,2015,2,20152,primary,offer,5082.0,False,,Rzeszów,II 2015
12,1863000,Rzeszów,2015Q3,2015,3,20153,primary,offer,5038.0,False,,Rzeszów,III 2015
12,1863000,Rzeszów,2015Q4,2015,4,20154,primary,offer,5126.0,False,,Rzeszów,IV 2015
12,1863000,Rzeszów,2016Q1,2016,1,20161,primary,offer,4986.0,False,,Rzeszów,I 2016
12,1863000,Rzeszów,2016Q2,2016,2,20162,primary,offer,5013.0,False,,Rzeszów,II 2016
12,1863000,Rzeszów,2016Q3,2016,3,20163,primary,offer,4952.0,False,,Rzeszów,III 2016
12,1863000,Rzeszów,2016Q4,2016,4,20164,primary,offer,4842.0,False,,Rzeszów,IV 2016
12,1863000,Rzeszów,2017Q1,2017,1,20171,primary,offer,4811.0,False,,Rzeszów,I 2017
12,1863000,Rzeszów,2017Q2,2017,2,20172,primary,offer,5054.0,False,,Rzeszów,II 2017
12,1863000,Rzeszów,2017Q3,2017,3,20173,primary,offer,4990.0,False,,Rzeszów,III 2017
12,1863000,Rzeszów,2017Q4,2017,4,20174,primary,offer,4992.0,False,,Rzeszów,IV 2017
12,1863000,Rzeszów,2018Q1,2018,1,20181,primary,offer,4952.0,False,,Rzeszów,I 2018
12,1863000,Rzeszów,2018Q2,2018,2,20182,primary,offer,5257.0,False,,Rzeszów,II 2018
12,1863000,Rzeszów,2018Q3,2018,3,20183,primary,offer,5233.0,False,,Rzeszów,III 2018
12,1863000,Rzeszów,2018Q4,2018,4,20184,primary,offer,5210.0,False,,Rzeszów,IV 2018
12,1863000,Rzeszów,2019Q1,2019,1,20191,primary,offer,5549.0,False,,Rzeszów,I 2019
12,1863000,Rzeszów,2019Q2,2019,2,20192,primary,offer,5792.0,False,,Rzeszów,II 2019
12,1863000,Rzeszów,2019Q3,2019,3,20193,primary,offer,5799.0,False,,Rzeszów,III 2019
12,1863000,Rzeszów,2019Q4,2019,4,20194,primary,offer,5880.0,False,,Rzeszów,IV 2019
12,1863000,Rzeszów,2020Q1,2020,1,20201,primary,offer,5909.0,False,,Rzeszów,I 2020
12,1863000,Rzeszów,2020Q2,2020,2,20202,primary,offer,5987.19,False,,Rzeszów,II 2020
12,1863000,Rzeszów,2020Q3,2020,3,20203,primary,offer,6047.65,False,,Rzeszów,III 2020
12,1863000,Rzeszów,2020Q4,2020,4,20204,primary,offer,6274.26,False,,Rzeszów,IV 2020
12,1863000,Rzeszów,2021Q1,2021,1,20211,primary,offer,6362.14,False,,Rzeszów,I 2021
12,1863000,Rzeszów,2021Q2,2021,2,20212,primary,offer,6711.08,False,,Rzeszów,II 2021
12,1863000,Rzeszów,2021Q3,2021,3,20213,primary,offer,7270.76,False,,Rzeszów,III 2021
12,1863000,Rzeszów,2021Q4,2021,4,20214,primary,offer,7776.0455252918355,False,,Rzeszów,IV 2021
12,1863000,Rzeszów,2022Q1,2022,1,20221,primary,offer,8101.905032198723,False,,Rzeszów,I 2022
12,1863000,Rzeszów,2022Q2,2022,2,20222,primary,offer,8412.457097884915,False,,Rzeszów,II 2022
12,1863000,Rzeszów,2022Q3,2022,3,20223,primary,offer,8695.758497017925,False,,Rzeszów,III 2022
12,1863000,Rzeszów,2022Q4,2022,4,20224,primary,offer,8721.365086103327,False,,Rzeszów,IV 2022
12,1863000,Rzeszów,2023Q1,2023,1,20231,primary,offer,8948.547043879913,False,,Rzeszów,I 2023
12,1863000,Rzeszów,2023Q2,2023,2,20232,primary,offer,9002.464981084511,False,,Rzeszów,II 2023
12,1863000,Rzeszów,2023Q3,2023,3,20233,primary,offer,9187.409403449969,False,,Rzeszów,III 2023
12,1863000,Rzeszów,2023Q4,2023,4,20234,primary,offer,9891.477527252224,False,,Rzeszów,IV 2023
12,1863000,Rzeszów,2024Q1,2024,1,20241,primary,offer,10263.810568997716,False,,Rzeszów,I 2024
12,1863000,Rzeszów,2024Q2,2024,2,20242,primary,offer,10498.306210633487,False,,Rzeszów,II 2024
12,1863000,Rzeszów,2024Q3,2024,3,20243,primary,offer,10615.107141270792,False,,Rzeszów,III 2024
12,1863000,Rzeszów,2024Q4,2024,4,20244,primary,offer,10425.713560371725,False,,Rzeszów,IV 2024
12,1863000,Rzeszów,2025Q1,2025,1,20251,primary,offer,10714.390202156626,False,,Rzeszów,I 2025
12,1863000,Rzeszów,2025Q2,2025,2,20252,primary,offer,10670.179064610307,False,,Rzeszów,II 2025
12,1863000,Rzeszów,2025Q3,2025,3,20253,primary,offer,10543.436012746482,False,,Rzeszów,III 2025
12,1863000,Rzeszów,2025Q4,2025,4,20254,primary,offer,10555.272629766483,False,,Rzeszów,IV 2025
12,1863000,Rzeszów,2026Q1,2026,1,20261,primary,offer,10771.93835485995,False,,Rzeszów,I 2026
12,1863000,Rzeszów,2026Q2,2026,2,20262,primary,offer,11213.787720679875,False,,Rzeszów,II 2026
13,3262000,Szczecin,2006Q3,2006,3,20063,primary,offer,3214.9806362351082,False,,Szczecin,III 2006
13,3262000,Szczecin,2006Q4,2006,4,20064,primary,offer,3679.1233364738014,False,,Szczecin,IV 2006
13,3262000,Szczecin,2007Q1,2007,1,20071,primary,offer,4749.124321233212,False,,Szczecin,I 2007
13,3262000,Szczecin,2007Q2,2007,2,20072,primary,offer,5049.969372337153,False,,Szczecin,II 2007
13,3262000,Szczecin,2007Q3,2007,3,20073,primary,offer,5034.720763452044,False,,Szczecin,III 2007
13,3262000,Szczecin,2007Q4,2007,4,20074,primary,offer,5731.136187831107,False,,Szczecin,IV 2007
13,3262000,Szczecin,2008Q1,2008,1,20081,primary,offer,5722.909843580409,False,,Szczecin,I 2008
13,3262000,Szczecin,2008Q2,2008,2,20082,primary,offer,5663.598866802976,False,,Szczecin,II 2008
13,3262000,Szczecin,2008Q3,2008,3,20083,primary,offer,5520.665844204071,False,,Szczecin,III 2008
13,3262000,Szczecin,2008Q4,2008,4,20084,primary,offer,5469.042523767099,False,,Szczecin,IV 2008
13,3262000,Szczecin,2009Q1,2009,1,20091,primary,offer,5310.291624144453,False,,Szczecin,I 2009
13,3262000,Szczecin,2009Q2,2009,2,20092,primary,offer,5323.809747573039,False,,Szczecin,II 2009
13,3262000,Szczecin,2009Q3,2009,3,20093,primary,offer,5181.476071429401,False,,Szczecin,III 2009
13,3262000,Szczecin,2009Q4,2009,4,20094,primary,offer,4987.346628427429,False,,Szczecin,IV 2009
13,3262000,Szczecin,2010Q1,2010,1,20101,primary,offer,5205.828189740803,False,,Szczecin,I 2010
13,3262000,Szczecin,2010Q2,2010,2,20102,primary,offer,5003.875722763592,False,,Szczecin,II 2010
13,3262000,Szczecin,2010Q3,2010,3,20103,primary,offer,4983.137943908022,False,,Szczecin,III 2010
13,3262000,Szczecin,2010Q4,2010,4,20104,primary,offer,4959.416869468527,False,,Szczecin,IV 2010
13,3262000,Szczecin,2011Q1,2011,1,20111,primary,offer,4980.0,False,,Szczecin,I 2011
13,3262000,Szczecin,2011Q2,2011,2,20112,primary,offer,5049.0,False,,Szczecin,II 2011
13,3262000,Szczecin,2011Q3,2011,3,20113,primary,offer,5017.0,False,,Szczecin,III 2011
13,3262000,Szczecin,2011Q4,2011,4,20114,primary,offer,5000.0,False,,Szczecin,IV 2011
13,3262000,Szczecin,2012Q1,2012,1,20121,primary,offer,4951.04705554782,False,,Szczecin,I 2012
13,3262000,Szczecin,2012Q2,2012,2,20122,primary,offer,4973.0,False,,Szczecin,II 2012
13,3262000,Szczecin,2012Q3,2012,3,20123,primary,offer,4981.844886961425,False,,Szczecin,III 2012
13,3262000,Szczecin,2012Q4,2012,4,20124,primary,offer,4985.891366862057,False,,Szczecin,IV 2012
13,3262000,Szczecin,2013Q1,2013,1,20131,primary,offer,4836.28848885839,False,,Szczecin,I 2013
13,3262000,Szczecin,2013Q2,2013,2,20132,primary,offer,4774.034190814135,False,,Szczecin,II 2013
13,3262000,Szczecin,2013Q3,2013,3,20133,primary,offer,4827.823417071384,False,,Szczecin,III 2013
13,3262000,Szczecin,2013Q4,2013,4,20134,primary,offer,4895.961521441307,False,,Szczecin,IV 2013
13,3262000,Szczecin,2014Q1,2014,1,20141,primary,offer,4878.647951774007,False,,Szczecin,I 2014
13,3262000,Szczecin,2014Q2,2014,2,20142,primary,offer,4844.039618348883,False,,Szczecin,II 2014
13,3262000,Szczecin,2014Q3,2014,3,20143,primary,offer,4875.727324444395,False,,Szczecin,III 2014
13,3262000,Szczecin,2014Q4,2014,4,20144,primary,offer,4892.077686633226,False,,Szczecin,IV 2014
13,3262000,Szczecin,2015Q1,2015,1,20151,primary,offer,4955.460733608445,False,,Szczecin,I 2015
13,3262000,Szczecin,2015Q2,2015,2,20152,primary,offer,4812.858416394224,False,,Szczecin,II 2015
13,3262000,Szczecin,2015Q3,2015,3,20153,primary,offer,4851.4510646314975,False,,Szczecin,III 2015
13,3262000,Szczecin,2015Q4,2015,4,20154,primary,offer,4814.649161015908,False,,Szczecin,IV 2015
13,3262000,Szczecin,2016Q1,2016,1,20161,primary,offer,4872.502135563123,False,,Szczecin,I 2016
13,3262000,Szczecin,2016Q2,2016,2,20162,primary,offer,4884.65741118615,False,,Szczecin,II 2016
13,3262000,Szczecin,2016Q3,2016,3,20163,primary,offer,4871.046430433141,False,,Szczecin,III 2016
13,3262000,Szczecin,2016Q4,2016,4,20164,primary,offer,4875.361071059832,False,,Szczecin,IV 2016
13,3262000,Szczecin,2017Q1,2017,1,20171,primary,offer,5051.728182816844,False,,Szczecin,I 2017
13,3262000,Szczecin,2017Q2,2017,2,20172,primary,offer,5772.251960910521,False,,Szczecin,II 2017
13,3262000,Szczecin,2017Q3,2017,3,20173,primary,offer,5845.339773628602,False,,Szczecin,III 2017
13,3262000,Szczecin,2017Q4,2017,4,20174,primary,offer,5616.684273714075,False,,Szczecin,IV 2017
13,3262000,Szczecin,2018Q1,2018,1,20181,primary,offer,5660.189206954936,False,,Szczecin,I 2018
13,3262000,Szczecin,2018Q2,2018,2,20182,primary,offer,5759.036231342471,False,,Szczecin,II 2018
13,3262000,Szczecin,2018Q3,2018,3,20183,primary,offer,5941.0,False,,Szczecin,III 2018
13,3262000,Szczecin,2018Q4,2018,4,20184,primary,offer,6054.0,False,,Szczecin,IV 2018
13,3262000,Szczecin,2019Q1,2019,1,20191,primary,offer,6244.0,False,,Szczecin,I 2019
13,3262000,Szczecin,2019Q2,2019,2,20192,primary,offer,6305.0,False,,Szczecin,II 2019
13,3262000,Szczecin,2019Q3,2019,3,20193,primary,offer,6606.0,False,,Szczecin,III 2019
13,3262000,Szczecin,2019Q4,2019,4,20194,primary,offer,6574.236184302972,False,,Szczecin,IV 2019
13,3262000,Szczecin,2020Q1,2020,1,20201,primary,offer,6644.861449786397,False,,Szczecin,I 2020
13,3262000,Szczecin,2020Q2,2020,2,20202,primary,offer,7086.4649353267305,False,,Szczecin,II 2020
13,3262000,Szczecin,2020Q3,2020,3,20203,primary,offer,7786.451243585495,False,,Szczecin,III 2020
13,3262000,Szczecin,2020Q4,2020,4,20204,primary,offer,8097.36578773981,False,,Szczecin,IV 2020
13,3262000,Szczecin,2021Q1,2021,1,20211,primary,offer,8229.391663407407,False,,Szczecin,I 2021
13,3262000,Szczecin,2021Q2,2021,2,20212,primary,offer,8468.610689660029,False,,Szczecin,II 2021
13,3262000,Szczecin,2021Q3,2021,3,20213,primary,offer,8800.046842559967,False,,Szczecin,III 2021
13,3262000,Szczecin,2021Q4,2021,4,20214,primary,offer,9183.655485043442,False,,Szczecin,IV 2021
13,3262000,Szczecin,2022Q1,2022,1,20221,primary,offer,9424.089698117856,False,,Szczecin,I 2022
13,3262000,Szczecin,2022Q2,2022,2,20222,primary,offer,9907.433485863465,False,,Szczecin,II 2022
13,3262000,Szczecin,2022Q3,2022,3,20223,primary,offer,11004.670069984582,False,,Szczecin,III 2022
13,3262000,Szczecin,2022Q4,2022,4,20224,primary,offer,10870.06127538793,False,,Szczecin,IV 2022
13,3262000,Szczecin,2023Q1,2023,1,20231,primary,offer,11166.284763967455,False,,Szczecin,I 2023
13,3262000,Szczecin,2023Q2,2023,2,20232,primary,offer,11962.058483592918,False,,Szczecin,II 2023
13,3262000,Szczecin,2023Q3,2023,3,20233,primary,offer,12190.897684251808,False,,Szczecin,III 2023
13,3262000,Szczecin,2023Q4,2023,4,20234,primary,offer,12395.88501155811,False,,Szczecin,IV 2023
13,3262000,Szczecin,2024Q1,2024,1,20241,primary,offer,12217.697118812666,False,,Szczecin,I 2024
13,3262000,Szczecin,2024Q2,2024,2,20242,primary,offer,12479.319678996595,False,,Szczecin,II 2024
13,3262000,Szczecin,2024Q3,2024,3,20243,primary,offer,12992.860591959514,False,,Szczecin,III 2024
13,3262000,Szczecin,2024Q4,2024,4,20244,primary,offer,13075.394038459164,False,,Szczecin,IV 2024
13,3262000,Szczecin,2025Q1,2025,1,20251,primary,offer,13054.416515109742,False,,Szczecin,I 2025
13,3262000,Szczecin,2025Q2,2025,2,20252,primary,offer,13040.08178832909,False,,Szczecin,II 2025
13,3262000,Szczecin,2025Q3,2025,3,20253,primary,offer,13206.508326315943,False,,Szczecin,III 2025
13,3262000,Szczecin,2025Q4,2025,4,20254,primary,offer,13281.02797853295,False,,Szczecin,IV 2025
13,3262000,Szczecin,2026Q1,2026,1,20261,primary,offer,13146.703406174003,False,,Szczecin,I 2026
13,3262000,Szczecin,2026Q2,2026,2,20262,primary,offer,13724.347039909131,False,,Szczecin,II 2026
14,1465000,Warszawa,2006Q3,2006,3,20063,primary,offer,5873.0,False,,Warszawa,III 2006
14,1465000,Warszawa,2006Q4,2006,4,20064,primary,offer,6095.0,False,,Warszawa,IV 2006
14,1465000,Warszawa,2007Q1,2007,1,20071,primary,offer,7509.0,False,,Warszawa,I 2007
14,1465000,Warszawa,2007Q2,2007,2,20072,primary,offer,8000.0,False,,Warszawa,II 2007
14,1465000,Warszawa,2007Q3,2007,3,20073,primary,offer,8740.0,False,,Warszawa,III 2007
14,1465000,Warszawa,2007Q4,2007,4,20074,primary,offer,9561.0,False,,Warszawa,IV 2007
14,1465000,Warszawa,2008Q1,2008,1,20081,primary,offer,9427.0,False,,Warszawa,I 2008
14,1465000,Warszawa,2008Q2,2008,2,20082,primary,offer,9300.0,False,,Warszawa,II 2008
14,1465000,Warszawa,2008Q3,2008,3,20083,primary,offer,9235.0,False,,Warszawa,III 2008
14,1465000,Warszawa,2008Q4,2008,4,20084,primary,offer,9821.0,False,,Warszawa,IV 2008
14,1465000,Warszawa,2009Q1,2009,1,20091,primary,offer,9880.0,False,,Warszawa,I 2009
14,1465000,Warszawa,2009Q2,2009,2,20092,primary,offer,9859.0,False,,Warszawa,II 2009
14,1465000,Warszawa,2009Q3,2009,3,20093,primary,offer,9992.960622,False,,Warszawa,III 2009
14,1465000,Warszawa,2009Q4,2009,4,20094,primary,offer,9915.277206,False,,Warszawa,IV 2009
14,1465000,Warszawa,2010Q1,2010,1,20101,primary,offer,9118.689939518896,False,,Warszawa,I 2010
14,1465000,Warszawa,2010Q2,2010,2,20102,primary,offer,8550.997477321702,False,,Warszawa,II 2010
14,1465000,Warszawa,2010Q3,2010,3,20103,primary,offer,8294.768956697,False,,Warszawa,III 2010
14,1465000,Warszawa,2010Q4,2010,4,20104,primary,offer,8133.25935402,False,,Warszawa,IV 2010
14,1465000,Warszawa,2011Q1,2011,1,20111,primary,offer,8211.0,False,,Warszawa,I 2011
14,1465000,Warszawa,2011Q2,2011,2,20112,primary,offer,8396.152132707304,False,,Warszawa,II 2011
14,1465000,Warszawa,2011Q3,2011,3,20113,primary,offer,8025.110844464996,False,,Warszawa,III 2011
14,1465000,Warszawa,2011Q4,2011,4,20114,primary,offer,7826.248643957203,False,,Warszawa,IV 2011
14,1465000,Warszawa,2012Q1,2012,1,20121,primary,offer,7879.1834327233655,False,,Warszawa,I 2012
14,1465000,Warszawa,2012Q2,2012,2,20122,primary,offer,8122.658551092201,False,,Warszawa,II 2012
14,1465000,Warszawa,2012Q3,2012,3,20123,primary,offer,7874.934938209658,False,,Warszawa,III 2012
14,1465000,Warszawa,2012Q4,2012,4,20124,primary,offer,7695.07980873856,False,,Warszawa,IV 2012
14,1465000,Warszawa,2013Q1,2013,1,20131,primary,offer,8076.07662654198,False,,Warszawa,I 2013
14,1465000,Warszawa,2013Q2,2013,2,20132,primary,offer,8080.505448298822,False,,Warszawa,II 2013
14,1465000,Warszawa,2013Q3,2013,3,20133,primary,offer,8145.839737846778,False,,Warszawa,III 2013
14,1465000,Warszawa,2013Q4,2013,4,20134,primary,offer,8088.2671955671885,False,,Warszawa,IV 2013
14,1465000,Warszawa,2014Q1,2014,1,20141,primary,offer,8005.404656752187,False,,Warszawa,I 2014
14,1465000,Warszawa,2014Q2,2014,2,20142,primary,offer,7924.025627651702,False,,Warszawa,II 2014
14,1465000,Warszawa,2014Q3,2014,3,20143,primary,offer,7819.356024545944,False,,Warszawa,III 2014
14,1465000,Warszawa,2014Q4,2014,4,20144,primary,offer,7691.358070935864,False,,Warszawa,IV 2014
14,1465000,Warszawa,2015Q1,2015,1,20151,primary,offer,7839.312622637652,False,,Warszawa,I 2015
14,1465000,Warszawa,2015Q2,2015,2,20152,primary,offer,7872.092153953637,False,,Warszawa,II 2015
14,1465000,Warszawa,2015Q3,2015,3,20153,primary,offer,7807.0280888208645,False,,Warszawa,III 2015
14,1465000,Warszawa,2015Q4,2015,4,20154,primary,offer,7788.873947038797,False,,Warszawa,IV 2015
14,1465000,Warszawa,2016Q1,2016,1,20161,primary,offer,7877.688999722974,False,,Warszawa,I 2016
14,1465000,Warszawa,2016Q2,2016,2,20162,primary,offer,7648.558,False,,Warszawa,II 2016
14,1465000,Warszawa,2016Q3,2016,3,20163,primary,offer,7771.718118045363,False,,Warszawa,III 2016
14,1465000,Warszawa,2016Q4,2016,4,20164,primary,offer,7638.064611380712,False,,Warszawa,IV 2016
14,1465000,Warszawa,2017Q1,2017,1,20171,primary,offer,7706.5293218125225,False,,Warszawa,I 2017
14,1465000,Warszawa,2017Q2,2017,2,20172,primary,offer,7739.707327057996,False,,Warszawa,II 2017
14,1465000,Warszawa,2017Q3,2017,3,20173,primary,offer,7788.43238116164,False,,Warszawa,III 2017
14,1465000,Warszawa,2017Q4,2017,4,20174,primary,offer,8019.7561015507645,False,,Warszawa,IV 2017
14,1465000,Warszawa,2018Q1,2018,1,20181,primary,offer,8201.531156843137,False,,Warszawa,I 2018
14,1465000,Warszawa,2018Q2,2018,2,20182,primary,offer,8610.596317562757,False,,Warszawa,II 2018
14,1465000,Warszawa,2018Q3,2018,3,20183,primary,offer,8887.606896110667,False,,Warszawa,III 2018
14,1465000,Warszawa,2018Q4,2018,4,20184,primary,offer,9019.622870956524,False,,Warszawa,IV 2018
14,1465000,Warszawa,2019Q1,2019,1,20191,primary,offer,9426.992836606716,False,,Warszawa,I 2019
14,1465000,Warszawa,2019Q2,2019,2,20192,primary,offer,9590.484972158489,False,,Warszawa,II 2019
14,1465000,Warszawa,2019Q3,2019,3,20193,primary,offer,9934.552237174312,False,,Warszawa,III 2019
14,1465000,Warszawa,2019Q4,2019,4,20194,primary,offer,10280.10156319338,False,,Warszawa,IV 2019
14,1465000,Warszawa,2020Q1,2020,1,20201,primary,offer,10610.407612206527,False,,Warszawa,I 2020
14,1465000,Warszawa,2020Q2,2020,2,20202,primary,offer,10719.467604015796,False,,Warszawa,II 2020
14,1465000,Warszawa,2020Q3,2020,3,20203,primary,offer,10733.934463219886,False,,Warszawa,III 2020
14,1465000,Warszawa,2020Q4,2020,4,20204,primary,offer,10750.759678332726,False,,Warszawa,IV 2020
14,1465000,Warszawa,2021Q1,2021,1,20211,primary,offer,10969.466772967698,False,,Warszawa,I 2021
14,1465000,Warszawa,2021Q2,2021,2,20212,primary,offer,11361.831590430083,False,,Warszawa,II 2021
14,1465000,Warszawa,2021Q3,2021,3,20213,primary,offer,11405.546470460224,False,,Warszawa,III 2021
14,1465000,Warszawa,2021Q4,2021,4,20214,primary,offer,11819.776105922909,False,,Warszawa,IV 2021
14,1465000,Warszawa,2022Q1,2022,1,20221,primary,offer,12517.31157290343,False,,Warszawa,I 2022
14,1465000,Warszawa,2022Q2,2022,2,20222,primary,offer,12895.018423307678,False,,Warszawa,II 2022
14,1465000,Warszawa,2022Q3,2022,3,20223,primary,offer,12911.995748131707,False,,Warszawa,III 2022
14,1465000,Warszawa,2022Q4,2022,4,20224,primary,offer,13009.170955826306,False,,Warszawa,IV 2022
14,1465000,Warszawa,2023Q1,2023,1,20231,primary,offer,13301.620715745054,False,,Warszawa,I 2023
14,1465000,Warszawa,2023Q2,2023,2,20232,primary,offer,13713.211013994867,False,,Warszawa,II 2023
14,1465000,Warszawa,2023Q3,2023,3,20233,primary,offer,14879.854909489566,False,,Warszawa,III 2023
14,1465000,Warszawa,2023Q4,2023,4,20234,primary,offer,15559.362991044332,False,,Warszawa,IV 2023
14,1465000,Warszawa,2024Q1,2024,1,20241,primary,offer,16189.648175126687,False,,Warszawa,I 2024
14,1465000,Warszawa,2024Q2,2024,2,20242,primary,offer,16511.763278202663,False,,Warszawa,II 2024
14,1465000,Warszawa,2024Q3,2024,3,20243,primary,offer,16820.658799111545,False,,Warszawa,III 2024
14,1465000,Warszawa,2024Q4,2024,4,20244,primary,offer,16786.694085822215,False,,Warszawa,IV 2024
14,1465000,Warszawa,2025Q1,2025,1,20251,primary,offer,16948.16232070711,False,,Warszawa,I 2025
14,1465000,Warszawa,2025Q2,2025,2,20252,primary,offer,17293.023216450674,False,,Warszawa,II 2025
14,1465000,Warszawa,2025Q3,2025,3,20253,primary,offer,17355.119378577852,False,,Warszawa,III 2025
14,1465000,Warszawa,2025Q4,2025,4,20254,primary,offer,17742.535655318163,False,,Warszawa,IV 2025
14,1465000,Warszawa,2026Q1,2026,1,20261,primary,offer,18055.844428977663,False,,Warszawa,I 2026
14,1465000,Warszawa,2026Q2,2026,2,20262,primary,offer,18488.28152673002,False,,Warszawa,II 2026
15,0264000,Wrocław,2006Q3,2006,3,20063,primary,offer,4750.0,False,,Wrocław,III 2006
15,0264000,Wrocław,2006Q4,2006,4,20064,primary,offer,5759.0,False,,Wrocław,IV 2006
15,0264000,Wrocław,2007Q1,2007,1,20071,primary,offer,6308.702546679795,False,,Wrocław,I 2007
15,0264000,Wrocław,2007Q2,2007,2,20072,primary,offer,6294.0,False,,Wrocław,II 2007
15,0264000,Wrocław,2007Q3,2007,3,20073,primary,offer,6444.2875319886825,False,,Wrocław,III 2007
15,0264000,Wrocław,2007Q4,2007,4,20074,primary,offer,5495.136310196294,False,,Wrocław,IV 2007
15,0264000,Wrocław,2008Q1,2008,1,20081,primary,offer,5728.236508064076,False,,Wrocław,I 2008
15,0264000,Wrocław,2008Q2,2008,2,20082,primary,offer,6299.305540365307,False,,Wrocław,II 2008
15,0264000,Wrocław,2008Q3,2008,3,20083,primary,offer,5704.481422347942,False,,Wrocław,III 2008
15,0264000,Wrocław,2008Q4,2008,4,20084,primary,offer,5027.138512437171,False,,Wrocław,IV 2008
15,0264000,Wrocław,2009Q1,2009,1,20091,primary,offer,5014.0,False,,Wrocław,I 2009
15,0264000,Wrocław,2009Q2,2009,2,20092,primary,offer,5093.0,False,,Wrocław,II 2009
15,0264000,Wrocław,2009Q3,2009,3,20093,primary,offer,5362.0,False,,Wrocław,III 2009
15,0264000,Wrocław,2009Q4,2009,4,20094,primary,offer,5640.0,False,,Wrocław,IV 2009
15,0264000,Wrocław,2010Q1,2010,1,20101,primary,offer,6020.0,False,,Wrocław,I 2010
15,0264000,Wrocław,2010Q2,2010,2,20102,primary,offer,6090.0,False,,Wrocław,II 2010
15,0264000,Wrocław,2010Q3,2010,3,20103,primary,offer,6231.0,False,,Wrocław,III 2010
15,0264000,Wrocław,2010Q4,2010,4,20104,primary,offer,6342.0,False,,Wrocław,IV 2010
15,0264000,Wrocław,2011Q1,2011,1,20111,primary,offer,6129.0,False,,Wrocław,I 2011
15,0264000,Wrocław,2011Q2,2011,2,20112,primary,offer,6281.0,False,,Wrocław,II 2011
15,0264000,Wrocław,2011Q3,2011,3,20113,primary,offer,6388.0,False,,Wrocław,III 2011
15,0264000,Wrocław,2011Q4,2011,4,20114,primary,offer,6370.0,False,,Wrocław,IV 2011
15,0264000,Wrocław,2012Q1,2012,1,20121,primary,offer,6406.0,False,,Wrocław,I 2012
15,0264000,Wrocław,2012Q2,2012,2,20122,primary,offer,6467.0,False,,Wrocław,II 2012
15,0264000,Wrocław,2012Q3,2012,3,20123,primary,offer,6267.0,False,,Wrocław,III 2012
15,0264000,Wrocław,2012Q4,2012,4,20124,primary,offer,6069.0,False,,Wrocław,IV 2012
15,0264000,Wrocław,2013Q1,2013,1,20131,primary,offer,6031.0,False,,Wrocław,I 2013
15,0264000,Wrocław,2013Q2,2013,2,20132,primary,offer,5970.0,False,,Wrocław,II 2013
15,0264000,Wrocław,2013Q3,2013,3,20133,primary,offer,5997.0,False,,Wrocław,III 2013
15,0264000,Wrocław,2013Q4,2013,4,20134,primary,offer,5928.0,False,,Wrocław,IV 2013
15,0264000,Wrocław,2014Q1,2014,1,20141,primary,offer,6016.0,False,,Wrocław,I 2014
15,0264000,Wrocław,2014Q2,2014,2,20142,primary,offer,6092.0,False,,Wrocław,II 2014
15,0264000,Wrocław,2014Q3,2014,3,20143,primary,offer,6050.0,False,,Wrocław,III 2014
15,0264000,Wrocław,2014Q4,2014,4,20144,primary,offer,6075.0,False,,Wrocław,IV 2014
15,0264000,Wrocław,2015Q1,2015,1,20151,primary,offer,5964.0,False,,Wrocław,I 2015
15,0264000,Wrocław,2015Q2,2015,2,20152,primary,offer,6077.0,False,,Wrocław,II 2015
15,0264000,Wrocław,2015Q3,2015,3,20153,primary,offer,6135.0,False,,Wrocław,III 2015
15,0264000,Wrocław,2015Q4,2015,4,20154,primary,offer,6245.0,False,,Wrocław,IV 2015
15,0264000,Wrocław,2016Q1,2016,1,20161,primary,offer,6190.0,False,,Wrocław,I 2016
15,0264000,Wrocław,2016Q2,2016,2,20162,primary,offer,6201.0,False,,Wrocław,II 2016
15,0264000,Wrocław,2016Q3,2016,3,20163,primary,offer,6335.0,False,,Wrocław,III 2016
15,0264000,Wrocław,2016Q4,2016,4,20164,primary,offer,6443.0,False,,Wrocław,IV 2016
15,0264000,Wrocław,2017Q1,2017,1,20171,primary,offer,6460.0,False,,Wrocław,I 2017
15,0264000,Wrocław,2017Q2,2017,2,20172,primary,offer,6461.0,False,,Wrocław,II 2017
15,0264000,Wrocław,2017Q3,2017,3,20173,primary,offer,6390.0,False,,Wrocław,III 2017
15,0264000,Wrocław,2017Q4,2017,4,20174,primary,offer,6526.141895687012,False,,Wrocław,IV 2017
15,0264000,Wrocław,2018Q1,2018,1,20181,primary,offer,6745.0,False,,Wrocław,I 2018
15,0264000,Wrocław,2018Q2,2018,2,20182,primary,offer,7020.0,False,,Wrocław,II 2018
15,0264000,Wrocław,2018Q3,2018,3,20183,primary,offer,7145.0,False,,Wrocław,III 2018
15,0264000,Wrocław,2018Q4,2018,4,20184,primary,offer,7230.0,False,,Wrocław,IV 2018
15,0264000,Wrocław,2019Q1,2019,1,20191,primary,offer,7457.0,False,,Wrocław,I 2019
15,0264000,Wrocław,2019Q2,2019,2,20192,primary,offer,7636.0,False,,Wrocław,II 2019
15,0264000,Wrocław,2019Q3,2019,3,20193,primary,offer,7909.0,False,,Wrocław,III 2019
15,0264000,Wrocław,2019Q4,2019,4,20194,primary,offer,7976.0,False,,Wrocław,IV 2019
15,0264000,Wrocław,2020Q1,2020,1,20201,primary,offer,8482.754244890544,False,,Wrocław,I 2020
15,0264000,Wrocław,2020Q2,2020,2,20202,primary,offer,8652.02974542271,False,,Wrocław,II 2020
15,0264000,Wrocław,2020Q3,2020,3,20203,primary,offer,8670.419890845045,False,,Wrocław,III 2020
15,0264000,Wrocław,2020Q4,2020,4,20204,primary,offer,8630.37337887036,False,,Wrocław,IV 2020
15,0264000,Wrocław,2021Q1,2021,1,20211,primary,offer,9061.962481766914,False,,Wrocław,I 2021
15,0264000,Wrocław,2021Q2,2021,2,20212,primary,offer,9387.11698999735,False,,Wrocław,II 2021
15,0264000,Wrocław,2021Q3,2021,3,20213,primary,offer,9964.982607179558,False,,Wrocław,III 2021
15,0264000,Wrocław,2021Q4,2021,4,20214,primary,offer,10188.736321329941,False,,Wrocław,IV 2021
15,0264000,Wrocław,2022Q1,2022,1,20221,primary,offer,10351.791121003096,False,,Wrocław,I 2022
15,0264000,Wrocław,2022Q2,2022,2,20222,primary,offer,10788.632174025126,False,,Wrocław,II 2022
15,0264000,Wrocław,2022Q3,2022,3,20223,primary,offer,10962.562695867691,False,,Wrocław,III 2022
15,0264000,Wrocław,2022Q4,2022,4,20224,primary,offer,11384.432561992411,False,,Wrocław,IV 2022
15,0264000,Wrocław,2023Q1,2023,1,20231,primary,offer,11948.268293969568,False,,Wrocław,I 2023
15,0264000,Wrocław,2023Q2,2023,2,20232,primary,offer,12201.379729919574,False,,Wrocław,II 2023
15,0264000,Wrocław,2023Q3,2023,3,20233,primary,offer,12835.693111436718,False,,Wrocław,III 2023
15,0264000,Wrocław,2023Q4,2023,4,20234,primary,offer,13352.623972349335,False,,Wrocław,IV 2023
15,0264000,Wrocław,2024Q1,2024,1,20241,primary,offer,13531.128350501302,False,,Wrocław,I 2024
15,0264000,Wrocław,2024Q2,2024,2,20242,primary,offer,13991.532851239208,False,,Wrocław,II 2024
15,0264000,Wrocław,2024Q3,2024,3,20243,primary,offer,15274.748746481902,False,,Wrocław,III 2024
15,0264000,Wrocław,2024Q4,2024,4,20244,primary,offer,15046.154234258514,False,,Wrocław,IV 2024
15,0264000,Wrocław,2025Q1,2025,1,20251,primary,offer,15071.906402188524,False,,Wrocław,I 2025
15,0264000,Wrocław,2025Q2,2025,2,20252,primary,offer,15573.976243573581,False,,Wrocław,II 2025
15,0264000,Wrocław,2025Q3,2025,3,20253,primary,offer,15452.26316352494,False,,Wrocław,III 2025
15,0264000,Wrocław,2025Q4,2025,4,20254,primary,offer,15510.577575351243,False,,Wrocław,IV 2025
15,0264000,Wrocław,2026Q1,2026,1,20261,primary,offer,15443.800054444326,False,,Wrocław,I 2026
15,0264000,Wrocław,2026Q2,2026,2,20262,primary,offer,15575.4353294617,False,,Wrocław,II 2026
16,0862000,Zielona Góra,2006Q3,2006,3,20063,primary,offer,2754.275993195861,False,,Zielona Góra,III 2006
16,0862000,Zielona Góra,2006Q4,2006,4,20064,primary,offer,2869.2977343626994,False,,Zielona Góra,IV 2006
16,0862000,Zielona Góra,2007Q1,2007,1,20071,primary,offer,2871.9394821059977,False,,Zielona Góra,I 2007
16,0862000,Zielona Góra,2007Q2,2007,2,20072,primary,offer,4153.489905377382,False,,Zielona Góra,II 2007
16,0862000,Zielona Góra,2007Q3,2007,3,20073,primary,offer,4207.569891468539,False,,Zielona Góra,III 2007
16,0862000,Zielona Góra,2007Q4,2007,4,20074,primary,offer,3965.476806584014,False,,Zielona Góra,IV 2007
16,0862000,Zielona Góra,2008Q1,2008,1,20081,primary,offer,3965.331612889292,False,,Zielona Góra,I 2008
16,0862000,Zielona Góra,2008Q2,2008,2,20082,primary,offer,3985.6435877360113,False,,Zielona Góra,II 2008
16,0862000,Zielona Góra,2008Q3,2008,3,20083,primary,offer,4012.3665088028865,False,,Zielona Góra,III 2008
16,0862000,Zielona Góra,2008Q4,2008,4,20084,primary,offer,3891.690288772736,False,,Zielona Góra,IV 2008
16,0862000,Zielona Góra,2009Q1,2009,1,20091,primary,offer,3574.8866305361057,False,,Zielona Góra,I 2009
16,0862000,Zielona Góra,2009Q2,2009,2,20092,primary,offer,3538.3316938317557,False,,Zielona Góra,II 2009
16,0862000,Zielona Góra,2009Q3,2009,3,20093,primary,offer,3571.0,False,,Zielona Góra,III 2009
16,0862000,Zielona Góra,2009Q4,2009,4,20094,primary,offer,3530.0,False,,Zielona Góra,IV 2009
16,0862000,Zielona Góra,2010Q1,2010,1,20101,primary,offer,3554.0,False,,Zielona Góra,I 2010
16,0862000,Zielona Góra,2010Q2,2010,2,20102,primary,offer,3584.0,False,,Zielona Góra,II 2010
16,0862000,Zielona Góra,2010Q3,2010,3,20103,primary,offer,3628.0,False,,Zielona Góra,III 2010
16,0862000,Zielona Góra,2010Q4,2010,4,20104,primary,offer,3673.0,False,,Zielona Góra,IV 2010
16,0862000,Zielona Góra,2011Q1,2011,1,20111,primary,offer,3660.0,False,,Zielona Góra,I 2011
16,0862000,Zielona Góra,2011Q2,2011,2,20112,primary,offer,3644.0,False,,Zielona Góra,II 2011
16,0862000,Zielona Góra,2011Q3,2011,3,20113,primary,offer,3757.0,False,,Zielona Góra,III 2011
16,0862000,Zielona Góra,2011Q4,2011,4,20114,primary,offer,3764.0,False,,Zielona Góra,IV 2011
16,0862000,Zielona Góra,2012Q1,2012,1,20121,primary,offer,3756.0,False,,Zielona Góra,I 2012
16,0862000,Zielona Góra,2012Q2,2012,2,20122,primary,offer,3734.0,False,,Zielona Góra,II 2012
16,0862000,Zielona Góra,2012Q3,2012,3,20123,primary,offer,3744.0,False,,Zielona Góra,III 2012
16,0862000,Zielona Góra,2012Q4,2012,4,20124,primary,offer,3653.0,False,,Zielona Góra,IV 2012
16,0862000,Zielona Góra,2013Q1,2013,1,20131,primary,offer,3634.0,False,,Zielona Góra,I 2013
16,0862000,Zielona Góra,2013Q2,2013,2,20132,primary,offer,3613.0,False,,Zielona Góra,II 2013
16,0862000,Zielona Góra,2013Q3,2013,3,20133,primary,offer,3613.0,False,,Zielona Góra,III 2013
16,0862000,Zielona Góra,2013Q4,2013,4,20134,primary,offer,3674.0,False,,Zielona Góra,IV 2013
16,0862000,Zielona Góra,2014Q1,2014,1,20141,primary,offer,3693.0,False,,Zielona Góra,I 2014
16,0862000,Zielona Góra,2014Q2,2014,2,20142,primary,offer,3784.0,False,,Zielona Góra,II 2014
16,0862000,Zielona Góra,2014Q3,2014,3,20143,primary,offer,3769.0,False,,Zielona Góra,III 2014
16,0862000,Zielona Góra,2014Q4,2014,4,20144,primary,offer,3784.0,False,,Zielona Góra,IV 2014
16,0862000,Zielona Góra,2015Q1,2015,1,20151,primary,offer,3808.0,False,,Zielona Góra,I 2015
16,0862000,Zielona Góra,2015Q2,2015,2,20152,primary,offer,3813.0,False,,Zielona Góra,II 2015
16,0862000,Zielona Góra,2015Q3,2015,3,20153,primary,offer,3835.0,False,,Zielona Góra,III 2015
16,0862000,Zielona Góra,2015Q4,2015,4,20154,primary,offer,3870.0,False,,Zielona Góra,IV 2015
16,0862000,Zielona Góra,2016Q1,2016,1,20161,primary,offer,3873.0,False,,Zielona Góra,I 2016
16,0862000,Zielona Góra,2016Q2,2016,2,20162,primary,offer,3880.0,False,,Zielona Góra,II 2016
16,0862000,Zielona Góra,2016Q3,2016,3,20163,primary,offer,3880.0,False,,Zielona Góra,III 2016
16,0862000,Zielona Góra,2016Q4,2016,4,20164,primary,offer,3891.0,False,,Zielona Góra,IV 2016
16,0862000,Zielona Góra,2017Q1,2017,1,20171,primary,offer,3890.0,False,,Zielona Góra,I 2017
16,0862000,Zielona Góra,2017Q2,2017,2,20172,primary,offer,3912.0,False,,Zielona Góra,II 2017
16,0862000,Zielona Góra,2017Q3,2017,3,20173,primary,offer,3922.0,False,,Zielona Góra,III 2017
16,0862000,Zielona Góra,2017Q4,2017,4,20174,primary,offer,3937.0,False,,Zielona Góra,IV 2017
16,0862000,Zielona Góra,2018Q1,2018,1,20181,primary,offer,3931.0,False,,Zielona Góra,I 2018
16,0862000,Zielona Góra,2018Q2,2018,2,20182,primary,offer,3951.0,False,,Zielona Góra,II 2018
16,0862000,Zielona Góra,2018Q3,2018,3,20183,primary,offer,4102.0,False,,Zielona Góra,III 2018
16,0862000,Zielona Góra,2018Q4,2018,4,20184,primary,offer,4306.0,False,,Zielona Góra,IV 2018
16,0862000,Zielona Góra,2019Q1,2019,1,20191,primary,offer,4512.0,False,,Zielona Góra,I 2019
16,0862000,Zielona Góra,2019Q2,2019,2,20192,primary,offer,4670.0,False,,Zielona Góra,II 2019
16,0862000,Zielona Góra,2019Q3,2019,3,20193,primary,offer,4727.0,False,,Zielona Góra,III 2019
16,0862000,Zielona Góra,2019Q4,2019,4,20194,primary,offer,4819.0,False,,Zielona Góra,IV 2019
16,0862000,Zielona Góra,2020Q1,2020,1,20201,primary,offer,5110.749482085929,False,,Zielona Góra,I 2020
16,0862000,Zielona Góra,2020Q2,2020,2,20202,primary,offer,5250.652575992711,False,,Zielona Góra,II 2020
16,0862000,Zielona Góra,2020Q3,2020,3,20203,primary,offer,5388.156128605666,False,,Zielona Góra,III 2020
16,0862000,Zielona Góra,2020Q4,2020,4,20204,primary,offer,5480.562576985433,False,,Zielona Góra,IV 2020
16,0862000,Zielona Góra,2021Q1,2021,1,20211,primary,offer,5635.256648479672,False,,Zielona Góra,I 2021
16,0862000,Zielona Góra,2021Q2,2021,2,20212,primary,offer,6297.869035995493,False,,Zielona Góra,II 2021
16,0862000,Zielona Góra,2021Q3,2021,3,20213,primary,offer,6819.508193046089,False,,Zielona Góra,III 2021
16,0862000,Zielona Góra,2021Q4,2021,4,20214,primary,offer,7128.881429949641,False,,Zielona Góra,IV 2021
16,0862000,Zielona Góra,2022Q1,2022,1,20221,primary,offer,7295.015572359975,False,,Zielona Góra,I 2022
16,0862000,Zielona Góra,2022Q2,2022,2,20222,primary,offer,7337.7868703860895,False,,Zielona Góra,II 2022
16,0862000,Zielona Góra,2022Q3,2022,3,20223,primary,offer,7390.078373156544,False,,Zielona Góra,III 2022
16,0862000,Zielona Góra,2022Q4,2022,4,20224,primary,offer,7425.491558927558,False,,Zielona Góra,IV 2022
16,0862000,Zielona Góra,2023Q1,2023,1,20231,primary,offer,7447.811931954649,False,,Zielona Góra,I 2023
16,0862000,Zielona Góra,2023Q2,2023,2,20232,primary,offer,7561.586066290268,False,,Zielona Góra,II 2023
16,0862000,Zielona Góra,2023Q3,2023,3,20233,primary,offer,7601.739206351126,False,,Zielona Góra,III 2023
16,0862000,Zielona Góra,2023Q4,2023,4,20234,primary,offer,7853.0083694208615,False,,Zielona Góra,IV 2023
16,0862000,Zielona Góra,2024Q1,2024,1,20241,primary,offer,8164.625030860653,False,,Zielona Góra,I 2024
16,0862000,Zielona Góra,2024Q2,2024,2,20242,primary,offer,8569.99387731095,False,,Zielona Góra,II 2024
16,0862000,Zielona Góra,2024Q3,2024,3,20243,primary,offer,9130.052788443427,False,,Zielona Góra,III 2024
16,0862000,Zielona Góra,2024Q4,2024,4,20244,primary,offer,9384.625804506528,False,,Zielona Góra,IV 2024
16,0862000,Zielona Góra,2025Q1,2025,1,20251,primary,offer,9496.993672433215,False,,Zielona Góra,I 2025
16,0862000,Zielona Góra,2025Q2,2025,2,20252,primary,offer,9524.68572434906,False,,Zielona Góra,II 2025
16,0862000,Zielona Góra,2025Q3,2025,3,20253,primary,offer,9502.219348643002,False,,Zielona Góra,III 2025
16,0862000,Zielona Góra,2025Q4,2025,4,20254,primary,offer,9619.061057934377,False,,Zielona Góra,IV 2025
16,0862000,Zielona Góra,2026Q1,2026,1,20261,primary,offer,9580.51775761842,False,,Zielona Góra,I 2026
16,0862000,Zielona Góra,2026Q2,2026,2,20262,primary,offer,9653.835619490654,False,,Zielona Góra,II 2026
1,2061000,Białystok,2006Q3,2006,3,20063,primary,transaction,3008.0,False,,Białystok,III 2006
1,2061000,Białystok,2006Q4,2006,4,20064,primary,transaction,3117.0,False,,Białystok,IV 2006
1,2061000,Białystok,2007Q1,2007,1,20071,primary,transaction,3500.0,False,,Białystok,I 2007
1,2061000,Białystok,2007Q2,2007,2,20072,primary,transaction,4422.0,False,,Białystok,II 2007
1,2061000,Białystok,2007Q3,2007,3,20073,primary,transaction,4651.0,False,,Białystok,III 2007
1,2061000,Białystok,2007Q4,2007,4,20074,primary,transaction,5079.0,False,,Białystok,IV 2007
1,2061000,Białystok,2008Q1,2008,1,20081,primary,transaction,5160.0,False,,Białystok,I 2008
1,2061000,Białystok,2008Q2,2008,2,20082,primary,transaction,4973.0,False,,Białystok,II 2008
1,2061000,Białystok,2008Q3,2008,3,20083,primary,transaction,5141.0,False,,Białystok,III 2008
1,2061000,Białystok,2008Q4,2008,4,20084,primary,transaction,5177.0,False,,Białystok,IV 2008
1,2061000,Białystok,2009Q1,2009,1,20091,primary,transaction,5005.0,False,,Białystok,I 2009
1,2061000,Białystok,2009Q2,2009,2,20092,primary,transaction,4976.0,False,,Białystok,II 2009
1,2061000,Białystok,2009Q3,2009,3,20093,primary,transaction,4787.0,False,,Białystok,III 2009
1,2061000,Białystok,2009Q4,2009,4,20094,primary,transaction,4838.0,False,,Białystok,IV 2009
1,2061000,Białystok,2010Q1,2010,1,20101,primary,transaction,4790.0,False,,Białystok,I 2010
1,2061000,Białystok,2010Q2,2010,2,20102,primary,transaction,4802.0,False,,Białystok,II 2010
1,2061000,Białystok,2010Q3,2010,3,20103,primary,transaction,4732.0,False,,Białystok,III 2010
1,2061000,Białystok,2010Q4,2010,4,20104,primary,transaction,4755.0,False,,Białystok,IV 2010
1,2061000,Białystok,2011Q1,2011,1,20111,primary,transaction,4821.0,False,,Białystok,I 2011
1,2061000,Białystok,2011Q2,2011,2,20112,primary,transaction,4782.0,False,,Białystok,II 2011
1,2061000,Białystok,2011Q3,2011,3,20113,primary,transaction,4843.0,False,,Białystok,III 2011
1,2061000,Białystok,2011Q4,2011,4,20114,primary,transaction,4601.0,False,,Białystok,IV 2011
1,2061000,Białystok,2012Q1,2012,1,20121,primary,transaction,4577.0,False,,Białystok,I 2012
1,2061000,Białystok,2012Q2,2012,2,20122,primary,transaction,4384.0,False,,Białystok,II 2012
1,2061000,Białystok,2012Q3,2012,3,20123,primary,transaction,4507.0,False,,Białystok,III 2012
1,2061000,Białystok,2012Q4,2012,4,20124,primary,transaction,4357.0,False,,Białystok,IV 2012
1,2061000,Białystok,2013Q1,2013,1,20131,primary,transaction,4610.0,False,,Białystok,I 2013
1,2061000,Białystok,2013Q2,2013,2,20132,primary,transaction,4428.0,False,,Białystok,II 2013
1,2061000,Białystok,2013Q3,2013,3,20133,primary,transaction,4526.0,False,,Białystok,III 2013
1,2061000,Białystok,2013Q4,2013,4,20134,primary,transaction,4493.0,False,,Białystok,IV 2013
1,2061000,Białystok,2014Q1,2014,1,20141,primary,transaction,4501.0,False,,Białystok,I 2014
1,2061000,Białystok,2014Q2,2014,2,20142,primary,transaction,4488.0,False,,Białystok,II 2014
1,2061000,Białystok,2014Q3,2014,3,20143,primary,transaction,4431.0,False,,Białystok,III 2014
1,2061000,Białystok,2014Q4,2014,4,20144,primary,transaction,4570.0,False,,Białystok,IV 2014
1,2061000,Białystok,2015Q1,2015,1,20151,primary,transaction,4526.0,False,,Białystok,I 2015
1,2061000,Białystok,2015Q2,2015,2,20152,primary,transaction,4606.0,False,,Białystok,II 2015
1,2061000,Białystok,2015Q3,2015,3,20153,primary,transaction,4613.0,False,,Białystok,III 2015
1,2061000,Białystok,2015Q4,2015,4,20154,primary,transaction,4519.0,False,,Białystok,IV 2015
1,2061000,Białystok,2016Q1,2016,1,20161,primary,transaction,4594.0,False,,Białystok,I 2016
1,2061000,Białystok,2016Q2,2016,2,20162,primary,transaction,4615.0,False,,Białystok,II 2016
1,2061000,Białystok,2016Q3,2016,3,20163,primary,transaction,4596.0,False,,Białystok,III 2016
1,2061000,Białystok,2016Q4,2016,4,20164,primary,transaction,4505.0,False,,Białystok,IV 2016
1,2061000,Białystok,2017Q1,2017,1,20171,primary,transaction,4612.0,False,,Białystok,I 2017
1,2061000,Białystok,2017Q2,2017,2,20172,primary,transaction,4687.0,False,,Białystok,II 2017
1,2061000,Białystok,2017Q3,2017,3,20173,primary,transaction,4463.0,False,,Białystok,III 2017
1,2061000,Białystok,2017Q4,2017,4,20174,primary,transaction,4587.0,False,,Białystok,IV 2017
1,2061000,Białystok,2018Q1,2018,1,20181,primary,transaction,4944.0,False,,Białystok,I 2018
1,2061000,Białystok,2018Q2,2018,2,20182,primary,transaction,5052.0,False,,Białystok,II 2018
1,2061000,Białystok,2018Q3,2018,3,20183,primary,transaction,5351.0,False,,Białystok,III 2018
1,2061000,Białystok,2018Q4,2018,4,20184,primary,transaction,5385.0,False,,Białystok,IV 2018
1,2061000,Białystok,2019Q1,2019,1,20191,primary,transaction,5422.0,False,,Białystok,I 2019
1,2061000,Białystok,2019Q2,2019,2,20192,primary,transaction,5620.0,False,,Białystok,II 2019
1,2061000,Białystok,2019Q3,2019,3,20193,primary,transaction,5583.768922585183,False,,Białystok,III 2019
1,2061000,Białystok,2019Q4,2019,4,20194,primary,transaction,5687.500330845085,False,,Białystok,IV 2019
1,2061000,Białystok,2020Q1,2020,1,20201,primary,transaction,5838.748813888861,False,,Białystok,I 2020
1,2061000,Białystok,2020Q2,2020,2,20202,primary,transaction,5810.964186595303,False,,Białystok,II 2020
1,2061000,Białystok,2020Q3,2020,3,20203,primary,transaction,5827.245071048387,False,,Białystok,III 2020
1,2061000,Białystok,2020Q4,2020,4,20204,primary,transaction,5816.133262470686,False,,Białystok,IV 2020
1,2061000,Białystok,2021Q1,2021,1,20211,primary,transaction,6024.499424769682,False,,Białystok,I 2021
1,2061000,Białystok,2021Q2,2021,2,20212,primary,transaction,6370.346742575285,False,,Białystok,II 2021
1,2061000,Białystok,2021Q3,2021,3,20213,primary,transaction,6713.791177685163,False,,Białystok,III 2021
1,2061000,Białystok,2021Q4,2021,4,20214,primary,transaction,7575.857589131573,False,,Białystok,IV 2021
1,2061000,Białystok,2022Q1,2022,1,20221,primary,transaction,8035.588826412512,False,,Białystok,I 2022
1,2061000,Białystok,2022Q2,2022,2,20222,primary,transaction,8395.829624508244,False,,Białystok,II 2022
1,2061000,Białystok,2022Q3,2022,3,20223,primary,transaction,8448.746010790099,False,,Białystok,III 2022
1,2061000,Białystok,2022Q4,2022,4,20224,primary,transaction,8473.809450277853,False,,Białystok,IV 2022
1,2061000,Białystok,2023Q1,2023,1,20231,primary,transaction,8389.74387925967,False,,Białystok,I 2023
1,2061000,Białystok,2023Q2,2023,2,20232,primary,transaction,8527.944771090226,False,,Białystok,II 2023
1,2061000,Białystok,2023Q3,2023,3,20233,primary,transaction,8503.319320124983,False,,Białystok,III 2023
1,2061000,Białystok,2023Q4,2023,4,20234,primary,transaction,9383.85950155432,False,,Białystok,IV 2023
1,2061000,Białystok,2024Q1,2024,1,20241,primary,transaction,9774.94616705023,False,,Białystok,I 2024
1,2061000,Białystok,2024Q2,2024,2,20242,primary,transaction,10129.0650022547,False,,Białystok,II 2024
1,2061000,Białystok,2024Q3,2024,3,20243,primary,transaction,10444.4323347705,False,,Białystok,III 2024
1,2061000,Białystok,2024Q4,2024,4,20244,primary,transaction,10235.5011408359,False,,Białystok,IV 2024
1,2061000,Białystok,2025Q1,2025,1,20251,primary,transaction,10291.2793363605,False,,Białystok,I 2025
1,2061000,Białystok,2025Q2,2025,2,20252,primary,transaction,10457.1490381106,False,,Białystok,II 2025
1,2061000,Białystok,2025Q3,2025,3,20253,primary,transaction,10061.4848135875,False,,Białystok,III 2025
1,2061000,Białystok,2025Q4,2025,4,20254,primary,transaction,10582.3807804775,False,,Białystok,IV 2025
1,2061000,Białystok,2026Q1,2026,1,20261,primary,transaction,10650.478614076,False,,Białystok,I 2026
1,2061000,Białystok,2026Q2,2026,2,20262,primary,transaction,10926.218780942,False,,Białystok,II 2026
2,0461000,Bydgoszcz,2006Q3,2006,3,20063,primary,transaction,2663.0,False,,Bydgoszcz,III 2006
2,0461000,Bydgoszcz,2006Q4,2006,4,20064,primary,transaction,2811.0,False,,Bydgoszcz,IV 2006
2,0461000,Bydgoszcz,2007Q1,2007,1,20071,primary,transaction,3017.0,False,,Bydgoszcz,I 2007
2,0461000,Bydgoszcz,2007Q2,2007,2,20072,primary,transaction,4092.0,False,,Bydgoszcz,II 2007
2,0461000,Bydgoszcz,2007Q3,2007,3,20073,primary,transaction,4466.0,False,,Bydgoszcz,III 2007
2,0461000,Bydgoszcz,2007Q4,2007,4,20074,primary,transaction,4582.0,False,,Bydgoszcz,IV 2007
2,0461000,Bydgoszcz,2008Q1,2008,1,20081,primary,transaction,4540.0,False,,Bydgoszcz,I 2008
2,0461000,Bydgoszcz,2008Q2,2008,2,20082,primary,transaction,4982.0,False,,Bydgoszcz,II 2008
2,0461000,Bydgoszcz,2008Q3,2008,3,20083,primary,transaction,4670.0,False,,Bydgoszcz,III 2008
2,0461000,Bydgoszcz,2008Q4,2008,4,20084,primary,transaction,4749.0,False,,Bydgoszcz,IV 2008
2,0461000,Bydgoszcz,2009Q1,2009,1,20091,primary,transaction,5023.0,False,,Bydgoszcz,I 2009
2,0461000,Bydgoszcz,2009Q2,2009,2,20092,primary,transaction,4835.0,False,,Bydgoszcz,II 2009
2,0461000,Bydgoszcz,2009Q3,2009,3,20093,primary,transaction,4757.0,False,,Bydgoszcz,III 2009
2,0461000,Bydgoszcz,2009Q4,2009,4,20094,primary,transaction,4694.0,False,,Bydgoszcz,IV 2009
2,0461000,Bydgoszcz,2010Q1,2010,1,20101,primary,transaction,4524.0,False,,Bydgoszcz,I 2010
2,0461000,Bydgoszcz,2010Q2,2010,2,20102,primary,transaction,4856.0,False,,Bydgoszcz,II 2010
2,0461000,Bydgoszcz,2010Q3,2010,3,20103,primary,transaction,4954.0,False,,Bydgoszcz,III 2010
2,0461000,Bydgoszcz,2010Q4,2010,4,20104,primary,transaction,4606.0,False,,Bydgoszcz,IV 2010
2,0461000,Bydgoszcz,2011Q1,2011,1,20111,primary,transaction,4730.0,False,,Bydgoszcz,I 2011
2,0461000,Bydgoszcz,2011Q2,2011,2,20112,primary,transaction,4635.0,False,,Bydgoszcz,II 2011
2,0461000,Bydgoszcz,2011Q3,2011,3,20113,primary,transaction,4575.0,False,,Bydgoszcz,III 2011
2,0461000,Bydgoszcz,2011Q4,2011,4,20114,primary,transaction,4626.0,False,,Bydgoszcz,IV 2011
2,0461000,Bydgoszcz,2012Q1,2012,1,20121,primary,transaction,4520.0,False,,Bydgoszcz,I 2012
2,0461000,Bydgoszcz,2012Q2,2012,2,20122,primary,transaction,4686.0,False,,Bydgoszcz,II 2012
2,0461000,Bydgoszcz,2012Q3,2012,3,20123,primary,transaction,4502.0,False,,Bydgoszcz,III 2012
2,0461000,Bydgoszcz,2012Q4,2012,4,20124,primary,transaction,4615.0,False,,Bydgoszcz,IV 2012
2,0461000,Bydgoszcz,2013Q1,2013,1,20131,primary,transaction,4855.0,False,,Bydgoszcz,I 2013
2,0461000,Bydgoszcz,2013Q2,2013,2,20132,primary,transaction,4815.0,False,,Bydgoszcz,II 2013
2,0461000,Bydgoszcz,2013Q3,2013,3,20133,primary,transaction,4896.0,False,,Bydgoszcz,III 2013
2,0461000,Bydgoszcz,2013Q4,2013,4,20134,primary,transaction,4528.0,False,,Bydgoszcz,IV 2013
2,0461000,Bydgoszcz,2014Q1,2014,1,20141,primary,transaction,4601.0,False,,Bydgoszcz,I 2014
2,0461000,Bydgoszcz,2014Q2,2014,2,20142,primary,transaction,4808.0,False,,Bydgoszcz,II 2014
2,0461000,Bydgoszcz,2014Q3,2014,3,20143,primary,transaction,4797.0,False,,Bydgoszcz,III 2014
2,0461000,Bydgoszcz,2014Q4,2014,4,20144,primary,transaction,4618.0,False,,Bydgoszcz,IV 2014
2,0461000,Bydgoszcz,2015Q1,2015,1,20151,primary,transaction,4619.0,False,,Bydgoszcz,I 2015
2,0461000,Bydgoszcz,2015Q2,2015,2,20152,primary,transaction,4720.0,False,,Bydgoszcz,II 2015
2,0461000,Bydgoszcz,2015Q3,2015,3,20153,primary,transaction,4745.0,False,,Bydgoszcz,III 2015
2,0461000,Bydgoszcz,2015Q4,2015,4,20154,primary,transaction,4819.0,False,,Bydgoszcz,IV 2015
2,0461000,Bydgoszcz,2016Q1,2016,1,20161,primary,transaction,4831.0,False,,Bydgoszcz,I 2016
2,0461000,Bydgoszcz,2016Q2,2016,2,20162,primary,transaction,4834.0,False,,Bydgoszcz,II 2016
2,0461000,Bydgoszcz,2016Q3,2016,3,20163,primary,transaction,4954.0,False,,Bydgoszcz,III 2016
2,0461000,Bydgoszcz,2016Q4,2016,4,20164,primary,transaction,4852.0,False,,Bydgoszcz,IV 2016
2,0461000,Bydgoszcz,2017Q1,2017,1,20171,primary,transaction,4971.0,False,,Bydgoszcz,I 2017
2,0461000,Bydgoszcz,2017Q2,2017,2,20172,primary,transaction,4945.0,False,,Bydgoszcz,II 2017
2,0461000,Bydgoszcz,2017Q3,2017,3,20173,primary,transaction,5330.0,False,,Bydgoszcz,III 2017
2,0461000,Bydgoszcz,2017Q4,2017,4,20174,primary,transaction,5177.0,False,,Bydgoszcz,IV 2017
2,0461000,Bydgoszcz,2018Q1,2018,1,20181,primary,transaction,5635.0,False,,Bydgoszcz,I 2018
2,0461000,Bydgoszcz,2018Q2,2018,2,20182,primary,transaction,5403.0,False,,Bydgoszcz,II 2018
2,0461000,Bydgoszcz,2018Q3,2018,3,20183,primary,transaction,5393.0,False,,Bydgoszcz,III 2018
2,0461000,Bydgoszcz,2018Q4,2018,4,20184,primary,transaction,5429.0,False,,Bydgoszcz,IV 2018
2,0461000,Bydgoszcz,2019Q1,2019,1,20191,primary,transaction,5911.0,False,,Bydgoszcz,I 2019
2,0461000,Bydgoszcz,2019Q2,2019,2,20192,primary,transaction,5930.0,False,,Bydgoszcz,II 2019
2,0461000,Bydgoszcz,2019Q3,2019,3,20193,primary,transaction,6337.0,False,,Bydgoszcz,III 2019
2,0461000,Bydgoszcz,2019Q4,2019,4,20194,primary,transaction,6190.0,False,,Bydgoszcz,IV 2019
2,0461000,Bydgoszcz,2020Q1,2020,1,20201,primary,transaction,6331.0,False,,Bydgoszcz,I 2020
2,0461000,Bydgoszcz,2020Q2,2020,2,20202,primary,transaction,6354.0,False,,Bydgoszcz,II 2020
2,0461000,Bydgoszcz,2020Q3,2020,3,20203,primary,transaction,6535.0,False,,Bydgoszcz,III 2020
2,0461000,Bydgoszcz,2020Q4,2020,4,20204,primary,transaction,6664.88067806565,False,,Bydgoszcz,IV 2020
2,0461000,Bydgoszcz,2021Q1,2021,1,20211,primary,transaction,6962.435250506264,False,,Bydgoszcz,I 2021
2,0461000,Bydgoszcz,2021Q2,2021,2,20212,primary,transaction,7107.06144834645,False,,Bydgoszcz,II 2021
2,0461000,Bydgoszcz,2021Q3,2021,3,20213,primary,transaction,7118.19058209847,False,,Bydgoszcz,III 2021
2,0461000,Bydgoszcz,2021Q4,2021,4,20214,primary,transaction,7671.21613439835,False,,Bydgoszcz,IV 2021
2,0461000,Bydgoszcz,2022Q1,2022,1,20221,primary,transaction,7738.07342442193,False,,Bydgoszcz,I 2022
2,0461000,Bydgoszcz,2022Q2,2022,2,20222,primary,transaction,7861.82273012342,False,,Bydgoszcz,II 2022
2,0461000,Bydgoszcz,2022Q3,2022,3,20223,primary,transaction,8330.05243548219,False,,Bydgoszcz,III 2022
2,0461000,Bydgoszcz,2022Q4,2022,4,20224,primary,transaction,7853.28925318464,False,,Bydgoszcz,IV 2022
2,0461000,Bydgoszcz,2023Q1,2023,1,20231,primary,transaction,8522.14305381624,False,,Bydgoszcz,I 2023
2,0461000,Bydgoszcz,2023Q2,2023,2,20232,primary,transaction,8639.49620056599,False,,Bydgoszcz,II 2023
2,0461000,Bydgoszcz,2023Q3,2023,3,20233,primary,transaction,8205.17913500497,False,,Bydgoszcz,III 2023
2,0461000,Bydgoszcz,2023Q4,2023,4,20234,primary,transaction,9122.39520069534,False,,Bydgoszcz,IV 2023
2,0461000,Bydgoszcz,2024Q1,2024,1,20241,primary,transaction,9009.302049031441,False,,Bydgoszcz,I 2024
2,0461000,Bydgoszcz,2024Q2,2024,2,20242,primary,transaction,8940.23842403942,False,,Bydgoszcz,II 2024
2,0461000,Bydgoszcz,2024Q3,2024,3,20243,primary,transaction,9010.68617199886,False,,Bydgoszcz,III 2024
2,0461000,Bydgoszcz,2024Q4,2024,4,20244,primary,transaction,9590.465912121788,False,,Bydgoszcz,IV 2024
2,0461000,Bydgoszcz,2025Q1,2025,1,20251,primary,transaction,9389.32695071166,False,,Bydgoszcz,I 2025
2,0461000,Bydgoszcz,2025Q2,2025,2,20252,primary,transaction,9755.39498564426,False,,Bydgoszcz,II 2025
2,0461000,Bydgoszcz,2025Q3,2025,3,20253,primary,transaction,10228.6950148686,False,,Bydgoszcz,III 2025
2,0461000,Bydgoszcz,2025Q4,2025,4,20254,primary,transaction,10428.308726696516,False,,Bydgoszcz,IV 2025
2,0461000,Bydgoszcz,2026Q1,2026,1,20261,primary,transaction,11405.7835471641,False,,Bydgoszcz,I 2026
2,0461000,Bydgoszcz,2026Q2,2026,2,20262,primary,transaction,10774.886199051813,False,,Bydgoszcz,II 2026
3,2261000,Gdańsk,2006Q3,2006,3,20063,primary,transaction,3494.0,False,,Gdańsk,III 2006
3,2261000,Gdańsk,2006Q4,2006,4,20064,primary,transaction,5252.0,False,,Gdańsk,IV 2006
3,2261000,Gdańsk,2007Q1,2007,1,20071,primary,transaction,5490.0,False,,Gdańsk,I 2007
3,2261000,Gdańsk,2007Q2,2007,2,20072,primary,transaction,7137.0,False,,Gdańsk,II 2007
3,2261000,Gdańsk,2007Q3,2007,3,20073,primary,transaction,7440.0,False,,Gdańsk,III 2007
3,2261000,Gdańsk,2007Q4,2007,4,20074,primary,transaction,6294.0,False,,Gdańsk,IV 2007
3,2261000,Gdańsk,2008Q1,2008,1,20081,primary,transaction,6473.0,False,,Gdańsk,I 2008
3,2261000,Gdańsk,2008Q2,2008,2,20082,primary,transaction,7740.0,False,,Gdańsk,II 2008
3,2261000,Gdańsk,2008Q3,2008,3,20083,primary,transaction,7042.0,False,,Gdańsk,III 2008
3,2261000,Gdańsk,2008Q4,2008,4,20084,primary,transaction,6193.0,False,,Gdańsk,IV 2008
3,2261000,Gdańsk,2009Q1,2009,1,20091,primary,transaction,5309.0,False,,Gdańsk,I 2009
3,2261000,Gdańsk,2009Q2,2009,2,20092,primary,transaction,5907.0,False,,Gdańsk,II 2009
3,2261000,Gdańsk,2009Q3,2009,3,20093,primary,transaction,5804.0,False,,Gdańsk,III 2009
3,2261000,Gdańsk,2009Q4,2009,4,20094,primary,transaction,5476.0,False,,Gdańsk,IV 2009
3,2261000,Gdańsk,2010Q1,2010,1,20101,primary,transaction,5839.453402843497,False,,Gdańsk,I 2010
3,2261000,Gdańsk,2010Q2,2010,2,20102,primary,transaction,5677.562445376994,False,,Gdańsk,II 2010
3,2261000,Gdańsk,2010Q3,2010,3,20103,primary,transaction,5272.049376839999,False,,Gdańsk,III 2010
3,2261000,Gdańsk,2010Q4,2010,4,20104,primary,transaction,5216.0,False,,Gdańsk,IV 2010
3,2261000,Gdańsk,2011Q1,2011,1,20111,primary,transaction,5692.0,False,,Gdańsk,I 2011
3,2261000,Gdańsk,2011Q2,2011,2,20112,primary,transaction,5661.0,False,,Gdańsk,II 2011
3,2261000,Gdańsk,2011Q3,2011,3,20113,primary,transaction,5479.0,False,,Gdańsk,III 2011
3,2261000,Gdańsk,2011Q4,2011,4,20114,primary,transaction,5506.0,False,,Gdańsk,IV 2011
3,2261000,Gdańsk,2012Q1,2012,1,20121,primary,transaction,5594.0,False,,Gdańsk,I 2012
3,2261000,Gdańsk,2012Q2,2012,2,20122,primary,transaction,5604.392770583786,False,,Gdańsk,II 2012
3,2261000,Gdańsk,2012Q3,2012,3,20123,primary,transaction,5554.577855321117,False,,Gdańsk,III 2012
3,2261000,Gdańsk,2012Q4,2012,4,20124,primary,transaction,5335.860958416326,False,,Gdańsk,IV 2012
3,2261000,Gdańsk,2013Q1,2013,1,20131,primary,transaction,5291.974370324039,False,,Gdańsk,I 2013
3,2261000,Gdańsk,2013Q2,2013,2,20132,primary,transaction,5682.0,False,,Gdańsk,II 2013
3,2261000,Gdańsk,2013Q3,2013,3,20133,primary,transaction,5794.3890775663085,False,,Gdańsk,III 2013
3,2261000,Gdańsk,2013Q4,2013,4,20134,primary,transaction,6154.847039495945,False,,Gdańsk,IV 2013
3,2261000,Gdańsk,2014Q1,2014,1,20141,primary,transaction,5501.162748087576,False,,Gdańsk,I 2014
3,2261000,Gdańsk,2014Q2,2014,2,20142,primary,transaction,5977.0,False,,Gdańsk,II 2014
3,2261000,Gdańsk,2014Q3,2014,3,20143,primary,transaction,5805.0,False,,Gdańsk,III 2014
3,2261000,Gdańsk,2014Q4,2014,4,20144,primary,transaction,5785.164605085275,False,,Gdańsk,IV 2014
3,2261000,Gdańsk,2015Q1,2015,1,20151,primary,transaction,5950.924168372506,False,,Gdańsk,I 2015
3,2261000,Gdańsk,2015Q2,2015,2,20152,primary,transaction,5749.018427312929,False,,Gdańsk,II 2015
3,2261000,Gdańsk,2015Q3,2015,3,20153,primary,transaction,6089.023901388703,False,,Gdańsk,III 2015
3,2261000,Gdańsk,2015Q4,2015,4,20154,primary,transaction,6030.86308292023,False,,Gdańsk,IV 2015
3,2261000,Gdańsk,2016Q1,2016,1,20161,primary,transaction,6451.9399543836425,False,,Gdańsk,I 2016
3,2261000,Gdańsk,2016Q2,2016,2,20162,primary,transaction,6185.232953758104,False,,Gdańsk,II 2016
3,2261000,Gdańsk,2016Q3,2016,3,20163,primary,transaction,6283.464883513318,False,,Gdańsk,III 2016
3,2261000,Gdańsk,2016Q4,2016,4,20164,primary,transaction,6481.188638614131,False,,Gdańsk,IV 2016
3,2261000,Gdańsk,2017Q1,2017,1,20171,primary,transaction,6430.393973420255,False,,Gdańsk,I 2017
3,2261000,Gdańsk,2017Q2,2017,2,20172,primary,transaction,6500.627809302677,False,,Gdańsk,II 2017
3,2261000,Gdańsk,2017Q3,2017,3,20173,primary,transaction,6816.260959798378,False,,Gdańsk,III 2017
3,2261000,Gdańsk,2017Q4,2017,4,20174,primary,transaction,6829.488041372946,False,,Gdańsk,IV 2017
3,2261000,Gdańsk,2018Q1,2018,1,20181,primary,transaction,7254.886886199337,False,,Gdańsk,I 2018
3,2261000,Gdańsk,2018Q2,2018,2,20182,primary,transaction,7543.47657101777,False,,Gdańsk,II 2018
3,2261000,Gdańsk,2018Q3,2018,3,20183,primary,transaction,7256.830657899568,False,,Gdańsk,III 2018
3,2261000,Gdańsk,2018Q4,2018,4,20184,primary,transaction,7914.527126276858,False,,Gdańsk,IV 2018
3,2261000,Gdańsk,2019Q1,2019,1,20191,primary,transaction,8262.364454478608,False,,Gdańsk,I 2019
3,2261000,Gdańsk,2019Q2,2019,2,20192,primary,transaction,8288.37013656186,False,,Gdańsk,II 2019
3,2261000,Gdańsk,2019Q3,2019,3,20193,primary,transaction,8533.896550984062,False,,Gdańsk,III 2019
3,2261000,Gdańsk,2019Q4,2019,4,20194,primary,transaction,8585.225966811568,False,,Gdańsk,IV 2019
3,2261000,Gdańsk,2020Q1,2020,1,20201,primary,transaction,8741.374031540237,False,,Gdańsk,I 2020
3,2261000,Gdańsk,2020Q2,2020,2,20202,primary,transaction,8806.044924874504,False,,Gdańsk,II 2020
3,2261000,Gdańsk,2020Q3,2020,3,20203,primary,transaction,9024.341939308042,False,,Gdańsk,III 2020
3,2261000,Gdańsk,2020Q4,2020,4,20204,primary,transaction,9400.179807467033,False,,Gdańsk,IV 2020
3,2261000,Gdańsk,2021Q1,2021,1,20211,primary,transaction,9793.824852250096,False,,Gdańsk,I 2021
3,2261000,Gdańsk,2021Q2,2021,2,20212,primary,transaction,10259.98014244895,False,,Gdańsk,II 2021
3,2261000,Gdańsk,2021Q3,2021,3,20213,primary,transaction,10043.00735615592,False,,Gdańsk,III 2021
3,2261000,Gdańsk,2021Q4,2021,4,20214,primary,transaction,10930.485698308083,False,,Gdańsk,IV 2021
3,2261000,Gdańsk,2022Q1,2022,1,20221,primary,transaction,11206.24717554216,False,,Gdańsk,I 2022
3,2261000,Gdańsk,2022Q2,2022,2,20222,primary,transaction,10954.184936998556,False,,Gdańsk,II 2022
3,2261000,Gdańsk,2022Q3,2022,3,20223,primary,transaction,11707.1098122463,False,,Gdańsk,III 2022
3,2261000,Gdańsk,2022Q4,2022,4,20224,primary,transaction,10740.8039973792,False,,Gdańsk,IV 2022
3,2261000,Gdańsk,2023Q1,2023,1,20231,primary,transaction,10970.4513690951,False,,Gdańsk,I 2023
3,2261000,Gdańsk,2023Q2,2023,2,20232,primary,transaction,11490.950200911928,False,,Gdańsk,II 2023
3,2261000,Gdańsk,2023Q3,2023,3,20233,primary,transaction,11684.740870899102,False,,Gdańsk,III 2023
3,2261000,Gdańsk,2023Q4,2023,4,20234,primary,transaction,12355.046370757691,False,,Gdańsk,IV 2023
3,2261000,Gdańsk,2024Q1,2024,1,20241,primary,transaction,12684.728431999169,False,,Gdańsk,I 2024
3,2261000,Gdańsk,2024Q2,2024,2,20242,primary,transaction,12945.408096258545,False,,Gdańsk,II 2024
3,2261000,Gdańsk,2024Q3,2024,3,20243,primary,transaction,12602.216630615321,False,,Gdańsk,III 2024
3,2261000,Gdańsk,2024Q4,2024,4,20244,primary,transaction,13149.12508666004,False,,Gdańsk,IV 2024
3,2261000,Gdańsk,2025Q1,2025,1,20251,primary,transaction,13900.409639706355,False,,Gdańsk,I 2025
3,2261000,Gdańsk,2025Q2,2025,2,20252,primary,transaction,14082.51621118004,False,,Gdańsk,II 2025
3,2261000,Gdańsk,2025Q3,2025,3,20253,primary,transaction,14199.325035966034,False,,Gdańsk,III 2025
3,2261000,Gdańsk,2025Q4,2025,4,20254,primary,transaction,14387.41462448821,False,,Gdańsk,IV 2025
3,2261000,Gdańsk,2026Q1,2026,1,20261,primary,transaction,14658.593368705124,False,,Gdańsk,I 2026
3,2261000,Gdańsk,2026Q2,2026,2,20262,primary,transaction,14490.6145771808,False,,Gdańsk,II 2026
4,2262000,Gdynia,2006Q3,2006,3,20063,primary,transaction,4467.0,False,,Gdynia**,III 2006
4,2262000,Gdynia,2006Q4,2006,4,20064,primary,transaction,5284.0,False,,Gdynia**,IV 2006
4,2262000,Gdynia,2007Q1,2007,1,20071,primary,transaction,5797.0,False,,Gdynia**,I 2007
4,2262000,Gdynia,2007Q2,2007,2,20072,primary,transaction,6992.0,False,,Gdynia**,II 2007
4,2262000,Gdynia,2007Q3,2007,3,20073,primary,transaction,7238.0,False,,Gdynia**,III 2007
4,2262000,Gdynia,2007Q4,2007,4,20074,primary,transaction,7495.0,False,,Gdynia**,IV 2007
4,2262000,Gdynia,2008Q1,2008,1,20081,primary,transaction,7301.0,False,,Gdynia**,I 2008
4,2262000,Gdynia,2008Q2,2008,2,20082,primary,transaction,7209.0,False,,Gdynia**,II 2008
4,2262000,Gdynia,2008Q3,2008,3,20083,primary,transaction,6694.0,False,,Gdynia**,III 2008
4,2262000,Gdynia,2008Q4,2008,4,20084,primary,transaction,6384.0,False,,Gdynia**,IV 2008
4,2262000,Gdynia,2009Q1,2009,1,20091,primary,transaction,6241.0,False,,Gdynia**,I 2009
4,2262000,Gdynia,2009Q2,2009,2,20092,primary,transaction,5891.0,False,,Gdynia**,II 2009
4,2262000,Gdynia,2009Q3,2009,3,20093,primary,transaction,5504.0,False,,Gdynia**,III 2009
4,2262000,Gdynia,2009Q4,2009,4,20094,primary,transaction,5774.0,False,,Gdynia**,IV 2009
4,2262000,Gdynia,2010Q1,2010,1,20101,primary,transaction,5495.145018461854,False,,Gdynia**,I 2010
4,2262000,Gdynia,2010Q2,2010,2,20102,primary,transaction,5277.712226390752,False,,Gdynia**,II 2010
4,2262000,Gdynia,2010Q3,2010,3,20103,primary,transaction,5460.6524390786435,False,,Gdynia**,III 2010
4,2262000,Gdynia,2010Q4,2010,4,20104,primary,transaction,5617.0,False,,Gdynia**,IV 2010
4,2262000,Gdynia,2011Q1,2011,1,20111,primary,transaction,6004.0,False,,Gdynia**,I 2011
4,2262000,Gdynia,2011Q2,2011,2,20112,primary,transaction,6205.0,False,,Gdynia**,II 2011
4,2262000,Gdynia,2011Q3,2011,3,20113,primary,transaction,6430.0,False,,Gdynia**,III 2011
4,2262000,Gdynia,2011Q4,2011,4,20114,primary,transaction,6313.129299102956,False,,Gdynia**,IV 2011
4,2262000,Gdynia,2012Q1,2012,1,20121,primary,transaction,6106.0,False,,Gdynia**,I 2012
4,2262000,Gdynia,2012Q2,2012,2,20122,primary,transaction,6603.655004970263,False,,Gdynia**,II 2012
4,2262000,Gdynia,2012Q3,2012,3,20123,primary,transaction,6439.3558772210845,False,,Gdynia**,III 2012
4,2262000,Gdynia,2012Q4,2012,4,20124,primary,transaction,6002.137066435154,False,,Gdynia**,IV 2012
4,2262000,Gdynia,2013Q1,2013,1,20131,primary,transaction,5732.083530317076,False,,Gdynia**,I 2013
4,2262000,Gdynia,2013Q2,2013,2,20132,primary,transaction,6082.715250012961,False,,Gdynia**,II 2013
4,2262000,Gdynia,2013Q3,2013,3,20133,primary,transaction,6646.396466235868,False,,Gdynia**,III 2013
4,2262000,Gdynia,2013Q4,2013,4,20134,primary,transaction,6003.47578888847,False,,Gdynia**,IV 2013
4,2262000,Gdynia,2014Q1,2014,1,20141,primary,transaction,6071.846156468422,False,,Gdynia**,I 2014
4,2262000,Gdynia,2014Q2,2014,2,20142,primary,transaction,5648.444865298366,False,,Gdynia**,II 2014
4,2262000,Gdynia,2014Q3,2014,3,20143,primary,transaction,6036.681098812597,False,,Gdynia**,III 2014
4,2262000,Gdynia,2014Q4,2014,4,20144,primary,transaction,5877.140700166314,False,,Gdynia**,IV 2014
4,2262000,Gdynia,2015Q1,2015,1,20151,primary,transaction,5777.734001098061,False,,Gdynia**,I 2015
4,2262000,Gdynia,2015Q2,2015,2,20152,primary,transaction,6162.270702094648,False,,Gdynia**,II 2015
4,2262000,Gdynia,2015Q3,2015,3,20153,primary,transaction,6710.13146564361,False,,Gdynia**,III 2015
4,2262000,Gdynia,2015Q4,2015,4,20154,primary,transaction,6333.692413744348,False,,Gdynia**,IV 2015
4,2262000,Gdynia,2016Q1,2016,1,20161,primary,transaction,6208.749621965491,False,,Gdynia**,I 2016
4,2262000,Gdynia,2016Q2,2016,2,20162,primary,transaction,6391.451832712259,False,,Gdynia**,II 2016
4,2262000,Gdynia,2016Q3,2016,3,20163,primary,transaction,6630.784715714512,False,,Gdynia**,III 2016
4,2262000,Gdynia,2016Q4,2016,4,20164,primary,transaction,6975.271902347601,False,,Gdynia**,IV 2016
4,2262000,Gdynia,2017Q1,2017,1,20171,primary,transaction,6710.381667971612,False,,Gdynia**,I 2017
4,2262000,Gdynia,2017Q2,2017,2,20172,primary,transaction,6732.012446191167,False,,Gdynia**,II 2017
4,2262000,Gdynia,2017Q3,2017,3,20173,primary,transaction,7174.5304626487405,False,,Gdynia**,III 2017
4,2262000,Gdynia,2017Q4,2017,4,20174,primary,transaction,6901.968756937644,False,,Gdynia**,IV 2017
4,2262000,Gdynia,2018Q1,2018,1,20181,primary,transaction,6851.479349697545,False,,Gdynia**,I 2018
4,2262000,Gdynia,2018Q2,2018,2,20182,primary,transaction,7080.415417255621,False,,Gdynia**,II 2018
4,2262000,Gdynia,2018Q3,2018,3,20183,primary,transaction,7417.874125210048,False,,Gdynia**,III 2018
4,2262000,Gdynia,2018Q4,2018,4,20184,primary,transaction,7803.314460598126,False,,Gdynia**,IV 2018
4,2262000,Gdynia,2019Q1,2019,1,20191,primary,transaction,7990.141021611874,False,,Gdynia**,I 2019
4,2262000,Gdynia,2019Q2,2019,2,20192,primary,transaction,8180.609053120141,False,,Gdynia**,II 2019
4,2262000,Gdynia,2019Q3,2019,3,20193,primary,transaction,8321.185776224313,False,,Gdynia**,III 2019
4,2262000,Gdynia,2019Q4,2019,4,20194,primary,transaction,8027.3199915358555,False,,Gdynia**,IV 2019
4,2262000,Gdynia,2020Q1,2020,1,20201,primary,transaction,8251.15986529306,False,,Gdynia**,I 2020
4,2262000,Gdynia,2020Q2,2020,2,20202,primary,transaction,7974.345800120185,False,,Gdynia**,II 2020
4,2262000,Gdynia,2020Q3,2020,3,20203,primary,transaction,8240.475973805938,False,,Gdynia**,III 2020
4,2262000,Gdynia,2020Q4,2020,4,20204,primary,transaction,8132.838695025837,False,,Gdynia**,IV 2020
4,2262000,Gdynia,2021Q1,2021,1,20211,primary,transaction,9324.88566627111,False,,Gdynia**,I 2021
4,2262000,Gdynia,2021Q2,2021,2,20212,primary,transaction,9824.39893248688,False,,Gdynia**,II 2021
4,2262000,Gdynia,2021Q3,2021,3,20213,primary,transaction,9738.883118212558,True,Gdynia primary transaction-price weighting methodology changed from 2021Q3.,Gdynia**,III 2021
4,2262000,Gdynia,2021Q4,2021,4,20214,primary,transaction,9927.325311384651,False,,Gdynia**,IV 2021
4,2262000,Gdynia,2022Q1,2022,1,20221,primary,transaction,9830.243991462301,False,,Gdynia**,I 2022
4,2262000,Gdynia,2022Q2,2022,2,20222,primary,transaction,10131.111048564662,False,,Gdynia**,II 2022
4,2262000,Gdynia,2022Q3,2022,3,20223,primary,transaction,10330.628952399522,False,,Gdynia**,III 2022
4,2262000,Gdynia,2022Q4,2022,4,20224,primary,transaction,10829.744784641298,False,,Gdynia**,IV 2022
4,2262000,Gdynia,2023Q1,2023,1,20231,primary,transaction,10842.91478296,False,,Gdynia**,I 2023
4,2262000,Gdynia,2023Q2,2023,2,20232,primary,transaction,10673.05081912,False,,Gdynia**,II 2023
4,2262000,Gdynia,2023Q3,2023,3,20233,primary,transaction,11276.78957928,False,,Gdynia**,III 2023
4,2262000,Gdynia,2023Q4,2023,4,20234,primary,transaction,11108.75425048,False,,Gdynia**,IV 2023
4,2262000,Gdynia,2024Q1,2024,1,20241,primary,transaction,12762.72457233379,False,,Gdynia**,I 2024
4,2262000,Gdynia,2024Q2,2024,2,20242,primary,transaction,12435.61987643296,False,,Gdynia**,II 2024
4,2262000,Gdynia,2024Q3,2024,3,20243,primary,transaction,13374.472831284924,False,,Gdynia**,III 2024
4,2262000,Gdynia,2024Q4,2024,4,20244,primary,transaction,12414.316575118059,False,,Gdynia**,IV 2024
4,2262000,Gdynia,2025Q1,2025,1,20251,primary,transaction,12906.711629710146,False,,Gdynia**,I 2025
4,2262000,Gdynia,2025Q2,2025,2,20252,primary,transaction,13000.24061245408,False,,Gdynia**,II 2025
4,2262000,Gdynia,2025Q3,2025,3,20253,primary,transaction,13510.01638769764,False,,Gdynia**,III 2025
4,2262000,Gdynia,2025Q4,2025,4,20254,primary,transaction,13570.538425147872,False,,Gdynia**,IV 2025
4,2262000,Gdynia,2026Q1,2026,1,20261,primary,transaction,13324.64036738066,False,,Gdynia**,I 2026
4,2262000,Gdynia,2026Q2,2026,2,20262,primary,transaction,12886.98208212585,False,,Gdynia**,II 2026
5,2469000,Katowice,2006Q3,2006,3,20063,primary,transaction,3522.59,False,,Katowice,III 2006
5,2469000,Katowice,2006Q4,2006,4,20064,primary,transaction,3734.72,False,,Katowice,IV 2006
5,2469000,Katowice,2007Q1,2007,1,20071,primary,transaction,3805.67,False,,Katowice,I 2007
5,2469000,Katowice,2007Q2,2007,2,20072,primary,transaction,5093.57,False,,Katowice,II 2007
5,2469000,Katowice,2007Q3,2007,3,20073,primary,transaction,5697.62,False,,Katowice,III 2007
5,2469000,Katowice,2007Q4,2007,4,20074,primary,transaction,5717.63,False,,Katowice,IV 2007
5,2469000,Katowice,2008Q1,2008,1,20081,primary,transaction,5791.06,False,,Katowice,I 2008
5,2469000,Katowice,2008Q2,2008,2,20082,primary,transaction,5113.46,False,,Katowice,II 2008
5,2469000,Katowice,2008Q3,2008,3,20083,primary,transaction,5153.52,False,,Katowice,III 2008
5,2469000,Katowice,2008Q4,2008,4,20084,primary,transaction,5772.17,False,,Katowice,IV 2008
5,2469000,Katowice,2009Q1,2009,1,20091,primary,transaction,4994.94,False,,Katowice,I 2009
5,2469000,Katowice,2009Q2,2009,2,20092,primary,transaction,5410.83,False,,Katowice,II 2009
5,2469000,Katowice,2009Q3,2009,3,20093,primary,transaction,4524.0,False,,Katowice,III 2009
5,2469000,Katowice,2009Q4,2009,4,20094,primary,transaction,4866.0,False,,Katowice,IV 2009
5,2469000,Katowice,2010Q1,2010,1,20101,primary,transaction,5303.0,False,,Katowice,I 2010
5,2469000,Katowice,2010Q2,2010,2,20102,primary,transaction,4511.0,False,,Katowice,II 2010
5,2469000,Katowice,2010Q3,2010,3,20103,primary,transaction,5071.0,False,,Katowice,III 2010
5,2469000,Katowice,2010Q4,2010,4,20104,primary,transaction,4914.0,False,,Katowice,IV 2010
5,2469000,Katowice,2011Q1,2011,1,20111,primary,transaction,5329.0,False,,Katowice,I 2011
5,2469000,Katowice,2011Q2,2011,2,20112,primary,transaction,4417.0,False,,Katowice,II 2011
5,2469000,Katowice,2011Q3,2011,3,20113,primary,transaction,4697.0,False,,Katowice,III 2011
5,2469000,Katowice,2011Q4,2011,4,20114,primary,transaction,4603.599667922021,False,,Katowice,IV 2011
5,2469000,Katowice,2012Q1,2012,1,20121,primary,transaction,4678.7928097797285,False,,Katowice,I 2012
5,2469000,Katowice,2012Q2,2012,2,20122,primary,transaction,4443.222453656398,False,,Katowice,II 2012
5,2469000,Katowice,2012Q3,2012,3,20123,primary,transaction,5003.604828883622,False,,Katowice,III 2012
5,2469000,Katowice,2012Q4,2012,4,20124,primary,transaction,5685.230429520307,False,,Katowice,IV 2012
5,2469000,Katowice,2013Q1,2013,1,20131,primary,transaction,5103.59986974834,False,,Katowice,I 2013
5,2469000,Katowice,2013Q2,2013,2,20132,primary,transaction,5232.116857938558,False,,Katowice,II 2013
5,2469000,Katowice,2013Q3,2013,3,20133,primary,transaction,4670.342903484908,False,,Katowice,III 2013
5,2469000,Katowice,2013Q4,2013,4,20134,primary,transaction,4529.311795638465,False,,Katowice,IV 2013
5,2469000,Katowice,2014Q1,2014,1,20141,primary,transaction,4531.850262386592,False,,Katowice,I 2014
5,2469000,Katowice,2014Q2,2014,2,20142,primary,transaction,4973.863138176352,False,,Katowice,II 2014
5,2469000,Katowice,2014Q3,2014,3,20143,primary,transaction,5015.422863445144,False,,Katowice,III 2014
5,2469000,Katowice,2014Q4,2014,4,20144,primary,transaction,4906.688436823682,False,,Katowice,IV 2014
5,2469000,Katowice,2015Q1,2015,1,20151,primary,transaction,4794.636422402498,False,,Katowice,I 2015
5,2469000,Katowice,2015Q2,2015,2,20152,primary,transaction,4897.97562856406,False,,Katowice,II 2015
5,2469000,Katowice,2015Q3,2015,3,20153,primary,transaction,5003.394397218573,False,,Katowice,III 2015
5,2469000,Katowice,2015Q4,2015,4,20154,primary,transaction,5048.501745306497,False,,Katowice,IV 2015
5,2469000,Katowice,2016Q1,2016,1,20161,primary,transaction,5029.888686150566,False,,Katowice,I 2016
5,2469000,Katowice,2016Q2,2016,2,20162,primary,transaction,4867.99458795279,False,,Katowice,II 2016
5,2469000,Katowice,2016Q3,2016,3,20163,primary,transaction,5172.911056157298,False,,Katowice,III 2016
5,2469000,Katowice,2016Q4,2016,4,20164,primary,transaction,5037.853818716708,False,,Katowice,IV 2016
5,2469000,Katowice,2017Q1,2017,1,20171,primary,transaction,5113.692783171926,False,,Katowice,I 2017
5,2469000,Katowice,2017Q2,2017,2,20172,primary,transaction,5095.3991997889325,False,,Katowice,II 2017
5,2469000,Katowice,2017Q3,2017,3,20173,primary,transaction,5226.454830212642,False,,Katowice,III 2017
5,2469000,Katowice,2017Q4,2017,4,20174,primary,transaction,5266.250418655079,False,,Katowice,IV 2017
5,2469000,Katowice,2018Q1,2018,1,20181,primary,transaction,5217.34836858322,False,,Katowice,I 2018
5,2469000,Katowice,2018Q2,2018,2,20182,primary,transaction,5464.118611490464,False,,Katowice,II 2018
5,2469000,Katowice,2018Q3,2018,3,20183,primary,transaction,5486.889904535283,False,,Katowice,III 2018
5,2469000,Katowice,2018Q4,2018,4,20184,primary,transaction,5845.74231948376,False,,Katowice,IV 2018
5,2469000,Katowice,2019Q1,2019,1,20191,primary,transaction,6539.488813916424,False,,Katowice,I 2019
5,2469000,Katowice,2019Q2,2019,2,20192,primary,transaction,6274.727063243533,False,,Katowice,II 2019
5,2469000,Katowice,2019Q3,2019,3,20193,primary,transaction,6745.506031853577,False,,Katowice,III 2019
5,2469000,Katowice,2019Q4,2019,4,20194,primary,transaction,6879.938338527183,False,,Katowice,IV 2019
5,2469000,Katowice,2020Q1,2020,1,20201,primary,transaction,6996.087408632216,False,,Katowice,I 2020
5,2469000,Katowice,2020Q2,2020,2,20202,primary,transaction,6829.162682801237,False,,Katowice,II 2020
5,2469000,Katowice,2020Q3,2020,3,20203,primary,transaction,6884.881781446651,False,,Katowice,III 2020
5,2469000,Katowice,2020Q4,2020,4,20204,primary,transaction,7246.027228145523,False,,Katowice,IV 2020
5,2469000,Katowice,2021Q1,2021,1,20211,primary,transaction,7371.154257574024,False,,Katowice,I 2021
5,2469000,Katowice,2021Q2,2021,2,20212,primary,transaction,7838.9161361398055,False,,Katowice,II 2021
5,2469000,Katowice,2021Q3,2021,3,20213,primary,transaction,8340.278143525315,False,,Katowice,III 2021
5,2469000,Katowice,2021Q4,2021,4,20214,primary,transaction,8290.436337204876,False,,Katowice,IV 2021
5,2469000,Katowice,2022Q1,2022,1,20221,primary,transaction,8928.042381464058,False,,Katowice,I 2022
5,2469000,Katowice,2022Q2,2022,2,20222,primary,transaction,9448.719129777304,False,,Katowice,II 2022
5,2469000,Katowice,2022Q3,2022,3,20223,primary,transaction,9229.140791112917,False,,Katowice,III 2022
5,2469000,Katowice,2022Q4,2022,4,20224,primary,transaction,9662.555832401327,False,,Katowice,IV 2022
5,2469000,Katowice,2023Q1,2023,1,20231,primary,transaction,9593.999782337161,False,,Katowice,I 2023
5,2469000,Katowice,2023Q2,2023,2,20232,primary,transaction,9225.950699999215,False,,Katowice,II 2023
5,2469000,Katowice,2023Q3,2023,3,20233,primary,transaction,9702.540620258997,False,,Katowice,III 2023
5,2469000,Katowice,2023Q4,2023,4,20234,primary,transaction,10347.839677656078,False,,Katowice,IV 2023
5,2469000,Katowice,2024Q1,2024,1,20241,primary,transaction,10675.182052126063,False,,Katowice,I 2024
5,2469000,Katowice,2024Q2,2024,2,20242,primary,transaction,11508.088853364576,False,,Katowice,II 2024
5,2469000,Katowice,2024Q3,2024,3,20243,primary,transaction,11844.275440270842,False,,Katowice,III 2024
5,2469000,Katowice,2024Q4,2024,4,20244,primary,transaction,11931.322535507445,False,,Katowice,IV 2024
5,2469000,Katowice,2025Q1,2025,1,20251,primary,transaction,12000.19309526647,False,,Katowice,I 2025
5,2469000,Katowice,2025Q2,2025,2,20252,primary,transaction,11742.313063264797,False,,Katowice,II 2025
5,2469000,Katowice,2025Q3,2025,3,20253,primary,transaction,11945.76874080896,False,,Katowice,III 2025
5,2469000,Katowice,2025Q4,2025,4,20254,primary,transaction,11853.59424151598,False,,Katowice,IV 2025
5,2469000,Katowice,2026Q1,2026,1,20261,primary,transaction,12030.771273479164,False,,Katowice,I 2026
5,2469000,Katowice,2026Q2,2026,2,20262,primary,transaction,11840.14970595999,False,,Katowice,II 2026
6,2661000,Kielce,2006Q3,2006,3,20063,primary,transaction,2834.8393391977534,False,,Kielce,III 2006
6,2661000,Kielce,2006Q4,2006,4,20064,primary,transaction,3014.090525335802,False,,Kielce,IV 2006
6,2661000,Kielce,2007Q1,2007,1,20071,primary,transaction,3241.4152281047673,False,,Kielce,I 2007
6,2661000,Kielce,2007Q2,2007,2,20072,primary,transaction,3017.729301673899,False,,Kielce,II 2007
6,2661000,Kielce,2007Q3,2007,3,20073,primary,transaction,4765.978233106741,False,,Kielce,III 2007
6,2661000,Kielce,2007Q4,2007,4,20074,primary,transaction,4629.101107606011,False,,Kielce,IV 2007
6,2661000,Kielce,2008Q1,2008,1,20081,primary,transaction,4407.7071046698375,False,,Kielce,I 2008
6,2661000,Kielce,2008Q2,2008,2,20082,primary,transaction,4879.70469598569,False,,Kielce,II 2008
6,2661000,Kielce,2008Q3,2008,3,20083,primary,transaction,4917.532281885935,False,,Kielce,III 2008
6,2661000,Kielce,2008Q4,2008,4,20084,primary,transaction,4608.749918623949,False,,Kielce,IV 2008
6,2661000,Kielce,2009Q1,2009,1,20091,primary,transaction,4821.62401073878,False,,Kielce,I 2009
6,2661000,Kielce,2009Q2,2009,2,20092,primary,transaction,4715.5152503471345,False,,Kielce,II 2009
6,2661000,Kielce,2009Q3,2009,3,20093,primary,transaction,4678.348467443536,False,,Kielce,III 2009
6,2661000,Kielce,2009Q4,2009,4,20094,primary,transaction,4778.483236229924,False,,Kielce,IV 2009
6,2661000,Kielce,2010Q1,2010,1,20101,primary,transaction,4797.9706485254,False,,Kielce,I 2010
6,2661000,Kielce,2010Q2,2010,2,20102,primary,transaction,4829.22686469692,False,,Kielce,II 2010
6,2661000,Kielce,2010Q3,2010,3,20103,primary,transaction,4523.102074753757,False,,Kielce,III 2010
6,2661000,Kielce,2010Q4,2010,4,20104,primary,transaction,4803.276777721256,False,,Kielce,IV 2010
6,2661000,Kielce,2011Q1,2011,1,20111,primary,transaction,4790.077971048904,False,,Kielce,I 2011
6,2661000,Kielce,2011Q2,2011,2,20112,primary,transaction,4966.786434991207,False,,Kielce,II 2011
6,2661000,Kielce,2011Q3,2011,3,20113,primary,transaction,4803.884376262197,False,,Kielce,III 2011
6,2661000,Kielce,2011Q4,2011,4,20114,primary,transaction,4768.498925532117,False,,Kielce,IV 2011
6,2661000,Kielce,2012Q1,2012,1,20121,primary,transaction,4662.529862106962,False,,Kielce,I 2012
6,2661000,Kielce,2012Q2,2012,2,20122,primary,transaction,4944.016351230474,False,,Kielce,II 2012
6,2661000,Kielce,2012Q3,2012,3,20123,primary,transaction,5160.697559005846,False,,Kielce,III 2012
6,2661000,Kielce,2012Q4,2012,4,20124,primary,transaction,4515.760471503128,False,,Kielce,IV 2012
6,2661000,Kielce,2013Q1,2013,1,20131,primary,transaction,4647.241535894923,False,,Kielce,I 2013
6,2661000,Kielce,2013Q2,2013,2,20132,primary,transaction,4646.013467266611,False,,Kielce,II 2013
6,2661000,Kielce,2013Q3,2013,3,20133,primary,transaction,4717.680351386311,False,,Kielce,III 2013
6,2661000,Kielce,2013Q4,2013,4,20134,primary,transaction,4651.074141414556,False,,Kielce,IV 2013
6,2661000,Kielce,2014Q1,2014,1,20141,primary,transaction,4587.361297451235,False,,Kielce,I 2014
6,2661000,Kielce,2014Q2,2014,2,20142,primary,transaction,4622.853785241579,False,,Kielce,II 2014
6,2661000,Kielce,2014Q3,2014,3,20143,primary,transaction,4577.564755146137,False,,Kielce,III 2014
6,2661000,Kielce,2014Q4,2014,4,20144,primary,transaction,4601.542914588442,False,,Kielce,IV 2014
6,2661000,Kielce,2015Q1,2015,1,20151,primary,transaction,4736.142579621817,False,,Kielce,I 2015
6,2661000,Kielce,2015Q2,2015,2,20152,primary,transaction,4506.621021306747,False,,Kielce,II 2015
6,2661000,Kielce,2015Q3,2015,3,20153,primary,transaction,4548.7844984775265,False,,Kielce,III 2015
6,2661000,Kielce,2015Q4,2015,4,20154,primary,transaction,4619.943712765114,False,,Kielce,IV 2015
6,2661000,Kielce,2016Q1,2016,1,20161,primary,transaction,4710.342171538008,False,,Kielce,I 2016
6,2661000,Kielce,2016Q2,2016,2,20162,primary,transaction,4685.483918153999,False,,Kielce,II 2016
6,2661000,Kielce,2016Q3,2016,3,20163,primary,transaction,4581.252848346013,False,,Kielce,III 2016
6,2661000,Kielce,2016Q4,2016,4,20164,primary,transaction,4558.990676757216,False,,Kielce,IV 2016
6,2661000,Kielce,2017Q1,2017,1,20171,primary,transaction,4614.109960566635,False,,Kielce,I 2017
6,2661000,Kielce,2017Q2,2017,2,20172,primary,transaction,4544.821226525441,False,,Kielce,II 2017
6,2661000,Kielce,2017Q3,2017,3,20173,primary,transaction,4546.8936279648215,False,,Kielce,III 2017
6,2661000,Kielce,2017Q4,2017,4,20174,primary,transaction,4689.069236474604,False,,Kielce,IV 2017
6,2661000,Kielce,2018Q1,2018,1,20181,primary,transaction,4591.489258892441,False,,Kielce,I 2018
6,2661000,Kielce,2018Q2,2018,2,20182,primary,transaction,4798.0,False,,Kielce,II 2018
6,2661000,Kielce,2018Q3,2018,3,20183,primary,transaction,4804.822879549007,False,,Kielce,III 2018
6,2661000,Kielce,2018Q4,2018,4,20184,primary,transaction,4967.077230850427,False,,Kielce,IV 2018
6,2661000,Kielce,2019Q1,2019,1,20191,primary,transaction,4999.162510448252,False,,Kielce,I 2019
6,2661000,Kielce,2019Q2,2019,2,20192,primary,transaction,5020.1522149018465,False,,Kielce,II 2019
6,2661000,Kielce,2019Q3,2019,3,20193,primary,transaction,5220.400743309056,False,,Kielce,III 2019
6,2661000,Kielce,2019Q4,2019,4,20194,primary,transaction,5295.153754284564,False,,Kielce,IV 2019
6,2661000,Kielce,2020Q1,2020,1,20201,primary,transaction,5424.637738040608,False,,Kielce,I 2020
6,2661000,Kielce,2020Q2,2020,2,20202,primary,transaction,5573.063876814057,False,,Kielce,II 2020
6,2661000,Kielce,2020Q3,2020,3,20203,primary,transaction,5724.949637256607,False,,Kielce,III 2020
6,2661000,Kielce,2020Q4,2020,4,20204,primary,transaction,5920.388304321694,False,,Kielce,IV 2020
6,2661000,Kielce,2021Q1,2021,1,20211,primary,transaction,5982.056423370471,False,,Kielce,I 2021
6,2661000,Kielce,2021Q2,2021,2,20212,primary,transaction,6297.292186042405,False,,Kielce,II 2021
6,2661000,Kielce,2021Q3,2021,3,20213,primary,transaction,6530.053615854071,False,,Kielce,III 2021
6,2661000,Kielce,2021Q4,2021,4,20214,primary,transaction,6718.46186589984,False,,Kielce,IV 2021
6,2661000,Kielce,2022Q1,2022,1,20221,primary,transaction,6928.761642864786,False,,Kielce,I 2022
6,2661000,Kielce,2022Q2,2022,2,20222,primary,transaction,7108.4203148248525,False,,Kielce,II 2022
6,2661000,Kielce,2022Q3,2022,3,20223,primary,transaction,8043.377183984608,False,,Kielce,III 2022
6,2661000,Kielce,2022Q4,2022,4,20224,primary,transaction,8282.20170163562,False,,Kielce,IV 2022
6,2661000,Kielce,2023Q1,2023,1,20231,primary,transaction,8200.709629491268,False,,Kielce,I 2023
6,2661000,Kielce,2023Q2,2023,2,20232,primary,transaction,8431.934622959478,False,,Kielce,II 2023
6,2661000,Kielce,2023Q3,2023,3,20233,primary,transaction,8491.840537609425,False,,Kielce,III 2023
6,2661000,Kielce,2023Q4,2023,4,20234,primary,transaction,8208.391228346125,False,,Kielce,IV 2023
6,2661000,Kielce,2024Q1,2024,1,20241,primary,transaction,8577.756452067853,False,,Kielce,I 2024
6,2661000,Kielce,2024Q2,2024,2,20242,primary,transaction,9446.26963043983,False,,Kielce,II 2024
6,2661000,Kielce,2024Q3,2024,3,20243,primary,transaction,9475.920215798225,False,,Kielce,III 2024
6,2661000,Kielce,2024Q4,2024,4,20244,primary,transaction,10287.600969898887,False,,Kielce,IV 2024
6,2661000,Kielce,2025Q1,2025,1,20251,primary,transaction,10073.949098525143,False,,Kielce,I 2025
6,2661000,Kielce,2025Q2,2025,2,20252,primary,transaction,9661.342981437108,False,,Kielce,II 2025
6,2661000,Kielce,2025Q3,2025,3,20253,primary,transaction,9752.548521689734,False,,Kielce,III 2025
6,2661000,Kielce,2025Q4,2025,4,20254,primary,transaction,10113.857882457029,False,,Kielce,IV 2025
6,2661000,Kielce,2026Q1,2026,1,20261,primary,transaction,10539.357340966748,False,,Kielce,I 2026
6,2661000,Kielce,2026Q2,2026,2,20262,primary,transaction,10401.898854973933,False,,Kielce,II 2026
7,1261000,Kraków,2006Q3,2006,3,20063,primary,transaction,6816.0,False,,Kraków,III 2006
7,1261000,Kraków,2006Q4,2006,4,20064,primary,transaction,7089.0,False,,Kraków,IV 2006
7,1261000,Kraków,2007Q1,2007,1,20071,primary,transaction,7192.0,False,,Kraków,I 2007
7,1261000,Kraków,2007Q2,2007,2,20072,primary,transaction,7856.0,False,,Kraków,II 2007
7,1261000,Kraków,2007Q3,2007,3,20073,primary,transaction,8060.0,False,,Kraków,III 2007
7,1261000,Kraków,2007Q4,2007,4,20074,primary,transaction,7985.0,False,,Kraków,IV 2007
7,1261000,Kraków,2008Q1,2008,1,20081,primary,transaction,8000.0,False,,Kraków,I 2008
7,1261000,Kraków,2008Q2,2008,2,20082,primary,transaction,8027.0,False,,Kraków,II 2008
7,1261000,Kraków,2008Q3,2008,3,20083,primary,transaction,7814.0,False,,Kraków,III 2008
7,1261000,Kraków,2008Q4,2008,4,20084,primary,transaction,7518.0,False,,Kraków,IV 2008
7,1261000,Kraków,2009Q1,2009,1,20091,primary,transaction,7373.0,False,,Kraków,I 2009
7,1261000,Kraków,2009Q2,2009,2,20092,primary,transaction,7169.0,False,,Kraków,II 2009
7,1261000,Kraków,2009Q3,2009,3,20093,primary,transaction,6866.0,False,,Kraków,III 2009
7,1261000,Kraków,2009Q4,2009,4,20094,primary,transaction,6981.0,False,,Kraków,IV 2009
7,1261000,Kraków,2010Q1,2010,1,20101,primary,transaction,6985.0,False,,Kraków,I 2010
7,1261000,Kraków,2010Q2,2010,2,20102,primary,transaction,6920.0,False,,Kraków,II 2010
7,1261000,Kraków,2010Q3,2010,3,20103,primary,transaction,6834.0,False,,Kraków,III 2010
7,1261000,Kraków,2010Q4,2010,4,20104,primary,transaction,6789.0,False,,Kraków,IV 2010
7,1261000,Kraków,2011Q1,2011,1,20111,primary,transaction,6886.0,False,,Kraków,I 2011
7,1261000,Kraków,2011Q2,2011,2,20112,primary,transaction,7082.0,False,,Kraków,II 2011
7,1261000,Kraków,2011Q3,2011,3,20113,primary,transaction,6958.0,False,,Kraków,III 2011
7,1261000,Kraków,2011Q4,2011,4,20114,primary,transaction,6711.0,False,,Kraków,IV 2011
7,1261000,Kraków,2012Q1,2012,1,20121,primary,transaction,6637.001746927349,False,,Kraków,I 2012
7,1261000,Kraków,2012Q2,2012,2,20122,primary,transaction,6616.3845532502255,False,,Kraków,II 2012
7,1261000,Kraków,2012Q3,2012,3,20123,primary,transaction,6710.5235057245945,False,,Kraków,III 2012
7,1261000,Kraków,2012Q4,2012,4,20124,primary,transaction,6416.814133833445,False,,Kraków,IV 2012
7,1261000,Kraków,2013Q1,2013,1,20131,primary,transaction,5926.3334237445115,False,,Kraków,I 2013
7,1261000,Kraków,2013Q2,2013,2,20132,primary,transaction,6298.649023612947,False,,Kraków,II 2013
7,1261000,Kraków,2013Q3,2013,3,20133,primary,transaction,5895.29829018747,False,,Kraków,III 2013
7,1261000,Kraków,2013Q4,2013,4,20134,primary,transaction,5782.454880447131,False,,Kraków,IV 2013
7,1261000,Kraków,2014Q1,2014,1,20141,primary,transaction,5999.94316399611,False,,Kraków,I 2014
7,1261000,Kraków,2014Q2,2014,2,20142,primary,transaction,6172.010462768289,False,,Kraków,II 2014
7,1261000,Kraków,2014Q3,2014,3,20143,primary,transaction,5970.209272166272,False,,Kraków,III 2014
7,1261000,Kraków,2014Q4,2014,4,20144,primary,transaction,5722.1717480476555,False,,Kraków,IV 2014
7,1261000,Kraków,2015Q1,2015,1,20151,primary,transaction,5860.678424115234,False,,Kraków,I 2015
7,1261000,Kraków,2015Q2,2015,2,20152,primary,transaction,5896.0,False,,Kraków,II 2015
7,1261000,Kraków,2015Q3,2015,3,20153,primary,transaction,6311.502167995154,False,,Kraków,III 2015
7,1261000,Kraków,2015Q4,2015,4,20154,primary,transaction,6357.267455954707,False,,Kraków,IV 2015
7,1261000,Kraków,2016Q1,2016,1,20161,primary,transaction,6239.0,False,,Kraków,I 2016
7,1261000,Kraków,2016Q2,2016,2,20162,primary,transaction,6342.941735185853,False,,Kraków,II 2016
7,1261000,Kraków,2016Q3,2016,3,20163,primary,transaction,6298.207394051258,False,,Kraków,III 2016
7,1261000,Kraków,2016Q4,2016,4,20164,primary,transaction,6451.0,False,,Kraków,IV 2016
7,1261000,Kraków,2017Q1,2017,1,20171,primary,transaction,6372.824416165495,False,,Kraków,I 2017
7,1261000,Kraków,2017Q2,2017,2,20172,primary,transaction,6583.491292029815,False,,Kraków,II 2017
7,1261000,Kraków,2017Q3,2017,3,20173,primary,transaction,6810.247590610234,False,,Kraków,III 2017
7,1261000,Kraków,2017Q4,2017,4,20174,primary,transaction,6755.043946218443,False,,Kraków,IV 2017
7,1261000,Kraków,2018Q1,2018,1,20181,primary,transaction,6795.534793689597,False,,Kraków,I 2018
7,1261000,Kraków,2018Q2,2018,2,20182,primary,transaction,6778.3739993027,False,,Kraków,II 2018
7,1261000,Kraków,2018Q3,2018,3,20183,primary,transaction,6944.889068110488,False,,Kraków,III 2018
7,1261000,Kraków,2018Q4,2018,4,20184,primary,transaction,7198.7561501110085,False,,Kraków,IV 2018
7,1261000,Kraków,2019Q1,2019,1,20191,primary,transaction,7425.578710663175,False,,Kraków,I 2019
7,1261000,Kraków,2019Q2,2019,2,20192,primary,transaction,7739.209501374133,False,,Kraków,II 2019
7,1261000,Kraków,2019Q3,2019,3,20193,primary,transaction,7787.636101953875,False,,Kraków,III 2019
7,1261000,Kraków,2019Q4,2019,4,20194,primary,transaction,8238.182262575585,False,,Kraków,IV 2019
7,1261000,Kraków,2020Q1,2020,1,20201,primary,transaction,8306.973029040248,False,,Kraków,I 2020
7,1261000,Kraków,2020Q2,2020,2,20202,primary,transaction,8612.585899055895,False,,Kraków,II 2020
7,1261000,Kraków,2020Q3,2020,3,20203,primary,transaction,8916.757390086255,False,,Kraków,III 2020
7,1261000,Kraków,2020Q4,2020,4,20204,primary,transaction,8745.444372655094,False,,Kraków,IV 2020
7,1261000,Kraków,2021Q1,2021,1,20211,primary,transaction,8866.056186908516,False,,Kraków,I 2021
7,1261000,Kraków,2021Q2,2021,2,20212,primary,transaction,9376.971033042732,False,,Kraków,II 2021
7,1261000,Kraków,2021Q3,2021,3,20213,primary,transaction,9727.26616203387,False,,Kraków,III 2021
7,1261000,Kraków,2021Q4,2021,4,20214,primary,transaction,10307.786445138481,False,,Kraków,IV 2021
7,1261000,Kraków,2022Q1,2022,1,20221,primary,transaction,10537.478997856333,False,,Kraków,I 2022
7,1261000,Kraków,2022Q2,2022,2,20222,primary,transaction,11141.648764255726,False,,Kraków,II 2022
7,1261000,Kraków,2022Q3,2022,3,20223,primary,transaction,11601.160608090406,False,,Kraków,III 2022
7,1261000,Kraków,2022Q4,2022,4,20224,primary,transaction,12123.220304784041,False,,Kraków,IV 2022
7,1261000,Kraków,2023Q1,2023,1,20231,primary,transaction,11491.526021423471,False,,Kraków,I 2023
7,1261000,Kraków,2023Q2,2023,2,20232,primary,transaction,11589.532531353127,False,,Kraków,II 2023
7,1261000,Kraków,2023Q3,2023,3,20233,primary,transaction,12226.90583410295,False,,Kraków,III 2023
7,1261000,Kraków,2023Q4,2023,4,20234,primary,transaction,13466.1965032913,False,,Kraków,IV 2023
7,1261000,Kraków,2024Q1,2024,1,20241,primary,transaction,14688.319424481464,False,,Kraków,I 2024
7,1261000,Kraków,2024Q2,2024,2,20242,primary,transaction,15433.69500396197,False,,Kraków,II 2024
7,1261000,Kraków,2024Q3,2024,3,20243,primary,transaction,16031.588045279988,False,,Kraków,III 2024
7,1261000,Kraków,2024Q4,2024,4,20244,primary,transaction,15466.642112356696,False,,Kraków,IV 2024
7,1261000,Kraków,2025Q1,2025,1,20251,primary,transaction,15652.564932686444,False,,Kraków,I 2025
7,1261000,Kraków,2025Q2,2025,2,20252,primary,transaction,15701.394163809959,False,,Kraków,II 2025
7,1261000,Kraków,2025Q3,2025,3,20253,primary,transaction,15633.71087676582,False,,Kraków,III 2025
7,1261000,Kraków,2025Q4,2025,4,20254,primary,transaction,15591.614327103991,False,,Kraków,IV 2025
7,1261000,Kraków,2026Q1,2026,1,20261,primary,transaction,15390.743027511639,False,,Kraków,I 2026
7,1261000,Kraków,2026Q2,2026,2,20262,primary,transaction,15922.87703568673,False,,Kraków,II 2026
8,0663000,Lublin,2006Q3,2006,3,20063,primary,transaction,3022.0,False,,Lublin,III 2006
8,0663000,Lublin,2006Q4,2006,4,20064,primary,transaction,3304.0,False,,Lublin,IV 2006
8,0663000,Lublin,2007Q1,2007,1,20071,primary,transaction,3309.0,False,,Lublin,I 2007
8,0663000,Lublin,2007Q2,2007,2,20072,primary,transaction,3503.0,False,,Lublin,II 2007
8,0663000,Lublin,2007Q3,2007,3,20073,primary,transaction,4125.0,False,,Lublin,III 2007
8,0663000,Lublin,2007Q4,2007,4,20074,primary,transaction,4597.0,False,,Lublin,IV 2007
8,0663000,Lublin,2008Q1,2008,1,20081,primary,transaction,4861.0,False,,Lublin,I 2008
8,0663000,Lublin,2008Q2,2008,2,20082,primary,transaction,4531.0,False,,Lublin,II 2008
8,0663000,Lublin,2008Q3,2008,3,20083,primary,transaction,5073.0,False,,Lublin,III 2008
8,0663000,Lublin,2008Q4,2008,4,20084,primary,transaction,5217.0,False,,Lublin,IV 2008
8,0663000,Lublin,2009Q1,2009,1,20091,primary,transaction,4746.0,False,,Lublin,I 2009
8,0663000,Lublin,2009Q2,2009,2,20092,primary,transaction,4693.0,False,,Lublin,II 2009
8,0663000,Lublin,2009Q3,2009,3,20093,primary,transaction,4437.0,False,,Lublin,III 2009
8,0663000,Lublin,2009Q4,2009,4,20094,primary,transaction,4830.0,False,,Lublin,IV 2009
8,0663000,Lublin,2010Q1,2010,1,20101,primary,transaction,4495.0,False,,Lublin,I 2010
8,0663000,Lublin,2010Q2,2010,2,20102,primary,transaction,4535.0,False,,Lublin,II 2010
8,0663000,Lublin,2010Q3,2010,3,20103,primary,transaction,4821.0,False,,Lublin,III 2010
8,0663000,Lublin,2010Q4,2010,4,20104,primary,transaction,4819.0,False,,Lublin,IV 2010
8,0663000,Lublin,2011Q1,2011,1,20111,primary,transaction,4896.0,False,,Lublin,I 2011
8,0663000,Lublin,2011Q2,2011,2,20112,primary,transaction,4827.0,False,,Lublin,II 2011
8,0663000,Lublin,2011Q3,2011,3,20113,primary,transaction,5133.0,False,,Lublin,III 2011
8,0663000,Lublin,2011Q4,2011,4,20114,primary,transaction,4644.0,False,,Lublin,IV 2011
8,0663000,Lublin,2012Q1,2012,1,20121,primary,transaction,4935.0,False,,Lublin,I 2012
8,0663000,Lublin,2012Q2,2012,2,20122,primary,transaction,4906.0,False,,Lublin,II 2012
8,0663000,Lublin,2012Q3,2012,3,20123,primary,transaction,4864.0,False,,Lublin,III 2012
8,0663000,Lublin,2012Q4,2012,4,20124,primary,transaction,4699.0,False,,Lublin,IV 2012
8,0663000,Lublin,2013Q1,2013,1,20131,primary,transaction,4679.0,False,,Lublin,I 2013
8,0663000,Lublin,2013Q2,2013,2,20132,primary,transaction,4943.0,False,,Lublin,II 2013
8,0663000,Lublin,2013Q3,2013,3,20133,primary,transaction,4770.0,False,,Lublin,III 2013
8,0663000,Lublin,2013Q4,2013,4,20134,primary,transaction,4796.0,False,,Lublin,IV 2013
8,0663000,Lublin,2014Q1,2014,1,20141,primary,transaction,4643.0,False,,Lublin,I 2014
8,0663000,Lublin,2014Q2,2014,2,20142,primary,transaction,4917.0,False,,Lublin,II 2014
8,0663000,Lublin,2014Q3,2014,3,20143,primary,transaction,4843.0,False,,Lublin,III 2014
8,0663000,Lublin,2014Q4,2014,4,20144,primary,transaction,4967.0,False,,Lublin,IV 2014
8,0663000,Lublin,2015Q1,2015,1,20151,primary,transaction,4920.0,False,,Lublin,I 2015
8,0663000,Lublin,2015Q2,2015,2,20152,primary,transaction,4980.0,False,,Lublin,II 2015
8,0663000,Lublin,2015Q3,2015,3,20153,primary,transaction,5017.0,False,,Lublin,III 2015
8,0663000,Lublin,2015Q4,2015,4,20154,primary,transaction,4913.0,False,,Lublin,IV 2015
8,0663000,Lublin,2016Q1,2016,1,20161,primary,transaction,4995.0,False,,Lublin,I 2016
8,0663000,Lublin,2016Q2,2016,2,20162,primary,transaction,5035.0,False,,Lublin,II 2016
8,0663000,Lublin,2016Q3,2016,3,20163,primary,transaction,4976.0,False,,Lublin,III 2016
8,0663000,Lublin,2016Q4,2016,4,20164,primary,transaction,5212.0,False,,Lublin,IV 2016
8,0663000,Lublin,2017Q1,2017,1,20171,primary,transaction,5095.0,False,,Lublin,I 2017
8,0663000,Lublin,2017Q2,2017,2,20172,primary,transaction,4953.0,False,,Lublin,II 2017
8,0663000,Lublin,2017Q3,2017,3,20173,primary,transaction,5243.0,False,,Lublin,III 2017
8,0663000,Lublin,2017Q4,2017,4,20174,primary,transaction,5093.0,False,,Lublin,IV 2017
8,0663000,Lublin,2018Q1,2018,1,20181,primary,transaction,5473.0,False,,Lublin,I 2018
8,0663000,Lublin,2018Q2,2018,2,20182,primary,transaction,5479.0,False,,Lublin,II 2018
8,0663000,Lublin,2018Q3,2018,3,20183,primary,transaction,5545.0,False,,Lublin,III 2018
8,0663000,Lublin,2018Q4,2018,4,20184,primary,transaction,5785.0,False,,Lublin,IV 2018
8,0663000,Lublin,2019Q1,2019,1,20191,primary,transaction,5874.0,False,,Lublin,I 2019
8,0663000,Lublin,2019Q2,2019,2,20192,primary,transaction,5852.0,False,,Lublin,II 2019
8,0663000,Lublin,2019Q3,2019,3,20193,primary,transaction,6158.0,False,,Lublin,III 2019
8,0663000,Lublin,2019Q4,2019,4,20194,primary,transaction,5977.4468,False,,Lublin,IV 2019
8,0663000,Lublin,2020Q1,2020,1,20201,primary,transaction,6158.19,False,,Lublin,I 2020
8,0663000,Lublin,2020Q2,2020,2,20202,primary,transaction,5975.86,False,,Lublin,II 2020
8,0663000,Lublin,2020Q3,2020,3,20203,primary,transaction,6188.41,False,,Lublin,III 2020
8,0663000,Lublin,2020Q4,2020,4,20204,primary,transaction,6819.66,False,,Lublin,IV 2020
8,0663000,Lublin,2021Q1,2021,1,20211,primary,transaction,6829.64,False,,Lublin,I 2021
8,0663000,Lublin,2021Q2,2021,2,20212,primary,transaction,7128.73,False,,Lublin,II 2021
8,0663000,Lublin,2021Q3,2021,3,20213,primary,transaction,7278.47,False,,Lublin,III 2021
8,0663000,Lublin,2021Q4,2021,4,20214,primary,transaction,8176.88,False,,Lublin,IV 2021
8,0663000,Lublin,2022Q1,2022,1,20221,primary,transaction,8344.95,False,,Lublin,I 2022
8,0663000,Lublin,2022Q2,2022,2,20222,primary,transaction,8770.71,False,,Lublin,II 2022
8,0663000,Lublin,2022Q3,2022,3,20223,primary,transaction,8886.39,False,,Lublin,III 2022
8,0663000,Lublin,2022Q4,2022,4,20224,primary,transaction,9149.04,False,,Lublin,IV 2022
8,0663000,Lublin,2023Q1,2023,1,20231,primary,transaction,9158.02,False,,Lublin,I 2023
8,0663000,Lublin,2023Q2,2023,2,20232,primary,transaction,8971.02,False,,Lublin,II 2023
8,0663000,Lublin,2023Q3,2023,3,20233,primary,transaction,9246.7,False,,Lublin,III 2023
8,0663000,Lublin,2023Q4,2023,4,20234,primary,transaction,10085.05,False,,Lublin,IV 2023
8,0663000,Lublin,2024Q1,2024,1,20241,primary,transaction,9852.96,False,,Lublin,I 2024
8,0663000,Lublin,2024Q2,2024,2,20242,primary,transaction,10722.07,False,,Lublin,II 2024
8,0663000,Lublin,2024Q3,2024,3,20243,primary,transaction,10932.31,False,,Lublin,III 2024
8,0663000,Lublin,2024Q4,2024,4,20244,primary,transaction,10996.58,False,,Lublin,IV 2024
8,0663000,Lublin,2025Q1,2025,1,20251,primary,transaction,10999.87,False,,Lublin,I 2025
8,0663000,Lublin,2025Q2,2025,2,20252,primary,transaction,10978.22,False,,Lublin,II 2025
8,0663000,Lublin,2025Q3,2025,3,20253,primary,transaction,10826.93,False,,Lublin,III 2025
8,0663000,Lublin,2025Q4,2025,4,20254,primary,transaction,11204.23,False,,Lublin,IV 2025
8,0663000,Lublin,2026Q1,2026,1,20261,primary,transaction,11006.45,False,,Lublin,I 2026
8,0663000,Lublin,2026Q2,2026,2,20262,primary,transaction,10889.14,False,,Lublin,II 2026
17,1061000,Łódź,2006Q3,2006,3,20063,primary,transaction,2860.0,False,,Łódź,III 2006
17,1061000,Łódź,2006Q4,2006,4,20064,primary,transaction,3642.0,False,,Łódź,IV 2006
17,1061000,Łódź,2007Q1,2007,1,20071,primary,transaction,4209.0,False,,Łódź,I 2007
17,1061000,Łódź,2007Q2,2007,2,20072,primary,transaction,5403.0,False,,Łódź,II 2007
17,1061000,Łódź,2007Q3,2007,3,20073,primary,transaction,5212.0,False,,Łódź,III 2007
17,1061000,Łódź,2007Q4,2007,4,20074,primary,transaction,5076.0,False,,Łódź,IV 2007
17,1061000,Łódź,2008Q1,2008,1,20081,primary,transaction,5103.0,False,,Łódź,I 2008
17,1061000,Łódź,2008Q2,2008,2,20082,primary,transaction,5041.0,False,,Łódź,II 2008
17,1061000,Łódź,2008Q3,2008,3,20083,primary,transaction,5214.0,False,,Łódź,III 2008
17,1061000,Łódź,2008Q4,2008,4,20084,primary,transaction,5542.0,False,,Łódź,IV 2008
17,1061000,Łódź,2009Q1,2009,1,20091,primary,transaction,4746.0,False,,Łódź,I 2009
17,1061000,Łódź,2009Q2,2009,2,20092,primary,transaction,5101.0,False,,Łódź,II 2009
17,1061000,Łódź,2009Q3,2009,3,20093,primary,transaction,4755.0,False,,Łódź,III 2009
17,1061000,Łódź,2009Q4,2009,4,20094,primary,transaction,5275.0,False,,Łódź,IV 2009
17,1061000,Łódź,2010Q1,2010,1,20101,primary,transaction,5020.0,False,,Łódź,I 2010
17,1061000,Łódź,2010Q2,2010,2,20102,primary,transaction,4846.0,False,,Łódź,II 2010
17,1061000,Łódź,2010Q3,2010,3,20103,primary,transaction,4936.0,False,,Łódź,III 2010
17,1061000,Łódź,2010Q4,2010,4,20104,primary,transaction,4905.0,False,,Łódź,IV 2010
17,1061000,Łódź,2011Q1,2011,1,20111,primary,transaction,5066.0,False,,Łódź,I 2011
17,1061000,Łódź,2011Q2,2011,2,20112,primary,transaction,5123.0,False,,Łódź,II 2011
17,1061000,Łódź,2011Q3,2011,3,20113,primary,transaction,4907.0,False,,Łódź,III 2011
17,1061000,Łódź,2011Q4,2011,4,20114,primary,transaction,4793.0,False,,Łódź,IV 2011
17,1061000,Łódź,2012Q1,2012,1,20121,primary,transaction,4610.0,False,,Łódź,I 2012
17,1061000,Łódź,2012Q2,2012,2,20122,primary,transaction,4668.0,False,,Łódź,II 2012
17,1061000,Łódź,2012Q3,2012,3,20123,primary,transaction,4473.0,False,,Łódź,III 2012
17,1061000,Łódź,2012Q4,2012,4,20124,primary,transaction,4536.0,False,,Łódź,IV 2012
17,1061000,Łódź,2013Q1,2013,1,20131,primary,transaction,4629.0,False,,Łódź,I 2013
17,1061000,Łódź,2013Q2,2013,2,20132,primary,transaction,4531.0,False,,Łódź,II 2013
17,1061000,Łódź,2013Q3,2013,3,20133,primary,transaction,4388.0,False,,Łódź,III 2013
17,1061000,Łódź,2013Q4,2013,4,20134,primary,transaction,4423.0,False,,Łódź,IV 2013
17,1061000,Łódź,2014Q1,2014,1,20141,primary,transaction,4433.0,False,,Łódź,I 2014
17,1061000,Łódź,2014Q2,2014,2,20142,primary,transaction,4533.0,False,,Łódź,II 2014
17,1061000,Łódź,2014Q3,2014,3,20143,primary,transaction,4661.0,False,,Łódź,III 2014
17,1061000,Łódź,2014Q4,2014,4,20144,primary,transaction,4656.0,False,,Łódź,IV 2014
17,1061000,Łódź,2015Q1,2015,1,20151,primary,transaction,4578.0,False,,Łódź,I 2015
17,1061000,Łódź,2015Q2,2015,2,20152,primary,transaction,4687.0,False,,Łódź,II 2015
17,1061000,Łódź,2015Q3,2015,3,20153,primary,transaction,4676.0,False,,Łódź,III 2015
17,1061000,Łódź,2015Q4,2015,4,20154,primary,transaction,4697.0,False,,Łódź,IV 2015
17,1061000,Łódź,2016Q1,2016,1,20161,primary,transaction,4738.0,False,,Łódź,I 2016
17,1061000,Łódź,2016Q2,2016,2,20162,primary,transaction,4646.0,False,,Łódź,II 2016
17,1061000,Łódź,2016Q3,2016,3,20163,primary,transaction,4727.0,False,,Łódź,III 2016
17,1061000,Łódź,2016Q4,2016,4,20164,primary,transaction,4850.0,False,,Łódź,IV 2016
17,1061000,Łódź,2017Q1,2017,1,20171,primary,transaction,4792.0,False,,Łódź,I 2017
17,1061000,Łódź,2017Q2,2017,2,20172,primary,transaction,4940.0,False,,Łódź,II 2017
17,1061000,Łódź,2017Q3,2017,3,20173,primary,transaction,4911.0,False,,Łódź,III 2017
17,1061000,Łódź,2017Q4,2017,4,20174,primary,transaction,5148.0,False,,Łódź,IV 2017
17,1061000,Łódź,2018Q1,2018,1,20181,primary,transaction,5211.0,False,,Łódź,I 2018
17,1061000,Łódź,2018Q2,2018,2,20182,primary,transaction,5206.0,False,,Łódź,II 2018
17,1061000,Łódź,2018Q3,2018,3,20183,primary,transaction,5356.0,False,,Łódź,III 2018
17,1061000,Łódź,2018Q4,2018,4,20184,primary,transaction,5507.0,False,,Łódź,IV 2018
17,1061000,Łódź,2019Q1,2019,1,20191,primary,transaction,5631.0,False,,Łódź,I 2019
17,1061000,Łódź,2019Q2,2019,2,20192,primary,transaction,5853.0,False,,Łódź,II 2019
17,1061000,Łódź,2019Q3,2019,3,20193,primary,transaction,5881.0,False,,Łódź,III 2019
17,1061000,Łódź,2019Q4,2019,4,20194,primary,transaction,6026.0,False,,Łódź,IV 2019
17,1061000,Łódź,2020Q1,2020,1,20201,primary,transaction,6249.0,False,,Łódź,I 2020
17,1061000,Łódź,2020Q2,2020,2,20202,primary,transaction,6080.25601461224,False,,Łódź,II 2020
17,1061000,Łódź,2020Q3,2020,3,20203,primary,transaction,6406.3246905112,False,,Łódź,III 2020
17,1061000,Łódź,2020Q4,2020,4,20204,primary,transaction,6624.22485816054,False,,Łódź,IV 2020
17,1061000,Łódź,2021Q1,2021,1,20211,primary,transaction,6500.4181361635,False,,Łódź,I 2021
17,1061000,Łódź,2021Q2,2021,2,20212,primary,transaction,6675.50758051547,False,,Łódź,II 2021
17,1061000,Łódź,2021Q3,2021,3,20213,primary,transaction,7450.70159655197,False,,Łódź,III 2021
17,1061000,Łódź,2021Q4,2021,4,20214,primary,transaction,7527.57698368337,False,,Łódź,IV 2021
17,1061000,Łódź,2022Q1,2022,1,20221,primary,transaction,7717.90966060657,False,,Łódź,I 2022
17,1061000,Łódź,2022Q2,2022,2,20222,primary,transaction,7928.95582068491,False,,Łódź,II 2022
17,1061000,Łódź,2022Q3,2022,3,20223,primary,transaction,8475.20576094929,False,,Łódź,III 2022
17,1061000,Łódź,2022Q4,2022,4,20224,primary,transaction,8520.31062787716,False,,Łódź,IV 2022
17,1061000,Łódź,2023Q1,2023,1,20231,primary,transaction,8450.8058544951,False,,Łódź,I 2023
17,1061000,Łódź,2023Q2,2023,2,20232,primary,transaction,8809.757210536312,False,,Łódź,II 2023
17,1061000,Łódź,2023Q3,2023,3,20233,primary,transaction,8731.24,False,,Łódź,III 2023
17,1061000,Łódź,2023Q4,2023,4,20234,primary,transaction,9201.5143670012,False,,Łódź,IV 2023
17,1061000,Łódź,2024Q1,2024,1,20241,primary,transaction,9755.25266692758,False,,Łódź,I 2024
17,1061000,Łódź,2024Q2,2024,2,20242,primary,transaction,10320.4580540714,False,,Łódź,II 2024
17,1061000,Łódź,2024Q3,2024,3,20243,primary,transaction,9953.34889489317,False,,Łódź,III 2024
17,1061000,Łódź,2024Q4,2024,4,20244,primary,transaction,9996.0,False,,Łódź,IV 2024
17,1061000,Łódź,2025Q1,2025,1,20251,primary,transaction,9781.14,False,,Łódź,I 2025
17,1061000,Łódź,2025Q2,2025,2,20252,primary,transaction,10051.23,False,,Łódź,II 2025
17,1061000,Łódź,2025Q3,2025,3,20253,primary,transaction,9837.467365342036,False,,Łódź,III 2025
17,1061000,Łódź,2025Q4,2025,4,20254,primary,transaction,9707.981789371124,False,,Łódź,IV 2025
17,1061000,Łódź,2026Q1,2026,1,20261,primary,transaction,9757.71128832788,False,,Łódź,I 2026
17,1061000,Łódź,2026Q2,2026,2,20262,primary,transaction,9945.487212511169,False,,Łódź,II 2026
9,2862000,Olsztyn,2006Q3,2006,3,20063,primary,transaction,2640.0,False,,Olsztyn,III 2006
9,2862000,Olsztyn,2006Q4,2006,4,20064,primary,transaction,2869.0,False,,Olsztyn,IV 2006
9,2862000,Olsztyn,2007Q1,2007,1,20071,primary,transaction,2960.0,False,,Olsztyn,I 2007
9,2862000,Olsztyn,2007Q2,2007,2,20072,primary,transaction,3318.0,False,,Olsztyn,II 2007
9,2862000,Olsztyn,2007Q3,2007,3,20073,primary,transaction,3588.0,False,,Olsztyn,III 2007
9,2862000,Olsztyn,2007Q4,2007,4,20074,primary,transaction,3806.0,False,,Olsztyn,IV 2007
9,2862000,Olsztyn,2008Q1,2008,1,20081,primary,transaction,4389.0,False,,Olsztyn,I 2008
9,2862000,Olsztyn,2008Q2,2008,2,20082,primary,transaction,4324.0,False,,Olsztyn,II 2008
9,2862000,Olsztyn,2008Q3,2008,3,20083,primary,transaction,4524.0,False,,Olsztyn,III 2008
9,2862000,Olsztyn,2008Q4,2008,4,20084,primary,transaction,4353.0,False,,Olsztyn,IV 2008
9,2862000,Olsztyn,2009Q1,2009,1,20091,primary,transaction,4419.0,False,,Olsztyn,I 2009
9,2862000,Olsztyn,2009Q2,2009,2,20092,primary,transaction,4485.0,False,,Olsztyn,II 2009
9,2862000,Olsztyn,2009Q3,2009,3,20093,primary,transaction,4297.0,False,,Olsztyn,III 2009
9,2862000,Olsztyn,2009Q4,2009,4,20094,primary,transaction,4494.0,False,,Olsztyn,IV 2009
9,2862000,Olsztyn,2010Q1,2010,1,20101,primary,transaction,4877.0,False,,Olsztyn,I 2010
9,2862000,Olsztyn,2010Q2,2010,2,20102,primary,transaction,4602.306,False,,Olsztyn,II 2010
9,2862000,Olsztyn,2010Q3,2010,3,20103,primary,transaction,5025.0,False,,Olsztyn,III 2010
9,2862000,Olsztyn,2010Q4,2010,4,20104,primary,transaction,5010.0,False,,Olsztyn,IV 2010
9,2862000,Olsztyn,2011Q1,2011,1,20111,primary,transaction,4955.0,False,,Olsztyn,I 2011
9,2862000,Olsztyn,2011Q2,2011,2,20112,primary,transaction,4963.0,False,,Olsztyn,II 2011
9,2862000,Olsztyn,2011Q3,2011,3,20113,primary,transaction,4896.343,False,,Olsztyn,III 2011
9,2862000,Olsztyn,2011Q4,2011,4,20114,primary,transaction,4703.0,False,,Olsztyn,IV 2011
9,2862000,Olsztyn,2012Q1,2012,1,20121,primary,transaction,4663.0,False,,Olsztyn,I 2012
9,2862000,Olsztyn,2012Q2,2012,2,20122,primary,transaction,4451.95,False,,Olsztyn,II 2012
9,2862000,Olsztyn,2012Q3,2012,3,20123,primary,transaction,4480.0,False,,Olsztyn,III 2012
9,2862000,Olsztyn,2012Q4,2012,4,20124,primary,transaction,4556.0,False,,Olsztyn,IV 2012
9,2862000,Olsztyn,2013Q1,2013,1,20131,primary,transaction,4394.538,False,,Olsztyn,I 2013
9,2862000,Olsztyn,2013Q2,2013,2,20132,primary,transaction,4478.264,False,,Olsztyn,II 2013
9,2862000,Olsztyn,2013Q3,2013,3,20133,primary,transaction,4559.693,False,,Olsztyn,III 2013
9,2862000,Olsztyn,2013Q4,2013,4,20134,primary,transaction,4510.615,False,,Olsztyn,IV 2013
9,2862000,Olsztyn,2014Q1,2014,1,20141,primary,transaction,4492.57,False,,Olsztyn,I 2014
9,2862000,Olsztyn,2014Q2,2014,2,20142,primary,transaction,4461.085,False,,Olsztyn,II 2014
9,2862000,Olsztyn,2014Q3,2014,3,20143,primary,transaction,4690.021,False,,Olsztyn,III 2014
9,2862000,Olsztyn,2014Q4,2014,4,20144,primary,transaction,4735.94,False,,Olsztyn,IV 2014
9,2862000,Olsztyn,2015Q1,2015,1,20151,primary,transaction,4723.725,False,,Olsztyn,I 2015
9,2862000,Olsztyn,2015Q2,2015,2,20152,primary,transaction,4807.061,False,,Olsztyn,II 2015
9,2862000,Olsztyn,2015Q3,2015,3,20153,primary,transaction,4616.611,False,,Olsztyn,III 2015
9,2862000,Olsztyn,2015Q4,2015,4,20154,primary,transaction,4763.696,False,,Olsztyn,IV 2015
9,2862000,Olsztyn,2016Q1,2016,1,20161,primary,transaction,4737.089,False,,Olsztyn,I 2016
9,2862000,Olsztyn,2016Q2,2016,2,20162,primary,transaction,4728.746,False,,Olsztyn,II 2016
9,2862000,Olsztyn,2016Q3,2016,3,20163,primary,transaction,4934.868,False,,Olsztyn,III 2016
9,2862000,Olsztyn,2016Q4,2016,4,20164,primary,transaction,4990.943,False,,Olsztyn,IV 2016
9,2862000,Olsztyn,2017Q1,2017,1,20171,primary,transaction,4898.89,False,,Olsztyn,I 2017
9,2862000,Olsztyn,2017Q2,2017,2,20172,primary,transaction,4997.0,False,,Olsztyn,II 2017
9,2862000,Olsztyn,2017Q3,2017,3,20173,primary,transaction,4929.41,False,,Olsztyn,III 2017
9,2862000,Olsztyn,2017Q4,2017,4,20174,primary,transaction,5593.45,False,,Olsztyn,IV 2017
9,2862000,Olsztyn,2018Q1,2018,1,20181,primary,transaction,5363.686,False,,Olsztyn,I 2018
9,2862000,Olsztyn,2018Q2,2018,2,20182,primary,transaction,5239.704,False,,Olsztyn,II 2018
9,2862000,Olsztyn,2018Q3,2018,3,20183,primary,transaction,5311.443,False,,Olsztyn,III 2018
9,2862000,Olsztyn,2018Q4,2018,4,20184,primary,transaction,5611.67,False,,Olsztyn,IV 2018
9,2862000,Olsztyn,2019Q1,2019,1,20191,primary,transaction,5576.708,False,,Olsztyn,I 2019
9,2862000,Olsztyn,2019Q2,2019,2,20192,primary,transaction,5676.699,False,,Olsztyn,II 2019
9,2862000,Olsztyn,2019Q3,2019,3,20193,primary,transaction,5871.841,False,,Olsztyn,III 2019
9,2862000,Olsztyn,2019Q4,2019,4,20194,primary,transaction,6107.897,False,,Olsztyn,IV 2019
9,2862000,Olsztyn,2020Q1,2020,1,20201,primary,transaction,6219.963,False,,Olsztyn,I 2020
9,2862000,Olsztyn,2020Q2,2020,2,20202,primary,transaction,6289.123,False,,Olsztyn,II 2020
9,2862000,Olsztyn,2020Q3,2020,3,20203,primary,transaction,6387.698,False,,Olsztyn,III 2020
9,2862000,Olsztyn,2020Q4,2020,4,20204,primary,transaction,6425.049,False,,Olsztyn,IV 2020
9,2862000,Olsztyn,2021Q1,2021,1,20211,primary,transaction,6448.184,False,,Olsztyn,I 2021
9,2862000,Olsztyn,2021Q2,2021,2,20212,primary,transaction,6777.795,False,,Olsztyn,II 2021
9,2862000,Olsztyn,2021Q3,2021,3,20213,primary,transaction,6839.839,False,,Olsztyn,III 2021
9,2862000,Olsztyn,2021Q4,2021,4,20214,primary,transaction,7031.006,False,,Olsztyn,IV 2021
9,2862000,Olsztyn,2022Q1,2022,1,20221,primary,transaction,7445.839,False,,Olsztyn,I 2022
9,2862000,Olsztyn,2022Q2,2022,2,20222,primary,transaction,7601.753,False,,Olsztyn,II 2022
9,2862000,Olsztyn,2022Q3,2022,3,20223,primary,transaction,7473.723,False,,Olsztyn,III 2022
9,2862000,Olsztyn,2022Q4,2022,4,20224,primary,transaction,7562.753,False,,Olsztyn,IV 2022
9,2862000,Olsztyn,2023Q1,2023,1,20231,primary,transaction,8235.754,False,,Olsztyn,I 2023
9,2862000,Olsztyn,2023Q2,2023,2,20232,primary,transaction,8050.151,False,,Olsztyn,II 2023
9,2862000,Olsztyn,2023Q3,2023,3,20233,primary,transaction,8567.89,False,,Olsztyn,III 2023
9,2862000,Olsztyn,2023Q4,2023,4,20234,primary,transaction,8620.113,False,,Olsztyn,IV 2023
9,2862000,Olsztyn,2024Q1,2024,1,20241,primary,transaction,8838.177,False,,Olsztyn,I 2024
9,2862000,Olsztyn,2024Q2,2024,2,20242,primary,transaction,9164.558,False,,Olsztyn,II 2024
9,2862000,Olsztyn,2024Q3,2024,3,20243,primary,transaction,9150.848,False,,Olsztyn,III 2024
9,2862000,Olsztyn,2024Q4,2024,4,20244,primary,transaction,9532.374,False,,Olsztyn,IV 2024
9,2862000,Olsztyn,2025Q1,2025,1,20251,primary,transaction,9550.399,False,,Olsztyn,I 2025
9,2862000,Olsztyn,2025Q2,2025,2,20252,primary,transaction,9995.871,False,,Olsztyn,II 2025
9,2862000,Olsztyn,2025Q3,2025,3,20253,primary,transaction,10245.64,False,,Olsztyn,III 2025
9,2862000,Olsztyn,2025Q4,2025,4,20254,primary,transaction,10381.82,False,,Olsztyn,IV 2025
9,2862000,Olsztyn,2026Q1,2026,1,20261,primary,transaction,10304.22,False,,Olsztyn,I 2026
9,2862000,Olsztyn,2026Q2,2026,2,20262,primary,transaction,10680.51,False,,Olsztyn,II 2026
10,1661000,Opole,2006Q3,2006,3,20063,primary,transaction,3299.1517226232645,False,,Opole,III 2006
10,1661000,Opole,2006Q4,2006,4,20064,primary,transaction,3342.843092343046,False,,Opole,IV 2006
10,1661000,Opole,2007Q1,2007,1,20071,primary,transaction,,False,,Opole,I 2007
10,1661000,Opole,2007Q2,2007,2,20072,primary,transaction,3307.3454575226833,False,,Opole,II 2007
10,1661000,Opole,2007Q3,2007,3,20073,primary,transaction,4253.276317153818,False,,Opole,III 2007
10,1661000,Opole,2007Q4,2007,4,20074,primary,transaction,4441.739988212916,False,,Opole,IV 2007
10,1661000,Opole,2008Q1,2008,1,20081,primary,transaction,4252.540183666087,False,,Opole,I 2008
10,1661000,Opole,2008Q2,2008,2,20082,primary,transaction,3916.841072255603,False,,Opole,II 2008
10,1661000,Opole,2008Q3,2008,3,20083,primary,transaction,3916.197632054861,False,,Opole,III 2008
10,1661000,Opole,2008Q4,2008,4,20084,primary,transaction,3765.311351643312,False,,Opole,IV 2008
10,1661000,Opole,2009Q1,2009,1,20091,primary,transaction,3776.489059160362,False,,Opole,I 2009
10,1661000,Opole,2009Q2,2009,2,20092,primary,transaction,3471.4591930667075,False,,Opole,II 2009
10,1661000,Opole,2009Q3,2009,3,20093,primary,transaction,3669.263679822869,False,,Opole,III 2009
10,1661000,Opole,2009Q4,2009,4,20094,primary,transaction,3492.074297864311,False,,Opole,IV 2009
10,1661000,Opole,2010Q1,2010,1,20101,primary,transaction,3626.9017510782137,False,,Opole,I 2010
10,1661000,Opole,2010Q2,2010,2,20102,primary,transaction,4125.444680302217,False,,Opole,II 2010
10,1661000,Opole,2010Q3,2010,3,20103,primary,transaction,4053.832675977609,False,,Opole,III 2010
10,1661000,Opole,2010Q4,2010,4,20104,primary,transaction,3816.673846533145,False,,Opole,IV 2010
10,1661000,Opole,2011Q1,2011,1,20111,primary,transaction,4759.135389812163,False,,Opole,I 2011
10,1661000,Opole,2011Q2,2011,2,20112,primary,transaction,4776.0,False,,Opole,II 2011
10,1661000,Opole,2011Q3,2011,3,20113,primary,transaction,4726.363727153346,False,,Opole,III 2011
10,1661000,Opole,2011Q4,2011,4,20114,primary,transaction,4675.772405765925,False,,Opole,IV 2011
10,1661000,Opole,2012Q1,2012,1,20121,primary,transaction,4644.739107845103,False,,Opole,I 2012
10,1661000,Opole,2012Q2,2012,2,20122,primary,transaction,4557.261871481248,False,,Opole,II 2012
10,1661000,Opole,2012Q3,2012,3,20123,primary,transaction,4428.3064709643995,False,,Opole,III 2012
10,1661000,Opole,2012Q4,2012,4,20124,primary,transaction,4203.178876844462,False,,Opole,IV 2012
10,1661000,Opole,2013Q1,2013,1,20131,primary,transaction,4428.0,False,,Opole,I 2013
10,1661000,Opole,2013Q2,2013,2,20132,primary,transaction,4526.406356482954,False,,Opole,II 2013
10,1661000,Opole,2013Q3,2013,3,20133,primary,transaction,4616.531080451221,False,,Opole,III 2013
10,1661000,Opole,2013Q4,2013,4,20134,primary,transaction,4638.2330789701455,False,,Opole,IV 2013
10,1661000,Opole,2014Q1,2014,1,20141,primary,transaction,4370.245570183696,False,,Opole,I 2014
10,1661000,Opole,2014Q2,2014,2,20142,primary,transaction,4390.327026171129,False,,Opole,II 2014
10,1661000,Opole,2014Q3,2014,3,20143,primary,transaction,4608.712054537993,False,,Opole,III 2014
10,1661000,Opole,2014Q4,2014,4,20144,primary,transaction,4650.8307487768,False,,Opole,IV 2014
10,1661000,Opole,2015Q1,2015,1,20151,primary,transaction,4726.986278,False,,Opole,I 2015
10,1661000,Opole,2015Q2,2015,2,20152,primary,transaction,4427.062365,False,,Opole,II 2015
10,1661000,Opole,2015Q3,2015,3,20153,primary,transaction,4428.623188,False,,Opole,III 2015
10,1661000,Opole,2015Q4,2015,4,20154,primary,transaction,4366.039013,False,,Opole,IV 2015
10,1661000,Opole,2016Q1,2016,1,20161,primary,transaction,4368.945773,False,,Opole,I 2016
10,1661000,Opole,2016Q2,2016,2,20162,primary,transaction,4350.12375,False,,Opole,II 2016
10,1661000,Opole,2016Q3,2016,3,20163,primary,transaction,4431.86064,False,,Opole,III 2016
10,1661000,Opole,2016Q4,2016,4,20164,primary,transaction,4686.188644,False,,Opole,IV 2016
10,1661000,Opole,2017Q1,2017,1,20171,primary,transaction,4528.959688,False,,Opole,I 2017
10,1661000,Opole,2017Q2,2017,2,20172,primary,transaction,4657.14762,False,,Opole,II 2017
10,1661000,Opole,2017Q3,2017,3,20173,primary,transaction,4758.878130449219,False,,Opole,III 2017
10,1661000,Opole,2017Q4,2017,4,20174,primary,transaction,4793.777033847423,False,,Opole,IV 2017
10,1661000,Opole,2018Q1,2018,1,20181,primary,transaction,4704.297236903116,False,,Opole,I 2018
10,1661000,Opole,2018Q2,2018,2,20182,primary,transaction,4993.706426875571,False,,Opole,II 2018
10,1661000,Opole,2018Q3,2018,3,20183,primary,transaction,5012.7784369825295,False,,Opole,III 2018
10,1661000,Opole,2018Q4,2018,4,20184,primary,transaction,5312.083558580743,False,,Opole,IV 2018
10,1661000,Opole,2019Q1,2019,1,20191,primary,transaction,5302.899746876371,False,,Opole,I 2019
10,1661000,Opole,2019Q2,2019,2,20192,primary,transaction,5222.317693886213,False,,Opole,II 2019
10,1661000,Opole,2019Q3,2019,3,20193,primary,transaction,5728.367036492785,False,,Opole,III 2019
10,1661000,Opole,2019Q4,2019,4,20194,primary,transaction,5487.453865468976,False,,Opole,IV 2019
10,1661000,Opole,2020Q1,2020,1,20201,primary,transaction,6201.625898162712,False,,Opole,I 2020
10,1661000,Opole,2020Q2,2020,2,20202,primary,transaction,6081.523189657966,False,,Opole,II 2020
10,1661000,Opole,2020Q3,2020,3,20203,primary,transaction,5955.418277328235,False,,Opole,III 2020
10,1661000,Opole,2020Q4,2020,4,20204,primary,transaction,6031.419606045068,False,,Opole,IV 2020
10,1661000,Opole,2021Q1,2021,1,20211,primary,transaction,6231.313264989034,False,,Opole,I 2021
10,1661000,Opole,2021Q2,2021,2,20212,primary,transaction,6152.464337933488,False,,Opole,II 2021
10,1661000,Opole,2021Q3,2021,3,20213,primary,transaction,6118.876235407634,False,,Opole,III 2021
10,1661000,Opole,2021Q4,2021,4,20214,primary,transaction,6844.16496333886,False,,Opole,IV 2021
10,1661000,Opole,2022Q1,2022,1,20221,primary,transaction,7101.625412164415,False,,Opole,I 2022
10,1661000,Opole,2022Q2,2022,2,20222,primary,transaction,6937.4617476120375,False,,Opole,II 2022
10,1661000,Opole,2022Q3,2022,3,20223,primary,transaction,8367.315355919134,False,,Opole,III 2022
10,1661000,Opole,2022Q4,2022,4,20224,primary,transaction,8276.880172147736,False,,Opole,IV 2022
10,1661000,Opole,2023Q1,2023,1,20231,primary,transaction,8757.111045841855,False,,Opole,I 2023
10,1661000,Opole,2023Q2,2023,2,20232,primary,transaction,8832.944977499485,False,,Opole,II 2023
10,1661000,Opole,2023Q3,2023,3,20233,primary,transaction,9267.588724579715,False,,Opole,III 2023
10,1661000,Opole,2023Q4,2023,4,20234,primary,transaction,9487.954550484441,False,,Opole,IV 2023
10,1661000,Opole,2024Q1,2024,1,20241,primary,transaction,10233.897368184837,False,,Opole,I 2024
10,1661000,Opole,2024Q2,2024,2,20242,primary,transaction,10428.23528299025,False,,Opole,II 2024
10,1661000,Opole,2024Q3,2024,3,20243,primary,transaction,10584.45109771038,False,,Opole,III 2024
10,1661000,Opole,2024Q4,2024,4,20244,primary,transaction,10351.560315059569,False,,Opole,IV 2024
10,1661000,Opole,2025Q1,2025,1,20251,primary,transaction,11209.775691387218,False,,Opole,I 2025
10,1661000,Opole,2025Q2,2025,2,20252,primary,transaction,11037.266698110196,False,,Opole,II 2025
10,1661000,Opole,2025Q3,2025,3,20253,primary,transaction,11646.849365707405,False,,Opole,III 2025
10,1661000,Opole,2025Q4,2025,4,20254,primary,transaction,10772.651802690196,False,,Opole,IV 2025
10,1661000,Opole,2026Q1,2026,1,20261,primary,transaction,10732.63478284603,False,,Opole,I 2026
10,1661000,Opole,2026Q2,2026,2,20262,primary,transaction,11624.601331814729,False,,Opole,II 2026
11,3064000,Poznań,2006Q3,2006,3,20063,primary,transaction,3620.8452411575568,False,,Poznań,III 2006
11,3064000,Poznań,2006Q4,2006,4,20064,primary,transaction,4725.658133704735,False,,Poznań,IV 2006
11,3064000,Poznań,2007Q1,2007,1,20071,primary,transaction,6444.721993769471,False,,Poznań,I 2007
11,3064000,Poznań,2007Q2,2007,2,20072,primary,transaction,7242.73,False,,Poznań,II 2007
11,3064000,Poznań,2007Q3,2007,3,20073,primary,transaction,5425.817049180328,False,,Poznań,III 2007
11,3064000,Poznań,2007Q4,2007,4,20074,primary,transaction,6865.071818181818,False,,Poznań,IV 2007
11,3064000,Poznań,2008Q1,2008,1,20081,primary,transaction,7597.508333333334,False,,Poznań,I 2008
11,3064000,Poznań,2008Q2,2008,2,20082,primary,transaction,7070.440877192981,False,,Poznań,II 2008
11,3064000,Poznań,2008Q3,2008,3,20083,primary,transaction,6854.37064516129,False,,Poznań,III 2008
11,3064000,Poznań,2008Q4,2008,4,20084,primary,transaction,6767.977341772152,False,,Poznań,IV 2008
11,3064000,Poznań,2009Q1,2009,1,20091,primary,transaction,6364.834916666665,False,,Poznań,I 2009
11,3064000,Poznań,2009Q2,2009,2,20092,primary,transaction,6283.931773049647,False,,Poznań,II 2009
11,3064000,Poznań,2009Q3,2009,3,20093,primary,transaction,6145.965106951872,False,,Poznań,III 2009
11,3064000,Poznań,2009Q4,2009,4,20094,primary,transaction,6129.590895522384,False,,Poznań,IV 2009
11,3064000,Poznań,2010Q1,2010,1,20101,primary,transaction,6436.406104651162,False,,Poznań,I 2010
11,3064000,Poznań,2010Q2,2010,2,20102,primary,transaction,6631.571162790699,False,,Poznań,II 2010
11,3064000,Poznań,2010Q3,2010,3,20103,primary,transaction,6303.847288135593,False,,Poznań,III 2010
11,3064000,Poznań,2010Q4,2010,4,20104,primary,transaction,6591.292700729927,False,,Poznań,IV 2010
11,3064000,Poznań,2011Q1,2011,1,20111,primary,transaction,6263.621980676328,False,,Poznań,I 2011
11,3064000,Poznań,2011Q2,2011,2,20112,primary,transaction,6535.631145038168,False,,Poznań,II 2011
11,3064000,Poznań,2011Q3,2011,3,20113,primary,transaction,6155.141729729731,False,,Poznań,III 2011
11,3064000,Poznań,2011Q4,2011,4,20114,primary,transaction,6218.92322368421,False,,Poznań,IV 2011
11,3064000,Poznań,2012Q1,2012,1,20121,primary,transaction,5931.560451977401,False,,Poznań,I 2012
11,3064000,Poznań,2012Q2,2012,2,20122,primary,transaction,5880.134897119337,False,,Poznań,II 2012
11,3064000,Poznań,2012Q3,2012,3,20123,primary,transaction,5978.397531645569,False,,Poznań,III 2012
11,3064000,Poznań,2012Q4,2012,4,20124,primary,transaction,5338.923826086956,False,,Poznań,IV 2012
11,3064000,Poznań,2013Q1,2013,1,20131,primary,transaction,6147.073173076925,False,,Poznań,I 2013
11,3064000,Poznań,2013Q2,2013,2,20132,primary,transaction,5997.617408376966,False,,Poznań,II 2013
11,3064000,Poznań,2013Q3,2013,3,20133,primary,transaction,5913.432942779289,False,,Poznań,III 2013
11,3064000,Poznań,2013Q4,2013,4,20134,primary,transaction,5867.854567901235,False,,Poznań,IV 2013
11,3064000,Poznań,2014Q1,2014,1,20141,primary,transaction,6145.525564387916,False,,Poznań,I 2014
11,3064000,Poznań,2014Q2,2014,2,20142,primary,transaction,6116.460735735736,False,,Poznań,II 2014
11,3064000,Poznań,2014Q3,2014,3,20143,primary,transaction,6022.054271457085,False,,Poznań,III 2014
11,3064000,Poznań,2014Q4,2014,4,20144,primary,transaction,6225.140501319263,False,,Poznań,IV 2014
11,3064000,Poznań,2015Q1,2015,1,20151,primary,transaction,6306.811928251118,False,,Poznań,I 2015
11,3064000,Poznań,2015Q2,2015,2,20152,primary,transaction,6209.111959247645,False,,Poznań,II 2015
11,3064000,Poznań,2015Q3,2015,3,20153,primary,transaction,6228.153566121845,False,,Poznań,III 2015
11,3064000,Poznań,2015Q4,2015,4,20154,primary,transaction,6234.407476383264,False,,Poznań,IV 2015
11,3064000,Poznań,2016Q1,2016,1,20161,primary,transaction,6245.974311251323,False,,Poznań,I 2016
11,3064000,Poznań,2016Q2,2016,2,20162,primary,transaction,6297.619257592796,False,,Poznań,II 2016
11,3064000,Poznań,2016Q3,2016,3,20163,primary,transaction,6195.1791978609635,False,,Poznań,III 2016
11,3064000,Poznań,2016Q4,2016,4,20164,primary,transaction,6303.872273462789,False,,Poznań,IV 2016
11,3064000,Poznań,2017Q1,2017,1,20171,primary,transaction,6263.2257742782185,False,,Poznań,I 2017
11,3064000,Poznań,2017Q2,2017,2,20172,primary,transaction,6260.456673960613,False,,Poznań,II 2017
11,3064000,Poznań,2017Q3,2017,3,20173,primary,transaction,6378.695371057516,False,,Poznań,III 2017
11,3064000,Poznań,2017Q4,2017,4,20174,primary,transaction,6382.4,False,,Poznań,IV 2017
11,3064000,Poznań,2018Q1,2018,1,20181,primary,transaction,6429.930362249757,False,,Poznań,I 2018
11,3064000,Poznań,2018Q2,2018,2,20182,primary,transaction,6735.463439201444,False,,Poznań,II 2018
11,3064000,Poznań,2018Q3,2018,3,20183,primary,transaction,6848.57365612647,False,,Poznań,III 2018
11,3064000,Poznań,2018Q4,2018,4,20184,primary,transaction,7016.985992277993,False,,Poznań,IV 2018
11,3064000,Poznań,2019Q1,2019,1,20191,primary,transaction,7055.721624649866,False,,Poznań,I 2019
11,3064000,Poznań,2019Q2,2019,2,20192,primary,transaction,7086.543194909572,False,,Poznań,II 2019
11,3064000,Poznań,2019Q3,2019,3,20193,primary,transaction,7101.569695251595,False,,Poznań,III 2019
11,3064000,Poznań,2019Q4,2019,4,20194,primary,transaction,7395.992745700238,False,,Poznań,IV 2019
11,3064000,Poznań,2020Q1,2020,1,20201,primary,transaction,7423.456194444435,False,,Poznań,I 2020
11,3064000,Poznań,2020Q2,2020,2,20202,primary,transaction,7431.101973947893,False,,Poznań,II 2020
11,3064000,Poznań,2020Q3,2020,3,20203,primary,transaction,7456.866008849561,False,,Poznań,III 2020
11,3064000,Poznań,2020Q4,2020,4,20204,primary,transaction,7635.119341397842,False,,Poznań,IV 2020
11,3064000,Poznań,2021Q1,2021,1,20211,primary,transaction,7961.024602164219,False,,Poznań,I 2021
11,3064000,Poznań,2021Q2,2021,2,20212,primary,transaction,7931.215000000014,False,,Poznań,II 2021
11,3064000,Poznań,2021Q3,2021,3,20213,primary,transaction,8024.058635153128,False,,Poznań,III 2021
11,3064000,Poznań,2021Q4,2021,4,20214,primary,transaction,8599.404801136383,False,,Poznań,IV 2021
11,3064000,Poznań,2022Q1,2022,1,20221,primary,transaction,8782.2805778491,False,,Poznań,I 2022
11,3064000,Poznań,2022Q2,2022,2,20222,primary,transaction,9496.491480176204,False,,Poznań,II 2022
11,3064000,Poznań,2022Q3,2022,3,20223,primary,transaction,9615.098305687194,False,,Poznań,III 2022
11,3064000,Poznań,2022Q4,2022,4,20224,primary,transaction,9720.446751740139,False,,Poznań,IV 2022
11,3064000,Poznań,2023Q1,2023,1,20231,primary,transaction,9976.831367187498,False,,Poznań,I 2023
11,3064000,Poznań,2023Q2,2023,2,20232,primary,transaction,10149.727173913048,False,,Poznań,II 2023
11,3064000,Poznań,2023Q3,2023,3,20233,primary,transaction,10682.837264731745,False,,Poznań,III 2023
11,3064000,Poznań,2023Q4,2023,4,20234,primary,transaction,11066.894941500324,False,,Poznań,IV 2023
11,3064000,Poznań,2024Q1,2024,1,20241,primary,transaction,11714.391330508462,False,,Poznań,I 2024
11,3064000,Poznań,2024Q2,2024,2,20242,primary,transaction,12440.791090573022,False,,Poznań,II 2024
11,3064000,Poznań,2024Q3,2024,3,20243,primary,transaction,11850.463172413783,False,,Poznań,III 2024
11,3064000,Poznań,2024Q4,2024,4,20244,primary,transaction,12774.382020972347,False,,Poznań,IV 2024
11,3064000,Poznań,2025Q1,2025,1,20251,primary,transaction,12371.52209436134,False,,Poznań,I 2025
11,3064000,Poznań,2025Q2,2025,2,20252,primary,transaction,12462.101785310726,False,,Poznań,II 2025
11,3064000,Poznań,2025Q3,2025,3,20253,primary,transaction,12513.689664670674,False,,Poznań,III 2025
11,3064000,Poznań,2025Q4,2025,4,20254,primary,transaction,12417.275021385787,False,,Poznań,IV 2025
11,3064000,Poznań,2026Q1,2026,1,20261,primary,transaction,12626.320860314552,False,,Poznań,I 2026
11,3064000,Poznań,2026Q2,2026,2,20262,primary,transaction,12765.858702352005,False,,Poznań,II 2026
12,1863000,Rzeszów,2006Q3,2006,3,20063,primary,transaction,2656.0,False,,Rzeszów,III 2006
12,1863000,Rzeszów,2006Q4,2006,4,20064,primary,transaction,3013.0,False,,Rzeszów,IV 2006
12,1863000,Rzeszów,2007Q1,2007,1,20071,primary,transaction,3469.0,False,,Rzeszów,I 2007
12,1863000,Rzeszów,2007Q2,2007,2,20072,primary,transaction,3517.0,False,,Rzeszów,II 2007
12,1863000,Rzeszów,2007Q3,2007,3,20073,primary,transaction,4124.0,False,,Rzeszów,III 2007
12,1863000,Rzeszów,2007Q4,2007,4,20074,primary,transaction,4365.0,False,,Rzeszów,IV 2007
12,1863000,Rzeszów,2008Q1,2008,1,20081,primary,transaction,4163.0,False,,Rzeszów,I 2008
12,1863000,Rzeszów,2008Q2,2008,2,20082,primary,transaction,4177.0,False,,Rzeszów,II 2008
12,1863000,Rzeszów,2008Q3,2008,3,20083,primary,transaction,3947.0,False,,Rzeszów,III 2008
12,1863000,Rzeszów,2008Q4,2008,4,20084,primary,transaction,4401.0,False,,Rzeszów,IV 2008
12,1863000,Rzeszów,2009Q1,2009,1,20091,primary,transaction,3965.0,False,,Rzeszów,I 2009
12,1863000,Rzeszów,2009Q2,2009,2,20092,primary,transaction,3849.0,False,,Rzeszów,II 2009
12,1863000,Rzeszów,2009Q3,2009,3,20093,primary,transaction,3969.0,False,,Rzeszów,III 2009
12,1863000,Rzeszów,2009Q4,2009,4,20094,primary,transaction,3843.0,False,,Rzeszów,IV 2009
12,1863000,Rzeszów,2010Q1,2010,1,20101,primary,transaction,3837.0,False,,Rzeszów,I 2010
12,1863000,Rzeszów,2010Q2,2010,2,20102,primary,transaction,4039.0,False,,Rzeszów,II 2010
12,1863000,Rzeszów,2010Q3,2010,3,20103,primary,transaction,4191.0,False,,Rzeszów,III 2010
12,1863000,Rzeszów,2010Q4,2010,4,20104,primary,transaction,4572.0,False,,Rzeszów,IV 2010
12,1863000,Rzeszów,2011Q1,2011,1,20111,primary,transaction,4264.0,False,,Rzeszów,I 2011
12,1863000,Rzeszów,2011Q2,2011,2,20112,primary,transaction,4202.0,False,,Rzeszów,II 2011
12,1863000,Rzeszów,2011Q3,2011,3,20113,primary,transaction,4178.0,False,,Rzeszów,III 2011
12,1863000,Rzeszów,2011Q4,2011,4,20114,primary,transaction,4239.0,False,,Rzeszów,IV 2011
12,1863000,Rzeszów,2012Q1,2012,1,20121,primary,transaction,4138.0,False,,Rzeszów,I 2012
12,1863000,Rzeszów,2012Q2,2012,2,20122,primary,transaction,4135.0,False,,Rzeszów,II 2012
12,1863000,Rzeszów,2012Q3,2012,3,20123,primary,transaction,4496.0,False,,Rzeszów,III 2012
12,1863000,Rzeszów,2012Q4,2012,4,20124,primary,transaction,4407.0,False,,Rzeszów,IV 2012
12,1863000,Rzeszów,2013Q1,2013,1,20131,primary,transaction,4467.0,False,,Rzeszów,I 2013
12,1863000,Rzeszów,2013Q2,2013,2,20132,primary,transaction,4383.0,False,,Rzeszów,II 2013
12,1863000,Rzeszów,2013Q3,2013,3,20133,primary,transaction,4680.0,False,,Rzeszów,III 2013
12,1863000,Rzeszów,2013Q4,2013,4,20134,primary,transaction,4821.0,False,,Rzeszów,IV 2013
12,1863000,Rzeszów,2014Q1,2014,1,20141,primary,transaction,4515.0,False,,Rzeszów,I 2014
12,1863000,Rzeszów,2014Q2,2014,2,20142,primary,transaction,4828.0,False,,Rzeszów,II 2014
12,1863000,Rzeszów,2014Q3,2014,3,20143,primary,transaction,4649.0,False,,Rzeszów,III 2014
12,1863000,Rzeszów,2014Q4,2014,4,20144,primary,transaction,4709.0,False,,Rzeszów,IV 2014
12,1863000,Rzeszów,2015Q1,2015,1,20151,primary,transaction,4857.0,False,,Rzeszów,I 2015
12,1863000,Rzeszów,2015Q2,2015,2,20152,primary,transaction,4990.0,False,,Rzeszów,II 2015
12,1863000,Rzeszów,2015Q3,2015,3,20153,primary,transaction,4596.0,False,,Rzeszów,III 2015
12,1863000,Rzeszów,2015Q4,2015,4,20154,primary,transaction,4868.0,False,,Rzeszów,IV 2015
12,1863000,Rzeszów,2016Q1,2016,1,20161,primary,transaction,4806.0,False,,Rzeszów,I 2016
12,1863000,Rzeszów,2016Q2,2016,2,20162,primary,transaction,4852.0,False,,Rzeszów,II 2016
12,1863000,Rzeszów,2016Q3,2016,3,20163,primary,transaction,5019.0,False,,Rzeszów,III 2016
12,1863000,Rzeszów,2016Q4,2016,4,20164,primary,transaction,5036.0,False,,Rzeszów,IV 2016
12,1863000,Rzeszów,2017Q1,2017,1,20171,primary,transaction,4801.0,False,,Rzeszów,I 2017
12,1863000,Rzeszów,2017Q2,2017,2,20172,primary,transaction,4894.0,False,,Rzeszów,II 2017
12,1863000,Rzeszów,2017Q3,2017,3,20173,primary,transaction,4962.0,False,,Rzeszów,III 2017
12,1863000,Rzeszów,2017Q4,2017,4,20174,primary,transaction,4842.0,False,,Rzeszów,IV 2017
12,1863000,Rzeszów,2018Q1,2018,1,20181,primary,transaction,4929.0,False,,Rzeszów,I 2018
12,1863000,Rzeszów,2018Q2,2018,2,20182,primary,transaction,5170.0,False,,Rzeszów,II 2018
12,1863000,Rzeszów,2018Q3,2018,3,20183,primary,transaction,5318.0,False,,Rzeszów,III 2018
12,1863000,Rzeszów,2018Q4,2018,4,20184,primary,transaction,5227.0,False,,Rzeszów,IV 2018
12,1863000,Rzeszów,2019Q1,2019,1,20191,primary,transaction,5117.0,False,,Rzeszów,I 2019
12,1863000,Rzeszów,2019Q2,2019,2,20192,primary,transaction,5523.0,False,,Rzeszów,II 2019
12,1863000,Rzeszów,2019Q3,2019,3,20193,primary,transaction,6105.0,False,,Rzeszów,III 2019
12,1863000,Rzeszów,2019Q4,2019,4,20194,primary,transaction,5761.0,False,,Rzeszów,IV 2019
12,1863000,Rzeszów,2020Q1,2020,1,20201,primary,transaction,6157.0,False,,Rzeszów,I 2020
12,1863000,Rzeszów,2020Q2,2020,2,20202,primary,transaction,5844.76,False,,Rzeszów,II 2020
12,1863000,Rzeszów,2020Q3,2020,3,20203,primary,transaction,6173.06,False,,Rzeszów,III 2020
12,1863000,Rzeszów,2020Q4,2020,4,20204,primary,transaction,6145.6,False,,Rzeszów,IV 2020
12,1863000,Rzeszów,2021Q1,2021,1,20211,primary,transaction,6437.62,False,,Rzeszów,I 2021
12,1863000,Rzeszów,2021Q2,2021,2,20212,primary,transaction,6447.75,False,,Rzeszów,II 2021
12,1863000,Rzeszów,2021Q3,2021,3,20213,primary,transaction,6759.43,False,,Rzeszów,III 2021
12,1863000,Rzeszów,2021Q4,2021,4,20214,primary,transaction,7210.083118908388,False,,Rzeszów,IV 2021
12,1863000,Rzeszów,2022Q1,2022,1,20221,primary,transaction,7493.193507014025,False,,Rzeszów,I 2022
12,1863000,Rzeszów,2022Q2,2022,2,20222,primary,transaction,7340.956741214059,False,,Rzeszów,II 2022
12,1863000,Rzeszów,2022Q3,2022,3,20223,primary,transaction,7539.50932692308,False,,Rzeszów,III 2022
12,1863000,Rzeszów,2022Q4,2022,4,20224,primary,transaction,8086.693609022556,False,,Rzeszów,IV 2022
12,1863000,Rzeszów,2023Q1,2023,1,20231,primary,transaction,8207.017310344827,False,,Rzeszów,I 2023
12,1863000,Rzeszów,2023Q2,2023,2,20232,primary,transaction,8702.744100000002,False,,Rzeszów,II 2023
12,1863000,Rzeszów,2023Q3,2023,3,20233,primary,transaction,8742.70764292562,False,,Rzeszów,III 2023
12,1863000,Rzeszów,2023Q4,2023,4,20234,primary,transaction,9426.315374937925,False,,Rzeszów,IV 2023
12,1863000,Rzeszów,2024Q1,2024,1,20241,primary,transaction,9630.605907426647,False,,Rzeszów,I 2024
12,1863000,Rzeszów,2024Q2,2024,2,20242,primary,transaction,9514.392825786015,False,,Rzeszów,II 2024
12,1863000,Rzeszów,2024Q3,2024,3,20243,primary,transaction,9413.01380001708,False,,Rzeszów,III 2024
12,1863000,Rzeszów,2024Q4,2024,4,20244,primary,transaction,10763.38089891033,False,,Rzeszów,IV 2024
12,1863000,Rzeszów,2025Q1,2025,1,20251,primary,transaction,10009.11095328682,False,,Rzeszów,I 2025
12,1863000,Rzeszów,2025Q2,2025,2,20252,primary,transaction,10758.72811651941,False,,Rzeszów,II 2025
12,1863000,Rzeszów,2025Q3,2025,3,20253,primary,transaction,10582.884160287891,False,,Rzeszów,III 2025
12,1863000,Rzeszów,2025Q4,2025,4,20254,primary,transaction,10028.170873900064,False,,Rzeszów,IV 2025
12,1863000,Rzeszów,2026Q1,2026,1,20261,primary,transaction,10377.92982838779,False,,Rzeszów,I 2026
12,1863000,Rzeszów,2026Q2,2026,2,20262,primary,transaction,10329.0212314799,False,,Rzeszów,II 2026
13,3262000,Szczecin,2006Q3,2006,3,20063,primary,transaction,3233.916487073571,False,,Szczecin,III 2006
13,3262000,Szczecin,2006Q4,2006,4,20064,primary,transaction,3575.0243571018236,False,,Szczecin,IV 2006
13,3262000,Szczecin,2007Q1,2007,1,20071,primary,transaction,3831.4004059944446,False,,Szczecin,I 2007
13,3262000,Szczecin,2007Q2,2007,2,20072,primary,transaction,4932.747278816657,False,,Szczecin,II 2007
13,3262000,Szczecin,2007Q3,2007,3,20073,primary,transaction,5121.0452865480565,False,,Szczecin,III 2007
13,3262000,Szczecin,2007Q4,2007,4,20074,primary,transaction,4697.024137420767,False,,Szczecin,IV 2007
13,3262000,Szczecin,2008Q1,2008,1,20081,primary,transaction,5361.7065440383285,False,,Szczecin,I 2008
13,3262000,Szczecin,2008Q2,2008,2,20082,primary,transaction,5448.251815670206,False,,Szczecin,II 2008
13,3262000,Szczecin,2008Q3,2008,3,20083,primary,transaction,5454.726937949176,False,,Szczecin,III 2008
13,3262000,Szczecin,2008Q4,2008,4,20084,primary,transaction,5663.1861692202865,False,,Szczecin,IV 2008
13,3262000,Szczecin,2009Q1,2009,1,20091,primary,transaction,5174.409122228042,False,,Szczecin,I 2009
13,3262000,Szczecin,2009Q2,2009,2,20092,primary,transaction,4958.178651761358,False,,Szczecin,II 2009
13,3262000,Szczecin,2009Q3,2009,3,20093,primary,transaction,5406.036513010689,False,,Szczecin,III 2009
13,3262000,Szczecin,2009Q4,2009,4,20094,primary,transaction,5056.837153435183,False,,Szczecin,IV 2009
13,3262000,Szczecin,2010Q1,2010,1,20101,primary,transaction,4916.4859594418485,False,,Szczecin,I 2010
13,3262000,Szczecin,2010Q2,2010,2,20102,primary,transaction,4751.183960112903,False,,Szczecin,II 2010
13,3262000,Szczecin,2010Q3,2010,3,20103,primary,transaction,4840.468962972092,False,,Szczecin,III 2010
13,3262000,Szczecin,2010Q4,2010,4,20104,primary,transaction,4794.236618179935,False,,Szczecin,IV 2010
13,3262000,Szczecin,2011Q1,2011,1,20111,primary,transaction,4855.0,False,,Szczecin,I 2011
13,3262000,Szczecin,2011Q2,2011,2,20112,primary,transaction,4819.0,False,,Szczecin,II 2011
13,3262000,Szczecin,2011Q3,2011,3,20113,primary,transaction,5048.0,False,,Szczecin,III 2011
13,3262000,Szczecin,2011Q4,2011,4,20114,primary,transaction,4847.0,False,,Szczecin,IV 2011
13,3262000,Szczecin,2012Q1,2012,1,20121,primary,transaction,4734.917534277221,False,,Szczecin,I 2012
13,3262000,Szczecin,2012Q2,2012,2,20122,primary,transaction,4762.0,False,,Szczecin,II 2012
13,3262000,Szczecin,2012Q3,2012,3,20123,primary,transaction,4759.43129098217,False,,Szczecin,III 2012
13,3262000,Szczecin,2012Q4,2012,4,20124,primary,transaction,4567.484188068192,False,,Szczecin,IV 2012
13,3262000,Szczecin,2013Q1,2013,1,20131,primary,transaction,4547.0,False,,Szczecin,I 2013
13,3262000,Szczecin,2013Q2,2013,2,20132,primary,transaction,4581.208720994747,False,,Szczecin,II 2013
13,3262000,Szczecin,2013Q3,2013,3,20133,primary,transaction,4443.709901560958,False,,Szczecin,III 2013
13,3262000,Szczecin,2013Q4,2013,4,20134,primary,transaction,4741.504587617126,False,,Szczecin,IV 2013
13,3262000,Szczecin,2014Q1,2014,1,20141,primary,transaction,4732.029037516772,False,,Szczecin,I 2014
13,3262000,Szczecin,2014Q2,2014,2,20142,primary,transaction,4699.14374701463,False,,Szczecin,II 2014
13,3262000,Szczecin,2014Q3,2014,3,20143,primary,transaction,4745.115763640425,False,,Szczecin,III 2014
13,3262000,Szczecin,2014Q4,2014,4,20144,primary,transaction,4840.629328772304,False,,Szczecin,IV 2014
13,3262000,Szczecin,2015Q1,2015,1,20151,primary,transaction,4779.298709031604,False,,Szczecin,I 2015
13,3262000,Szczecin,2015Q2,2015,2,20152,primary,transaction,4822.475183318822,False,,Szczecin,II 2015
13,3262000,Szczecin,2015Q3,2015,3,20153,primary,transaction,4696.407341703129,False,,Szczecin,III 2015
13,3262000,Szczecin,2015Q4,2015,4,20154,primary,transaction,4609.028180072581,False,,Szczecin,IV 2015
13,3262000,Szczecin,2016Q1,2016,1,20161,primary,transaction,4669.5282617259,False,,Szczecin,I 2016
13,3262000,Szczecin,2016Q2,2016,2,20162,primary,transaction,4832.378837621423,False,,Szczecin,II 2016
13,3262000,Szczecin,2016Q3,2016,3,20163,primary,transaction,4793.278680104492,False,,Szczecin,III 2016
13,3262000,Szczecin,2016Q4,2016,4,20164,primary,transaction,4822.56905225318,False,,Szczecin,IV 2016
13,3262000,Szczecin,2017Q1,2017,1,20171,primary,transaction,4694.383250616921,False,,Szczecin,I 2017
13,3262000,Szczecin,2017Q2,2017,2,20172,primary,transaction,5236.0,False,,Szczecin,II 2017
13,3262000,Szczecin,2017Q3,2017,3,20173,primary,transaction,5359.0,False,,Szczecin,III 2017
13,3262000,Szczecin,2017Q4,2017,4,20174,primary,transaction,5468.0,False,,Szczecin,IV 2017
13,3262000,Szczecin,2018Q1,2018,1,20181,primary,transaction,5257.0,False,,Szczecin,I 2018
13,3262000,Szczecin,2018Q2,2018,2,20182,primary,transaction,5513.0,False,,Szczecin,II 2018
13,3262000,Szczecin,2018Q3,2018,3,20183,primary,transaction,5672.0,False,,Szczecin,III 2018
13,3262000,Szczecin,2018Q4,2018,4,20184,primary,transaction,5880.256456533486,False,,Szczecin,IV 2018
13,3262000,Szczecin,2019Q1,2019,1,20191,primary,transaction,5960.421967637306,False,,Szczecin,I 2019
13,3262000,Szczecin,2019Q2,2019,2,20192,primary,transaction,6494.7445377590975,False,,Szczecin,II 2019
13,3262000,Szczecin,2019Q3,2019,3,20193,primary,transaction,6649.788524360805,False,,Szczecin,III 2019
13,3262000,Szczecin,2019Q4,2019,4,20194,primary,transaction,6752.30408951808,False,,Szczecin,IV 2019
13,3262000,Szczecin,2020Q1,2020,1,20201,primary,transaction,6913.0954188186815,False,,Szczecin,I 2020
13,3262000,Szczecin,2020Q2,2020,2,20202,primary,transaction,6732.1583810221,False,,Szczecin,II 2020
13,3262000,Szczecin,2020Q3,2020,3,20203,primary,transaction,7014.256733921132,False,,Szczecin,III 2020
13,3262000,Szczecin,2020Q4,2020,4,20204,primary,transaction,7155.549702802031,False,,Szczecin,IV 2020
13,3262000,Szczecin,2021Q1,2021,1,20211,primary,transaction,7642.760480343337,False,,Szczecin,I 2021
13,3262000,Szczecin,2021Q2,2021,2,20212,primary,transaction,7853.5250740778365,False,,Szczecin,II 2021
13,3262000,Szczecin,2021Q3,2021,3,20213,primary,transaction,8579.960824822534,False,,Szczecin,III 2021
13,3262000,Szczecin,2021Q4,2021,4,20214,primary,transaction,8927.657492208427,False,,Szczecin,IV 2021
13,3262000,Szczecin,2022Q1,2022,1,20221,primary,transaction,8974.109872679315,False,,Szczecin,I 2022
13,3262000,Szczecin,2022Q2,2022,2,20222,primary,transaction,9960.707211004456,False,,Szczecin,II 2022
13,3262000,Szczecin,2022Q3,2022,3,20223,primary,transaction,10690.250286603838,False,,Szczecin,III 2022
13,3262000,Szczecin,2022Q4,2022,4,20224,primary,transaction,10662.038020685643,False,,Szczecin,IV 2022
13,3262000,Szczecin,2023Q1,2023,1,20231,primary,transaction,10976.314516616194,False,,Szczecin,I 2023
13,3262000,Szczecin,2023Q2,2023,2,20232,primary,transaction,10857.36907179191,False,,Szczecin,II 2023
13,3262000,Szczecin,2023Q3,2023,3,20233,primary,transaction,10796.680032698892,False,,Szczecin,III 2023
13,3262000,Szczecin,2023Q4,2023,4,20234,primary,transaction,10547.930707075748,False,,Szczecin,IV 2023
13,3262000,Szczecin,2024Q1,2024,1,20241,primary,transaction,11858.021395412865,False,,Szczecin,I 2024
13,3262000,Szczecin,2024Q2,2024,2,20242,primary,transaction,12251.542636410124,False,,Szczecin,II 2024
13,3262000,Szczecin,2024Q3,2024,3,20243,primary,transaction,11657.618952510675,False,,Szczecin,III 2024
13,3262000,Szczecin,2024Q4,2024,4,20244,primary,transaction,11920.774674479628,False,,Szczecin,IV 2024
13,3262000,Szczecin,2025Q1,2025,1,20251,primary,transaction,12115.350205688497,False,,Szczecin,I 2025
13,3262000,Szczecin,2025Q2,2025,2,20252,primary,transaction,11649.490188149624,False,,Szczecin,II 2025
13,3262000,Szczecin,2025Q3,2025,3,20253,primary,transaction,11628.81476379797,False,,Szczecin,III 2025
13,3262000,Szczecin,2025Q4,2025,4,20254,primary,transaction,11667.931027012582,False,,Szczecin,IV 2025
13,3262000,Szczecin,2026Q1,2026,1,20261,primary,transaction,11497.58598031962,False,,Szczecin,I 2026
13,3262000,Szczecin,2026Q2,2026,2,20262,primary,transaction,11427.47020676481,False,,Szczecin,II 2026
14,1465000,Warszawa,2006Q3,2006,3,20063,primary,transaction,5605.0,False,,Warszawa,III 2006
14,1465000,Warszawa,2006Q4,2006,4,20064,primary,transaction,6186.0,False,,Warszawa,IV 2006
14,1465000,Warszawa,2007Q1,2007,1,20071,primary,transaction,7302.0,False,,Warszawa,I 2007
14,1465000,Warszawa,2007Q2,2007,2,20072,primary,transaction,7523.0,False,,Warszawa,II 2007
14,1465000,Warszawa,2007Q3,2007,3,20073,primary,transaction,7879.0,False,,Warszawa,III 2007
14,1465000,Warszawa,2007Q4,2007,4,20074,primary,transaction,8571.0,False,,Warszawa,IV 2007
14,1465000,Warszawa,2008Q1,2008,1,20081,primary,transaction,8535.0,False,,Warszawa,I 2008
14,1465000,Warszawa,2008Q2,2008,2,20082,primary,transaction,8611.0,False,,Warszawa,II 2008
14,1465000,Warszawa,2008Q3,2008,3,20083,primary,transaction,8325.0,False,,Warszawa,III 2008
14,1465000,Warszawa,2008Q4,2008,4,20084,primary,transaction,8149.0,False,,Warszawa,IV 2008
14,1465000,Warszawa,2009Q1,2009,1,20091,primary,transaction,7543.0,False,,Warszawa,I 2009
14,1465000,Warszawa,2009Q2,2009,2,20092,primary,transaction,7461.0,False,,Warszawa,II 2009
14,1465000,Warszawa,2009Q3,2009,3,20093,primary,transaction,7585.235697,False,,Warszawa,III 2009
14,1465000,Warszawa,2009Q4,2009,4,20094,primary,transaction,7679.589222,False,,Warszawa,IV 2009
14,1465000,Warszawa,2010Q1,2010,1,20101,primary,transaction,8173.215445708,False,,Warszawa,I 2010
14,1465000,Warszawa,2010Q2,2010,2,20102,primary,transaction,7973.89213438384,False,,Warszawa,II 2010
14,1465000,Warszawa,2010Q3,2010,3,20103,primary,transaction,7940.206331142,False,,Warszawa,III 2010
14,1465000,Warszawa,2010Q4,2010,4,20104,primary,transaction,7440.55675933,False,,Warszawa,IV 2010
14,1465000,Warszawa,2011Q1,2011,1,20111,primary,transaction,8037.0,False,,Warszawa,I 2011
14,1465000,Warszawa,2011Q2,2011,2,20112,primary,transaction,7526.773102662611,False,,Warszawa,II 2011
14,1465000,Warszawa,2011Q3,2011,3,20113,primary,transaction,7422.746064729731,False,,Warszawa,III 2011
14,1465000,Warszawa,2011Q4,2011,4,20114,primary,transaction,7225.681702302718,False,,Warszawa,IV 2011
14,1465000,Warszawa,2012Q1,2012,1,20121,primary,transaction,6966.769914028987,False,,Warszawa,I 2012
14,1465000,Warszawa,2012Q2,2012,2,20122,primary,transaction,7042.943540678168,False,,Warszawa,II 2012
14,1465000,Warszawa,2012Q3,2012,3,20123,primary,transaction,6756.71012076573,False,,Warszawa,III 2012
14,1465000,Warszawa,2012Q4,2012,4,20124,primary,transaction,6466.028355775188,False,,Warszawa,IV 2012
14,1465000,Warszawa,2013Q1,2013,1,20131,primary,transaction,6989.64032684866,False,,Warszawa,I 2013
14,1465000,Warszawa,2013Q2,2013,2,20132,primary,transaction,7018.096418042534,False,,Warszawa,II 2013
14,1465000,Warszawa,2013Q3,2013,3,20133,primary,transaction,7172.740614766419,False,,Warszawa,III 2013
14,1465000,Warszawa,2013Q4,2013,4,20134,primary,transaction,7427.495037694658,False,,Warszawa,IV 2013
14,1465000,Warszawa,2014Q1,2014,1,20141,primary,transaction,7298.319226913252,False,,Warszawa,I 2014
14,1465000,Warszawa,2014Q2,2014,2,20142,primary,transaction,7315.614550027939,False,,Warszawa,II 2014
14,1465000,Warszawa,2014Q3,2014,3,20143,primary,transaction,7445.5271821529695,False,,Warszawa,III 2014
14,1465000,Warszawa,2014Q4,2014,4,20144,primary,transaction,7314.723076602341,False,,Warszawa,IV 2014
14,1465000,Warszawa,2015Q1,2015,1,20151,primary,transaction,7395.596806207275,False,,Warszawa,I 2015
14,1465000,Warszawa,2015Q2,2015,2,20152,primary,transaction,7509.9059543004505,False,,Warszawa,II 2015
14,1465000,Warszawa,2015Q3,2015,3,20153,primary,transaction,7557.105909657103,False,,Warszawa,III 2015
14,1465000,Warszawa,2015Q4,2015,4,20154,primary,transaction,7461.922544375651,False,,Warszawa,IV 2015
14,1465000,Warszawa,2016Q1,2016,1,20161,primary,transaction,7639.388136193285,False,,Warszawa,I 2016
14,1465000,Warszawa,2016Q2,2016,2,20162,primary,transaction,7582.883,False,,Warszawa,II 2016
14,1465000,Warszawa,2016Q3,2016,3,20163,primary,transaction,7696.128493308946,False,,Warszawa,III 2016
14,1465000,Warszawa,2016Q4,2016,4,20164,primary,transaction,7686.002090118282,False,,Warszawa,IV 2016
14,1465000,Warszawa,2017Q1,2017,1,20171,primary,transaction,7562.114717666345,False,,Warszawa,I 2017
14,1465000,Warszawa,2017Q2,2017,2,20172,primary,transaction,7682.575698500695,False,,Warszawa,II 2017
14,1465000,Warszawa,2017Q3,2017,3,20173,primary,transaction,7819.85595173138,False,,Warszawa,III 2017
14,1465000,Warszawa,2017Q4,2017,4,20174,primary,transaction,7750.880270995374,False,,Warszawa,IV 2017
14,1465000,Warszawa,2018Q1,2018,1,20181,primary,transaction,7964.8923862843485,False,,Warszawa,I 2018
14,1465000,Warszawa,2018Q2,2018,2,20182,primary,transaction,8182.211925469966,False,,Warszawa,II 2018
14,1465000,Warszawa,2018Q3,2018,3,20183,primary,transaction,8537.825167515166,False,,Warszawa,III 2018
14,1465000,Warszawa,2018Q4,2018,4,20184,primary,transaction,8564.578476304134,False,,Warszawa,IV 2018
14,1465000,Warszawa,2019Q1,2019,1,20191,primary,transaction,8771.15430060197,False,,Warszawa,I 2019
14,1465000,Warszawa,2019Q2,2019,2,20192,primary,transaction,8932.04924952834,False,,Warszawa,II 2019
14,1465000,Warszawa,2019Q3,2019,3,20193,primary,transaction,9188.448558315798,False,,Warszawa,III 2019
14,1465000,Warszawa,2019Q4,2019,4,20194,primary,transaction,9475.831959098188,False,,Warszawa,IV 2019
14,1465000,Warszawa,2020Q1,2020,1,20201,primary,transaction,9818.601940341168,False,,Warszawa,I 2020
14,1465000,Warszawa,2020Q2,2020,2,20202,primary,transaction,9438.890761932049,False,,Warszawa,II 2020
14,1465000,Warszawa,2020Q3,2020,3,20203,primary,transaction,10182.752715356784,False,,Warszawa,III 2020
14,1465000,Warszawa,2020Q4,2020,4,20204,primary,transaction,10239.530064305822,False,,Warszawa,IV 2020
14,1465000,Warszawa,2021Q1,2021,1,20211,primary,transaction,10665.869259657971,False,,Warszawa,I 2021
14,1465000,Warszawa,2021Q2,2021,2,20212,primary,transaction,10695.520589276563,False,,Warszawa,II 2021
14,1465000,Warszawa,2021Q3,2021,3,20213,primary,transaction,11005.860979554898,False,,Warszawa,III 2021
14,1465000,Warszawa,2021Q4,2021,4,20214,primary,transaction,11619.96579986599,False,,Warszawa,IV 2021
14,1465000,Warszawa,2022Q1,2022,1,20221,primary,transaction,12380.662357093423,False,,Warszawa,I 2022
14,1465000,Warszawa,2022Q2,2022,2,20222,primary,transaction,12343.410440092872,False,,Warszawa,II 2022
14,1465000,Warszawa,2022Q3,2022,3,20223,primary,transaction,12726.522427750859,False,,Warszawa,III 2022
14,1465000,Warszawa,2022Q4,2022,4,20224,primary,transaction,12835.956204420825,False,,Warszawa,IV 2022
14,1465000,Warszawa,2023Q1,2023,1,20231,primary,transaction,12806.123641876957,False,,Warszawa,I 2023
14,1465000,Warszawa,2023Q2,2023,2,20232,primary,transaction,13179.729117161729,False,,Warszawa,II 2023
14,1465000,Warszawa,2023Q3,2023,3,20233,primary,transaction,14032.220506921574,False,,Warszawa,III 2023
14,1465000,Warszawa,2023Q4,2023,4,20234,primary,transaction,14926.628092974184,False,,Warszawa,IV 2023
14,1465000,Warszawa,2024Q1,2024,1,20241,primary,transaction,15880.280574017512,False,,Warszawa,I 2024
14,1465000,Warszawa,2024Q2,2024,2,20242,primary,transaction,15995.870719606284,False,,Warszawa,II 2024
14,1465000,Warszawa,2024Q3,2024,3,20243,primary,transaction,16323.256411590044,False,,Warszawa,III 2024
14,1465000,Warszawa,2024Q4,2024,4,20244,primary,transaction,16548.275690816088,False,,Warszawa,IV 2024
14,1465000,Warszawa,2025Q1,2025,1,20251,primary,transaction,16436.954203402074,False,,Warszawa,I 2025
14,1465000,Warszawa,2025Q2,2025,2,20252,primary,transaction,16386.713961050413,False,,Warszawa,II 2025
14,1465000,Warszawa,2025Q3,2025,3,20253,primary,transaction,16291.003915533429,False,,Warszawa,III 2025
14,1465000,Warszawa,2025Q4,2025,4,20254,primary,transaction,16576.887642808255,False,,Warszawa,IV 2025
14,1465000,Warszawa,2026Q1,2026,1,20261,primary,transaction,16470.573676205182,False,,Warszawa,I 2026
14,1465000,Warszawa,2026Q2,2026,2,20262,primary,transaction,16783.491477744396,False,,Warszawa,II 2026
15,0264000,Wrocław,2006Q3,2006,3,20063,primary,transaction,3211.0,False,,Wrocław,III 2006
15,0264000,Wrocław,2006Q4,2006,4,20064,primary,transaction,3777.0,False,,Wrocław,IV 2006
15,0264000,Wrocław,2007Q1,2007,1,20071,primary,transaction,7062.859050052712,False,,Wrocław,I 2007
15,0264000,Wrocław,2007Q2,2007,2,20072,primary,transaction,5289.0,False,,Wrocław,II 2007
15,0264000,Wrocław,2007Q3,2007,3,20073,primary,transaction,5835.806577405288,False,,Wrocław,III 2007
15,0264000,Wrocław,2007Q4,2007,4,20074,primary,transaction,5625.0,False,,Wrocław,IV 2007
15,0264000,Wrocław,2008Q1,2008,1,20081,primary,transaction,5268.0,False,,Wrocław,I 2008
15,0264000,Wrocław,2008Q2,2008,2,20082,primary,transaction,5349.0,False,,Wrocław,II 2008
15,0264000,Wrocław,2008Q3,2008,3,20083,primary,transaction,5891.0,False,,Wrocław,III 2008
15,0264000,Wrocław,2008Q4,2008,4,20084,primary,transaction,5513.0,False,,Wrocław,IV 2008
15,0264000,Wrocław,2009Q1,2009,1,20091,primary,transaction,5218.0,False,,Wrocław,I 2009
15,0264000,Wrocław,2009Q2,2009,2,20092,primary,transaction,5095.0,False,,Wrocław,II 2009
15,0264000,Wrocław,2009Q3,2009,3,20093,primary,transaction,5105.0,False,,Wrocław,III 2009
15,0264000,Wrocław,2009Q4,2009,4,20094,primary,transaction,5472.0,False,,Wrocław,IV 2009
15,0264000,Wrocław,2010Q1,2010,1,20101,primary,transaction,5628.0,False,,Wrocław,I 2010
15,0264000,Wrocław,2010Q2,2010,2,20102,primary,transaction,5938.0,False,,Wrocław,II 2010
15,0264000,Wrocław,2010Q3,2010,3,20103,primary,transaction,5614.0,False,,Wrocław,III 2010
15,0264000,Wrocław,2010Q4,2010,4,20104,primary,transaction,5735.0,False,,Wrocław,IV 2010
15,0264000,Wrocław,2011Q1,2011,1,20111,primary,transaction,5905.0,False,,Wrocław,I 2011
15,0264000,Wrocław,2011Q2,2011,2,20112,primary,transaction,5949.0,False,,Wrocław,II 2011
15,0264000,Wrocław,2011Q3,2011,3,20113,primary,transaction,6098.0,False,,Wrocław,III 2011
15,0264000,Wrocław,2011Q4,2011,4,20114,primary,transaction,5720.0,False,,Wrocław,IV 2011
15,0264000,Wrocław,2012Q1,2012,1,20121,primary,transaction,5606.0,False,,Wrocław,I 2012
15,0264000,Wrocław,2012Q2,2012,2,20122,primary,transaction,5808.0,False,,Wrocław,II 2012
15,0264000,Wrocław,2012Q3,2012,3,20123,primary,transaction,5521.0,False,,Wrocław,III 2012
15,0264000,Wrocław,2012Q4,2012,4,20124,primary,transaction,5593.0,False,,Wrocław,IV 2012
15,0264000,Wrocław,2013Q1,2013,1,20131,primary,transaction,5430.0,False,,Wrocław,I 2013
15,0264000,Wrocław,2013Q2,2013,2,20132,primary,transaction,5603.0,False,,Wrocław,II 2013
15,0264000,Wrocław,2013Q3,2013,3,20133,primary,transaction,5605.0,False,,Wrocław,III 2013
15,0264000,Wrocław,2013Q4,2013,4,20134,primary,transaction,5693.0,False,,Wrocław,IV 2013
15,0264000,Wrocław,2014Q1,2014,1,20141,primary,transaction,5668.0,False,,Wrocław,I 2014
15,0264000,Wrocław,2014Q2,2014,2,20142,primary,transaction,5860.0,False,,Wrocław,II 2014
15,0264000,Wrocław,2014Q3,2014,3,20143,primary,transaction,5921.0,False,,Wrocław,III 2014
15,0264000,Wrocław,2014Q4,2014,4,20144,primary,transaction,5793.0,False,,Wrocław,IV 2014
15,0264000,Wrocław,2015Q1,2015,1,20151,primary,transaction,5988.0,False,,Wrocław,I 2015
15,0264000,Wrocław,2015Q2,2015,2,20152,primary,transaction,6068.0,False,,Wrocław,II 2015
15,0264000,Wrocław,2015Q3,2015,3,20153,primary,transaction,6044.0,False,,Wrocław,III 2015
15,0264000,Wrocław,2015Q4,2015,4,20154,primary,transaction,6109.0,False,,Wrocław,IV 2015
15,0264000,Wrocław,2016Q1,2016,1,20161,primary,transaction,5993.0,False,,Wrocław,I 2016
15,0264000,Wrocław,2016Q2,2016,2,20162,primary,transaction,6218.0,False,,Wrocław,II 2016
15,0264000,Wrocław,2016Q3,2016,3,20163,primary,transaction,6162.0,False,,Wrocław,III 2016
15,0264000,Wrocław,2016Q4,2016,4,20164,primary,transaction,6163.0,False,,Wrocław,IV 2016
15,0264000,Wrocław,2017Q1,2017,1,20171,primary,transaction,6136.0,False,,Wrocław,I 2017
15,0264000,Wrocław,2017Q2,2017,2,20172,primary,transaction,6314.0,False,,Wrocław,II 2017
15,0264000,Wrocław,2017Q3,2017,3,20173,primary,transaction,6433.0,False,,Wrocław,III 2017
15,0264000,Wrocław,2017Q4,2017,4,20174,primary,transaction,6389.0,False,,Wrocław,IV 2017
15,0264000,Wrocław,2018Q1,2018,1,20181,primary,transaction,6508.0,False,,Wrocław,I 2018
15,0264000,Wrocław,2018Q2,2018,2,20182,primary,transaction,6651.0,False,,Wrocław,II 2018
15,0264000,Wrocław,2018Q3,2018,3,20183,primary,transaction,6750.0,False,,Wrocław,III 2018
15,0264000,Wrocław,2018Q4,2018,4,20184,primary,transaction,6905.0,False,,Wrocław,IV 2018
15,0264000,Wrocław,2019Q1,2019,1,20191,primary,transaction,7032.0,False,,Wrocław,I 2019
15,0264000,Wrocław,2019Q2,2019,2,20192,primary,transaction,7435.0,False,,Wrocław,II 2019
15,0264000,Wrocław,2019Q3,2019,3,20193,primary,transaction,7661.0,False,,Wrocław,III 2019
15,0264000,Wrocław,2019Q4,2019,4,20194,primary,transaction,7634.070064099633,False,,Wrocław,IV 2019
15,0264000,Wrocław,2020Q1,2020,1,20201,primary,transaction,8354.078188761916,False,,Wrocław,I 2020
15,0264000,Wrocław,2020Q2,2020,2,20202,primary,transaction,8040.593185995784,False,,Wrocław,II 2020
15,0264000,Wrocław,2020Q3,2020,3,20203,primary,transaction,8108.9977991418045,False,,Wrocław,III 2020
15,0264000,Wrocław,2020Q4,2020,4,20204,primary,transaction,8232.809641263313,False,,Wrocław,IV 2020
15,0264000,Wrocław,2021Q1,2021,1,20211,primary,transaction,8423.430648940894,False,,Wrocław,I 2021
15,0264000,Wrocław,2021Q2,2021,2,20212,primary,transaction,8577.596311834412,False,,Wrocław,II 2021
15,0264000,Wrocław,2021Q3,2021,3,20213,primary,transaction,8890.989707683131,False,,Wrocław,III 2021
15,0264000,Wrocław,2021Q4,2021,4,20214,primary,transaction,9506.858141519631,False,,Wrocław,IV 2021
15,0264000,Wrocław,2022Q1,2022,1,20221,primary,transaction,10029.287546565776,False,,Wrocław,I 2022
15,0264000,Wrocław,2022Q2,2022,2,20222,primary,transaction,10337.631206091748,False,,Wrocław,II 2022
15,0264000,Wrocław,2022Q3,2022,3,20223,primary,transaction,10519.515024997032,False,,Wrocław,III 2022
15,0264000,Wrocław,2022Q4,2022,4,20224,primary,transaction,10453.280177949899,False,,Wrocław,IV 2022
15,0264000,Wrocław,2023Q1,2023,1,20231,primary,transaction,11111.78819725096,False,,Wrocław,I 2023
15,0264000,Wrocław,2023Q2,2023,2,20232,primary,transaction,11396.559746116665,False,,Wrocław,II 2023
15,0264000,Wrocław,2023Q3,2023,3,20233,primary,transaction,11713.324742368844,False,,Wrocław,III 2023
15,0264000,Wrocław,2023Q4,2023,4,20234,primary,transaction,12498.112127463888,False,,Wrocław,IV 2023
15,0264000,Wrocław,2024Q1,2024,1,20241,primary,transaction,12837.613691947758,False,,Wrocław,I 2024
15,0264000,Wrocław,2024Q2,2024,2,20242,primary,transaction,13536.565198991215,False,,Wrocław,II 2024
15,0264000,Wrocław,2024Q3,2024,3,20243,primary,transaction,14724.575050346599,False,,Wrocław,III 2024
15,0264000,Wrocław,2024Q4,2024,4,20244,primary,transaction,14141.709213794946,False,,Wrocław,IV 2024
15,0264000,Wrocław,2025Q1,2025,1,20251,primary,transaction,14256.92747253414,False,,Wrocław,I 2025
15,0264000,Wrocław,2025Q2,2025,2,20252,primary,transaction,15019.995769029292,False,,Wrocław,II 2025
15,0264000,Wrocław,2025Q3,2025,3,20253,primary,transaction,14528.864688001217,False,,Wrocław,III 2025
15,0264000,Wrocław,2025Q4,2025,4,20254,primary,transaction,14061.53381099778,False,,Wrocław,IV 2025
15,0264000,Wrocław,2026Q1,2026,1,20261,primary,transaction,13902.721427163542,False,,Wrocław,I 2026
15,0264000,Wrocław,2026Q2,2026,2,20262,primary,transaction,14312.253832558039,False,,Wrocław,II 2026
16,0862000,Zielona Góra,2006Q3,2006,3,20063,primary,transaction,2499.0089302648444,False,,Zielona Góra,III 2006
16,0862000,Zielona Góra,2006Q4,2006,4,20064,primary,transaction,2768.751404455477,False,,Zielona Góra,IV 2006
16,0862000,Zielona Góra,2007Q1,2007,1,20071,primary,transaction,2499.814669439068,False,,Zielona Góra,I 2007
16,0862000,Zielona Góra,2007Q2,2007,2,20072,primary,transaction,3258.0908026063094,False,,Zielona Góra,II 2007
16,0862000,Zielona Góra,2007Q3,2007,3,20073,primary,transaction,4015.4138644710392,False,,Zielona Góra,III 2007
16,0862000,Zielona Góra,2007Q4,2007,4,20074,primary,transaction,3822.8672906610645,False,,Zielona Góra,IV 2007
16,0862000,Zielona Góra,2008Q1,2008,1,20081,primary,transaction,4108.0,False,,Zielona Góra,I 2008
16,0862000,Zielona Góra,2008Q2,2008,2,20082,primary,transaction,3842.1576400799077,False,,Zielona Góra,II 2008
16,0862000,Zielona Góra,2008Q3,2008,3,20083,primary,transaction,3892.2443760865604,False,,Zielona Góra,III 2008
16,0862000,Zielona Góra,2008Q4,2008,4,20084,primary,transaction,3770.7530750993733,False,,Zielona Góra,IV 2008
16,0862000,Zielona Góra,2009Q1,2009,1,20091,primary,transaction,3646.170595668304,False,,Zielona Góra,I 2009
16,0862000,Zielona Góra,2009Q2,2009,2,20092,primary,transaction,3366.4236246574924,False,,Zielona Góra,II 2009
16,0862000,Zielona Góra,2009Q3,2009,3,20093,primary,transaction,3500.0,False,,Zielona Góra,III 2009
16,0862000,Zielona Góra,2009Q4,2009,4,20094,primary,transaction,3459.0,False,,Zielona Góra,IV 2009
16,0862000,Zielona Góra,2010Q1,2010,1,20101,primary,transaction,3511.0,False,,Zielona Góra,I 2010
16,0862000,Zielona Góra,2010Q2,2010,2,20102,primary,transaction,3538.0,False,,Zielona Góra,II 2010
16,0862000,Zielona Góra,2010Q3,2010,3,20103,primary,transaction,3563.0,False,,Zielona Góra,III 2010
16,0862000,Zielona Góra,2010Q4,2010,4,20104,primary,transaction,3663.0,False,,Zielona Góra,IV 2010
16,0862000,Zielona Góra,2011Q1,2011,1,20111,primary,transaction,3651.0,False,,Zielona Góra,I 2011
16,0862000,Zielona Góra,2011Q2,2011,2,20112,primary,transaction,3671.0,False,,Zielona Góra,II 2011
16,0862000,Zielona Góra,2011Q3,2011,3,20113,primary,transaction,3679.0,False,,Zielona Góra,III 2011
16,0862000,Zielona Góra,2011Q4,2011,4,20114,primary,transaction,3747.0,False,,Zielona Góra,IV 2011
16,0862000,Zielona Góra,2012Q1,2012,1,20121,primary,transaction,3750.0,False,,Zielona Góra,I 2012
16,0862000,Zielona Góra,2012Q2,2012,2,20122,primary,transaction,3602.0,False,,Zielona Góra,II 2012
16,0862000,Zielona Góra,2012Q3,2012,3,20123,primary,transaction,3673.0,False,,Zielona Góra,III 2012
16,0862000,Zielona Góra,2012Q4,2012,4,20124,primary,transaction,3691.0,False,,Zielona Góra,IV 2012
16,0862000,Zielona Góra,2013Q1,2013,1,20131,primary,transaction,3655.0,False,,Zielona Góra,I 2013
16,0862000,Zielona Góra,2013Q2,2013,2,20132,primary,transaction,3623.0,False,,Zielona Góra,II 2013
16,0862000,Zielona Góra,2013Q3,2013,3,20133,primary,transaction,3606.0,False,,Zielona Góra,III 2013
16,0862000,Zielona Góra,2013Q4,2013,4,20134,primary,transaction,3625.0,False,,Zielona Góra,IV 2013
16,0862000,Zielona Góra,2014Q1,2014,1,20141,primary,transaction,3620.0,False,,Zielona Góra,I 2014
16,0862000,Zielona Góra,2014Q2,2014,2,20142,primary,transaction,3688.0,False,,Zielona Góra,II 2014
16,0862000,Zielona Góra,2014Q3,2014,3,20143,primary,transaction,3736.0,False,,Zielona Góra,III 2014
16,0862000,Zielona Góra,2014Q4,2014,4,20144,primary,transaction,3750.0,False,,Zielona Góra,IV 2014
16,0862000,Zielona Góra,2015Q1,2015,1,20151,primary,transaction,3647.0,False,,Zielona Góra,I 2015
16,0862000,Zielona Góra,2015Q2,2015,2,20152,primary,transaction,3743.0,False,,Zielona Góra,II 2015
16,0862000,Zielona Góra,2015Q3,2015,3,20153,primary,transaction,3749.0,False,,Zielona Góra,III 2015
16,0862000,Zielona Góra,2015Q4,2015,4,20154,primary,transaction,3785.0,False,,Zielona Góra,IV 2015
16,0862000,Zielona Góra,2016Q1,2016,1,20161,primary,transaction,3777.0,False,,Zielona Góra,I 2016
16,0862000,Zielona Góra,2016Q2,2016,2,20162,primary,transaction,3781.0,False,,Zielona Góra,II 2016
16,0862000,Zielona Góra,2016Q3,2016,3,20163,primary,transaction,3836.0,False,,Zielona Góra,III 2016
16,0862000,Zielona Góra,2016Q4,2016,4,20164,primary,transaction,3858.0,False,,Zielona Góra,IV 2016
16,0862000,Zielona Góra,2017Q1,2017,1,20171,primary,transaction,3851.0,False,,Zielona Góra,I 2017
16,0862000,Zielona Góra,2017Q2,2017,2,20172,primary,transaction,3861.0,False,,Zielona Góra,II 2017
16,0862000,Zielona Góra,2017Q3,2017,3,20173,primary,transaction,3861.0,False,,Zielona Góra,III 2017
16,0862000,Zielona Góra,2017Q4,2017,4,20174,primary,transaction,3873.0,False,,Zielona Góra,IV 2017
16,0862000,Zielona Góra,2018Q1,2018,1,20181,primary,transaction,3863.0,False,,Zielona Góra,I 2018
16,0862000,Zielona Góra,2018Q2,2018,2,20182,primary,transaction,3899.0,False,,Zielona Góra,II 2018
16,0862000,Zielona Góra,2018Q3,2018,3,20183,primary,transaction,3909.0,False,,Zielona Góra,III 2018
16,0862000,Zielona Góra,2018Q4,2018,4,20184,primary,transaction,3994.0,False,,Zielona Góra,IV 2018
16,0862000,Zielona Góra,2019Q1,2019,1,20191,primary,transaction,4243.0,False,,Zielona Góra,I 2019
16,0862000,Zielona Góra,2019Q2,2019,2,20192,primary,transaction,4496.0,False,,Zielona Góra,II 2019
16,0862000,Zielona Góra,2019Q3,2019,3,20193,primary,transaction,4539.0,False,,Zielona Góra,III 2019
16,0862000,Zielona Góra,2019Q4,2019,4,20194,primary,transaction,4688.0,False,,Zielona Góra,IV 2019
16,0862000,Zielona Góra,2020Q1,2020,1,20201,primary,transaction,4850.545708861504,False,,Zielona Góra,I 2020
16,0862000,Zielona Góra,2020Q2,2020,2,20202,primary,transaction,4885.602845312577,False,,Zielona Góra,II 2020
16,0862000,Zielona Góra,2020Q3,2020,3,20203,primary,transaction,5112.931791515176,False,,Zielona Góra,III 2020
16,0862000,Zielona Góra,2020Q4,2020,4,20204,primary,transaction,5350.012250977429,False,,Zielona Góra,IV 2020
16,0862000,Zielona Góra,2021Q1,2021,1,20211,primary,transaction,5315.944843016614,False,,Zielona Góra,I 2021
16,0862000,Zielona Góra,2021Q2,2021,2,20212,primary,transaction,5683.830146687897,False,,Zielona Góra,II 2021
16,0862000,Zielona Góra,2021Q3,2021,3,20213,primary,transaction,6047.19727555356,False,,Zielona Góra,III 2021
16,0862000,Zielona Góra,2021Q4,2021,4,20214,primary,transaction,6437.952474266431,False,,Zielona Góra,IV 2021
16,0862000,Zielona Góra,2022Q1,2022,1,20221,primary,transaction,6884.962013515116,False,,Zielona Góra,I 2022
16,0862000,Zielona Góra,2022Q2,2022,2,20222,primary,transaction,7203.402137327123,False,,Zielona Góra,II 2022
16,0862000,Zielona Góra,2022Q3,2022,3,20223,primary,transaction,7457.668968996836,False,,Zielona Góra,III 2022
16,0862000,Zielona Góra,2022Q4,2022,4,20224,primary,transaction,7468.296042367977,False,,Zielona Góra,IV 2022
16,0862000,Zielona Góra,2023Q1,2023,1,20231,primary,transaction,7565.667946850626,False,,Zielona Góra,I 2023
16,0862000,Zielona Góra,2023Q2,2023,2,20232,primary,transaction,7473.005806874411,False,,Zielona Góra,II 2023
16,0862000,Zielona Góra,2023Q3,2023,3,20233,primary,transaction,7614.862415614641,False,,Zielona Góra,III 2023
16,0862000,Zielona Góra,2023Q4,2023,4,20234,primary,transaction,7655.291105616113,False,,Zielona Góra,IV 2023
16,0862000,Zielona Góra,2024Q1,2024,1,20241,primary,transaction,7730.233832419432,False,,Zielona Góra,I 2024
16,0862000,Zielona Góra,2024Q2,2024,2,20242,primary,transaction,8299.1726164312,False,,Zielona Góra,II 2024
16,0862000,Zielona Góra,2024Q3,2024,3,20243,primary,transaction,8460.029018456848,False,,Zielona Góra,III 2024
16,0862000,Zielona Góra,2024Q4,2024,4,20244,primary,transaction,8734.791416251546,False,,Zielona Góra,IV 2024
16,0862000,Zielona Góra,2025Q1,2025,1,20251,primary,transaction,9505.60267497224,False,,Zielona Góra,I 2025
16,0862000,Zielona Góra,2025Q2,2025,2,20252,primary,transaction,9536.016294127312,False,,Zielona Góra,II 2025
16,0862000,Zielona Góra,2025Q3,2025,3,20253,primary,transaction,9375.981822597552,False,,Zielona Góra,III 2025
16,0862000,Zielona Góra,2025Q4,2025,4,20254,primary,transaction,8985.413882506984,False,,Zielona Góra,IV 2025
16,0862000,Zielona Góra,2026Q1,2026,1,20261,primary,transaction,9504.331349847664,False,,Zielona Góra,I 2026
16,0862000,Zielona Góra,2026Q2,2026,2,20262,primary,transaction,9457.851066538282,False,,Zielona Góra,II 2026
1,2061000,Białystok,2006Q3,2006,3,20063,secondary,offer,3070.0,False,,Białystok,III 2006
1,2061000,Białystok,2006Q4,2006,4,20064,secondary,offer,3408.0,False,,Białystok,IV 2006
1,2061000,Białystok,2007Q1,2007,1,20071,secondary,offer,3986.0,False,,Białystok,I 2007
1,2061000,Białystok,2007Q2,2007,2,20072,secondary,offer,4418.0,False,,Białystok,II 2007
1,2061000,Białystok,2007Q3,2007,3,20073,secondary,offer,4580.0,False,,Białystok,III 2007
1,2061000,Białystok,2007Q4,2007,4,20074,secondary,offer,4637.0,False,,Białystok,IV 2007
1,2061000,Białystok,2008Q1,2008,1,20081,secondary,offer,4738.0,False,,Białystok,I 2008
1,2061000,Białystok,2008Q2,2008,2,20082,secondary,offer,4853.0,False,,Białystok,II 2008
1,2061000,Białystok,2008Q3,2008,3,20083,secondary,offer,4777.0,False,,Białystok,III 2008
1,2061000,Białystok,2008Q4,2008,4,20084,secondary,offer,4744.0,False,,Białystok,IV 2008
1,2061000,Białystok,2009Q1,2009,1,20091,secondary,offer,4613.0,False,,Białystok,I 2009
1,2061000,Białystok,2009Q2,2009,2,20092,secondary,offer,4614.0,False,,Białystok,II 2009
1,2061000,Białystok,2009Q3,2009,3,20093,secondary,offer,4641.0,False,,Białystok,III 2009
1,2061000,Białystok,2009Q4,2009,4,20094,secondary,offer,4620.0,False,,Białystok,IV 2009
1,2061000,Białystok,2010Q1,2010,1,20101,secondary,offer,4729.0,False,,Białystok,I 2010
1,2061000,Białystok,2010Q2,2010,2,20102,secondary,offer,4709.0,False,,Białystok,II 2010
1,2061000,Białystok,2010Q3,2010,3,20103,secondary,offer,4752.0,False,,Białystok,III 2010
1,2061000,Białystok,2010Q4,2010,4,20104,secondary,offer,4809.0,False,,Białystok,IV 2010
1,2061000,Białystok,2011Q1,2011,1,20111,secondary,offer,4862.0,False,,Białystok,I 2011
1,2061000,Białystok,2011Q2,2011,2,20112,secondary,offer,4810.0,False,,Białystok,II 2011
1,2061000,Białystok,2011Q3,2011,3,20113,secondary,offer,4778.0,False,,Białystok,III 2011
1,2061000,Białystok,2011Q4,2011,4,20114,secondary,offer,4754.0,False,,Białystok,IV 2011
1,2061000,Białystok,2012Q1,2012,1,20121,secondary,offer,4724.0,False,,Białystok,I 2012
1,2061000,Białystok,2012Q2,2012,2,20122,secondary,offer,4674.0,False,,Białystok,II 2012
1,2061000,Białystok,2012Q3,2012,3,20123,secondary,offer,4588.0,False,,Białystok,III 2012
1,2061000,Białystok,2012Q4,2012,4,20124,secondary,offer,4583.0,False,,Białystok,IV 2012
1,2061000,Białystok,2013Q1,2013,1,20131,secondary,offer,4576.0,False,,Białystok,I 2013
1,2061000,Białystok,2013Q2,2013,2,20132,secondary,offer,4546.0,False,,Białystok,II 2013
1,2061000,Białystok,2013Q3,2013,3,20133,secondary,offer,4520.0,False,,Białystok,III 2013
1,2061000,Białystok,2013Q4,2013,4,20134,secondary,offer,4494.0,False,,Białystok,IV 2013
1,2061000,Białystok,2014Q1,2014,1,20141,secondary,offer,4510.0,False,,Białystok,I 2014
1,2061000,Białystok,2014Q2,2014,2,20142,secondary,offer,4450.0,False,,Białystok,II 2014
1,2061000,Białystok,2014Q3,2014,3,20143,secondary,offer,4443.0,False,,Białystok,III 2014
1,2061000,Białystok,2014Q4,2014,4,20144,secondary,offer,4445.0,False,,Białystok,IV 2014
1,2061000,Białystok,2015Q1,2015,1,20151,secondary,offer,4423.0,False,,Białystok,I 2015
1,2061000,Białystok,2015Q2,2015,2,20152,secondary,offer,4463.0,False,,Białystok,II 2015
1,2061000,Białystok,2015Q3,2015,3,20153,secondary,offer,4402.0,False,,Białystok,III 2015
1,2061000,Białystok,2015Q4,2015,4,20154,secondary,offer,4456.0,False,,Białystok,IV 2015
1,2061000,Białystok,2016Q1,2016,1,20161,secondary,offer,4488.0,False,,Białystok,I 2016
1,2061000,Białystok,2016Q2,2016,2,20162,secondary,offer,4536.0,False,,Białystok,II 2016
1,2061000,Białystok,2016Q3,2016,3,20163,secondary,offer,4578.0,False,,Białystok,III 2016
1,2061000,Białystok,2016Q4,2016,4,20164,secondary,offer,4568.0,False,,Białystok,IV 2016
1,2061000,Białystok,2017Q1,2017,1,20171,secondary,offer,4580.0,False,,Białystok,I 2017
1,2061000,Białystok,2017Q2,2017,2,20172,secondary,offer,4597.0,False,,Białystok,II 2017
1,2061000,Białystok,2017Q3,2017,3,20173,secondary,offer,4597.0,False,,Białystok,III 2017
1,2061000,Białystok,2017Q4,2017,4,20174,secondary,offer,4746.0,False,,Białystok,IV 2017
1,2061000,Białystok,2018Q1,2018,1,20181,secondary,offer,4921.0,False,,Białystok,I 2018
1,2061000,Białystok,2018Q2,2018,2,20182,secondary,offer,5059.0,False,,Białystok,II 2018
1,2061000,Białystok,2018Q3,2018,3,20183,secondary,offer,5134.0,False,,Białystok,III 2018
1,2061000,Białystok,2018Q4,2018,4,20184,secondary,offer,5333.0,False,,Białystok,IV 2018
1,2061000,Białystok,2019Q1,2019,1,20191,secondary,offer,5718.0,False,,Białystok,I 2019
1,2061000,Białystok,2019Q2,2019,2,20192,secondary,offer,5743.0,False,,Białystok,II 2019
1,2061000,Białystok,2019Q3,2019,3,20193,secondary,offer,5794.117279639656,False,,Białystok,III 2019
1,2061000,Białystok,2019Q4,2019,4,20194,secondary,offer,6063.292822022075,False,,Białystok,IV 2019
1,2061000,Białystok,2020Q1,2020,1,20201,secondary,offer,6245.28731072522,False,,Białystok,I 2020
1,2061000,Białystok,2020Q2,2020,2,20202,secondary,offer,6487.8132116151,False,,Białystok,II 2020
1,2061000,Białystok,2020Q3,2020,3,20203,secondary,offer,6311.586881458426,False,,Białystok,III 2020
1,2061000,Białystok,2020Q4,2020,4,20204,secondary,offer,6398.245676804066,False,,Białystok,IV 2020
1,2061000,Białystok,2021Q1,2021,1,20211,secondary,offer,6700.232704252297,False,,Białystok,I 2021
1,2061000,Białystok,2021Q2,2021,2,20212,secondary,offer,6892.212811076647,False,,Białystok,II 2021
1,2061000,Białystok,2021Q3,2021,3,20213,secondary,offer,7132.802974111219,False,,Białystok,III 2021
1,2061000,Białystok,2021Q4,2021,4,20214,secondary,offer,7447.762527410621,False,,Białystok,IV 2021
1,2061000,Białystok,2022Q1,2022,1,20221,secondary,offer,8159.772220004552,False,,Białystok,I 2022
1,2061000,Białystok,2022Q2,2022,2,20222,secondary,offer,8455.938679371155,False,,Białystok,II 2022
1,2061000,Białystok,2022Q3,2022,3,20223,secondary,offer,8324.406682600033,False,,Białystok,III 2022
1,2061000,Białystok,2022Q4,2022,4,20224,secondary,offer,8377.185231841979,False,,Białystok,IV 2022
1,2061000,Białystok,2023Q1,2023,1,20231,secondary,offer,8441.674982617857,False,,Białystok,I 2023
1,2061000,Białystok,2023Q2,2023,2,20232,secondary,offer,8576.05716993991,False,,Białystok,II 2023
1,2061000,Białystok,2023Q3,2023,3,20233,secondary,offer,8833.862044153866,False,,Białystok,III 2023
1,2061000,Białystok,2023Q4,2023,4,20234,secondary,offer,9343.435599115483,False,,Białystok,IV 2023
1,2061000,Białystok,2024Q1,2024,1,20241,secondary,offer,10184.200105024049,False,,Białystok,I 2024
1,2061000,Białystok,2024Q2,2024,2,20242,secondary,offer,10492.14962199706,False,,Białystok,II 2024
1,2061000,Białystok,2024Q3,2024,3,20243,secondary,offer,10277.027916018831,False,,Białystok,III 2024
1,2061000,Białystok,2024Q4,2024,4,20244,secondary,offer,10374.147929379757,False,,Białystok,IV 2024
1,2061000,Białystok,2025Q1,2025,1,20251,secondary,offer,10381.717401727134,False,,Białystok,I 2025
1,2061000,Białystok,2025Q2,2025,2,20252,secondary,offer,10245.324888391493,False,,Białystok,II 2025
1,2061000,Białystok,2025Q3,2025,3,20253,secondary,offer,10233.988257480294,False,,Białystok,III 2025
1,2061000,Białystok,2025Q4,2025,4,20254,secondary,offer,10201.723421013376,False,,Białystok,IV 2025
1,2061000,Białystok,2026Q1,2026,1,20261,secondary,offer,10202.018247882965,False,,Białystok,I 2026
1,2061000,Białystok,2026Q2,2026,2,20262,secondary,offer,10386.541775065272,False,,Białystok,II 2026
2,0461000,Bydgoszcz,2006Q3,2006,3,20063,secondary,offer,2530.0,False,,Bydgoszcz,III 2006
2,0461000,Bydgoszcz,2006Q4,2006,4,20064,secondary,offer,2784.0,False,,Bydgoszcz,IV 2006
2,0461000,Bydgoszcz,2007Q1,2007,1,20071,secondary,offer,3607.0,False,,Bydgoszcz,I 2007
2,0461000,Bydgoszcz,2007Q2,2007,2,20072,secondary,offer,3932.0,False,,Bydgoszcz,II 2007
2,0461000,Bydgoszcz,2007Q3,2007,3,20073,secondary,offer,4150.0,False,,Bydgoszcz,III 2007
2,0461000,Bydgoszcz,2007Q4,2007,4,20074,secondary,offer,3956.0,False,,Bydgoszcz,IV 2007
2,0461000,Bydgoszcz,2008Q1,2008,1,20081,secondary,offer,3685.0,False,,Bydgoszcz,I 2008
2,0461000,Bydgoszcz,2008Q2,2008,2,20082,secondary,offer,4202.0,False,,Bydgoszcz,II 2008
2,0461000,Bydgoszcz,2008Q3,2008,3,20083,secondary,offer,4151.0,False,,Bydgoszcz,III 2008
2,0461000,Bydgoszcz,2008Q4,2008,4,20084,secondary,offer,4240.0,False,,Bydgoszcz,IV 2008
2,0461000,Bydgoszcz,2009Q1,2009,1,20091,secondary,offer,4095.0,False,,Bydgoszcz,I 2009
2,0461000,Bydgoszcz,2009Q2,2009,2,20092,secondary,offer,4017.0,False,,Bydgoszcz,II 2009
2,0461000,Bydgoszcz,2009Q3,2009,3,20093,secondary,offer,4244.0,False,,Bydgoszcz,III 2009
2,0461000,Bydgoszcz,2009Q4,2009,4,20094,secondary,offer,4203.0,False,,Bydgoszcz,IV 2009
2,0461000,Bydgoszcz,2010Q1,2010,1,20101,secondary,offer,4202.0,False,,Bydgoszcz,I 2010
2,0461000,Bydgoszcz,2010Q2,2010,2,20102,secondary,offer,4270.0,False,,Bydgoszcz,II 2010
2,0461000,Bydgoszcz,2010Q3,2010,3,20103,secondary,offer,4233.0,False,,Bydgoszcz,III 2010
2,0461000,Bydgoszcz,2010Q4,2010,4,20104,secondary,offer,4005.0,False,,Bydgoszcz,IV 2010
2,0461000,Bydgoszcz,2011Q1,2011,1,20111,secondary,offer,4055.0,False,,Bydgoszcz,I 2011
2,0461000,Bydgoszcz,2011Q2,2011,2,20112,secondary,offer,4153.0,False,,Bydgoszcz,II 2011
2,0461000,Bydgoszcz,2011Q3,2011,3,20113,secondary,offer,4058.0,False,,Bydgoszcz,III 2011
2,0461000,Bydgoszcz,2011Q4,2011,4,20114,secondary,offer,3923.0,False,,Bydgoszcz,IV 2011
2,0461000,Bydgoszcz,2012Q1,2012,1,20121,secondary,offer,3885.0,False,,Bydgoszcz,I 2012
2,0461000,Bydgoszcz,2012Q2,2012,2,20122,secondary,offer,3932.0,False,,Bydgoszcz,II 2012
2,0461000,Bydgoszcz,2012Q3,2012,3,20123,secondary,offer,3606.0,False,,Bydgoszcz,III 2012
2,0461000,Bydgoszcz,2012Q4,2012,4,20124,secondary,offer,3882.0,False,,Bydgoszcz,IV 2012
2,0461000,Bydgoszcz,2013Q1,2013,1,20131,secondary,offer,3639.0,False,,Bydgoszcz,I 2013
2,0461000,Bydgoszcz,2013Q2,2013,2,20132,secondary,offer,3713.0,False,,Bydgoszcz,II 2013
2,0461000,Bydgoszcz,2013Q3,2013,3,20133,secondary,offer,3607.0,False,,Bydgoszcz,III 2013
2,0461000,Bydgoszcz,2013Q4,2013,4,20134,secondary,offer,3736.0,False,,Bydgoszcz,IV 2013
2,0461000,Bydgoszcz,2014Q1,2014,1,20141,secondary,offer,4019.0,False,,Bydgoszcz,I 2014
2,0461000,Bydgoszcz,2014Q2,2014,2,20142,secondary,offer,3536.0,False,,Bydgoszcz,II 2014
2,0461000,Bydgoszcz,2014Q3,2014,3,20143,secondary,offer,3758.0,False,,Bydgoszcz,III 2014
2,0461000,Bydgoszcz,2014Q4,2014,4,20144,secondary,offer,3830.0,False,,Bydgoszcz,IV 2014
2,0461000,Bydgoszcz,2015Q1,2015,1,20151,secondary,offer,3685.0,False,,Bydgoszcz,I 2015
2,0461000,Bydgoszcz,2015Q2,2015,2,20152,secondary,offer,3765.0,False,,Bydgoszcz,II 2015
2,0461000,Bydgoszcz,2015Q3,2015,3,20153,secondary,offer,3949.0,False,,Bydgoszcz,III 2015
2,0461000,Bydgoszcz,2015Q4,2015,4,20154,secondary,offer,3774.0,False,,Bydgoszcz,IV 2015
2,0461000,Bydgoszcz,2016Q1,2016,1,20161,secondary,offer,3875.0,False,,Bydgoszcz,I 2016
2,0461000,Bydgoszcz,2016Q2,2016,2,20162,secondary,offer,3834.0,False,,Bydgoszcz,II 2016
2,0461000,Bydgoszcz,2016Q3,2016,3,20163,secondary,offer,3909.0,False,,Bydgoszcz,III 2016
2,0461000,Bydgoszcz,2016Q4,2016,4,20164,secondary,offer,4048.0,False,,Bydgoszcz,IV 2016
2,0461000,Bydgoszcz,2017Q1,2017,1,20171,secondary,offer,4123.0,False,,Bydgoszcz,I 2017
2,0461000,Bydgoszcz,2017Q2,2017,2,20172,secondary,offer,4195.0,False,,Bydgoszcz,II 2017
2,0461000,Bydgoszcz,2017Q3,2017,3,20173,secondary,offer,4285.0,False,,Bydgoszcz,III 2017
2,0461000,Bydgoszcz,2017Q4,2017,4,20174,secondary,offer,4328.0,False,,Bydgoszcz,IV 2017
2,0461000,Bydgoszcz,2018Q1,2018,1,20181,secondary,offer,4460.0,False,,Bydgoszcz,I 2018
2,0461000,Bydgoszcz,2018Q2,2018,2,20182,secondary,offer,4488.0,False,,Bydgoszcz,II 2018
2,0461000,Bydgoszcz,2018Q3,2018,3,20183,secondary,offer,4526.0,False,,Bydgoszcz,III 2018
2,0461000,Bydgoszcz,2018Q4,2018,4,20184,secondary,offer,4684.0,False,,Bydgoszcz,IV 2018
2,0461000,Bydgoszcz,2019Q1,2019,1,20191,secondary,offer,4789.0,False,,Bydgoszcz,I 2019
2,0461000,Bydgoszcz,2019Q2,2019,2,20192,secondary,offer,4970.0,False,,Bydgoszcz,II 2019
2,0461000,Bydgoszcz,2019Q3,2019,3,20193,secondary,offer,5252.0,False,,Bydgoszcz,III 2019
2,0461000,Bydgoszcz,2019Q4,2019,4,20194,secondary,offer,5430.0,False,,Bydgoszcz,IV 2019
2,0461000,Bydgoszcz,2020Q1,2020,1,20201,secondary,offer,5553.0,False,,Bydgoszcz,I 2020
2,0461000,Bydgoszcz,2020Q2,2020,2,20202,secondary,offer,5851.0,False,,Bydgoszcz,II 2020
2,0461000,Bydgoszcz,2020Q3,2020,3,20203,secondary,offer,6013.0,False,,Bydgoszcz,III 2020
2,0461000,Bydgoszcz,2020Q4,2020,4,20204,secondary,offer,6107.35579624572,False,,Bydgoszcz,IV 2020
2,0461000,Bydgoszcz,2021Q1,2021,1,20211,secondary,offer,6201.2528105124875,False,,Bydgoszcz,I 2021
2,0461000,Bydgoszcz,2021Q2,2021,2,20212,secondary,offer,6252.495369240507,False,,Bydgoszcz,II 2021
2,0461000,Bydgoszcz,2021Q3,2021,3,20213,secondary,offer,6281.638929745041,False,,Bydgoszcz,III 2021
2,0461000,Bydgoszcz,2021Q4,2021,4,20214,secondary,offer,6477.348939473691,False,,Bydgoszcz,IV 2021
2,0461000,Bydgoszcz,2022Q1,2022,1,20221,secondary,offer,6752.91932845638,False,,Bydgoszcz,I 2022
2,0461000,Bydgoszcz,2022Q2,2022,2,20222,secondary,offer,6920.914106024098,False,,Bydgoszcz,II 2022
2,0461000,Bydgoszcz,2022Q3,2022,3,20223,secondary,offer,7058.26953075117,False,,Bydgoszcz,III 2022
2,0461000,Bydgoszcz,2022Q4,2022,4,20224,secondary,offer,7051.82075509435,False,,Bydgoszcz,IV 2022
2,0461000,Bydgoszcz,2023Q1,2023,1,20231,secondary,offer,7251.8473095180725,False,,Bydgoszcz,I 2023
2,0461000,Bydgoszcz,2023Q2,2023,2,20232,secondary,offer,7262.786075870726,False,,Bydgoszcz,II 2023
2,0461000,Bydgoszcz,2023Q3,2023,3,20233,secondary,offer,7460.996737872336,False,,Bydgoszcz,III 2023
2,0461000,Bydgoszcz,2023Q4,2023,4,20234,secondary,offer,7819.227844262304,False,,Bydgoszcz,IV 2023
2,0461000,Bydgoszcz,2024Q1,2024,1,20241,secondary,offer,8046.626575842692,False,,Bydgoszcz,I 2024
2,0461000,Bydgoszcz,2024Q2,2024,2,20242,secondary,offer,8254.18535963858,False,,Bydgoszcz,II 2024
2,0461000,Bydgoszcz,2024Q3,2024,3,20243,secondary,offer,8263.755911949687,False,,Bydgoszcz,III 2024
2,0461000,Bydgoszcz,2024Q4,2024,4,20244,secondary,offer,8185.9755747630325,False,,Bydgoszcz,IV 2024
2,0461000,Bydgoszcz,2025Q1,2025,1,20251,secondary,offer,8453.202209696254,False,,Bydgoszcz,I 2025
2,0461000,Bydgoszcz,2025Q2,2025,2,20252,secondary,offer,8441.77803251446,False,,Bydgoszcz,II 2025
2,0461000,Bydgoszcz,2025Q3,2025,3,20253,secondary,offer,8604.61970701493,False,,Bydgoszcz,III 2025
2,0461000,Bydgoszcz,2025Q4,2025,4,20254,secondary,offer,8926.479342520777,False,,Bydgoszcz,IV 2025
2,0461000,Bydgoszcz,2026Q1,2026,1,20261,secondary,offer,9113.619596825389,False,,Bydgoszcz,I 2026
2,0461000,Bydgoszcz,2026Q2,2026,2,20262,secondary,offer,9237.653116966954,False,,Bydgoszcz,II 2026
3,2261000,Gdańsk,2006Q3,2006,3,20063,secondary,offer,4541.0,False,,Gdańsk,III 2006
3,2261000,Gdańsk,2006Q4,2006,4,20064,secondary,offer,5406.0,False,,Gdańsk,IV 2006
3,2261000,Gdańsk,2007Q1,2007,1,20071,secondary,offer,6115.0,False,,Gdańsk,I 2007
3,2261000,Gdańsk,2007Q2,2007,2,20072,secondary,offer,6602.0,False,,Gdańsk,II 2007
3,2261000,Gdańsk,2007Q3,2007,3,20073,secondary,offer,6740.0,False,,Gdańsk,III 2007
3,2261000,Gdańsk,2007Q4,2007,4,20074,secondary,offer,6824.0,False,,Gdańsk,IV 2007
3,2261000,Gdańsk,2008Q1,2008,1,20081,secondary,offer,6795.0,False,,Gdańsk,I 2008
3,2261000,Gdańsk,2008Q2,2008,2,20082,secondary,offer,6704.0,False,,Gdańsk,II 2008
3,2261000,Gdańsk,2008Q3,2008,3,20083,secondary,offer,6608.0,False,,Gdańsk,III 2008
3,2261000,Gdańsk,2008Q4,2008,4,20084,secondary,offer,6793.0,False,,Gdańsk,IV 2008
3,2261000,Gdańsk,2009Q1,2009,1,20091,secondary,offer,6648.0,False,,Gdańsk,I 2009
3,2261000,Gdańsk,2009Q2,2009,2,20092,secondary,offer,6644.0,False,,Gdańsk,II 2009
3,2261000,Gdańsk,2009Q3,2009,3,20093,secondary,offer,6449.0,False,,Gdańsk,III 2009
3,2261000,Gdańsk,2009Q4,2009,4,20094,secondary,offer,6350.0,False,,Gdańsk,IV 2009
3,2261000,Gdańsk,2010Q1,2010,1,20101,secondary,offer,6465.0,False,,Gdańsk,I 2010
3,2261000,Gdańsk,2010Q2,2010,2,20102,secondary,offer,6491.0,False,,Gdańsk,II 2010
3,2261000,Gdańsk,2010Q3,2010,3,20103,secondary,offer,6286.0,False,,Gdańsk,III 2010
3,2261000,Gdańsk,2010Q4,2010,4,20104,secondary,offer,6494.0,False,,Gdańsk,IV 2010
3,2261000,Gdańsk,2011Q1,2011,1,20111,secondary,offer,6536.0,False,,Gdańsk,I 2011
3,2261000,Gdańsk,2011Q2,2011,2,20112,secondary,offer,6573.0,False,,Gdańsk,II 2011
3,2261000,Gdańsk,2011Q3,2011,3,20113,secondary,offer,6472.0,False,,Gdańsk,III 2011
3,2261000,Gdańsk,2011Q4,2011,4,20114,secondary,offer,6241.911833634863,False,,Gdańsk,IV 2011
3,2261000,Gdańsk,2012Q1,2012,1,20121,secondary,offer,6384.0,False,,Gdańsk,I 2012
3,2261000,Gdańsk,2012Q2,2012,2,20122,secondary,offer,6309.517713127035,False,,Gdańsk,II 2012
3,2261000,Gdańsk,2012Q3,2012,3,20123,secondary,offer,6273.735973147839,False,,Gdańsk,III 2012
3,2261000,Gdańsk,2012Q4,2012,4,20124,secondary,offer,6239.752397616456,False,,Gdańsk,IV 2012
3,2261000,Gdańsk,2013Q1,2013,1,20131,secondary,offer,6277.900085786377,False,,Gdańsk,I 2013
3,2261000,Gdańsk,2013Q2,2013,2,20132,secondary,offer,6151.72633155802,False,,Gdańsk,II 2013
3,2261000,Gdańsk,2013Q3,2013,3,20133,secondary,offer,6007.492146786055,False,,Gdańsk,III 2013
3,2261000,Gdańsk,2013Q4,2013,4,20134,secondary,offer,6136.027779668003,False,,Gdańsk,IV 2013
3,2261000,Gdańsk,2014Q1,2014,1,20141,secondary,offer,6102.824806513434,False,,Gdańsk,I 2014
3,2261000,Gdańsk,2014Q2,2014,2,20142,secondary,offer,6073.014593769535,False,,Gdańsk,II 2014
3,2261000,Gdańsk,2014Q3,2014,3,20143,secondary,offer,5858.0600952981085,False,,Gdańsk,III 2014
3,2261000,Gdańsk,2014Q4,2014,4,20144,secondary,offer,5872.587621558367,False,,Gdańsk,IV 2014
3,2261000,Gdańsk,2015Q1,2015,1,20151,secondary,offer,5981.750368535323,False,,Gdańsk,I 2015
3,2261000,Gdańsk,2015Q2,2015,2,20152,secondary,offer,5949.310306850149,False,,Gdańsk,II 2015
3,2261000,Gdańsk,2015Q3,2015,3,20153,secondary,offer,5993.170938461894,False,,Gdańsk,III 2015
3,2261000,Gdańsk,2015Q4,2015,4,20154,secondary,offer,6132.55,False,,Gdańsk,IV 2015
3,2261000,Gdańsk,2016Q1,2016,1,20161,secondary,offer,6192.65,False,,Gdańsk,I 2016
3,2261000,Gdańsk,2016Q2,2016,2,20162,secondary,offer,6319.0,False,,Gdańsk,II 2016
3,2261000,Gdańsk,2016Q3,2016,3,20163,secondary,offer,6226.18,False,,Gdańsk,III 2016
3,2261000,Gdańsk,2016Q4,2016,4,20164,secondary,offer,6455.36,False,,Gdańsk,IV 2016
3,2261000,Gdańsk,2017Q1,2017,1,20171,secondary,offer,6565.6720316301535,False,,Gdańsk,I 2017
3,2261000,Gdańsk,2017Q2,2017,2,20172,secondary,offer,6969.521517244994,False,,Gdańsk,II 2017
3,2261000,Gdańsk,2017Q3,2017,3,20173,secondary,offer,7035.25,False,,Gdańsk,III 2017
3,2261000,Gdańsk,2017Q4,2017,4,20174,secondary,offer,7345.066759740555,False,,Gdańsk,IV 2017
3,2261000,Gdańsk,2018Q1,2018,1,20181,secondary,offer,7727.435132900956,False,,Gdańsk,I 2018
3,2261000,Gdańsk,2018Q2,2018,2,20182,secondary,offer,8567.185004539617,False,,Gdańsk,II 2018
3,2261000,Gdańsk,2018Q3,2018,3,20183,secondary,offer,8739.879347155756,False,,Gdańsk,III 2018
3,2261000,Gdańsk,2018Q4,2018,4,20184,secondary,offer,8856.314989428449,False,,Gdańsk,IV 2018
3,2261000,Gdańsk,2019Q1,2019,1,20191,secondary,offer,9415.155563870001,False,,Gdańsk,I 2019
3,2261000,Gdańsk,2019Q2,2019,2,20192,secondary,offer,9344.851362168894,False,,Gdańsk,II 2019
3,2261000,Gdańsk,2019Q3,2019,3,20193,secondary,offer,9955.896709444383,False,,Gdańsk,III 2019
3,2261000,Gdańsk,2019Q4,2019,4,20194,secondary,offer,9893.168178300006,False,,Gdańsk,IV 2019
3,2261000,Gdańsk,2020Q1,2020,1,20201,secondary,offer,10572.741171239848,False,,Gdańsk,I 2020
3,2261000,Gdańsk,2020Q2,2020,2,20202,secondary,offer,10332.009668727113,False,,Gdańsk,II 2020
3,2261000,Gdańsk,2020Q3,2020,3,20203,secondary,offer,10264.112667080028,False,,Gdańsk,III 2020
3,2261000,Gdańsk,2020Q4,2020,4,20204,secondary,offer,10522.690756900143,False,,Gdańsk,IV 2020
3,2261000,Gdańsk,2021Q1,2021,1,20211,secondary,offer,10528.832056616895,False,,Gdańsk,I 2021
3,2261000,Gdańsk,2021Q2,2021,2,20212,secondary,offer,10818.801691454984,False,,Gdańsk,II 2021
3,2261000,Gdańsk,2021Q3,2021,3,20213,secondary,offer,11156.132568241332,False,,Gdańsk,III 2021
3,2261000,Gdańsk,2021Q4,2021,4,20214,secondary,offer,11443.898092692705,False,,Gdańsk,IV 2021
3,2261000,Gdańsk,2022Q1,2022,1,20221,secondary,offer,12012.276112969743,False,,Gdańsk,I 2022
3,2261000,Gdańsk,2022Q2,2022,2,20222,secondary,offer,12097.04099364624,False,,Gdańsk,II 2022
3,2261000,Gdańsk,2022Q3,2022,3,20223,secondary,offer,11930.658062203136,False,,Gdańsk,III 2022
3,2261000,Gdańsk,2022Q4,2022,4,20224,secondary,offer,12218.586676498462,False,,Gdańsk,IV 2022
3,2261000,Gdańsk,2023Q1,2023,1,20231,secondary,offer,12223.087741634536,False,,Gdańsk,I 2023
3,2261000,Gdańsk,2023Q2,2023,2,20232,secondary,offer,12568.146643573053,False,,Gdańsk,II 2023
3,2261000,Gdańsk,2023Q3,2023,3,20233,secondary,offer,12994.739726719492,False,,Gdańsk,III 2023
3,2261000,Gdańsk,2023Q4,2023,4,20234,secondary,offer,13678.045235842877,False,,Gdańsk,IV 2023
3,2261000,Gdańsk,2024Q1,2024,1,20241,secondary,offer,14253.767250405192,False,,Gdańsk,I 2024
3,2261000,Gdańsk,2024Q2,2024,2,20242,secondary,offer,14775.944451497733,False,,Gdańsk,II 2024
3,2261000,Gdańsk,2024Q3,2024,3,20243,secondary,offer,15006.355649721068,False,,Gdańsk,III 2024
3,2261000,Gdańsk,2024Q4,2024,4,20244,secondary,offer,15053.074369141817,False,,Gdańsk,IV 2024
3,2261000,Gdańsk,2025Q1,2025,1,20251,secondary,offer,15517.110073367741,False,,Gdańsk,I 2025
3,2261000,Gdańsk,2025Q2,2025,2,20252,secondary,offer,15622.0010523121,False,,Gdańsk,II 2025
3,2261000,Gdańsk,2025Q3,2025,3,20253,secondary,offer,15957.529073509433,False,,Gdańsk,III 2025
3,2261000,Gdańsk,2025Q4,2025,4,20254,secondary,offer,15867.532868719461,False,,Gdańsk,IV 2025
3,2261000,Gdańsk,2026Q1,2026,1,20261,secondary,offer,16260.545220420681,False,,Gdańsk,I 2026
3,2261000,Gdańsk,2026Q2,2026,2,20262,secondary,offer,16384.283174714434,False,,Gdańsk,II 2026
4,2262000,Gdynia,2006Q3,2006,3,20063,secondary,offer,5756.0,False,,Gdynia,III 2006
4,2262000,Gdynia,2006Q4,2006,4,20064,secondary,offer,6496.0,False,,Gdynia,IV 2006
4,2262000,Gdynia,2007Q1,2007,1,20071,secondary,offer,7211.0,False,,Gdynia,I 2007
4,2262000,Gdynia,2007Q2,2007,2,20072,secondary,offer,6747.0,False,,Gdynia,II 2007
4,2262000,Gdynia,2007Q3,2007,3,20073,secondary,offer,7188.0,False,,Gdynia,III 2007
4,2262000,Gdynia,2007Q4,2007,4,20074,secondary,offer,6917.0,False,,Gdynia,IV 2007
4,2262000,Gdynia,2008Q1,2008,1,20081,secondary,offer,6984.0,False,,Gdynia,I 2008
4,2262000,Gdynia,2008Q2,2008,2,20082,secondary,offer,6854.0,False,,Gdynia,II 2008
4,2262000,Gdynia,2008Q3,2008,3,20083,secondary,offer,6960.0,False,,Gdynia,III 2008
4,2262000,Gdynia,2008Q4,2008,4,20084,secondary,offer,7059.0,False,,Gdynia,IV 2008
4,2262000,Gdynia,2009Q1,2009,1,20091,secondary,offer,7104.0,False,,Gdynia,I 2009
4,2262000,Gdynia,2009Q2,2009,2,20092,secondary,offer,6949.0,False,,Gdynia,II 2009
4,2262000,Gdynia,2009Q3,2009,3,20093,secondary,offer,6901.0,False,,Gdynia,III 2009
4,2262000,Gdynia,2009Q4,2009,4,20094,secondary,offer,6991.0,False,,Gdynia,IV 2009
4,2262000,Gdynia,2010Q1,2010,1,20101,secondary,offer,7032.0,False,,Gdynia,I 2010
4,2262000,Gdynia,2010Q2,2010,2,20102,secondary,offer,6901.0,False,,Gdynia,II 2010
4,2262000,Gdynia,2010Q3,2010,3,20103,secondary,offer,6700.0,False,,Gdynia,III 2010
4,2262000,Gdynia,2010Q4,2010,4,20104,secondary,offer,6510.0,False,,Gdynia,IV 2010
4,2262000,Gdynia,2011Q1,2011,1,20111,secondary,offer,6522.0,False,,Gdynia,I 2011
4,2262000,Gdynia,2011Q2,2011,2,20112,secondary,offer,6493.0,False,,Gdynia,II 2011
4,2262000,Gdynia,2011Q3,2011,3,20113,secondary,offer,6430.0,False,,Gdynia,III 2011
4,2262000,Gdynia,2011Q4,2011,4,20114,secondary,offer,6462.596349538915,False,,Gdynia,IV 2011
4,2262000,Gdynia,2012Q1,2012,1,20121,secondary,offer,6370.0,False,,Gdynia,I 2012
4,2262000,Gdynia,2012Q2,2012,2,20122,secondary,offer,6475.044340637051,False,,Gdynia,II 2012
4,2262000,Gdynia,2012Q3,2012,3,20123,secondary,offer,6451.44600366689,False,,Gdynia,III 2012
4,2262000,Gdynia,2012Q4,2012,4,20124,secondary,offer,6474.532208105999,False,,Gdynia,IV 2012
4,2262000,Gdynia,2013Q1,2013,1,20131,secondary,offer,6608.042592144174,False,,Gdynia,I 2013
4,2262000,Gdynia,2013Q2,2013,2,20132,secondary,offer,6337.038981433996,False,,Gdynia,II 2013
4,2262000,Gdynia,2013Q3,2013,3,20133,secondary,offer,6618.061929821725,False,,Gdynia,III 2013
4,2262000,Gdynia,2013Q4,2013,4,20134,secondary,offer,6629.0,False,,Gdynia,IV 2013
4,2262000,Gdynia,2014Q1,2014,1,20141,secondary,offer,6410.0,False,,Gdynia,I 2014
4,2262000,Gdynia,2014Q2,2014,2,20142,secondary,offer,6492.0,False,,Gdynia,II 2014
4,2262000,Gdynia,2014Q3,2014,3,20143,secondary,offer,6657.0,False,,Gdynia,III 2014
4,2262000,Gdynia,2014Q4,2014,4,20144,secondary,offer,6466.0,False,,Gdynia,IV 2014
4,2262000,Gdynia,2015Q1,2015,1,20151,secondary,offer,6324.042401617125,False,,Gdynia,I 2015
4,2262000,Gdynia,2015Q2,2015,2,20152,secondary,offer,6187.428411662562,False,,Gdynia,II 2015
4,2262000,Gdynia,2015Q3,2015,3,20153,secondary,offer,6312.031401639072,False,,Gdynia,III 2015
4,2262000,Gdynia,2015Q4,2015,4,20154,secondary,offer,6402.07,False,,Gdynia,IV 2015
4,2262000,Gdynia,2016Q1,2016,1,20161,secondary,offer,6406.7,False,,Gdynia,I 2016
4,2262000,Gdynia,2016Q2,2016,2,20162,secondary,offer,6795.02,False,,Gdynia,II 2016
4,2262000,Gdynia,2016Q3,2016,3,20163,secondary,offer,6729.56,False,,Gdynia,III 2016
4,2262000,Gdynia,2016Q4,2016,4,20164,secondary,offer,6653.74,False,,Gdynia,IV 2016
4,2262000,Gdynia,2017Q1,2017,1,20171,secondary,offer,6822.449706195637,False,,Gdynia,I 2017
4,2262000,Gdynia,2017Q2,2017,2,20172,secondary,offer,7186.2661474827455,False,,Gdynia,II 2017
4,2262000,Gdynia,2017Q3,2017,3,20173,secondary,offer,7204.31,False,,Gdynia,III 2017
4,2262000,Gdynia,2017Q4,2017,4,20174,secondary,offer,7383.299914512417,False,,Gdynia,IV 2017
4,2262000,Gdynia,2018Q1,2018,1,20181,secondary,offer,7301.353050774936,False,,Gdynia,I 2018
4,2262000,Gdynia,2018Q2,2018,2,20182,secondary,offer,8005.522036817136,False,,Gdynia,II 2018
4,2262000,Gdynia,2018Q3,2018,3,20183,secondary,offer,8559.816027849023,False,,Gdynia,III 2018
4,2262000,Gdynia,2018Q4,2018,4,20184,secondary,offer,8490.24402270935,False,,Gdynia,IV 2018
4,2262000,Gdynia,2019Q1,2019,1,20191,secondary,offer,8668.08619206951,False,,Gdynia,I 2019
4,2262000,Gdynia,2019Q2,2019,2,20192,secondary,offer,9440.13914032606,False,,Gdynia,II 2019
4,2262000,Gdynia,2019Q3,2019,3,20193,secondary,offer,9138.80256581962,False,,Gdynia,III 2019
4,2262000,Gdynia,2019Q4,2019,4,20194,secondary,offer,9078.404910532636,False,,Gdynia,IV 2019
4,2262000,Gdynia,2020Q1,2020,1,20201,secondary,offer,8582.530143301754,False,,Gdynia,I 2020
4,2262000,Gdynia,2020Q2,2020,2,20202,secondary,offer,8562.56334969027,False,,Gdynia,II 2020
4,2262000,Gdynia,2020Q3,2020,3,20203,secondary,offer,8684.650302536027,False,,Gdynia,III 2020
4,2262000,Gdynia,2020Q4,2020,4,20204,secondary,offer,9562.857281381986,False,,Gdynia,IV 2020
4,2262000,Gdynia,2021Q1,2021,1,20211,secondary,offer,9029.1038493446,False,,Gdynia,I 2021
4,2262000,Gdynia,2021Q2,2021,2,20212,secondary,offer,9413.65180211676,False,,Gdynia,II 2021
4,2262000,Gdynia,2021Q3,2021,3,20213,secondary,offer,9919.146957643676,False,,Gdynia,III 2021
4,2262000,Gdynia,2021Q4,2021,4,20214,secondary,offer,10156.471048687654,False,,Gdynia,IV 2021
4,2262000,Gdynia,2022Q1,2022,1,20221,secondary,offer,10834.1758,False,,Gdynia,I 2022
4,2262000,Gdynia,2022Q2,2022,2,20222,secondary,offer,10884.30372,False,,Gdynia,II 2022
4,2262000,Gdynia,2022Q3,2022,3,20223,secondary,offer,10749.195727216471,False,,Gdynia,III 2022
4,2262000,Gdynia,2022Q4,2022,4,20224,secondary,offer,11069.43703582904,False,,Gdynia,IV 2022
4,2262000,Gdynia,2023Q1,2023,1,20231,secondary,offer,10931.404120737683,False,,Gdynia,I 2023
4,2262000,Gdynia,2023Q2,2023,2,20232,secondary,offer,11090.724512207373,False,,Gdynia,II 2023
4,2262000,Gdynia,2023Q3,2023,3,20233,secondary,offer,11360.54008998639,False,,Gdynia,III 2023
4,2262000,Gdynia,2023Q4,2023,4,20234,secondary,offer,11842.12550031999,False,,Gdynia,IV 2023
4,2262000,Gdynia,2024Q1,2024,1,20241,secondary,offer,12439.728088004826,False,,Gdynia,I 2024
4,2262000,Gdynia,2024Q2,2024,2,20242,secondary,offer,12998.472061603534,False,,Gdynia,II 2024
4,2262000,Gdynia,2024Q3,2024,3,20243,secondary,offer,13175.647750998385,False,,Gdynia,III 2024
4,2262000,Gdynia,2024Q4,2024,4,20244,secondary,offer,13513.164173179437,False,,Gdynia,IV 2024
4,2262000,Gdynia,2025Q1,2025,1,20251,secondary,offer,13523.17311436442,False,,Gdynia,I 2025
4,2262000,Gdynia,2025Q2,2025,2,20252,secondary,offer,13916.880428554834,False,,Gdynia,II 2025
4,2262000,Gdynia,2025Q3,2025,3,20253,secondary,offer,14182.981797220276,False,,Gdynia,III 2025
4,2262000,Gdynia,2025Q4,2025,4,20254,secondary,offer,14046.418997089531,False,,Gdynia,IV 2025
4,2262000,Gdynia,2026Q1,2026,1,20261,secondary,offer,14338.498390530382,False,,Gdynia,I 2026
4,2262000,Gdynia,2026Q2,2026,2,20262,secondary,offer,14583.204807275995,False,,Gdynia,II 2026
5,2469000,Katowice,2006Q3,2006,3,20063,secondary,offer,2507.52,False,,Katowice,III 2006
5,2469000,Katowice,2006Q4,2006,4,20064,secondary,offer,2649.12,False,,Katowice,IV 2006
5,2469000,Katowice,2007Q1,2007,1,20071,secondary,offer,3703.64,False,,Katowice,I 2007
5,2469000,Katowice,2007Q2,2007,2,20072,secondary,offer,4152.12,False,,Katowice,II 2007
5,2469000,Katowice,2007Q3,2007,3,20073,secondary,offer,4150.53,False,,Katowice,III 2007
5,2469000,Katowice,2007Q4,2007,4,20074,secondary,offer,4473.12,False,,Katowice,IV 2007
5,2469000,Katowice,2008Q1,2008,1,20081,secondary,offer,4739.42,False,,Katowice,I 2008
5,2469000,Katowice,2008Q2,2008,2,20082,secondary,offer,4638.18,False,,Katowice,II 2008
5,2469000,Katowice,2008Q3,2008,3,20083,secondary,offer,4554.93,False,,Katowice,III 2008
5,2469000,Katowice,2008Q4,2008,4,20084,secondary,offer,4360.31,False,,Katowice,IV 2008
5,2469000,Katowice,2009Q1,2009,1,20091,secondary,offer,4340.42,False,,Katowice,I 2009
5,2469000,Katowice,2009Q2,2009,2,20092,secondary,offer,4288.48,False,,Katowice,II 2009
5,2469000,Katowice,2009Q3,2009,3,20093,secondary,offer,4370.0,False,,Katowice,III 2009
5,2469000,Katowice,2009Q4,2009,4,20094,secondary,offer,4181.0,False,,Katowice,IV 2009
5,2469000,Katowice,2010Q1,2010,1,20101,secondary,offer,4136.0,False,,Katowice,I 2010
5,2469000,Katowice,2010Q2,2010,2,20102,secondary,offer,4256.0,False,,Katowice,II 2010
5,2469000,Katowice,2010Q3,2010,3,20103,secondary,offer,4323.0,False,,Katowice,III 2010
5,2469000,Katowice,2010Q4,2010,4,20104,secondary,offer,4108.0,False,,Katowice,IV 2010
5,2469000,Katowice,2011Q1,2011,1,20111,secondary,offer,4233.84,False,,Katowice,I 2011
5,2469000,Katowice,2011Q2,2011,2,20112,secondary,offer,3974.14,False,,Katowice,II 2011
5,2469000,Katowice,2011Q3,2011,3,20113,secondary,offer,3964.85,False,,Katowice,III 2011
5,2469000,Katowice,2011Q4,2011,4,20114,secondary,offer,4152.491379310345,False,,Katowice,IV 2011
5,2469000,Katowice,2012Q1,2012,1,20121,secondary,offer,4052.694805194805,False,,Katowice,I 2012
5,2469000,Katowice,2012Q2,2012,2,20122,secondary,offer,4121.547177349283,False,,Katowice,II 2012
5,2469000,Katowice,2012Q3,2012,3,20123,secondary,offer,4057.384105960265,False,,Katowice,III 2012
5,2469000,Katowice,2012Q4,2012,4,20124,secondary,offer,4137.881355932203,False,,Katowice,IV 2012
5,2469000,Katowice,2013Q1,2013,1,20131,secondary,offer,3955.3491124260354,False,,Katowice,I 2013
5,2469000,Katowice,2013Q2,2013,2,20132,secondary,offer,4000.757731958763,False,,Katowice,II 2013
5,2469000,Katowice,2013Q3,2013,3,20133,secondary,offer,3973.015080639812,False,,Katowice,III 2013
5,2469000,Katowice,2013Q4,2013,4,20134,secondary,offer,3927.873015873016,False,,Katowice,IV 2013
5,2469000,Katowice,2014Q1,2014,1,20141,secondary,offer,3915.265,False,,Katowice,I 2014
5,2469000,Katowice,2014Q2,2014,2,20142,secondary,offer,4045.5716945996273,False,,Katowice,II 2014
5,2469000,Katowice,2014Q3,2014,3,20143,secondary,offer,4026.949494949495,False,,Katowice,III 2014
5,2469000,Katowice,2014Q4,2014,4,20144,secondary,offer,3917.6117021276596,False,,Katowice,IV 2014
5,2469000,Katowice,2015Q1,2015,1,20151,secondary,offer,3928.2504570383912,False,,Katowice,I 2015
5,2469000,Katowice,2015Q2,2015,2,20152,secondary,offer,3978.2147563842636,False,,Katowice,II 2015
5,2469000,Katowice,2015Q3,2015,3,20153,secondary,offer,3936.1510204081633,False,,Katowice,III 2015
5,2469000,Katowice,2015Q4,2015,4,20154,secondary,offer,3909.226234981812,False,,Katowice,IV 2015
5,2469000,Katowice,2016Q1,2016,1,20161,secondary,offer,3920.091690544413,False,,Katowice,I 2016
5,2469000,Katowice,2016Q2,2016,2,20162,secondary,offer,3970.725374802369,False,,Katowice,II 2016
5,2469000,Katowice,2016Q3,2016,3,20163,secondary,offer,3988.0511531410284,False,,Katowice,III 2016
5,2469000,Katowice,2016Q4,2016,4,20164,secondary,offer,3957.2041425549287,False,,Katowice,IV 2016
5,2469000,Katowice,2017Q1,2017,1,20171,secondary,offer,3929.432481751825,False,,Katowice,I 2017
5,2469000,Katowice,2017Q2,2017,2,20172,secondary,offer,3944.791958041958,False,,Katowice,II 2017
5,2469000,Katowice,2017Q3,2017,3,20173,secondary,offer,3899.1949458483755,False,,Katowice,III 2017
5,2469000,Katowice,2017Q4,2017,4,20174,secondary,offer,4012.8543165467627,False,,Katowice,IV 2017
5,2469000,Katowice,2018Q1,2018,1,20181,secondary,offer,4314.632850241546,False,,Katowice,I 2018
5,2469000,Katowice,2018Q2,2018,2,20182,secondary,offer,4146.174496644296,False,,Katowice,II 2018
5,2469000,Katowice,2018Q3,2018,3,20183,secondary,offer,4173.058350841738,False,,Katowice,III 2018
5,2469000,Katowice,2018Q4,2018,4,20184,secondary,offer,4734.207383552305,False,,Katowice,IV 2018
5,2469000,Katowice,2019Q1,2019,1,20191,secondary,offer,4953.182376212959,False,,Katowice,I 2019
5,2469000,Katowice,2019Q2,2019,2,20192,secondary,offer,4913.975127552424,False,,Katowice,II 2019
5,2469000,Katowice,2019Q3,2019,3,20193,secondary,offer,5617.625,False,,Katowice,III 2019
5,2469000,Katowice,2019Q4,2019,4,20194,secondary,offer,5431.369923293157,False,,Katowice,IV 2019
5,2469000,Katowice,2020Q1,2020,1,20201,secondary,offer,5780.84204908436,False,,Katowice,I 2020
5,2469000,Katowice,2020Q2,2020,2,20202,secondary,offer,5820.856909356207,False,,Katowice,II 2020
5,2469000,Katowice,2020Q3,2020,3,20203,secondary,offer,6084.4507905877945,False,,Katowice,III 2020
5,2469000,Katowice,2020Q4,2020,4,20204,secondary,offer,5949.1559877285135,False,,Katowice,IV 2020
5,2469000,Katowice,2021Q1,2021,1,20211,secondary,offer,6486.9341070116325,False,,Katowice,I 2021
5,2469000,Katowice,2021Q2,2021,2,20212,secondary,offer,6527.294902232567,False,,Katowice,II 2021
5,2469000,Katowice,2021Q3,2021,3,20213,secondary,offer,6608.5765775322525,False,,Katowice,III 2021
5,2469000,Katowice,2021Q4,2021,4,20214,secondary,offer,6962.457952842808,False,,Katowice,IV 2021
5,2469000,Katowice,2022Q1,2022,1,20221,secondary,offer,7250.546369671619,False,,Katowice,I 2022
5,2469000,Katowice,2022Q2,2022,2,20222,secondary,offer,7212.217507233984,False,,Katowice,II 2022
5,2469000,Katowice,2022Q3,2022,3,20223,secondary,offer,7304.751085248575,False,,Katowice,III 2022
5,2469000,Katowice,2022Q4,2022,4,20224,secondary,offer,7400.2557159081625,False,,Katowice,IV 2022
5,2469000,Katowice,2023Q1,2023,1,20231,secondary,offer,7266.908166756173,False,,Katowice,I 2023
5,2469000,Katowice,2023Q2,2023,2,20232,secondary,offer,7353.359515489481,False,,Katowice,II 2023
5,2469000,Katowice,2023Q3,2023,3,20233,secondary,offer,7699.4055995461995,False,,Katowice,III 2023
5,2469000,Katowice,2023Q4,2023,4,20234,secondary,offer,7835.1414038031735,False,,Katowice,IV 2023
5,2469000,Katowice,2024Q1,2024,1,20241,secondary,offer,8036.874063421425,False,,Katowice,I 2024
5,2469000,Katowice,2024Q2,2024,2,20242,secondary,offer,8547.129252950092,False,,Katowice,II 2024
5,2469000,Katowice,2024Q3,2024,3,20243,secondary,offer,8911.86019205638,False,,Katowice,III 2024
5,2469000,Katowice,2024Q4,2024,4,20244,secondary,offer,8857.681954451768,False,,Katowice,IV 2024
5,2469000,Katowice,2025Q1,2025,1,20251,secondary,offer,8901.273993869885,False,,Katowice,I 2025
5,2469000,Katowice,2025Q2,2025,2,20252,secondary,offer,9066.898422324137,False,,Katowice,II 2025
5,2469000,Katowice,2025Q3,2025,3,20253,secondary,offer,8856.463121967841,False,,Katowice,III 2025
5,2469000,Katowice,2025Q4,2025,4,20254,secondary,offer,8844.498770007642,False,,Katowice,IV 2025
5,2469000,Katowice,2026Q1,2026,1,20261,secondary,offer,8753.753097302855,False,,Katowice,I 2026
5,2469000,Katowice,2026Q2,2026,2,20262,secondary,offer,8996.572682027934,False,,Katowice,II 2026
6,2661000,Kielce,2006Q3,2006,3,20063,secondary,offer,2424.920723597782,False,,Kielce,III 2006
6,2661000,Kielce,2006Q4,2006,4,20064,secondary,offer,3127.4201703892104,False,,Kielce,IV 2006
6,2661000,Kielce,2007Q1,2007,1,20071,secondary,offer,3903.904871662387,False,,Kielce,I 2007
6,2661000,Kielce,2007Q2,2007,2,20072,secondary,offer,4120.776601412019,False,,Kielce,II 2007
6,2661000,Kielce,2007Q3,2007,3,20073,secondary,offer,4230.502000419252,False,,Kielce,III 2007
6,2661000,Kielce,2007Q4,2007,4,20074,secondary,offer,4299.542176507878,False,,Kielce,IV 2007
6,2661000,Kielce,2008Q1,2008,1,20081,secondary,offer,4528.463878669679,False,,Kielce,I 2008
6,2661000,Kielce,2008Q2,2008,2,20082,secondary,offer,4478.014038371585,False,,Kielce,II 2008
6,2661000,Kielce,2008Q3,2008,3,20083,secondary,offer,4573.5467844687655,False,,Kielce,III 2008
6,2661000,Kielce,2008Q4,2008,4,20084,secondary,offer,4356.192923351727,False,,Kielce,IV 2008
6,2661000,Kielce,2009Q1,2009,1,20091,secondary,offer,4467.064674453997,False,,Kielce,I 2009
6,2661000,Kielce,2009Q2,2009,2,20092,secondary,offer,4286.908885159439,False,,Kielce,II 2009
6,2661000,Kielce,2009Q3,2009,3,20093,secondary,offer,4498.766301326558,False,,Kielce,III 2009
6,2661000,Kielce,2009Q4,2009,4,20094,secondary,offer,4433.9130078691105,False,,Kielce,IV 2009
6,2661000,Kielce,2010Q1,2010,1,20101,secondary,offer,4604.925384289709,False,,Kielce,I 2010
6,2661000,Kielce,2010Q2,2010,2,20102,secondary,offer,4505.51491262042,False,,Kielce,II 2010
6,2661000,Kielce,2010Q3,2010,3,20103,secondary,offer,4626.168161785239,False,,Kielce,III 2010
6,2661000,Kielce,2010Q4,2010,4,20104,secondary,offer,4706.912779007323,False,,Kielce,IV 2010
6,2661000,Kielce,2011Q1,2011,1,20111,secondary,offer,4678.3345209886265,False,,Kielce,I 2011
6,2661000,Kielce,2011Q2,2011,2,20112,secondary,offer,4622.269870574997,False,,Kielce,II 2011
6,2661000,Kielce,2011Q3,2011,3,20113,secondary,offer,4436.106664255493,False,,Kielce,III 2011
6,2661000,Kielce,2011Q4,2011,4,20114,secondary,offer,4535.635855244432,False,,Kielce,IV 2011
6,2661000,Kielce,2012Q1,2012,1,20121,secondary,offer,4510.469225636916,False,,Kielce,I 2012
6,2661000,Kielce,2012Q2,2012,2,20122,secondary,offer,4545.122522501167,False,,Kielce,II 2012
6,2661000,Kielce,2012Q3,2012,3,20123,secondary,offer,4464.390750681873,False,,Kielce,III 2012
6,2661000,Kielce,2012Q4,2012,4,20124,secondary,offer,4469.150602901483,False,,Kielce,IV 2012
6,2661000,Kielce,2013Q1,2013,1,20131,secondary,offer,4366.7496592745,False,,Kielce,I 2013
6,2661000,Kielce,2013Q2,2013,2,20132,secondary,offer,4338.056975151451,False,,Kielce,II 2013
6,2661000,Kielce,2013Q3,2013,3,20133,secondary,offer,4330.15270892226,False,,Kielce,III 2013
6,2661000,Kielce,2013Q4,2013,4,20134,secondary,offer,4215.414086442959,False,,Kielce,IV 2013
6,2661000,Kielce,2014Q1,2014,1,20141,secondary,offer,4215.323184016787,False,,Kielce,I 2014
6,2661000,Kielce,2014Q2,2014,2,20142,secondary,offer,4186.474626758395,False,,Kielce,II 2014
6,2661000,Kielce,2014Q3,2014,3,20143,secondary,offer,4174.1618259005245,False,,Kielce,III 2014
6,2661000,Kielce,2014Q4,2014,4,20144,secondary,offer,4147.647636508507,False,,Kielce,IV 2014
6,2661000,Kielce,2015Q1,2015,1,20151,secondary,offer,4053.29042760394,False,,Kielce,I 2015
6,2661000,Kielce,2015Q2,2015,2,20152,secondary,offer,4028.7894040851606,False,,Kielce,II 2015
6,2661000,Kielce,2015Q3,2015,3,20153,secondary,offer,4066.8583524270884,False,,Kielce,III 2015
6,2661000,Kielce,2015Q4,2015,4,20154,secondary,offer,4034.5144368134283,False,,Kielce,IV 2015
6,2661000,Kielce,2016Q1,2016,1,20161,secondary,offer,4026.0666096572645,False,,Kielce,I 2016
6,2661000,Kielce,2016Q2,2016,2,20162,secondary,offer,4004.124425728224,False,,Kielce,II 2016
6,2661000,Kielce,2016Q3,2016,3,20163,secondary,offer,4058.493528371565,False,,Kielce,III 2016
6,2661000,Kielce,2016Q4,2016,4,20164,secondary,offer,4008.0092044584126,False,,Kielce,IV 2016
6,2661000,Kielce,2017Q1,2017,1,20171,secondary,offer,4091.044086494431,False,,Kielce,I 2017
6,2661000,Kielce,2017Q2,2017,2,20172,secondary,offer,4064.9234421644846,False,,Kielce,II 2017
6,2661000,Kielce,2017Q3,2017,3,20173,secondary,offer,4117.16616805603,False,,Kielce,III 2017
6,2661000,Kielce,2017Q4,2017,4,20174,secondary,offer,4189.234509513215,False,,Kielce,IV 2017
6,2661000,Kielce,2018Q1,2018,1,20181,secondary,offer,4308.875640433532,False,,Kielce,I 2018
6,2661000,Kielce,2018Q2,2018,2,20182,secondary,offer,4364.071911026607,False,,Kielce,II 2018
6,2661000,Kielce,2018Q3,2018,3,20183,secondary,offer,4364.873399217021,False,,Kielce,III 2018
6,2661000,Kielce,2018Q4,2018,4,20184,secondary,offer,4540.62958876812,False,,Kielce,IV 2018
6,2661000,Kielce,2019Q1,2019,1,20191,secondary,offer,4749.884907351865,False,,Kielce,I 2019
6,2661000,Kielce,2019Q2,2019,2,20192,secondary,offer,4759.315862501295,False,,Kielce,II 2019
6,2661000,Kielce,2019Q3,2019,3,20193,secondary,offer,4796.671957471327,False,,Kielce,III 2019
6,2661000,Kielce,2019Q4,2019,4,20194,secondary,offer,5078.873644964155,False,,Kielce,IV 2019
6,2661000,Kielce,2020Q1,2020,1,20201,secondary,offer,5446.537955353564,False,,Kielce,I 2020
6,2661000,Kielce,2020Q2,2020,2,20202,secondary,offer,5451.234413284609,False,,Kielce,II 2020
6,2661000,Kielce,2020Q3,2020,3,20203,secondary,offer,5438.850019569372,False,,Kielce,III 2020
6,2661000,Kielce,2020Q4,2020,4,20204,secondary,offer,5530.916183103257,False,,Kielce,IV 2020
6,2661000,Kielce,2021Q1,2021,1,20211,secondary,offer,5671.221017582466,False,,Kielce,I 2021
6,2661000,Kielce,2021Q2,2021,2,20212,secondary,offer,5738.524904950556,False,,Kielce,II 2021
6,2661000,Kielce,2021Q3,2021,3,20213,secondary,offer,6100.080012374781,False,,Kielce,III 2021
6,2661000,Kielce,2021Q4,2021,4,20214,secondary,offer,6262.587981668743,False,,Kielce,IV 2021
6,2661000,Kielce,2022Q1,2022,1,20221,secondary,offer,6650.974228967165,False,,Kielce,I 2022
6,2661000,Kielce,2022Q2,2022,2,20222,secondary,offer,6844.385329833249,False,,Kielce,II 2022
6,2661000,Kielce,2022Q3,2022,3,20223,secondary,offer,6921.792043521842,False,,Kielce,III 2022
6,2661000,Kielce,2022Q4,2022,4,20224,secondary,offer,6883.465395326273,False,,Kielce,IV 2022
6,2661000,Kielce,2023Q1,2023,1,20231,secondary,offer,6916.073525607586,False,,Kielce,I 2023
6,2661000,Kielce,2023Q2,2023,2,20232,secondary,offer,6990.487659676792,False,,Kielce,II 2023
6,2661000,Kielce,2023Q3,2023,3,20233,secondary,offer,7372.447085630282,False,,Kielce,III 2023
6,2661000,Kielce,2023Q4,2023,4,20234,secondary,offer,7566.374001181094,False,,Kielce,IV 2023
6,2661000,Kielce,2024Q1,2024,1,20241,secondary,offer,8212.750631480574,False,,Kielce,I 2024
6,2661000,Kielce,2024Q2,2024,2,20242,secondary,offer,8294.30211970462,False,,Kielce,II 2024
6,2661000,Kielce,2024Q3,2024,3,20243,secondary,offer,8484.947354494429,False,,Kielce,III 2024
6,2661000,Kielce,2024Q4,2024,4,20244,secondary,offer,8529.495692313107,False,,Kielce,IV 2024
6,2661000,Kielce,2025Q1,2025,1,20251,secondary,offer,8842.324146793037,False,,Kielce,I 2025
6,2661000,Kielce,2025Q2,2025,2,20252,secondary,offer,8746.16054859846,False,,Kielce,II 2025
6,2661000,Kielce,2025Q3,2025,3,20253,secondary,offer,8580.935528241938,False,,Kielce,III 2025
6,2661000,Kielce,2025Q4,2025,4,20254,secondary,offer,8562.044353203952,False,,Kielce,IV 2025
6,2661000,Kielce,2026Q1,2026,1,20261,secondary,offer,8642.344911959919,False,,Kielce,I 2026
6,2661000,Kielce,2026Q2,2026,2,20262,secondary,offer,8708.715518952404,False,,Kielce,II 2026
7,1261000,Kraków,2006Q3,2006,3,20063,secondary,offer,7114.0,False,,Kraków,III 2006
7,1261000,Kraków,2006Q4,2006,4,20064,secondary,offer,7383.0,False,,Kraków,IV 2006
7,1261000,Kraków,2007Q1,2007,1,20071,secondary,offer,8369.0,False,,Kraków,I 2007
7,1261000,Kraków,2007Q2,2007,2,20072,secondary,offer,8272.0,False,,Kraków,II 2007
7,1261000,Kraków,2007Q3,2007,3,20073,secondary,offer,8255.0,False,,Kraków,III 2007
7,1261000,Kraków,2007Q4,2007,4,20074,secondary,offer,8140.0,False,,Kraków,IV 2007
7,1261000,Kraków,2008Q1,2008,1,20081,secondary,offer,7979.0,False,,Kraków,I 2008
7,1261000,Kraków,2008Q2,2008,2,20082,secondary,offer,7934.0,False,,Kraków,II 2008
7,1261000,Kraków,2008Q3,2008,3,20083,secondary,offer,7180.0,False,,Kraków,III 2008
7,1261000,Kraków,2008Q4,2008,4,20084,secondary,offer,7251.0,False,,Kraków,IV 2008
7,1261000,Kraków,2009Q1,2009,1,20091,secondary,offer,6864.0,False,,Kraków,I 2009
7,1261000,Kraków,2009Q2,2009,2,20092,secondary,offer,6678.0,False,,Kraków,II 2009
7,1261000,Kraków,2009Q3,2009,3,20093,secondary,offer,6564.0,False,,Kraków,III 2009
7,1261000,Kraków,2009Q4,2009,4,20094,secondary,offer,6734.0,False,,Kraków,IV 2009
7,1261000,Kraków,2010Q1,2010,1,20101,secondary,offer,6916.0,False,,Kraków,I 2010
7,1261000,Kraków,2010Q2,2010,2,20102,secondary,offer,6937.0,False,,Kraków,II 2010
7,1261000,Kraków,2010Q3,2010,3,20103,secondary,offer,6909.0,False,,Kraków,III 2010
7,1261000,Kraków,2010Q4,2010,4,20104,secondary,offer,6964.0,False,,Kraków,IV 2010
7,1261000,Kraków,2011Q1,2011,1,20111,secondary,offer,7206.0,False,,Kraków,I 2011
7,1261000,Kraków,2011Q2,2011,2,20112,secondary,offer,7246.0,False,,Kraków,II 2011
7,1261000,Kraków,2011Q3,2011,3,20113,secondary,offer,6949.0,False,,Kraków,III 2011
7,1261000,Kraków,2011Q4,2011,4,20114,secondary,offer,6989.0,False,,Kraków,IV 2011
7,1261000,Kraków,2012Q1,2012,1,20121,secondary,offer,6775.557220708447,False,,Kraków,I 2012
7,1261000,Kraków,2012Q2,2012,2,20122,secondary,offer,6724.241038318913,False,,Kraków,II 2012
7,1261000,Kraków,2012Q3,2012,3,20123,secondary,offer,6617.04452170224,False,,Kraków,III 2012
7,1261000,Kraków,2012Q4,2012,4,20124,secondary,offer,6648.378212894334,False,,Kraków,IV 2012
7,1261000,Kraków,2013Q1,2013,1,20131,secondary,offer,6644.0,False,,Kraków,I 2013
7,1261000,Kraków,2013Q2,2013,2,20132,secondary,offer,6488.57606578717,False,,Kraków,II 2013
7,1261000,Kraków,2013Q3,2013,3,20133,secondary,offer,6585.0,False,,Kraków,III 2013
7,1261000,Kraków,2013Q4,2013,4,20134,secondary,offer,6537.0,False,,Kraków,IV 2013
7,1261000,Kraków,2014Q1,2014,1,20141,secondary,offer,6754.220113851992,False,,Kraków,I 2014
7,1261000,Kraków,2014Q2,2014,2,20142,secondary,offer,6682.360634081902,False,,Kraków,II 2014
7,1261000,Kraków,2014Q3,2014,3,20143,secondary,offer,6644.171698113208,False,,Kraków,III 2014
7,1261000,Kraków,2014Q4,2014,4,20144,secondary,offer,6860.480190522505,False,,Kraków,IV 2014
7,1261000,Kraków,2015Q1,2015,1,20151,secondary,offer,7030.0,False,,Kraków,I 2015
7,1261000,Kraków,2015Q2,2015,2,20152,secondary,offer,6977.530487804878,False,,Kraków,II 2015
7,1261000,Kraków,2015Q3,2015,3,20153,secondary,offer,6947.759904051013,False,,Kraków,III 2015
7,1261000,Kraków,2015Q4,2015,4,20154,secondary,offer,6794.804965464291,False,,Kraków,IV 2015
7,1261000,Kraków,2016Q1,2016,1,20161,secondary,offer,6827.493188852405,False,,Kraków,I 2016
7,1261000,Kraków,2016Q2,2016,2,20162,secondary,offer,6756.323281201766,False,,Kraków,II 2016
7,1261000,Kraków,2016Q3,2016,3,20163,secondary,offer,6837.0,False,,Kraków,III 2016
7,1261000,Kraków,2016Q4,2016,4,20164,secondary,offer,6910.0,False,,Kraków,IV 2016
7,1261000,Kraków,2017Q1,2017,1,20171,secondary,offer,6859.131861534201,False,,Kraków,I 2017
7,1261000,Kraków,2017Q2,2017,2,20172,secondary,offer,6992.494976220047,False,,Kraków,II 2017
7,1261000,Kraków,2017Q3,2017,3,20173,secondary,offer,7204.804694365085,False,,Kraków,III 2017
7,1261000,Kraków,2017Q4,2017,4,20174,secondary,offer,7593.25118731325,False,,Kraków,IV 2017
7,1261000,Kraków,2018Q1,2018,1,20181,secondary,offer,7767.100555740223,False,,Kraków,I 2018
7,1261000,Kraków,2018Q2,2018,2,20182,secondary,offer,8006.100736981678,False,,Kraków,II 2018
7,1261000,Kraków,2018Q3,2018,3,20183,secondary,offer,8059.374687628017,False,,Kraków,III 2018
7,1261000,Kraków,2018Q4,2018,4,20184,secondary,offer,8465.918824153547,False,,Kraków,IV 2018
7,1261000,Kraków,2019Q1,2019,1,20191,secondary,offer,8697.02812767623,False,,Kraków,I 2019
7,1261000,Kraków,2019Q2,2019,2,20192,secondary,offer,8898.785147253886,False,,Kraków,II 2019
7,1261000,Kraków,2019Q3,2019,3,20193,secondary,offer,8912.858161199376,False,,Kraków,III 2019
7,1261000,Kraków,2019Q4,2019,4,20194,secondary,offer,9109.015300383668,False,,Kraków,IV 2019
7,1261000,Kraków,2020Q1,2020,1,20201,secondary,offer,9517.66440245682,False,,Kraków,I 2020
7,1261000,Kraków,2020Q2,2020,2,20202,secondary,offer,9672.442550800797,False,,Kraków,II 2020
7,1261000,Kraków,2020Q3,2020,3,20203,secondary,offer,9542.329133230309,False,,Kraków,III 2020
7,1261000,Kraków,2020Q4,2020,4,20204,secondary,offer,9819.753443849826,False,,Kraków,IV 2020
7,1261000,Kraków,2021Q1,2021,1,20211,secondary,offer,9899.135219664853,False,,Kraków,I 2021
7,1261000,Kraków,2021Q2,2021,2,20212,secondary,offer,10231.268895541916,False,,Kraków,II 2021
7,1261000,Kraków,2021Q3,2021,3,20213,secondary,offer,10614.318885542063,False,,Kraków,III 2021
7,1261000,Kraków,2021Q4,2021,4,20214,secondary,offer,11415.541947567379,False,,Kraków,IV 2021
7,1261000,Kraków,2022Q1,2022,1,20221,secondary,offer,11845.283883714117,False,,Kraków,I 2022
7,1261000,Kraków,2022Q2,2022,2,20222,secondary,offer,12105.870684065327,False,,Kraków,II 2022
7,1261000,Kraków,2022Q3,2022,3,20223,secondary,offer,12247.090811378514,False,,Kraków,III 2022
7,1261000,Kraków,2022Q4,2022,4,20224,secondary,offer,12432.509381315696,False,,Kraków,IV 2022
7,1261000,Kraków,2023Q1,2023,1,20231,secondary,offer,12648.916064459032,False,,Kraków,I 2023
7,1261000,Kraków,2023Q2,2023,2,20232,secondary,offer,13026.173014711683,False,,Kraków,II 2023
7,1261000,Kraków,2023Q3,2023,3,20233,secondary,offer,14186.144405120693,False,,Kraków,III 2023
7,1261000,Kraków,2023Q4,2023,4,20234,secondary,offer,15146.74237049694,False,,Kraków,IV 2023
7,1261000,Kraków,2024Q1,2024,1,20241,secondary,offer,16416.58780394599,False,,Kraków,I 2024
7,1261000,Kraków,2024Q2,2024,2,20242,secondary,offer,16815.502547111697,False,,Kraków,II 2024
7,1261000,Kraków,2024Q3,2024,3,20243,secondary,offer,16630.030075249917,False,,Kraków,III 2024
7,1261000,Kraków,2024Q4,2024,4,20244,secondary,offer,16552.223600057372,False,,Kraków,IV 2024
7,1261000,Kraków,2025Q1,2025,1,20251,secondary,offer,16427.907231320558,False,,Kraków,I 2025
7,1261000,Kraków,2025Q2,2025,2,20252,secondary,offer,16567.209231892426,False,,Kraków,II 2025
7,1261000,Kraków,2025Q3,2025,3,20253,secondary,offer,16615.41416190881,False,,Kraków,III 2025
7,1261000,Kraków,2025Q4,2025,4,20254,secondary,offer,16445.77583563214,False,,Kraków,IV 2025
7,1261000,Kraków,2026Q1,2026,1,20261,secondary,offer,16566.47742117653,False,,Kraków,I 2026
7,1261000,Kraków,2026Q2,2026,2,20262,secondary,offer,16837.639161260853,False,,Kraków,II 2026
8,0663000,Lublin,2006Q3,2006,3,20063,secondary,offer,3160.0,False,,Lublin,III 2006
8,0663000,Lublin,2006Q4,2006,4,20064,secondary,offer,3562.0,False,,Lublin,IV 2006
8,0663000,Lublin,2007Q1,2007,1,20071,secondary,offer,3986.0,False,,Lublin,I 2007
8,0663000,Lublin,2007Q2,2007,2,20072,secondary,offer,4699.0,False,,Lublin,II 2007
8,0663000,Lublin,2007Q3,2007,3,20073,secondary,offer,4815.0,False,,Lublin,III 2007
8,0663000,Lublin,2007Q4,2007,4,20074,secondary,offer,4962.0,False,,Lublin,IV 2007
8,0663000,Lublin,2008Q1,2008,1,20081,secondary,offer,5141.0,False,,Lublin,I 2008
8,0663000,Lublin,2008Q2,2008,2,20082,secondary,offer,5071.0,False,,Lublin,II 2008
8,0663000,Lublin,2008Q3,2008,3,20083,secondary,offer,5111.0,False,,Lublin,III 2008
8,0663000,Lublin,2008Q4,2008,4,20084,secondary,offer,5091.0,False,,Lublin,IV 2008
8,0663000,Lublin,2009Q1,2009,1,20091,secondary,offer,5062.0,False,,Lublin,I 2009
8,0663000,Lublin,2009Q2,2009,2,20092,secondary,offer,5017.0,False,,Lublin,II 2009
8,0663000,Lublin,2009Q3,2009,3,20093,secondary,offer,5010.0,False,,Lublin,III 2009
8,0663000,Lublin,2009Q4,2009,4,20094,secondary,offer,4977.0,False,,Lublin,IV 2009
8,0663000,Lublin,2010Q1,2010,1,20101,secondary,offer,5028.0,False,,Lublin,I 2010
8,0663000,Lublin,2010Q2,2010,2,20102,secondary,offer,5037.0,False,,Lublin,II 2010
8,0663000,Lublin,2010Q3,2010,3,20103,secondary,offer,5063.0,False,,Lublin,III 2010
8,0663000,Lublin,2010Q4,2010,4,20104,secondary,offer,5139.0,False,,Lublin,IV 2010
8,0663000,Lublin,2011Q1,2011,1,20111,secondary,offer,5161.0,False,,Lublin,I 2011
8,0663000,Lublin,2011Q2,2011,2,20112,secondary,offer,5199.0,False,,Lublin,II 2011
8,0663000,Lublin,2011Q3,2011,3,20113,secondary,offer,5149.0,False,,Lublin,III 2011
8,0663000,Lublin,2011Q4,2011,4,20114,secondary,offer,5050.0,False,,Lublin,IV 2011
8,0663000,Lublin,2012Q1,2012,1,20121,secondary,offer,5057.0,False,,Lublin,I 2012
8,0663000,Lublin,2012Q2,2012,2,20122,secondary,offer,5076.0,False,,Lublin,II 2012
8,0663000,Lublin,2012Q3,2012,3,20123,secondary,offer,5065.0,False,,Lublin,III 2012
8,0663000,Lublin,2012Q4,2012,4,20124,secondary,offer,4995.0,False,,Lublin,IV 2012
8,0663000,Lublin,2013Q1,2013,1,20131,secondary,offer,4491.0,False,,Lublin,I 2013
8,0663000,Lublin,2013Q2,2013,2,20132,secondary,offer,4858.0,False,,Lublin,II 2013
8,0663000,Lublin,2013Q3,2013,3,20133,secondary,offer,4935.0,False,,Lublin,III 2013
8,0663000,Lublin,2013Q4,2013,4,20134,secondary,offer,4901.0,False,,Lublin,IV 2013
8,0663000,Lublin,2014Q1,2014,1,20141,secondary,offer,4886.0,False,,Lublin,I 2014
8,0663000,Lublin,2014Q2,2014,2,20142,secondary,offer,4884.0,False,,Lublin,II 2014
8,0663000,Lublin,2014Q3,2014,3,20143,secondary,offer,4831.0,False,,Lublin,III 2014
8,0663000,Lublin,2014Q4,2014,4,20144,secondary,offer,4854.0,False,,Lublin,IV 2014
8,0663000,Lublin,2015Q1,2015,1,20151,secondary,offer,4844.0,False,,Lublin,I 2015
8,0663000,Lublin,2015Q2,2015,2,20152,secondary,offer,4953.0,False,,Lublin,II 2015
8,0663000,Lublin,2015Q3,2015,3,20153,secondary,offer,4884.0,False,,Lublin,III 2015
8,0663000,Lublin,2015Q4,2015,4,20154,secondary,offer,4893.0,False,,Lublin,IV 2015
8,0663000,Lublin,2016Q1,2016,1,20161,secondary,offer,4947.0,False,,Lublin,I 2016
8,0663000,Lublin,2016Q2,2016,2,20162,secondary,offer,4990.0,False,,Lublin,II 2016
8,0663000,Lublin,2016Q3,2016,3,20163,secondary,offer,4992.0,False,,Lublin,III 2016
8,0663000,Lublin,2016Q4,2016,4,20164,secondary,offer,4980.0,False,,Lublin,IV 2016
8,0663000,Lublin,2017Q1,2017,1,20171,secondary,offer,5047.0,False,,Lublin,I 2017
8,0663000,Lublin,2017Q2,2017,2,20172,secondary,offer,5073.0,False,,Lublin,II 2017
8,0663000,Lublin,2017Q3,2017,3,20173,secondary,offer,5102.0,False,,Lublin,III 2017
8,0663000,Lublin,2017Q4,2017,4,20174,secondary,offer,5142.0,False,,Lublin,IV 2017
8,0663000,Lublin,2018Q1,2018,1,20181,secondary,offer,5139.0,False,,Lublin,I 2018
8,0663000,Lublin,2018Q2,2018,2,20182,secondary,offer,5339.0,False,,Lublin,II 2018
8,0663000,Lublin,2018Q3,2018,3,20183,secondary,offer,5295.0,False,,Lublin,III 2018
8,0663000,Lublin,2018Q4,2018,4,20184,secondary,offer,5507.0,False,,Lublin,IV 2018
8,0663000,Lublin,2019Q1,2019,1,20191,secondary,offer,5641.0,False,,Lublin,I 2019
8,0663000,Lublin,2019Q2,2019,2,20192,secondary,offer,5733.0,False,,Lublin,II 2019
8,0663000,Lublin,2019Q3,2019,3,20193,secondary,offer,5965.0,False,,Lublin,III 2019
8,0663000,Lublin,2019Q4,2019,4,20194,secondary,offer,6170.5949,False,,Lublin,IV 2019
8,0663000,Lublin,2020Q1,2020,1,20201,secondary,offer,6666.33,False,,Lublin,I 2020
8,0663000,Lublin,2020Q2,2020,2,20202,secondary,offer,6835.37,False,,Lublin,II 2020
8,0663000,Lublin,2020Q3,2020,3,20203,secondary,offer,6807.55,False,,Lublin,III 2020
8,0663000,Lublin,2020Q4,2020,4,20204,secondary,offer,6970.01,False,,Lublin,IV 2020
8,0663000,Lublin,2021Q1,2021,1,20211,secondary,offer,7285.15,False,,Lublin,I 2021
8,0663000,Lublin,2021Q2,2021,2,20212,secondary,offer,7409.75,False,,Lublin,II 2021
8,0663000,Lublin,2021Q3,2021,3,20213,secondary,offer,7693.72,False,,Lublin,III 2021
8,0663000,Lublin,2021Q4,2021,4,20214,secondary,offer,8283.98,False,,Lublin,IV 2021
8,0663000,Lublin,2022Q1,2022,1,20221,secondary,offer,8425.43,False,,Lublin,I 2022
8,0663000,Lublin,2022Q2,2022,2,20222,secondary,offer,8565.75,False,,Lublin,II 2022
8,0663000,Lublin,2022Q3,2022,3,20223,secondary,offer,8539.39,False,,Lublin,III 2022
8,0663000,Lublin,2022Q4,2022,4,20224,secondary,offer,8545.85,False,,Lublin,IV 2022
8,0663000,Lublin,2023Q1,2023,1,20231,secondary,offer,8618.09,False,,Lublin,I 2023
8,0663000,Lublin,2023Q2,2023,2,20232,secondary,offer,8694.03,False,,Lublin,II 2023
8,0663000,Lublin,2023Q3,2023,3,20233,secondary,offer,9017.64,False,,Lublin,III 2023
8,0663000,Lublin,2023Q4,2023,4,20234,secondary,offer,9433.35,False,,Lublin,IV 2023
8,0663000,Lublin,2024Q1,2024,1,20241,secondary,offer,9852.02,False,,Lublin,I 2024
8,0663000,Lublin,2024Q2,2024,2,20242,secondary,offer,10268.31,False,,Lublin,II 2024
8,0663000,Lublin,2024Q3,2024,3,20243,secondary,offer,10385.7,False,,Lublin,III 2024
8,0663000,Lublin,2024Q4,2024,4,20244,secondary,offer,10312.49,False,,Lublin,IV 2024
8,0663000,Lublin,2025Q1,2025,1,20251,secondary,offer,10532.39,False,,Lublin,I 2025
8,0663000,Lublin,2025Q2,2025,2,20252,secondary,offer,10722.75,False,,Lublin,II 2025
8,0663000,Lublin,2025Q3,2025,3,20253,secondary,offer,10443.79,False,,Lublin,III 2025
8,0663000,Lublin,2025Q4,2025,4,20254,secondary,offer,10620.96,False,,Lublin,IV 2025
8,0663000,Lublin,2026Q1,2026,1,20261,secondary,offer,10527.07,False,,Lublin,I 2026
8,0663000,Lublin,2026Q2,2026,2,20262,secondary,offer,10372.9,False,,Lublin,II 2026
17,1061000,Łódź,2006Q3,2006,3,20063,secondary,offer,2740.0,False,,Łódź,III 2006
17,1061000,Łódź,2006Q4,2006,4,20064,secondary,offer,3316.0,False,,Łódź,IV 2006
17,1061000,Łódź,2007Q1,2007,1,20071,secondary,offer,4130.0,False,,Łódź,I 2007
17,1061000,Łódź,2007Q2,2007,2,20072,secondary,offer,4609.0,False,,Łódź,II 2007
17,1061000,Łódź,2007Q3,2007,3,20073,secondary,offer,4721.0,False,,Łódź,III 2007
17,1061000,Łódź,2007Q4,2007,4,20074,secondary,offer,4686.0,False,,Łódź,IV 2007
17,1061000,Łódź,2008Q1,2008,1,20081,secondary,offer,4737.0,False,,Łódź,I 2008
17,1061000,Łódź,2008Q2,2008,2,20082,secondary,offer,4668.0,False,,Łódź,II 2008
17,1061000,Łódź,2008Q3,2008,3,20083,secondary,offer,4544.0,False,,Łódź,III 2008
17,1061000,Łódź,2008Q4,2008,4,20084,secondary,offer,4873.0,False,,Łódź,IV 2008
17,1061000,Łódź,2009Q1,2009,1,20091,secondary,offer,4730.0,False,,Łódź,I 2009
17,1061000,Łódź,2009Q2,2009,2,20092,secondary,offer,4431.0,False,,Łódź,II 2009
17,1061000,Łódź,2009Q3,2009,3,20093,secondary,offer,4643.0,False,,Łódź,III 2009
17,1061000,Łódź,2009Q4,2009,4,20094,secondary,offer,4400.0,False,,Łódź,IV 2009
17,1061000,Łódź,2010Q1,2010,1,20101,secondary,offer,4558.0,False,,Łódź,I 2010
17,1061000,Łódź,2010Q2,2010,2,20102,secondary,offer,4407.0,False,,Łódź,II 2010
17,1061000,Łódź,2010Q3,2010,3,20103,secondary,offer,4406.0,False,,Łódź,III 2010
17,1061000,Łódź,2010Q4,2010,4,20104,secondary,offer,4457.0,False,,Łódź,IV 2010
17,1061000,Łódź,2011Q1,2011,1,20111,secondary,offer,4469.0,False,,Łódź,I 2011
17,1061000,Łódź,2011Q2,2011,2,20112,secondary,offer,4363.0,False,,Łódź,II 2011
17,1061000,Łódź,2011Q3,2011,3,20113,secondary,offer,4238.0,False,,Łódź,III 2011
17,1061000,Łódź,2011Q4,2011,4,20114,secondary,offer,3990.0,False,,Łódź,IV 2011
17,1061000,Łódź,2012Q1,2012,1,20121,secondary,offer,4006.0,False,,Łódź,I 2012
17,1061000,Łódź,2012Q2,2012,2,20122,secondary,offer,4033.0,False,,Łódź,II 2012
17,1061000,Łódź,2012Q3,2012,3,20123,secondary,offer,3794.0,False,,Łódź,III 2012
17,1061000,Łódź,2012Q4,2012,4,20124,secondary,offer,3854.0,False,,Łódź,IV 2012
17,1061000,Łódź,2013Q1,2013,1,20131,secondary,offer,3975.0,False,,Łódź,I 2013
17,1061000,Łódź,2013Q2,2013,2,20132,secondary,offer,4058.0,False,,Łódź,II 2013
17,1061000,Łódź,2013Q3,2013,3,20133,secondary,offer,4018.0,False,,Łódź,III 2013
17,1061000,Łódź,2013Q4,2013,4,20134,secondary,offer,3978.0,False,,Łódź,IV 2013
17,1061000,Łódź,2014Q1,2014,1,20141,secondary,offer,3984.0,False,,Łódź,I 2014
17,1061000,Łódź,2014Q2,2014,2,20142,secondary,offer,3915.0,False,,Łódź,II 2014
17,1061000,Łódź,2014Q3,2014,3,20143,secondary,offer,3907.0,False,,Łódź,III 2014
17,1061000,Łódź,2014Q4,2014,4,20144,secondary,offer,3892.0,False,,Łódź,IV 2014
17,1061000,Łódź,2015Q1,2015,1,20151,secondary,offer,3923.0,False,,Łódź,I 2015
17,1061000,Łódź,2015Q2,2015,2,20152,secondary,offer,3865.0,False,,Łódź,II 2015
17,1061000,Łódź,2015Q3,2015,3,20153,secondary,offer,3872.0,False,,Łódź,III 2015
17,1061000,Łódź,2015Q4,2015,4,20154,secondary,offer,3850.0,False,,Łódź,IV 2015
17,1061000,Łódź,2016Q1,2016,1,20161,secondary,offer,3940.0,False,,Łódź,I 2016
17,1061000,Łódź,2016Q2,2016,2,20162,secondary,offer,4009.0,False,,Łódź,II 2016
17,1061000,Łódź,2016Q3,2016,3,20163,secondary,offer,4036.0,False,,Łódź,III 2016
17,1061000,Łódź,2016Q4,2016,4,20164,secondary,offer,4096.0,False,,Łódź,IV 2016
17,1061000,Łódź,2017Q1,2017,1,20171,secondary,offer,4149.0,False,,Łódź,I 2017
17,1061000,Łódź,2017Q2,2017,2,20172,secondary,offer,4203.0,False,,Łódź,II 2017
17,1061000,Łódź,2017Q3,2017,3,20173,secondary,offer,4241.0,False,,Łódź,III 2017
17,1061000,Łódź,2017Q4,2017,4,20174,secondary,offer,4314.0,False,,Łódź,IV 2017
17,1061000,Łódź,2018Q1,2018,1,20181,secondary,offer,4432.0,False,,Łódź,I 2018
17,1061000,Łódź,2018Q2,2018,2,20182,secondary,offer,4642.0,False,,Łódź,II 2018
17,1061000,Łódź,2018Q3,2018,3,20183,secondary,offer,4711.0,False,,Łódź,III 2018
17,1061000,Łódź,2018Q4,2018,4,20184,secondary,offer,4811.0,False,,Łódź,IV 2018
17,1061000,Łódź,2019Q1,2019,1,20191,secondary,offer,5053.0,False,,Łódź,I 2019
17,1061000,Łódź,2019Q2,2019,2,20192,secondary,offer,5116.0,False,,Łódź,II 2019
17,1061000,Łódź,2019Q3,2019,3,20193,secondary,offer,5203.0,False,,Łódź,III 2019
17,1061000,Łódź,2019Q4,2019,4,20194,secondary,offer,5392.0,False,,Łódź,IV 2019
17,1061000,Łódź,2020Q1,2020,1,20201,secondary,offer,5465.0,False,,Łódź,I 2020
17,1061000,Łódź,2020Q2,2020,2,20202,secondary,offer,5431.52333782928,False,,Łódź,II 2020
17,1061000,Łódź,2020Q3,2020,3,20203,secondary,offer,5463.52358546539,False,,Łódź,III 2020
17,1061000,Łódź,2020Q4,2020,4,20204,secondary,offer,5720.88587140503,False,,Łódź,IV 2020
17,1061000,Łódź,2021Q1,2021,1,20211,secondary,offer,5904.63378969002,False,,Łódź,I 2021
17,1061000,Łódź,2021Q2,2021,2,20212,secondary,offer,6012.00833502058,False,,Łódź,II 2021
17,1061000,Łódź,2021Q3,2021,3,20213,secondary,offer,6682.87821499979,False,,Łódź,III 2021
17,1061000,Łódź,2021Q4,2021,4,20214,secondary,offer,6666.60887920748,False,,Łódź,IV 2021
17,1061000,Łódź,2022Q1,2022,1,20221,secondary,offer,7018.01884728754,False,,Łódź,I 2022
17,1061000,Łódź,2022Q2,2022,2,20222,secondary,offer,6973.52809295099,False,,Łódź,II 2022
17,1061000,Łódź,2022Q3,2022,3,20223,secondary,offer,7164.05202873934,False,,Łódź,III 2022
17,1061000,Łódź,2022Q4,2022,4,20224,secondary,offer,7203.2339215659,False,,Łódź,IV 2022
17,1061000,Łódź,2023Q1,2023,1,20231,secondary,offer,7373.25263660187,False,,Łódź,I 2023
17,1061000,Łódź,2023Q2,2023,2,20232,secondary,offer,7526.182092053211,False,,Łódź,II 2023
17,1061000,Łódź,2023Q3,2023,3,20233,secondary,offer,7810.18,False,,Łódź,III 2023
17,1061000,Łódź,2023Q4,2023,4,20234,secondary,offer,8165.77025007682,False,,Łódź,IV 2023
17,1061000,Łódź,2024Q1,2024,1,20241,secondary,offer,8555.30278244248,False,,Łódź,I 2024
17,1061000,Łódź,2024Q2,2024,2,20242,secondary,offer,8988.852704874,False,,Łódź,II 2024
17,1061000,Łódź,2024Q3,2024,3,20243,secondary,offer,8789.83076923077,False,,Łódź,III 2024
17,1061000,Łódź,2024Q4,2024,4,20244,secondary,offer,8654.958729816899,False,,Łódź,IV 2024
17,1061000,Łódź,2025Q1,2025,1,20251,secondary,offer,8869.28,False,,Łódź,I 2025
17,1061000,Łódź,2025Q2,2025,2,20252,secondary,offer,8975.4,False,,Łódź,II 2025
17,1061000,Łódź,2025Q3,2025,3,20253,secondary,offer,8940.929854192838,False,,Łódź,III 2025
17,1061000,Łódź,2025Q4,2025,4,20254,secondary,offer,8677.263495532661,False,,Łódź,IV 2025
17,1061000,Łódź,2026Q1,2026,1,20261,secondary,offer,8983.767664769206,False,,Łódź,I 2026
17,1061000,Łódź,2026Q2,2026,2,20262,secondary,offer,8983.146437906906,False,,Łódź,II 2026
9,2862000,Olsztyn,2006Q3,2006,3,20063,secondary,offer,3414.43,False,,Olsztyn,III 2006
9,2862000,Olsztyn,2006Q4,2006,4,20064,secondary,offer,3925.0,False,,Olsztyn,IV 2006
9,2862000,Olsztyn,2007Q1,2007,1,20071,secondary,offer,5049.13,False,,Olsztyn,I 2007
9,2862000,Olsztyn,2007Q2,2007,2,20072,secondary,offer,5352.28,False,,Olsztyn,II 2007
9,2862000,Olsztyn,2007Q3,2007,3,20073,secondary,offer,5394.15,False,,Olsztyn,III 2007
9,2862000,Olsztyn,2007Q4,2007,4,20074,secondary,offer,5169.65,False,,Olsztyn,IV 2007
9,2862000,Olsztyn,2008Q1,2008,1,20081,secondary,offer,5199.61,False,,Olsztyn,I 2008
9,2862000,Olsztyn,2008Q2,2008,2,20082,secondary,offer,5014.25,False,,Olsztyn,II 2008
9,2862000,Olsztyn,2008Q3,2008,3,20083,secondary,offer,4964.12,False,,Olsztyn,III 2008
9,2862000,Olsztyn,2008Q4,2008,4,20084,secondary,offer,4946.72,False,,Olsztyn,IV 2008
9,2862000,Olsztyn,2009Q1,2009,1,20091,secondary,offer,4730.22,False,,Olsztyn,I 2009
9,2862000,Olsztyn,2009Q2,2009,2,20092,secondary,offer,4710.13,False,,Olsztyn,II 2009
9,2862000,Olsztyn,2009Q3,2009,3,20093,secondary,offer,4733.41,False,,Olsztyn,III 2009
9,2862000,Olsztyn,2009Q4,2009,4,20094,secondary,offer,4719.66,False,,Olsztyn,IV 2009
9,2862000,Olsztyn,2010Q1,2010,1,20101,secondary,offer,4763.0,False,,Olsztyn,I 2010
9,2862000,Olsztyn,2010Q2,2010,2,20102,secondary,offer,4709.387614606063,False,,Olsztyn,II 2010
9,2862000,Olsztyn,2010Q3,2010,3,20103,secondary,offer,4759.085224501985,False,,Olsztyn,III 2010
9,2862000,Olsztyn,2010Q4,2010,4,20104,secondary,offer,4726.0,False,,Olsztyn,IV 2010
9,2862000,Olsztyn,2011Q1,2011,1,20111,secondary,offer,4719.0,False,,Olsztyn,I 2011
9,2862000,Olsztyn,2011Q2,2011,2,20112,secondary,offer,4698.0,False,,Olsztyn,II 2011
9,2862000,Olsztyn,2011Q3,2011,3,20113,secondary,offer,4679.0,False,,Olsztyn,III 2011
9,2862000,Olsztyn,2011Q4,2011,4,20114,secondary,offer,4625.0,False,,Olsztyn,IV 2011
9,2862000,Olsztyn,2012Q1,2012,1,20121,secondary,offer,4628.0,False,,Olsztyn,I 2012
9,2862000,Olsztyn,2012Q2,2012,2,20122,secondary,offer,4632.0,False,,Olsztyn,II 2012
9,2862000,Olsztyn,2012Q3,2012,3,20123,secondary,offer,4544.0,False,,Olsztyn,III 2012
9,2862000,Olsztyn,2012Q4,2012,4,20124,secondary,offer,4465.0,False,,Olsztyn,IV 2012
9,2862000,Olsztyn,2013Q1,2013,1,20131,secondary,offer,4364.798,False,,Olsztyn,I 2013
9,2862000,Olsztyn,2013Q2,2013,2,20132,secondary,offer,4424.725,False,,Olsztyn,II 2013
9,2862000,Olsztyn,2013Q3,2013,3,20133,secondary,offer,4389.594,False,,Olsztyn,III 2013
9,2862000,Olsztyn,2013Q4,2013,4,20134,secondary,offer,4417.783,False,,Olsztyn,IV 2013
9,2862000,Olsztyn,2014Q1,2014,1,20141,secondary,offer,4442.918,False,,Olsztyn,I 2014
9,2862000,Olsztyn,2014Q2,2014,2,20142,secondary,offer,4420.129,False,,Olsztyn,II 2014
9,2862000,Olsztyn,2014Q3,2014,3,20143,secondary,offer,4405.312,False,,Olsztyn,III 2014
9,2862000,Olsztyn,2014Q4,2014,4,20144,secondary,offer,4316.006,False,,Olsztyn,IV 2014
9,2862000,Olsztyn,2015Q1,2015,1,20151,secondary,offer,4347.683,False,,Olsztyn,I 2015
9,2862000,Olsztyn,2015Q2,2015,2,20152,secondary,offer,4301.004,False,,Olsztyn,II 2015
9,2862000,Olsztyn,2015Q3,2015,3,20153,secondary,offer,4339.689,False,,Olsztyn,III 2015
9,2862000,Olsztyn,2015Q4,2015,4,20154,secondary,offer,4309.579,False,,Olsztyn,IV 2015
9,2862000,Olsztyn,2016Q1,2016,1,20161,secondary,offer,4373.775,False,,Olsztyn,I 2016
9,2862000,Olsztyn,2016Q2,2016,2,20162,secondary,offer,4379.97,False,,Olsztyn,II 2016
9,2862000,Olsztyn,2016Q3,2016,3,20163,secondary,offer,4352.937,False,,Olsztyn,III 2016
9,2862000,Olsztyn,2016Q4,2016,4,20164,secondary,offer,4383.912,False,,Olsztyn,IV 2016
9,2862000,Olsztyn,2017Q1,2017,1,20171,secondary,offer,4436.622,False,,Olsztyn,I 2017
9,2862000,Olsztyn,2017Q2,2017,2,20172,secondary,offer,4471.263,False,,Olsztyn,II 2017
9,2862000,Olsztyn,2017Q3,2017,3,20173,secondary,offer,4449.0,False,,Olsztyn,III 2017
9,2862000,Olsztyn,2017Q4,2017,4,20174,secondary,offer,4516.0,False,,Olsztyn,IV 2017
9,2862000,Olsztyn,2018Q1,2018,1,20181,secondary,offer,4653.751,False,,Olsztyn,I 2018
9,2862000,Olsztyn,2018Q2,2018,2,20182,secondary,offer,4728.433,False,,Olsztyn,II 2018
9,2862000,Olsztyn,2018Q3,2018,3,20183,secondary,offer,4867.118,False,,Olsztyn,III 2018
9,2862000,Olsztyn,2018Q4,2018,4,20184,secondary,offer,5024.792,False,,Olsztyn,IV 2018
9,2862000,Olsztyn,2019Q1,2019,1,20191,secondary,offer,5253.82,False,,Olsztyn,I 2019
9,2862000,Olsztyn,2019Q2,2019,2,20192,secondary,offer,5400.928,False,,Olsztyn,II 2019
9,2862000,Olsztyn,2019Q3,2019,3,20193,secondary,offer,5536.087,False,,Olsztyn,III 2019
9,2862000,Olsztyn,2019Q4,2019,4,20194,secondary,offer,5674.195,False,,Olsztyn,IV 2019
9,2862000,Olsztyn,2020Q1,2020,1,20201,secondary,offer,5812.994,False,,Olsztyn,I 2020
9,2862000,Olsztyn,2020Q2,2020,2,20202,secondary,offer,6016.158,False,,Olsztyn,II 2020
9,2862000,Olsztyn,2020Q3,2020,3,20203,secondary,offer,5957.722,False,,Olsztyn,III 2020
9,2862000,Olsztyn,2020Q4,2020,4,20204,secondary,offer,6032.482,False,,Olsztyn,IV 2020
9,2862000,Olsztyn,2021Q1,2021,1,20211,secondary,offer,6130.249,False,,Olsztyn,I 2021
9,2862000,Olsztyn,2021Q2,2021,2,20212,secondary,offer,6333.627,False,,Olsztyn,II 2021
9,2862000,Olsztyn,2021Q3,2021,3,20213,secondary,offer,6510.325,False,,Olsztyn,III 2021
9,2862000,Olsztyn,2021Q4,2021,4,20214,secondary,offer,7055.648,False,,Olsztyn,IV 2021
9,2862000,Olsztyn,2022Q1,2022,1,20221,secondary,offer,7324.127,False,,Olsztyn,I 2022
9,2862000,Olsztyn,2022Q2,2022,2,20222,secondary,offer,7535.739,False,,Olsztyn,II 2022
9,2862000,Olsztyn,2022Q3,2022,3,20223,secondary,offer,7553.97,False,,Olsztyn,III 2022
9,2862000,Olsztyn,2022Q4,2022,4,20224,secondary,offer,7546.56,False,,Olsztyn,IV 2022
9,2862000,Olsztyn,2023Q1,2023,1,20231,secondary,offer,7581.41,False,,Olsztyn,I 2023
9,2862000,Olsztyn,2023Q2,2023,2,20232,secondary,offer,7772.943,False,,Olsztyn,II 2023
9,2862000,Olsztyn,2023Q3,2023,3,20233,secondary,offer,7972.222,False,,Olsztyn,III 2023
9,2862000,Olsztyn,2023Q4,2023,4,20234,secondary,offer,8415.499,False,,Olsztyn,IV 2023
9,2862000,Olsztyn,2024Q1,2024,1,20241,secondary,offer,8765.52,False,,Olsztyn,I 2024
9,2862000,Olsztyn,2024Q2,2024,2,20242,secondary,offer,9086.138,False,,Olsztyn,II 2024
9,2862000,Olsztyn,2024Q3,2024,3,20243,secondary,offer,8962.276,False,,Olsztyn,III 2024
9,2862000,Olsztyn,2024Q4,2024,4,20244,secondary,offer,9071.895,False,,Olsztyn,IV 2024
9,2862000,Olsztyn,2025Q1,2025,1,20251,secondary,offer,9040.973,False,,Olsztyn,I 2025
9,2862000,Olsztyn,2025Q2,2025,2,20252,secondary,offer,9086.834,False,,Olsztyn,II 2025
9,2862000,Olsztyn,2025Q3,2025,3,20253,secondary,offer,9245.342,False,,Olsztyn,III 2025
9,2862000,Olsztyn,2025Q4,2025,4,20254,secondary,offer,9393.679,False,,Olsztyn,IV 2025
9,2862000,Olsztyn,2026Q1,2026,1,20261,secondary,offer,9898.398,False,,Olsztyn,I 2026
9,2862000,Olsztyn,2026Q2,2026,2,20262,secondary,offer,9957.967,False,,Olsztyn,II 2026
10,1661000,Opole,2006Q3,2006,3,20063,secondary,offer,3164.0779330833,False,,Opole,III 2006
10,1661000,Opole,2006Q4,2006,4,20064,secondary,offer,3584.5392499641425,False,,Opole,IV 2006
10,1661000,Opole,2007Q1,2007,1,20071,secondary,offer,3349.4337593426185,False,,Opole,I 2007
10,1661000,Opole,2007Q2,2007,2,20072,secondary,offer,4149.52510358426,False,,Opole,II 2007
10,1661000,Opole,2007Q3,2007,3,20073,secondary,offer,4135.527712245771,False,,Opole,III 2007
10,1661000,Opole,2007Q4,2007,4,20074,secondary,offer,4362.620018457426,False,,Opole,IV 2007
10,1661000,Opole,2008Q1,2008,1,20081,secondary,offer,4235.144814455547,False,,Opole,I 2008
10,1661000,Opole,2008Q2,2008,2,20082,secondary,offer,4068.4321938093967,False,,Opole,II 2008
10,1661000,Opole,2008Q3,2008,3,20083,secondary,offer,4186.672511322135,False,,Opole,III 2008
10,1661000,Opole,2008Q4,2008,4,20084,secondary,offer,4142.936132457896,False,,Opole,IV 2008
10,1661000,Opole,2009Q1,2009,1,20091,secondary,offer,4234.587220764073,False,,Opole,I 2009
10,1661000,Opole,2009Q2,2009,2,20092,secondary,offer,4282.7979844827805,False,,Opole,II 2009
10,1661000,Opole,2009Q3,2009,3,20093,secondary,offer,4082.643532720045,False,,Opole,III 2009
10,1661000,Opole,2009Q4,2009,4,20094,secondary,offer,4154.499872151146,False,,Opole,IV 2009
10,1661000,Opole,2010Q1,2010,1,20101,secondary,offer,4166.152726501414,False,,Opole,I 2010
10,1661000,Opole,2010Q2,2010,2,20102,secondary,offer,4193.790181141435,False,,Opole,II 2010
10,1661000,Opole,2010Q3,2010,3,20103,secondary,offer,4295.47106056081,False,,Opole,III 2010
10,1661000,Opole,2010Q4,2010,4,20104,secondary,offer,4137.342115612627,False,,Opole,IV 2010
10,1661000,Opole,2011Q1,2011,1,20111,secondary,offer,4222.2392398002075,False,,Opole,I 2011
10,1661000,Opole,2011Q2,2011,2,20112,secondary,offer,4246.000545203242,False,,Opole,II 2011
10,1661000,Opole,2011Q3,2011,3,20113,secondary,offer,4455.654216901154,False,,Opole,III 2011
10,1661000,Opole,2011Q4,2011,4,20114,secondary,offer,4174.97696214967,False,,Opole,IV 2011
10,1661000,Opole,2012Q1,2012,1,20121,secondary,offer,4171.118780147214,False,,Opole,I 2012
10,1661000,Opole,2012Q2,2012,2,20122,secondary,offer,3981.225396327564,False,,Opole,II 2012
10,1661000,Opole,2012Q3,2012,3,20123,secondary,offer,4065.7732640796576,False,,Opole,III 2012
10,1661000,Opole,2012Q4,2012,4,20124,secondary,offer,4012.6065781806274,False,,Opole,IV 2012
10,1661000,Opole,2013Q1,2013,1,20131,secondary,offer,4073.7577576811,False,,Opole,I 2013
10,1661000,Opole,2013Q2,2013,2,20132,secondary,offer,4062.402550042444,False,,Opole,II 2013
10,1661000,Opole,2013Q3,2013,3,20133,secondary,offer,4246.385146290382,False,,Opole,III 2013
10,1661000,Opole,2013Q4,2013,4,20134,secondary,offer,4174.431415198303,False,,Opole,IV 2013
10,1661000,Opole,2014Q1,2014,1,20141,secondary,offer,3974.7389500422987,False,,Opole,I 2014
10,1661000,Opole,2014Q2,2014,2,20142,secondary,offer,4231.23142768554,False,,Opole,II 2014
10,1661000,Opole,2014Q3,2014,3,20143,secondary,offer,4096.663251325675,False,,Opole,III 2014
10,1661000,Opole,2014Q4,2014,4,20144,secondary,offer,4109.176152854514,False,,Opole,IV 2014
10,1661000,Opole,2015Q1,2015,1,20151,secondary,offer,4108.517356381933,False,,Opole,I 2015
10,1661000,Opole,2015Q2,2015,2,20152,secondary,offer,4157.010736054139,False,,Opole,II 2015
10,1661000,Opole,2015Q3,2015,3,20153,secondary,offer,4191.962766309662,False,,Opole,III 2015
10,1661000,Opole,2015Q4,2015,4,20154,secondary,offer,4227.306196402931,False,,Opole,IV 2015
10,1661000,Opole,2016Q1,2016,1,20161,secondary,offer,4186.524498960541,False,,Opole,I 2016
10,1661000,Opole,2016Q2,2016,2,20162,secondary,offer,4221.20295868635,False,,Opole,II 2016
10,1661000,Opole,2016Q3,2016,3,20163,secondary,offer,4365.735914058477,False,,Opole,III 2016
10,1661000,Opole,2016Q4,2016,4,20164,secondary,offer,4253.583085416433,False,,Opole,IV 2016
10,1661000,Opole,2017Q1,2017,1,20171,secondary,offer,4394.74931871698,False,,Opole,I 2017
10,1661000,Opole,2017Q2,2017,2,20172,secondary,offer,4521.894057678109,False,,Opole,II 2017
10,1661000,Opole,2017Q3,2017,3,20173,secondary,offer,4580.940187207219,False,,Opole,III 2017
10,1661000,Opole,2017Q4,2017,4,20174,secondary,offer,4585.990230579512,False,,Opole,IV 2017
10,1661000,Opole,2018Q1,2018,1,20181,secondary,offer,4787.42382059433,False,,Opole,I 2018
10,1661000,Opole,2018Q2,2018,2,20182,secondary,offer,4971.853698358599,False,,Opole,II 2018
10,1661000,Opole,2018Q3,2018,3,20183,secondary,offer,5005.947143321934,False,,Opole,III 2018
10,1661000,Opole,2018Q4,2018,4,20184,secondary,offer,5191.663330931428,False,,Opole,IV 2018
10,1661000,Opole,2019Q1,2019,1,20191,secondary,offer,5236.14106271822,False,,Opole,I 2019
10,1661000,Opole,2019Q2,2019,2,20192,secondary,offer,5313.1571112659085,False,,Opole,II 2019
10,1661000,Opole,2019Q3,2019,3,20193,secondary,offer,5325.124929927977,False,,Opole,III 2019
10,1661000,Opole,2019Q4,2019,4,20194,secondary,offer,5539.520611049654,False,,Opole,IV 2019
10,1661000,Opole,2020Q1,2020,1,20201,secondary,offer,5848.662518827966,False,,Opole,I 2020
10,1661000,Opole,2020Q2,2020,2,20202,secondary,offer,5934.133860666117,False,,Opole,II 2020
10,1661000,Opole,2020Q3,2020,3,20203,secondary,offer,5817.1441987539765,False,,Opole,III 2020
10,1661000,Opole,2020Q4,2020,4,20204,secondary,offer,5798.8565987133525,False,,Opole,IV 2020
10,1661000,Opole,2021Q1,2021,1,20211,secondary,offer,5900.054000026079,False,,Opole,I 2021
10,1661000,Opole,2021Q2,2021,2,20212,secondary,offer,6034.284980801179,False,,Opole,II 2021
10,1661000,Opole,2021Q3,2021,3,20213,secondary,offer,6105.561862035417,False,,Opole,III 2021
10,1661000,Opole,2021Q4,2021,4,20214,secondary,offer,6145.579443022891,False,,Opole,IV 2021
10,1661000,Opole,2022Q1,2022,1,20221,secondary,offer,6619.584354607369,False,,Opole,I 2022
10,1661000,Opole,2022Q2,2022,2,20222,secondary,offer,6808.942868030681,False,,Opole,II 2022
10,1661000,Opole,2022Q3,2022,3,20223,secondary,offer,7064.056669002147,False,,Opole,III 2022
10,1661000,Opole,2022Q4,2022,4,20224,secondary,offer,7039.375038988112,False,,Opole,IV 2022
10,1661000,Opole,2023Q1,2023,1,20231,secondary,offer,7362.589082201334,False,,Opole,I 2023
10,1661000,Opole,2023Q2,2023,2,20232,secondary,offer,7525.608874587249,False,,Opole,II 2023
10,1661000,Opole,2023Q3,2023,3,20233,secondary,offer,7700.150927565235,False,,Opole,III 2023
10,1661000,Opole,2023Q4,2023,4,20234,secondary,offer,8272.084267444789,False,,Opole,IV 2023
10,1661000,Opole,2024Q1,2024,1,20241,secondary,offer,8671.429543618631,False,,Opole,I 2024
10,1661000,Opole,2024Q2,2024,2,20242,secondary,offer,8966.528045153113,False,,Opole,II 2024
10,1661000,Opole,2024Q3,2024,3,20243,secondary,offer,9147.992141267958,False,,Opole,III 2024
10,1661000,Opole,2024Q4,2024,4,20244,secondary,offer,9000.053362856259,False,,Opole,IV 2024
10,1661000,Opole,2025Q1,2025,1,20251,secondary,offer,9431.199815648577,False,,Opole,I 2025
10,1661000,Opole,2025Q2,2025,2,20252,secondary,offer,9230.646938979891,False,,Opole,II 2025
10,1661000,Opole,2025Q3,2025,3,20253,secondary,offer,9521.48624536589,False,,Opole,III 2025
10,1661000,Opole,2025Q4,2025,4,20254,secondary,offer,9489.024792373008,False,,Opole,IV 2025
10,1661000,Opole,2026Q1,2026,1,20261,secondary,offer,9937.898606688019,False,,Opole,I 2026
10,1661000,Opole,2026Q2,2026,2,20262,secondary,offer,10382.34388198338,False,,Opole,II 2026
11,3064000,Poznań,2006Q3,2006,3,20063,secondary,offer,3751.8115822775258,False,,Poznań,III 2006
11,3064000,Poznań,2006Q4,2006,4,20064,secondary,offer,4461.66315515318,False,,Poznań,IV 2006
11,3064000,Poznań,2007Q1,2007,1,20071,secondary,offer,6104.05648164863,False,,Poznań,I 2007
11,3064000,Poznań,2007Q2,2007,2,20072,secondary,offer,6698.106842511695,False,,Poznań,II 2007
11,3064000,Poznań,2007Q3,2007,3,20073,secondary,offer,6386.660476703293,False,,Poznań,III 2007
11,3064000,Poznań,2007Q4,2007,4,20074,secondary,offer,6471.783399768077,False,,Poznań,IV 2007
11,3064000,Poznań,2008Q1,2008,1,20081,secondary,offer,6235.3122886946885,False,,Poznań,I 2008
11,3064000,Poznań,2008Q2,2008,2,20082,secondary,offer,6096.793131539509,False,,Poznań,II 2008
11,3064000,Poznań,2008Q3,2008,3,20083,secondary,offer,5979.679578945981,False,,Poznań,III 2008
11,3064000,Poznań,2008Q4,2008,4,20084,secondary,offer,5953.704377583905,False,,Poznań,IV 2008
11,3064000,Poznań,2009Q1,2009,1,20091,secondary,offer,5978.517957789008,False,,Poznań,I 2009
11,3064000,Poznań,2009Q2,2009,2,20092,secondary,offer,6216.013936660367,False,,Poznań,II 2009
11,3064000,Poznań,2009Q3,2009,3,20093,secondary,offer,5970.058894858583,False,,Poznań,III 2009
11,3064000,Poznań,2009Q4,2009,4,20094,secondary,offer,5924.453085049819,False,,Poznań,IV 2009
11,3064000,Poznań,2010Q1,2010,1,20101,secondary,offer,6073.87205785948,False,,Poznań,I 2010
11,3064000,Poznań,2010Q2,2010,2,20102,secondary,offer,6122.492915661323,False,,Poznań,II 2010
11,3064000,Poznań,2010Q3,2010,3,20103,secondary,offer,6012.139499503153,False,,Poznań,III 2010
11,3064000,Poznań,2010Q4,2010,4,20104,secondary,offer,6047.338797733857,False,,Poznań,IV 2010
11,3064000,Poznań,2011Q1,2011,1,20111,secondary,offer,5940.193023624513,False,,Poznań,I 2011
11,3064000,Poznań,2011Q2,2011,2,20112,secondary,offer,5910.9919043421,False,,Poznań,II 2011
11,3064000,Poznań,2011Q3,2011,3,20113,secondary,offer,5804.138096716185,False,,Poznań,III 2011
11,3064000,Poznań,2011Q4,2011,4,20114,secondary,offer,5736.53477412588,False,,Poznań,IV 2011
11,3064000,Poznań,2012Q1,2012,1,20121,secondary,offer,5604.162837602146,False,,Poznań,I 2012
11,3064000,Poznań,2012Q2,2012,2,20122,secondary,offer,5534.7074175348935,False,,Poznań,II 2012
11,3064000,Poznań,2012Q3,2012,3,20123,secondary,offer,5518.544322686421,False,,Poznań,III 2012
11,3064000,Poznań,2012Q4,2012,4,20124,secondary,offer,5446.267139633882,False,,Poznań,IV 2012
11,3064000,Poznań,2013Q1,2013,1,20131,secondary,offer,5406.2603114160665,False,,Poznań,I 2013
11,3064000,Poznań,2013Q2,2013,2,20132,secondary,offer,5657.19111194956,False,,Poznań,II 2013
11,3064000,Poznań,2013Q3,2013,3,20133,secondary,offer,5628.480284171798,False,,Poznań,III 2013
11,3064000,Poznań,2013Q4,2013,4,20134,secondary,offer,5717.871643702849,False,,Poznań,IV 2013
11,3064000,Poznań,2014Q1,2014,1,20141,secondary,offer,5830.057070849657,False,,Poznań,I 2014
11,3064000,Poznań,2014Q2,2014,2,20142,secondary,offer,5742.140280843252,False,,Poznań,II 2014
11,3064000,Poznań,2014Q3,2014,3,20143,secondary,offer,5805.9234061265915,False,,Poznań,III 2014
11,3064000,Poznań,2014Q4,2014,4,20144,secondary,offer,5693.839640568771,False,,Poznań,IV 2014
11,3064000,Poznań,2015Q1,2015,1,20151,secondary,offer,5847.737079741804,False,,Poznań,I 2015
11,3064000,Poznań,2015Q2,2015,2,20152,secondary,offer,5830.80944382619,False,,Poznań,II 2015
11,3064000,Poznań,2015Q3,2015,3,20153,secondary,offer,5408.847422443772,False,,Poznań,III 2015
11,3064000,Poznań,2015Q4,2015,4,20154,secondary,offer,5729.950071428539,False,,Poznań,IV 2015
11,3064000,Poznań,2016Q1,2016,1,20161,secondary,offer,5940.9230060867285,False,,Poznań,I 2016
11,3064000,Poznań,2016Q2,2016,2,20162,secondary,offer,6040.453383549223,False,,Poznań,II 2016
11,3064000,Poznań,2016Q3,2016,3,20163,secondary,offer,6092.564563683745,False,,Poznań,III 2016
11,3064000,Poznań,2016Q4,2016,4,20164,secondary,offer,6122.6784092076405,False,,Poznań,IV 2016
11,3064000,Poznań,2017Q1,2017,1,20171,secondary,offer,5954.880147165961,False,,Poznań,I 2017
11,3064000,Poznań,2017Q2,2017,2,20172,secondary,offer,6079.523155849007,False,,Poznań,II 2017
11,3064000,Poznań,2017Q3,2017,3,20173,secondary,offer,6052.790677460543,False,,Poznań,III 2017
11,3064000,Poznań,2017Q4,2017,4,20174,secondary,offer,6349.403049190126,False,,Poznań,IV 2017
11,3064000,Poznań,2018Q1,2018,1,20181,secondary,offer,6524.634552124651,False,,Poznań,I 2018
11,3064000,Poznań,2018Q2,2018,2,20182,secondary,offer,6651.5317907559165,False,,Poznań,II 2018
11,3064000,Poznań,2018Q3,2018,3,20183,secondary,offer,6762.691570278603,False,,Poznań,III 2018
11,3064000,Poznań,2018Q4,2018,4,20184,secondary,offer,6939.3162167453165,False,,Poznań,IV 2018
11,3064000,Poznań,2019Q1,2019,1,20191,secondary,offer,6958.783868130268,False,,Poznań,I 2019
11,3064000,Poznań,2019Q2,2019,2,20192,secondary,offer,7073.270958710485,False,,Poznań,II 2019
11,3064000,Poznań,2019Q3,2019,3,20193,secondary,offer,7187.923250576629,False,,Poznań,III 2019
11,3064000,Poznań,2019Q4,2019,4,20194,secondary,offer,7638.70754167789,False,,Poznań,IV 2019
11,3064000,Poznań,2020Q1,2020,1,20201,secondary,offer,7809.128910355716,False,,Poznań,I 2020
11,3064000,Poznań,2020Q2,2020,2,20202,secondary,offer,7823.227783230578,False,,Poznań,II 2020
11,3064000,Poznań,2020Q3,2020,3,20203,secondary,offer,7851.073628735527,False,,Poznań,III 2020
11,3064000,Poznań,2020Q4,2020,4,20204,secondary,offer,7808.150049431615,False,,Poznań,IV 2020
11,3064000,Poznań,2021Q1,2021,1,20211,secondary,offer,7942.585994966064,False,,Poznań,I 2021
11,3064000,Poznań,2021Q2,2021,2,20212,secondary,offer,8136.930663813496,False,,Poznań,II 2021
11,3064000,Poznań,2021Q3,2021,3,20213,secondary,offer,8321.969376599323,False,,Poznań,III 2021
11,3064000,Poznań,2021Q4,2021,4,20214,secondary,offer,8951.55218361096,False,,Poznań,IV 2021
11,3064000,Poznań,2022Q1,2022,1,20221,secondary,offer,9402.000803322668,False,,Poznań,I 2022
11,3064000,Poznań,2022Q2,2022,2,20222,secondary,offer,9517.037406870913,False,,Poznań,II 2022
11,3064000,Poznań,2022Q3,2022,3,20223,secondary,offer,9438.244525456299,False,,Poznań,III 2022
11,3064000,Poznań,2022Q4,2022,4,20224,secondary,offer,9542.536067335228,False,,Poznań,IV 2022
11,3064000,Poznań,2023Q1,2023,1,20231,secondary,offer,9913.634297543813,False,,Poznań,I 2023
11,3064000,Poznań,2023Q2,2023,2,20232,secondary,offer,9956.262068588554,False,,Poznań,II 2023
11,3064000,Poznań,2023Q3,2023,3,20233,secondary,offer,10666.860157874476,False,,Poznań,III 2023
11,3064000,Poznań,2023Q4,2023,4,20234,secondary,offer,11409.16054515744,False,,Poznań,IV 2023
11,3064000,Poznań,2024Q1,2024,1,20241,secondary,offer,11719.282314472151,False,,Poznań,I 2024
11,3064000,Poznań,2024Q2,2024,2,20242,secondary,offer,11978.783991109627,False,,Poznań,II 2024
11,3064000,Poznań,2024Q3,2024,3,20243,secondary,offer,11999.115715292652,False,,Poznań,III 2024
11,3064000,Poznań,2024Q4,2024,4,20244,secondary,offer,11769.372217332793,False,,Poznań,IV 2024
11,3064000,Poznań,2025Q1,2025,1,20251,secondary,offer,11830.716260321793,False,,Poznań,I 2025
11,3064000,Poznań,2025Q2,2025,2,20252,secondary,offer,11857.558628895444,False,,Poznań,II 2025
11,3064000,Poznań,2025Q3,2025,3,20253,secondary,offer,11927.02809959568,False,,Poznań,III 2025
11,3064000,Poznań,2025Q4,2025,4,20254,secondary,offer,12153.333936169229,False,,Poznań,IV 2025
11,3064000,Poznań,2026Q1,2026,1,20261,secondary,offer,12378.174867804177,False,,Poznań,I 2026
11,3064000,Poznań,2026Q2,2026,2,20262,secondary,offer,12496.973102843938,False,,Poznań,II 2026
12,1863000,Rzeszów,2006Q3,2006,3,20063,secondary,offer,2851.0,False,,Rzeszów,III 2006
12,1863000,Rzeszów,2006Q4,2006,4,20064,secondary,offer,3734.0,False,,Rzeszów,IV 2006
12,1863000,Rzeszów,2007Q1,2007,1,20071,secondary,offer,4187.0,False,,Rzeszów,I 2007
12,1863000,Rzeszów,2007Q2,2007,2,20072,secondary,offer,4647.0,False,,Rzeszów,II 2007
12,1863000,Rzeszów,2007Q3,2007,3,20073,secondary,offer,4814.0,False,,Rzeszów,III 2007
12,1863000,Rzeszów,2007Q4,2007,4,20074,secondary,offer,4849.0,False,,Rzeszów,IV 2007
12,1863000,Rzeszów,2008Q1,2008,1,20081,secondary,offer,4901.0,False,,Rzeszów,I 2008
12,1863000,Rzeszów,2008Q2,2008,2,20082,secondary,offer,4824.0,False,,Rzeszów,II 2008
12,1863000,Rzeszów,2008Q3,2008,3,20083,secondary,offer,4790.0,False,,Rzeszów,III 2008
12,1863000,Rzeszów,2008Q4,2008,4,20084,secondary,offer,4640.0,False,,Rzeszów,IV 2008
12,1863000,Rzeszów,2009Q1,2009,1,20091,secondary,offer,4683.0,False,,Rzeszów,I 2009
12,1863000,Rzeszów,2009Q2,2009,2,20092,secondary,offer,4684.0,False,,Rzeszów,II 2009
12,1863000,Rzeszów,2009Q3,2009,3,20093,secondary,offer,4641.0,False,,Rzeszów,III 2009
12,1863000,Rzeszów,2009Q4,2009,4,20094,secondary,offer,4681.0,False,,Rzeszów,IV 2009
12,1863000,Rzeszów,2010Q1,2010,1,20101,secondary,offer,4611.0,False,,Rzeszów,I 2010
12,1863000,Rzeszów,2010Q2,2010,2,20102,secondary,offer,4654.0,False,,Rzeszów,II 2010
12,1863000,Rzeszów,2010Q3,2010,3,20103,secondary,offer,4615.0,False,,Rzeszów,III 2010
12,1863000,Rzeszów,2010Q4,2010,4,20104,secondary,offer,4696.0,False,,Rzeszów,IV 2010
12,1863000,Rzeszów,2011Q1,2011,1,20111,secondary,offer,4726.0,False,,Rzeszów,I 2011
12,1863000,Rzeszów,2011Q2,2011,2,20112,secondary,offer,4777.0,False,,Rzeszów,II 2011
12,1863000,Rzeszów,2011Q3,2011,3,20113,secondary,offer,4729.0,False,,Rzeszów,III 2011
12,1863000,Rzeszów,2011Q4,2011,4,20114,secondary,offer,4791.0,False,,Rzeszów,IV 2011
12,1863000,Rzeszów,2012Q1,2012,1,20121,secondary,offer,4801.0,False,,Rzeszów,I 2012
12,1863000,Rzeszów,2012Q2,2012,2,20122,secondary,offer,4905.0,False,,Rzeszów,II 2012
12,1863000,Rzeszów,2012Q3,2012,3,20123,secondary,offer,4935.0,False,,Rzeszów,III 2012
12,1863000,Rzeszów,2012Q4,2012,4,20124,secondary,offer,4912.0,False,,Rzeszów,IV 2012
12,1863000,Rzeszów,2013Q1,2013,1,20131,secondary,offer,4908.0,False,,Rzeszów,I 2013
12,1863000,Rzeszów,2013Q2,2013,2,20132,secondary,offer,4890.0,False,,Rzeszów,II 2013
12,1863000,Rzeszów,2013Q3,2013,3,20133,secondary,offer,4910.0,False,,Rzeszów,III 2013
12,1863000,Rzeszów,2013Q4,2013,4,20134,secondary,offer,4934.0,False,,Rzeszów,IV 2013
12,1863000,Rzeszów,2014Q1,2014,1,20141,secondary,offer,4946.0,False,,Rzeszów,I 2014
12,1863000,Rzeszów,2014Q2,2014,2,20142,secondary,offer,4908.0,False,,Rzeszów,II 2014
12,1863000,Rzeszów,2014Q3,2014,3,20143,secondary,offer,4933.0,False,,Rzeszów,III 2014
12,1863000,Rzeszów,2014Q4,2014,4,20144,secondary,offer,4953.0,False,,Rzeszów,IV 2014
12,1863000,Rzeszów,2015Q1,2015,1,20151,secondary,offer,4959.0,False,,Rzeszów,I 2015
12,1863000,Rzeszów,2015Q2,2015,2,20152,secondary,offer,5010.0,False,,Rzeszów,II 2015
12,1863000,Rzeszów,2015Q3,2015,3,20153,secondary,offer,4973.0,False,,Rzeszów,III 2015
12,1863000,Rzeszów,2015Q4,2015,4,20154,secondary,offer,4954.0,False,,Rzeszów,IV 2015
12,1863000,Rzeszów,2016Q1,2016,1,20161,secondary,offer,4916.0,False,,Rzeszów,I 2016
12,1863000,Rzeszów,2016Q2,2016,2,20162,secondary,offer,4914.0,False,,Rzeszów,II 2016
12,1863000,Rzeszów,2016Q3,2016,3,20163,secondary,offer,4954.0,False,,Rzeszów,III 2016
12,1863000,Rzeszów,2016Q4,2016,4,20164,secondary,offer,4953.0,False,,Rzeszów,IV 2016
12,1863000,Rzeszów,2017Q1,2017,1,20171,secondary,offer,4995.0,False,,Rzeszów,I 2017
12,1863000,Rzeszów,2017Q2,2017,2,20172,secondary,offer,5023.0,False,,Rzeszów,II 2017
12,1863000,Rzeszów,2017Q3,2017,3,20173,secondary,offer,5121.0,False,,Rzeszów,III 2017
12,1863000,Rzeszów,2017Q4,2017,4,20174,secondary,offer,5225.0,False,,Rzeszów,IV 2017
12,1863000,Rzeszów,2018Q1,2018,1,20181,secondary,offer,5394.0,False,,Rzeszów,I 2018
12,1863000,Rzeszów,2018Q2,2018,2,20182,secondary,offer,5414.0,False,,Rzeszów,II 2018
12,1863000,Rzeszów,2018Q3,2018,3,20183,secondary,offer,5476.0,False,,Rzeszów,III 2018
12,1863000,Rzeszów,2018Q4,2018,4,20184,secondary,offer,5659.0,False,,Rzeszów,IV 2018
12,1863000,Rzeszów,2019Q1,2019,1,20191,secondary,offer,5851.0,False,,Rzeszów,I 2019
12,1863000,Rzeszów,2019Q2,2019,2,20192,secondary,offer,6132.0,False,,Rzeszów,II 2019
12,1863000,Rzeszów,2019Q3,2019,3,20193,secondary,offer,6243.0,False,,Rzeszów,III 2019
12,1863000,Rzeszów,2019Q4,2019,4,20194,secondary,offer,6552.0,False,,Rzeszów,IV 2019
12,1863000,Rzeszów,2020Q1,2020,1,20201,secondary,offer,6904.0,False,,Rzeszów,I 2020
12,1863000,Rzeszów,2020Q2,2020,2,20202,secondary,offer,7006.49,False,,Rzeszów,II 2020
12,1863000,Rzeszów,2020Q3,2020,3,20203,secondary,offer,7066.55,False,,Rzeszów,III 2020
12,1863000,Rzeszów,2020Q4,2020,4,20204,secondary,offer,7133.04,False,,Rzeszów,IV 2020
12,1863000,Rzeszów,2021Q1,2021,1,20211,secondary,offer,7246.23,False,,Rzeszów,I 2021
12,1863000,Rzeszów,2021Q2,2021,2,20212,secondary,offer,7383.68,False,,Rzeszów,II 2021
12,1863000,Rzeszów,2021Q3,2021,3,20213,secondary,offer,7553.39,False,,Rzeszów,III 2021
12,1863000,Rzeszów,2021Q4,2021,4,20214,secondary,offer,7836.421578947365,False,,Rzeszów,IV 2021
12,1863000,Rzeszów,2022Q1,2022,1,20221,secondary,offer,8125.508547297301,False,,Rzeszów,I 2022
12,1863000,Rzeszów,2022Q2,2022,2,20222,secondary,offer,8518.956621848742,False,,Rzeszów,II 2022
12,1863000,Rzeszów,2022Q3,2022,3,20223,secondary,offer,8600.318054662375,False,,Rzeszów,III 2022
12,1863000,Rzeszów,2022Q4,2022,4,20224,secondary,offer,8741.690127478756,False,,Rzeszów,IV 2022
12,1863000,Rzeszów,2023Q1,2023,1,20231,secondary,offer,8836.269942028996,False,,Rzeszów,I 2023
12,1863000,Rzeszów,2023Q2,2023,2,20232,secondary,offer,9083.28729264476,False,,Rzeszów,II 2023
12,1863000,Rzeszów,2023Q3,2023,3,20233,secondary,offer,9363.805906733347,False,,Rzeszów,III 2023
12,1863000,Rzeszów,2023Q4,2023,4,20234,secondary,offer,9802.474544714287,False,,Rzeszów,IV 2023
12,1863000,Rzeszów,2024Q1,2024,1,20241,secondary,offer,10281.526957045096,False,,Rzeszów,I 2024
12,1863000,Rzeszów,2024Q2,2024,2,20242,secondary,offer,10727.529154389818,False,,Rzeszów,II 2024
12,1863000,Rzeszów,2024Q3,2024,3,20243,secondary,offer,10761.286572479688,False,,Rzeszów,III 2024
12,1863000,Rzeszów,2024Q4,2024,4,20244,secondary,offer,10804.074382814779,False,,Rzeszów,IV 2024
12,1863000,Rzeszów,2025Q1,2025,1,20251,secondary,offer,10936.630820313294,False,,Rzeszów,I 2025
12,1863000,Rzeszów,2025Q2,2025,2,20252,secondary,offer,11008.618574795224,False,,Rzeszów,II 2025
12,1863000,Rzeszów,2025Q3,2025,3,20253,secondary,offer,10972.15074324189,False,,Rzeszów,III 2025
12,1863000,Rzeszów,2025Q4,2025,4,20254,secondary,offer,10932.266571401648,False,,Rzeszów,IV 2025
12,1863000,Rzeszów,2026Q1,2026,1,20261,secondary,offer,11170.33593529702,False,,Rzeszów,I 2026
12,1863000,Rzeszów,2026Q2,2026,2,20262,secondary,offer,11172.467783007023,False,,Rzeszów,II 2026
13,3262000,Szczecin,2006Q3,2006,3,20063,secondary,offer,3189.802831753985,False,,Szczecin,III 2006
13,3262000,Szczecin,2006Q4,2006,4,20064,secondary,offer,3856.5925905067024,False,,Szczecin,IV 2006
13,3262000,Szczecin,2007Q1,2007,1,20071,secondary,offer,4734.7458926527415,False,,Szczecin,I 2007
13,3262000,Szczecin,2007Q2,2007,2,20072,secondary,offer,4958.812704960031,False,,Szczecin,II 2007
13,3262000,Szczecin,2007Q3,2007,3,20073,secondary,offer,5093.844963535406,False,,Szczecin,III 2007
13,3262000,Szczecin,2007Q4,2007,4,20074,secondary,offer,5297.289467526647,False,,Szczecin,IV 2007
13,3262000,Szczecin,2008Q1,2008,1,20081,secondary,offer,5124.486100174259,False,,Szczecin,I 2008
13,3262000,Szczecin,2008Q2,2008,2,20082,secondary,offer,5179.8898528011,False,,Szczecin,II 2008
13,3262000,Szczecin,2008Q3,2008,3,20083,secondary,offer,5174.222450918403,False,,Szczecin,III 2008
13,3262000,Szczecin,2008Q4,2008,4,20084,secondary,offer,5079.092560425682,False,,Szczecin,IV 2008
13,3262000,Szczecin,2009Q1,2009,1,20091,secondary,offer,4965.155014449371,False,,Szczecin,I 2009
13,3262000,Szczecin,2009Q2,2009,2,20092,secondary,offer,4860.1995486882115,False,,Szczecin,II 2009
13,3262000,Szczecin,2009Q3,2009,3,20093,secondary,offer,4964.269587046557,False,,Szczecin,III 2009
13,3262000,Szczecin,2009Q4,2009,4,20094,secondary,offer,4834.0652284395155,False,,Szczecin,IV 2009
13,3262000,Szczecin,2010Q1,2010,1,20101,secondary,offer,4867.641244120466,False,,Szczecin,I 2010
13,3262000,Szczecin,2010Q2,2010,2,20102,secondary,offer,4843.569987642167,False,,Szczecin,II 2010
13,3262000,Szczecin,2010Q3,2010,3,20103,secondary,offer,4864.108747568502,False,,Szczecin,III 2010
13,3262000,Szczecin,2010Q4,2010,4,20104,secondary,offer,4760.216056875997,False,,Szczecin,IV 2010
13,3262000,Szczecin,2011Q1,2011,1,20111,secondary,offer,4759.0,False,,Szczecin,I 2011
13,3262000,Szczecin,2011Q2,2011,2,20112,secondary,offer,4733.0,False,,Szczecin,II 2011
13,3262000,Szczecin,2011Q3,2011,3,20113,secondary,offer,4707.0,False,,Szczecin,III 2011
13,3262000,Szczecin,2011Q4,2011,4,20114,secondary,offer,4704.0,False,,Szczecin,IV 2011
13,3262000,Szczecin,2012Q1,2012,1,20121,secondary,offer,4586.213396305225,False,,Szczecin,I 2012
13,3262000,Szczecin,2012Q2,2012,2,20122,secondary,offer,4431.0,False,,Szczecin,II 2012
13,3262000,Szczecin,2012Q3,2012,3,20123,secondary,offer,4441.712830450863,False,,Szczecin,III 2012
13,3262000,Szczecin,2012Q4,2012,4,20124,secondary,offer,4336.211449645681,False,,Szczecin,IV 2012
13,3262000,Szczecin,2013Q1,2013,1,20131,secondary,offer,4434.355432205481,False,,Szczecin,I 2013
13,3262000,Szczecin,2013Q2,2013,2,20132,secondary,offer,4170.886441053522,False,,Szczecin,II 2013
13,3262000,Szczecin,2013Q3,2013,3,20133,secondary,offer,4151.627353439307,False,,Szczecin,III 2013
13,3262000,Szczecin,2013Q4,2013,4,20134,secondary,offer,4247.234667841407,False,,Szczecin,IV 2013
13,3262000,Szczecin,2014Q1,2014,1,20141,secondary,offer,4370.115024962046,False,,Szczecin,I 2014
13,3262000,Szczecin,2014Q2,2014,2,20142,secondary,offer,4293.829977037008,False,,Szczecin,II 2014
13,3262000,Szczecin,2014Q3,2014,3,20143,secondary,offer,4273.124493950764,False,,Szczecin,III 2014
13,3262000,Szczecin,2014Q4,2014,4,20144,secondary,offer,4306.81787312305,False,,Szczecin,IV 2014
13,3262000,Szczecin,2015Q1,2015,1,20151,secondary,offer,4305.212586557376,False,,Szczecin,I 2015
13,3262000,Szczecin,2015Q2,2015,2,20152,secondary,offer,4393.399870305124,False,,Szczecin,II 2015
13,3262000,Szczecin,2015Q3,2015,3,20153,secondary,offer,4196.11596902312,False,,Szczecin,III 2015
13,3262000,Szczecin,2015Q4,2015,4,20154,secondary,offer,4218.15458172319,False,,Szczecin,IV 2015
13,3262000,Szczecin,2016Q1,2016,1,20161,secondary,offer,4413.482542419256,False,,Szczecin,I 2016
13,3262000,Szczecin,2016Q2,2016,2,20162,secondary,offer,4348.67523638615,False,,Szczecin,II 2016
13,3262000,Szczecin,2016Q3,2016,3,20163,secondary,offer,4381.33296776736,False,,Szczecin,III 2016
13,3262000,Szczecin,2016Q4,2016,4,20164,secondary,offer,4349.949470097774,False,,Szczecin,IV 2016
13,3262000,Szczecin,2017Q1,2017,1,20171,secondary,offer,4431.269446855606,False,,Szczecin,I 2017
13,3262000,Szczecin,2017Q2,2017,2,20172,secondary,offer,4452.870275640901,False,,Szczecin,II 2017
13,3262000,Szczecin,2017Q3,2017,3,20173,secondary,offer,4649.960728550323,False,,Szczecin,III 2017
13,3262000,Szczecin,2017Q4,2017,4,20174,secondary,offer,4632.984195069995,False,,Szczecin,IV 2017
13,3262000,Szczecin,2018Q1,2018,1,20181,secondary,offer,4752.4613254856995,False,,Szczecin,I 2018
13,3262000,Szczecin,2018Q2,2018,2,20182,secondary,offer,4933.297916556823,False,,Szczecin,II 2018
13,3262000,Szczecin,2018Q3,2018,3,20183,secondary,offer,4975.474559150664,False,,Szczecin,III 2018
13,3262000,Szczecin,2018Q4,2018,4,20184,secondary,offer,5176.805763432605,False,,Szczecin,IV 2018
13,3262000,Szczecin,2019Q1,2019,1,20191,secondary,offer,5453.245900931472,False,,Szczecin,I 2019
13,3262000,Szczecin,2019Q2,2019,2,20192,secondary,offer,5657.472987948435,False,,Szczecin,II 2019
13,3262000,Szczecin,2019Q3,2019,3,20193,secondary,offer,5786.017649140193,False,,Szczecin,III 2019
13,3262000,Szczecin,2019Q4,2019,4,20194,secondary,offer,5856.666995151159,False,,Szczecin,IV 2019
13,3262000,Szczecin,2020Q1,2020,1,20201,secondary,offer,6158.5870601347815,False,,Szczecin,I 2020
13,3262000,Szczecin,2020Q2,2020,2,20202,secondary,offer,6217.788554092775,False,,Szczecin,II 2020
13,3262000,Szczecin,2020Q3,2020,3,20203,secondary,offer,6301.535364379848,False,,Szczecin,III 2020
13,3262000,Szczecin,2020Q4,2020,4,20204,secondary,offer,6458.628041158204,False,,Szczecin,IV 2020
13,3262000,Szczecin,2021Q1,2021,1,20211,secondary,offer,6609.48684334686,False,,Szczecin,I 2021
13,3262000,Szczecin,2021Q2,2021,2,20212,secondary,offer,6829.820997531458,False,,Szczecin,II 2021
13,3262000,Szczecin,2021Q3,2021,3,20213,secondary,offer,7212.209372238518,False,,Szczecin,III 2021
13,3262000,Szczecin,2021Q4,2021,4,20214,secondary,offer,7665.697448307281,False,,Szczecin,IV 2021
13,3262000,Szczecin,2022Q1,2022,1,20221,secondary,offer,7916.607509188567,False,,Szczecin,I 2022
13,3262000,Szczecin,2022Q2,2022,2,20222,secondary,offer,8154.518470690906,False,,Szczecin,II 2022
13,3262000,Szczecin,2022Q3,2022,3,20223,secondary,offer,8101.106485165118,False,,Szczecin,III 2022
13,3262000,Szczecin,2022Q4,2022,4,20224,secondary,offer,7920.875516281979,False,,Szczecin,IV 2022
13,3262000,Szczecin,2023Q1,2023,1,20231,secondary,offer,7988.036567037981,False,,Szczecin,I 2023
13,3262000,Szczecin,2023Q2,2023,2,20232,secondary,offer,8077.742067052303,False,,Szczecin,II 2023
13,3262000,Szczecin,2023Q3,2023,3,20233,secondary,offer,8406.413725033619,False,,Szczecin,III 2023
13,3262000,Szczecin,2023Q4,2023,4,20234,secondary,offer,8853.026856190796,False,,Szczecin,IV 2023
13,3262000,Szczecin,2024Q1,2024,1,20241,secondary,offer,9261.201450280878,False,,Szczecin,I 2024
13,3262000,Szczecin,2024Q2,2024,2,20242,secondary,offer,9563.312304991385,False,,Szczecin,II 2024
13,3262000,Szczecin,2024Q3,2024,3,20243,secondary,offer,9482.106542345315,False,,Szczecin,III 2024
13,3262000,Szczecin,2024Q4,2024,4,20244,secondary,offer,9605.874267133693,False,,Szczecin,IV 2024
13,3262000,Szczecin,2025Q1,2025,1,20251,secondary,offer,9658.723675742807,False,,Szczecin,I 2025
13,3262000,Szczecin,2025Q2,2025,2,20252,secondary,offer,9639.394178433793,False,,Szczecin,II 2025
13,3262000,Szczecin,2025Q3,2025,3,20253,secondary,offer,9956.491345449347,False,,Szczecin,III 2025
13,3262000,Szczecin,2025Q4,2025,4,20254,secondary,offer,9932.870536290848,False,,Szczecin,IV 2025
13,3262000,Szczecin,2026Q1,2026,1,20261,secondary,offer,9960.504326139593,False,,Szczecin,I 2026
13,3262000,Szczecin,2026Q2,2026,2,20262,secondary,offer,9814.677924695377,False,,Szczecin,II 2026
14,1465000,Warszawa,2006Q3,2006,3,20063,secondary,offer,7179.0,False,,Warszawa,III 2006
14,1465000,Warszawa,2006Q4,2006,4,20064,secondary,offer,8751.0,False,,Warszawa,IV 2006
14,1465000,Warszawa,2007Q1,2007,1,20071,secondary,offer,9316.0,False,,Warszawa,I 2007
14,1465000,Warszawa,2007Q2,2007,2,20072,secondary,offer,9740.0,False,,Warszawa,II 2007
14,1465000,Warszawa,2007Q3,2007,3,20073,secondary,offer,10078.0,False,,Warszawa,III 2007
14,1465000,Warszawa,2007Q4,2007,4,20074,secondary,offer,9952.0,False,,Warszawa,IV 2007
14,1465000,Warszawa,2008Q1,2008,1,20081,secondary,offer,9850.0,False,,Warszawa,I 2008
14,1465000,Warszawa,2008Q2,2008,2,20082,secondary,offer,9783.0,False,,Warszawa,II 2008
14,1465000,Warszawa,2008Q3,2008,3,20083,secondary,offer,9679.0,False,,Warszawa,III 2008
14,1465000,Warszawa,2008Q4,2008,4,20084,secondary,offer,10196.0,False,,Warszawa,IV 2008
14,1465000,Warszawa,2009Q1,2009,1,20091,secondary,offer,9626.0,False,,Warszawa,I 2009
14,1465000,Warszawa,2009Q2,2009,2,20092,secondary,offer,10133.0,False,,Warszawa,II 2009
14,1465000,Warszawa,2009Q3,2009,3,20093,secondary,offer,9705.240248,False,,Warszawa,III 2009
14,1465000,Warszawa,2009Q4,2009,4,20094,secondary,offer,9671.304386,False,,Warszawa,IV 2009
14,1465000,Warszawa,2010Q1,2010,1,20101,secondary,offer,9901.01497944703,False,,Warszawa,I 2010
14,1465000,Warszawa,2010Q2,2010,2,20102,secondary,offer,9982.0145175797,False,,Warszawa,II 2010
14,1465000,Warszawa,2010Q3,2010,3,20103,secondary,offer,9787.59292002933,False,,Warszawa,III 2010
14,1465000,Warszawa,2010Q4,2010,4,20104,secondary,offer,9766.83790313,False,,Warszawa,IV 2010
14,1465000,Warszawa,2011Q1,2011,1,20111,secondary,offer,9706.0,False,,Warszawa,I 2011
14,1465000,Warszawa,2011Q2,2011,2,20112,secondary,offer,9471.754326169505,False,,Warszawa,II 2011
14,1465000,Warszawa,2011Q3,2011,3,20113,secondary,offer,9396.573437376486,False,,Warszawa,III 2011
14,1465000,Warszawa,2011Q4,2011,4,20114,secondary,offer,9363.302479754386,False,,Warszawa,IV 2011
14,1465000,Warszawa,2012Q1,2012,1,20121,secondary,offer,9110.86157112009,False,,Warszawa,I 2012
14,1465000,Warszawa,2012Q2,2012,2,20122,secondary,offer,9035.278112738511,False,,Warszawa,II 2012
14,1465000,Warszawa,2012Q3,2012,3,20123,secondary,offer,8899.903618962342,False,,Warszawa,III 2012
14,1465000,Warszawa,2012Q4,2012,4,20124,secondary,offer,8767.548407393999,False,,Warszawa,IV 2012
14,1465000,Warszawa,2013Q1,2013,1,20131,secondary,offer,8606.018176741882,False,,Warszawa,I 2013
14,1465000,Warszawa,2013Q2,2013,2,20132,secondary,offer,8637.967322006196,False,,Warszawa,II 2013
14,1465000,Warszawa,2013Q3,2013,3,20133,secondary,offer,8544.233966365282,False,,Warszawa,III 2013
14,1465000,Warszawa,2013Q4,2013,4,20134,secondary,offer,8626.6287820258,False,,Warszawa,IV 2013
14,1465000,Warszawa,2014Q1,2014,1,20141,secondary,offer,8622.175842511453,False,,Warszawa,I 2014
14,1465000,Warszawa,2014Q2,2014,2,20142,secondary,offer,8690.682868241413,False,,Warszawa,II 2014
14,1465000,Warszawa,2014Q3,2014,3,20143,secondary,offer,8625.77618029289,False,,Warszawa,III 2014
14,1465000,Warszawa,2014Q4,2014,4,20144,secondary,offer,8635.845659599665,False,,Warszawa,IV 2014
14,1465000,Warszawa,2015Q1,2015,1,20151,secondary,offer,8607.919481178302,False,,Warszawa,I 2015
14,1465000,Warszawa,2015Q2,2015,2,20152,secondary,offer,8552.515045104554,False,,Warszawa,II 2015
14,1465000,Warszawa,2015Q3,2015,3,20153,secondary,offer,8565.026499686224,False,,Warszawa,III 2015
14,1465000,Warszawa,2015Q4,2015,4,20154,secondary,offer,8655.338126026956,False,,Warszawa,IV 2015
14,1465000,Warszawa,2016Q1,2016,1,20161,secondary,offer,8657.874,False,,Warszawa,I 2016
14,1465000,Warszawa,2016Q2,2016,2,20162,secondary,offer,8720.91184227978,False,,Warszawa,II 2016
14,1465000,Warszawa,2016Q3,2016,3,20163,secondary,offer,8777.94134326238,False,,Warszawa,III 2016
14,1465000,Warszawa,2016Q4,2016,4,20164,secondary,offer,8708.571517103286,False,,Warszawa,IV 2016
14,1465000,Warszawa,2017Q1,2017,1,20171,secondary,offer,8815.734,False,,Warszawa,I 2017
14,1465000,Warszawa,2017Q2,2017,2,20172,secondary,offer,8884.968,False,,Warszawa,II 2017
14,1465000,Warszawa,2017Q3,2017,3,20173,secondary,offer,9008.711,False,,Warszawa,III 2017
14,1465000,Warszawa,2017Q4,2017,4,20174,secondary,offer,9235.344,False,,Warszawa,IV 2017
14,1465000,Warszawa,2018Q1,2018,1,20181,secondary,offer,9346.346762872223,False,,Warszawa,I 2018
14,1465000,Warszawa,2018Q2,2018,2,20182,secondary,offer,9346.99535051135,False,,Warszawa,II 2018
14,1465000,Warszawa,2018Q3,2018,3,20183,secondary,offer,9611.981281078442,False,,Warszawa,III 2018
14,1465000,Warszawa,2018Q4,2018,4,20184,secondary,offer,10277.193567202436,False,,Warszawa,IV 2018
14,1465000,Warszawa,2019Q1,2019,1,20191,secondary,offer,10287.431170226699,False,,Warszawa,I 2019
14,1465000,Warszawa,2019Q2,2019,2,20192,secondary,offer,10575.006468633303,False,,Warszawa,II 2019
14,1465000,Warszawa,2019Q3,2019,3,20193,secondary,offer,10815.526467682988,False,,Warszawa,III 2019
14,1465000,Warszawa,2019Q4,2019,4,20194,secondary,offer,11191.651752457916,False,,Warszawa,IV 2019
14,1465000,Warszawa,2020Q1,2020,1,20201,secondary,offer,11655.766814645853,False,,Warszawa,I 2020
14,1465000,Warszawa,2020Q2,2020,2,20202,secondary,offer,11520.582685134947,False,,Warszawa,II 2020
14,1465000,Warszawa,2020Q3,2020,3,20203,secondary,offer,11713.086915500175,False,,Warszawa,III 2020
14,1465000,Warszawa,2020Q4,2020,4,20204,secondary,offer,11892.844515624553,False,,Warszawa,IV 2020
14,1465000,Warszawa,2021Q1,2021,1,20211,secondary,offer,12221.144784023405,False,,Warszawa,I 2021
14,1465000,Warszawa,2021Q2,2021,2,20212,secondary,offer,12462.70841146113,False,,Warszawa,II 2021
14,1465000,Warszawa,2021Q3,2021,3,20213,secondary,offer,12953.032778756067,False,,Warszawa,III 2021
14,1465000,Warszawa,2021Q4,2021,4,20214,secondary,offer,13304.971272596937,False,,Warszawa,IV 2021
14,1465000,Warszawa,2022Q1,2022,1,20221,secondary,offer,13365.56900518808,False,,Warszawa,I 2022
14,1465000,Warszawa,2022Q2,2022,2,20222,secondary,offer,14076.43183891683,False,,Warszawa,II 2022
14,1465000,Warszawa,2022Q3,2022,3,20223,secondary,offer,13483.729526723915,False,,Warszawa,III 2022
14,1465000,Warszawa,2022Q4,2022,4,20224,secondary,offer,13499.166865823592,False,,Warszawa,IV 2022
14,1465000,Warszawa,2023Q1,2023,1,20231,secondary,offer,13829.752729174183,False,,Warszawa,I 2023
14,1465000,Warszawa,2023Q2,2023,2,20232,secondary,offer,14276.713227594568,False,,Warszawa,II 2023
14,1465000,Warszawa,2023Q3,2023,3,20233,secondary,offer,14952.525192888794,False,,Warszawa,III 2023
14,1465000,Warszawa,2023Q4,2023,4,20234,secondary,offer,16659.64584029637,False,,Warszawa,IV 2023
14,1465000,Warszawa,2024Q1,2024,1,20241,secondary,offer,17586.269086801953,False,,Warszawa,I 2024
14,1465000,Warszawa,2024Q2,2024,2,20242,secondary,offer,18674.587199951875,False,,Warszawa,II 2024
14,1465000,Warszawa,2024Q3,2024,3,20243,secondary,offer,18709.21206847825,False,,Warszawa,III 2024
14,1465000,Warszawa,2024Q4,2024,4,20244,secondary,offer,18674.82804827813,False,,Warszawa,IV 2024
14,1465000,Warszawa,2025Q1,2025,1,20251,secondary,offer,18493.228975321952,False,,Warszawa,I 2025
14,1465000,Warszawa,2025Q2,2025,2,20252,secondary,offer,18392.968636516496,False,,Warszawa,II 2025
14,1465000,Warszawa,2025Q3,2025,3,20253,secondary,offer,19093.825136055526,False,,Warszawa,III 2025
14,1465000,Warszawa,2025Q4,2025,4,20254,secondary,offer,18892.239634368067,False,,Warszawa,IV 2025
14,1465000,Warszawa,2026Q1,2026,1,20261,secondary,offer,18914.319348601355,False,,Warszawa,I 2026
14,1465000,Warszawa,2026Q2,2026,2,20262,secondary,offer,19059.4541075329,False,,Warszawa,II 2026
15,0264000,Wrocław,2006Q3,2006,3,20063,secondary,offer,5260.765306122449,False,,Wrocław,III 2006
15,0264000,Wrocław,2006Q4,2006,4,20064,secondary,offer,5856.744292237443,False,,Wrocław,IV 2006
15,0264000,Wrocław,2007Q1,2007,1,20071,secondary,offer,6746.537634408603,False,,Wrocław,I 2007
15,0264000,Wrocław,2007Q2,2007,2,20072,secondary,offer,7038.0897009966775,False,,Wrocław,II 2007
15,0264000,Wrocław,2007Q3,2007,3,20073,secondary,offer,7193.976539589443,False,,Wrocław,III 2007
15,0264000,Wrocław,2007Q4,2007,4,20074,secondary,offer,7265.657320872274,False,,Wrocław,IV 2007
15,0264000,Wrocław,2008Q1,2008,1,20081,secondary,offer,7138.062189054726,False,,Wrocław,I 2008
15,0264000,Wrocław,2008Q2,2008,2,20082,secondary,offer,7158.820809248555,False,,Wrocław,II 2008
15,0264000,Wrocław,2008Q3,2008,3,20083,secondary,offer,6921.93625498008,False,,Wrocław,III 2008
15,0264000,Wrocław,2008Q4,2008,4,20084,secondary,offer,6859.448343079922,False,,Wrocław,IV 2008
15,0264000,Wrocław,2009Q1,2009,1,20091,secondary,offer,6784.571428571428,False,,Wrocław,I 2009
15,0264000,Wrocław,2009Q2,2009,2,20092,secondary,offer,6748.864806866953,False,,Wrocław,II 2009
15,0264000,Wrocław,2009Q3,2009,3,20093,secondary,offer,6841.82338902148,False,,Wrocław,III 2009
15,0264000,Wrocław,2009Q4,2009,4,20094,secondary,offer,6757.758152173913,False,,Wrocław,IV 2009
15,0264000,Wrocław,2010Q1,2010,1,20101,secondary,offer,6725.0,False,,Wrocław,I 2010
15,0264000,Wrocław,2010Q2,2010,2,20102,secondary,offer,6678.0,False,,Wrocław,II 2010
15,0264000,Wrocław,2010Q3,2010,3,20103,secondary,offer,6562.0,False,,Wrocław,III 2010
15,0264000,Wrocław,2010Q4,2010,4,20104,secondary,offer,6602.0,False,,Wrocław,IV 2010
15,0264000,Wrocław,2011Q1,2011,1,20111,secondary,offer,6576.0,False,,Wrocław,I 2011
15,0264000,Wrocław,2011Q2,2011,2,20112,secondary,offer,6582.0,False,,Wrocław,II 2011
15,0264000,Wrocław,2011Q3,2011,3,20113,secondary,offer,6541.0,False,,Wrocław,III 2011
15,0264000,Wrocław,2011Q4,2011,4,20114,secondary,offer,6397.0,False,,Wrocław,IV 2011
15,0264000,Wrocław,2012Q1,2012,1,20121,secondary,offer,6367.0,False,,Wrocław,I 2012
15,0264000,Wrocław,2012Q2,2012,2,20122,secondary,offer,6307.0,False,,Wrocław,II 2012
15,0264000,Wrocław,2012Q3,2012,3,20123,secondary,offer,6182.0,False,,Wrocław,III 2012
15,0264000,Wrocław,2012Q4,2012,4,20124,secondary,offer,6100.0,False,,Wrocław,IV 2012
15,0264000,Wrocław,2013Q1,2013,1,20131,secondary,offer,5959.0,False,,Wrocław,I 2013
15,0264000,Wrocław,2013Q2,2013,2,20132,secondary,offer,5986.0,False,,Wrocław,II 2013
15,0264000,Wrocław,2013Q3,2013,3,20133,secondary,offer,5984.0,False,,Wrocław,III 2013
15,0264000,Wrocław,2013Q4,2013,4,20134,secondary,offer,6098.0,False,,Wrocław,IV 2013
15,0264000,Wrocław,2014Q1,2014,1,20141,secondary,offer,6096.0,False,,Wrocław,I 2014
15,0264000,Wrocław,2014Q2,2014,2,20142,secondary,offer,5899.0,False,,Wrocław,II 2014
15,0264000,Wrocław,2014Q3,2014,3,20143,secondary,offer,5980.0,False,,Wrocław,III 2014
15,0264000,Wrocław,2014Q4,2014,4,20144,secondary,offer,6017.0,False,,Wrocław,IV 2014
15,0264000,Wrocław,2015Q1,2015,1,20151,secondary,offer,5901.0,False,,Wrocław,I 2015
15,0264000,Wrocław,2015Q2,2015,2,20152,secondary,offer,5812.0,False,,Wrocław,II 2015
15,0264000,Wrocław,2015Q3,2015,3,20153,secondary,offer,5930.0,False,,Wrocław,III 2015
15,0264000,Wrocław,2015Q4,2015,4,20154,secondary,offer,5914.0,False,,Wrocław,IV 2015
15,0264000,Wrocław,2016Q1,2016,1,20161,secondary,offer,5951.0,False,,Wrocław,I 2016
15,0264000,Wrocław,2016Q2,2016,2,20162,secondary,offer,5984.0,False,,Wrocław,II 2016
15,0264000,Wrocław,2016Q3,2016,3,20163,secondary,offer,6062.0,False,,Wrocław,III 2016
15,0264000,Wrocław,2016Q4,2016,4,20164,secondary,offer,6165.0,False,,Wrocław,IV 2016
15,0264000,Wrocław,2017Q1,2017,1,20171,secondary,offer,6253.0,False,,Wrocław,I 2017
15,0264000,Wrocław,2017Q2,2017,2,20172,secondary,offer,6267.0,False,,Wrocław,II 2017
15,0264000,Wrocław,2017Q3,2017,3,20173,secondary,offer,6293.0,False,,Wrocław,III 2017
15,0264000,Wrocław,2017Q4,2017,4,20174,secondary,offer,6365.474748742184,False,,Wrocław,IV 2017
15,0264000,Wrocław,2018Q1,2018,1,20181,secondary,offer,6422.746129247972,False,,Wrocław,I 2018
15,0264000,Wrocław,2018Q2,2018,2,20182,secondary,offer,6485.0,False,,Wrocław,II 2018
15,0264000,Wrocław,2018Q3,2018,3,20183,secondary,offer,6491.0,False,,Wrocław,III 2018
15,0264000,Wrocław,2018Q4,2018,4,20184,secondary,offer,6571.0,False,,Wrocław,IV 2018
15,0264000,Wrocław,2019Q1,2019,1,20191,secondary,offer,7339.0,False,,Wrocław,I 2019
15,0264000,Wrocław,2019Q2,2019,2,20192,secondary,offer,7441.0,False,,Wrocław,II 2019
15,0264000,Wrocław,2019Q3,2019,3,20193,secondary,offer,7572.0,False,,Wrocław,III 2019
15,0264000,Wrocław,2019Q4,2019,4,20194,secondary,offer,7720.0,False,,Wrocław,IV 2019
15,0264000,Wrocław,2020Q1,2020,1,20201,secondary,offer,8158.142595353229,False,,Wrocław,I 2020
15,0264000,Wrocław,2020Q2,2020,2,20202,secondary,offer,8024.04903557462,False,,Wrocław,II 2020
15,0264000,Wrocław,2020Q3,2020,3,20203,secondary,offer,8303.184617515917,False,,Wrocław,III 2020
15,0264000,Wrocław,2020Q4,2020,4,20204,secondary,offer,8596.578298914239,False,,Wrocław,IV 2020
15,0264000,Wrocław,2021Q1,2021,1,20211,secondary,offer,8715.20821224737,False,,Wrocław,I 2021
15,0264000,Wrocław,2021Q2,2021,2,20212,secondary,offer,8981.956215057331,False,,Wrocław,II 2021
15,0264000,Wrocław,2021Q3,2021,3,20213,secondary,offer,9159.815685043603,False,,Wrocław,III 2021
15,0264000,Wrocław,2021Q4,2021,4,20214,secondary,offer,9326.695272553552,False,,Wrocław,IV 2021
15,0264000,Wrocław,2022Q1,2022,1,20221,secondary,offer,10074.836874008533,False,,Wrocław,I 2022
15,0264000,Wrocław,2022Q2,2022,2,20222,secondary,offer,10452.983956958175,False,,Wrocław,II 2022
15,0264000,Wrocław,2022Q3,2022,3,20223,secondary,offer,10591.170883164925,False,,Wrocław,III 2022
15,0264000,Wrocław,2022Q4,2022,4,20224,secondary,offer,10671.629276618005,False,,Wrocław,IV 2022
15,0264000,Wrocław,2023Q1,2023,1,20231,secondary,offer,10978.291193126823,False,,Wrocław,I 2023
15,0264000,Wrocław,2023Q2,2023,2,20232,secondary,offer,11295.599926858897,False,,Wrocław,II 2023
15,0264000,Wrocław,2023Q3,2023,3,20233,secondary,offer,12090.288331434045,False,,Wrocław,III 2023
15,0264000,Wrocław,2023Q4,2023,4,20234,secondary,offer,12808.91800829624,False,,Wrocław,IV 2023
15,0264000,Wrocław,2024Q1,2024,1,20241,secondary,offer,13226.394716530147,False,,Wrocław,I 2024
15,0264000,Wrocław,2024Q2,2024,2,20242,secondary,offer,13677.538199491808,False,,Wrocław,II 2024
15,0264000,Wrocław,2024Q3,2024,3,20243,secondary,offer,13789.62181682627,False,,Wrocław,III 2024
15,0264000,Wrocław,2024Q4,2024,4,20244,secondary,offer,13707.641548180587,False,,Wrocław,IV 2024
15,0264000,Wrocław,2025Q1,2025,1,20251,secondary,offer,13752.515272399705,False,,Wrocław,I 2025
15,0264000,Wrocław,2025Q2,2025,2,20252,secondary,offer,13560.918770932294,False,,Wrocław,II 2025
15,0264000,Wrocław,2025Q3,2025,3,20253,secondary,offer,13598.845928353536,False,,Wrocław,III 2025
15,0264000,Wrocław,2025Q4,2025,4,20254,secondary,offer,13551.891340178921,False,,Wrocław,IV 2025
15,0264000,Wrocław,2026Q1,2026,1,20261,secondary,offer,13546.674669608397,False,,Wrocław,I 2026
15,0264000,Wrocław,2026Q2,2026,2,20262,secondary,offer,13528.753919710753,False,,Wrocław,II 2026
16,0862000,Zielona Góra,2006Q3,2006,3,20063,secondary,offer,2136.7541492349337,False,,Zielona Góra,III 2006
16,0862000,Zielona Góra,2006Q4,2006,4,20064,secondary,offer,2384.1104245346705,False,,Zielona Góra,IV 2006
16,0862000,Zielona Góra,2007Q1,2007,1,20071,secondary,offer,2993.461129102767,False,,Zielona Góra,I 2007
16,0862000,Zielona Góra,2007Q2,2007,2,20072,secondary,offer,3199.2503776255476,False,,Zielona Góra,II 2007
16,0862000,Zielona Góra,2007Q3,2007,3,20073,secondary,offer,3565.479913014167,False,,Zielona Góra,III 2007
16,0862000,Zielona Góra,2007Q4,2007,4,20074,secondary,offer,3441.1502458352306,False,,Zielona Góra,IV 2007
16,0862000,Zielona Góra,2008Q1,2008,1,20081,secondary,offer,3416.9053118626834,False,,Zielona Góra,I 2008
16,0862000,Zielona Góra,2008Q2,2008,2,20082,secondary,offer,3489.976527274866,False,,Zielona Góra,II 2008
16,0862000,Zielona Góra,2008Q3,2008,3,20083,secondary,offer,3505.571237748213,False,,Zielona Góra,III 2008
16,0862000,Zielona Góra,2008Q4,2008,4,20084,secondary,offer,3487.5363995886237,False,,Zielona Góra,IV 2008
16,0862000,Zielona Góra,2009Q1,2009,1,20091,secondary,offer,3430.3156356210943,False,,Zielona Góra,I 2009
16,0862000,Zielona Góra,2009Q2,2009,2,20092,secondary,offer,3364.635027550223,False,,Zielona Góra,II 2009
16,0862000,Zielona Góra,2009Q3,2009,3,20093,secondary,offer,3347.0,False,,Zielona Góra,III 2009
16,0862000,Zielona Góra,2009Q4,2009,4,20094,secondary,offer,3331.0,False,,Zielona Góra,IV 2009
16,0862000,Zielona Góra,2010Q1,2010,1,20101,secondary,offer,3402.0,False,,Zielona Góra,I 2010
16,0862000,Zielona Góra,2010Q2,2010,2,20102,secondary,offer,3332.0,False,,Zielona Góra,II 2010
16,0862000,Zielona Góra,2010Q3,2010,3,20103,secondary,offer,3388.0,False,,Zielona Góra,III 2010
16,0862000,Zielona Góra,2010Q4,2010,4,20104,secondary,offer,3507.0,False,,Zielona Góra,IV 2010
16,0862000,Zielona Góra,2011Q1,2011,1,20111,secondary,offer,3579.0,False,,Zielona Góra,I 2011
16,0862000,Zielona Góra,2011Q2,2011,2,20112,secondary,offer,3522.0,False,,Zielona Góra,II 2011
16,0862000,Zielona Góra,2011Q3,2011,3,20113,secondary,offer,3511.0,False,,Zielona Góra,III 2011
16,0862000,Zielona Góra,2011Q4,2011,4,20114,secondary,offer,3555.0,False,,Zielona Góra,IV 2011
16,0862000,Zielona Góra,2012Q1,2012,1,20121,secondary,offer,3570.0,False,,Zielona Góra,I 2012
16,0862000,Zielona Góra,2012Q2,2012,2,20122,secondary,offer,3621.0,False,,Zielona Góra,II 2012
16,0862000,Zielona Góra,2012Q3,2012,3,20123,secondary,offer,3493.0,False,,Zielona Góra,III 2012
16,0862000,Zielona Góra,2012Q4,2012,4,20124,secondary,offer,3504.0,False,,Zielona Góra,IV 2012
16,0862000,Zielona Góra,2013Q1,2013,1,20131,secondary,offer,3533.0,False,,Zielona Góra,I 2013
16,0862000,Zielona Góra,2013Q2,2013,2,20132,secondary,offer,3485.0,False,,Zielona Góra,II 2013
16,0862000,Zielona Góra,2013Q3,2013,3,20133,secondary,offer,3516.0,False,,Zielona Góra,III 2013
16,0862000,Zielona Góra,2013Q4,2013,4,20134,secondary,offer,3447.0,False,,Zielona Góra,IV 2013
16,0862000,Zielona Góra,2014Q1,2014,1,20141,secondary,offer,3473.0,False,,Zielona Góra,I 2014
16,0862000,Zielona Góra,2014Q2,2014,2,20142,secondary,offer,3459.0,False,,Zielona Góra,II 2014
16,0862000,Zielona Góra,2014Q3,2014,3,20143,secondary,offer,3429.0,False,,Zielona Góra,III 2014
16,0862000,Zielona Góra,2014Q4,2014,4,20144,secondary,offer,3509.0,False,,Zielona Góra,IV 2014
16,0862000,Zielona Góra,2015Q1,2015,1,20151,secondary,offer,3480.0,False,,Zielona Góra,I 2015
16,0862000,Zielona Góra,2015Q2,2015,2,20152,secondary,offer,3443.0,False,,Zielona Góra,II 2015
16,0862000,Zielona Góra,2015Q3,2015,3,20153,secondary,offer,3421.0,False,,Zielona Góra,III 2015
16,0862000,Zielona Góra,2015Q4,2015,4,20154,secondary,offer,3439.0,False,,Zielona Góra,IV 2015
16,0862000,Zielona Góra,2016Q1,2016,1,20161,secondary,offer,3447.0,False,,Zielona Góra,I 2016
16,0862000,Zielona Góra,2016Q2,2016,2,20162,secondary,offer,3500.0,False,,Zielona Góra,II 2016
16,0862000,Zielona Góra,2016Q3,2016,3,20163,secondary,offer,3526.0,False,,Zielona Góra,III 2016
16,0862000,Zielona Góra,2016Q4,2016,4,20164,secondary,offer,3599.0,False,,Zielona Góra,IV 2016
16,0862000,Zielona Góra,2017Q1,2017,1,20171,secondary,offer,3596.0,False,,Zielona Góra,I 2017
16,0862000,Zielona Góra,2017Q2,2017,2,20172,secondary,offer,3599.0,False,,Zielona Góra,II 2017
16,0862000,Zielona Góra,2017Q3,2017,3,20173,secondary,offer,3617.0,False,,Zielona Góra,III 2017
16,0862000,Zielona Góra,2017Q4,2017,4,20174,secondary,offer,3686.0,False,,Zielona Góra,IV 2017
16,0862000,Zielona Góra,2018Q1,2018,1,20181,secondary,offer,3757.0,False,,Zielona Góra,I 2018
16,0862000,Zielona Góra,2018Q2,2018,2,20182,secondary,offer,3827.0,False,,Zielona Góra,II 2018
16,0862000,Zielona Góra,2018Q3,2018,3,20183,secondary,offer,3903.0,False,,Zielona Góra,III 2018
16,0862000,Zielona Góra,2018Q4,2018,4,20184,secondary,offer,4311.0,False,,Zielona Góra,IV 2018
16,0862000,Zielona Góra,2019Q1,2019,1,20191,secondary,offer,4285.0,False,,Zielona Góra,I 2019
16,0862000,Zielona Góra,2019Q2,2019,2,20192,secondary,offer,4486.0,False,,Zielona Góra,II 2019
16,0862000,Zielona Góra,2019Q3,2019,3,20193,secondary,offer,4721.0,False,,Zielona Góra,III 2019
16,0862000,Zielona Góra,2019Q4,2019,4,20194,secondary,offer,4899.0,False,,Zielona Góra,IV 2019
16,0862000,Zielona Góra,2020Q1,2020,1,20201,secondary,offer,5099.861606308833,False,,Zielona Góra,I 2020
16,0862000,Zielona Góra,2020Q2,2020,2,20202,secondary,offer,5130.094030321197,False,,Zielona Góra,II 2020
16,0862000,Zielona Góra,2020Q3,2020,3,20203,secondary,offer,5232.095313349099,False,,Zielona Góra,III 2020
16,0862000,Zielona Góra,2020Q4,2020,4,20204,secondary,offer,5294.955189220334,False,,Zielona Góra,IV 2020
16,0862000,Zielona Góra,2021Q1,2021,1,20211,secondary,offer,5557.797279001875,False,,Zielona Góra,I 2021
16,0862000,Zielona Góra,2021Q2,2021,2,20212,secondary,offer,5739.431743603306,False,,Zielona Góra,II 2021
16,0862000,Zielona Góra,2021Q3,2021,3,20213,secondary,offer,5962.9977287589045,False,,Zielona Góra,III 2021
16,0862000,Zielona Góra,2021Q4,2021,4,20214,secondary,offer,6456.317939085032,False,,Zielona Góra,IV 2021
16,0862000,Zielona Góra,2022Q1,2022,1,20221,secondary,offer,6882.7203366211015,False,,Zielona Góra,I 2022
16,0862000,Zielona Góra,2022Q2,2022,2,20222,secondary,offer,7170.302873832795,False,,Zielona Góra,II 2022
16,0862000,Zielona Góra,2022Q3,2022,3,20223,secondary,offer,7047.747703423344,False,,Zielona Góra,III 2022
16,0862000,Zielona Góra,2022Q4,2022,4,20224,secondary,offer,7094.972603481908,False,,Zielona Góra,IV 2022
16,0862000,Zielona Góra,2023Q1,2023,1,20231,secondary,offer,7200.341200670447,False,,Zielona Góra,I 2023
16,0862000,Zielona Góra,2023Q2,2023,2,20232,secondary,offer,7259.952490945512,False,,Zielona Góra,II 2023
16,0862000,Zielona Góra,2023Q3,2023,3,20233,secondary,offer,7283.6836919829675,False,,Zielona Góra,III 2023
16,0862000,Zielona Góra,2023Q4,2023,4,20234,secondary,offer,7572.704919145153,False,,Zielona Góra,IV 2023
16,0862000,Zielona Góra,2024Q1,2024,1,20241,secondary,offer,8197.945078016372,False,,Zielona Góra,I 2024
16,0862000,Zielona Góra,2024Q2,2024,2,20242,secondary,offer,8457.822562114532,False,,Zielona Góra,II 2024
16,0862000,Zielona Góra,2024Q3,2024,3,20243,secondary,offer,8418.378526669818,False,,Zielona Góra,III 2024
16,0862000,Zielona Góra,2024Q4,2024,4,20244,secondary,offer,8604.174076059044,False,,Zielona Góra,IV 2024
16,0862000,Zielona Góra,2025Q1,2025,1,20251,secondary,offer,8791.217222986648,False,,Zielona Góra,I 2025
16,0862000,Zielona Góra,2025Q2,2025,2,20252,secondary,offer,8790.413973551023,False,,Zielona Góra,II 2025
16,0862000,Zielona Góra,2025Q3,2025,3,20253,secondary,offer,8740.917041823082,False,,Zielona Góra,III 2025
16,0862000,Zielona Góra,2025Q4,2025,4,20254,secondary,offer,8838.511360190761,False,,Zielona Góra,IV 2025
16,0862000,Zielona Góra,2026Q1,2026,1,20261,secondary,offer,9071.203535005461,False,,Zielona Góra,I 2026
16,0862000,Zielona Góra,2026Q2,2026,2,20262,secondary,offer,9183.309383241876,False,,Zielona Góra,II 2026
1,2061000,Białystok,2006Q3,2006,3,20063,secondary,transaction,2464.11622803152,False,,Białystok,III 2006
1,2061000,Białystok,2006Q4,2006,4,20064,secondary,transaction,2922.1043767090023,False,,Białystok,IV 2006
1,2061000,Białystok,2007Q1,2007,1,20071,secondary,transaction,3377.392736626213,False,,Białystok,I 2007
1,2061000,Białystok,2007Q2,2007,2,20072,secondary,transaction,3950.2648012243367,False,,Białystok,II 2007
1,2061000,Białystok,2007Q3,2007,3,20073,secondary,transaction,4335.610142321681,False,,Białystok,III 2007
1,2061000,Białystok,2007Q4,2007,4,20074,secondary,transaction,4455.363788397997,False,,Białystok,IV 2007
1,2061000,Białystok,2008Q1,2008,1,20081,secondary,transaction,4379.684789076857,False,,Białystok,I 2008
1,2061000,Białystok,2008Q2,2008,2,20082,secondary,transaction,4526.399950097908,False,,Białystok,II 2008
1,2061000,Białystok,2008Q3,2008,3,20083,secondary,transaction,4442.9662230106815,False,,Białystok,III 2008
1,2061000,Białystok,2008Q4,2008,4,20084,secondary,transaction,4292.986110763537,False,,Białystok,IV 2008
1,2061000,Białystok,2009Q1,2009,1,20091,secondary,transaction,4023.703837753915,False,,Białystok,I 2009
1,2061000,Białystok,2009Q2,2009,2,20092,secondary,transaction,4049.6452680858506,False,,Białystok,II 2009
1,2061000,Białystok,2009Q3,2009,3,20093,secondary,transaction,4103.021368667856,False,,Białystok,III 2009
1,2061000,Białystok,2009Q4,2009,4,20094,secondary,transaction,3996.9327749636373,False,,Białystok,IV 2009
1,2061000,Białystok,2010Q1,2010,1,20101,secondary,transaction,4070.727391278432,False,,Białystok,I 2010
1,2061000,Białystok,2010Q2,2010,2,20102,secondary,transaction,4161.316866147909,False,,Białystok,II 2010
1,2061000,Białystok,2010Q3,2010,3,20103,secondary,transaction,4176.86638412177,False,,Białystok,III 2010
1,2061000,Białystok,2010Q4,2010,4,20104,secondary,transaction,4194.753527896544,False,,Białystok,IV 2010
1,2061000,Białystok,2011Q1,2011,1,20111,secondary,transaction,4395.782563942546,False,,Białystok,I 2011
1,2061000,Białystok,2011Q2,2011,2,20112,secondary,transaction,4382.809869378889,False,,Białystok,II 2011
1,2061000,Białystok,2011Q3,2011,3,20113,secondary,transaction,4190.06428424529,False,,Białystok,III 2011
1,2061000,Białystok,2011Q4,2011,4,20114,secondary,transaction,4265.588416783881,False,,Białystok,IV 2011
1,2061000,Białystok,2012Q1,2012,1,20121,secondary,transaction,4241.59686252106,False,,Białystok,I 2012
1,2061000,Białystok,2012Q2,2012,2,20122,secondary,transaction,4044.696651355268,False,,Białystok,II 2012
1,2061000,Białystok,2012Q3,2012,3,20123,secondary,transaction,4048.508777335696,False,,Białystok,III 2012
1,2061000,Białystok,2012Q4,2012,4,20124,secondary,transaction,3866.736481131282,False,,Białystok,IV 2012
1,2061000,Białystok,2013Q1,2013,1,20131,secondary,transaction,3927.1562353989257,False,,Białystok,I 2013
1,2061000,Białystok,2013Q2,2013,2,20132,secondary,transaction,3922.037151562348,False,,Białystok,II 2013
1,2061000,Białystok,2013Q3,2013,3,20133,secondary,transaction,3873.4013559839746,False,,Białystok,III 2013
1,2061000,Białystok,2013Q4,2013,4,20134,secondary,transaction,3880.575495251343,False,,Białystok,IV 2013
1,2061000,Białystok,2014Q1,2014,1,20141,secondary,transaction,3905.89049982654,False,,Białystok,I 2014
1,2061000,Białystok,2014Q2,2014,2,20142,secondary,transaction,3956.472822494283,False,,Białystok,II 2014
1,2061000,Białystok,2014Q3,2014,3,20143,secondary,transaction,3949.0669133213014,False,,Białystok,III 2014
1,2061000,Białystok,2014Q4,2014,4,20144,secondary,transaction,3930.4342151845535,False,,Białystok,IV 2014
1,2061000,Białystok,2015Q1,2015,1,20151,secondary,transaction,3882.78648117988,False,,Białystok,I 2015
1,2061000,Białystok,2015Q2,2015,2,20152,secondary,transaction,3966.2536332402606,False,,Białystok,II 2015
1,2061000,Białystok,2015Q3,2015,3,20153,secondary,transaction,3960.8694994459715,False,,Białystok,III 2015
1,2061000,Białystok,2015Q4,2015,4,20154,secondary,transaction,3902.2771942580293,False,,Białystok,IV 2015
1,2061000,Białystok,2016Q1,2016,1,20161,secondary,transaction,3945.7599518246075,False,,Białystok,I 2016
1,2061000,Białystok,2016Q2,2016,2,20162,secondary,transaction,3978.8575885126943,False,,Białystok,II 2016
1,2061000,Białystok,2016Q3,2016,3,20163,secondary,transaction,3963.720365268398,False,,Białystok,III 2016
1,2061000,Białystok,2016Q4,2016,4,20164,secondary,transaction,4071.647273957305,False,,Białystok,IV 2016
1,2061000,Białystok,2017Q1,2017,1,20171,secondary,transaction,4013.902795672794,False,,Białystok,I 2017
1,2061000,Białystok,2017Q2,2017,2,20172,secondary,transaction,4092.3758378880525,False,,Białystok,II 2017
1,2061000,Białystok,2017Q3,2017,3,20173,secondary,transaction,4070.447535086876,False,,Białystok,III 2017
1,2061000,Białystok,2017Q4,2017,4,20174,secondary,transaction,4245.281940600179,False,,Białystok,IV 2017
1,2061000,Białystok,2018Q1,2018,1,20181,secondary,transaction,4288.246063726333,False,,Białystok,I 2018
1,2061000,Białystok,2018Q2,2018,2,20182,secondary,transaction,4504.169127331147,False,,Białystok,II 2018
1,2061000,Białystok,2018Q3,2018,3,20183,secondary,transaction,4664.791977453663,False,,Białystok,III 2018
1,2061000,Białystok,2018Q4,2018,4,20184,secondary,transaction,4750.926339111606,False,,Białystok,IV 2018
1,2061000,Białystok,2019Q1,2019,1,20191,secondary,transaction,4907.032767639019,False,,Białystok,I 2019
1,2061000,Białystok,2019Q2,2019,2,20192,secondary,transaction,5125.173682971177,False,,Białystok,II 2019
1,2061000,Białystok,2019Q3,2019,3,20193,secondary,transaction,5324.237914979771,False,,Białystok,III 2019
1,2061000,Białystok,2019Q4,2019,4,20194,secondary,transaction,5372.533679168149,False,,Białystok,IV 2019
1,2061000,Białystok,2020Q1,2020,1,20201,secondary,transaction,5584.231841900306,False,,Białystok,I 2020
1,2061000,Białystok,2020Q2,2020,2,20202,secondary,transaction,5766.328507848444,False,,Białystok,II 2020
1,2061000,Białystok,2020Q3,2020,3,20203,secondary,transaction,5856.654063979744,False,,Białystok,III 2020
1,2061000,Białystok,2020Q4,2020,4,20204,secondary,transaction,5906.00855171216,False,,Białystok,IV 2020
1,2061000,Białystok,2021Q1,2021,1,20211,secondary,transaction,5991.148485400208,False,,Białystok,I 2021
1,2061000,Białystok,2021Q2,2021,2,20212,secondary,transaction,6206.05423928546,False,,Białystok,II 2021
1,2061000,Białystok,2021Q3,2021,3,20213,secondary,transaction,6356.864338702393,False,,Białystok,III 2021
1,2061000,Białystok,2021Q4,2021,4,20214,secondary,transaction,6611.500842674748,False,,Białystok,IV 2021
1,2061000,Białystok,2022Q1,2022,1,20221,secondary,transaction,6977.3368302095405,False,,Białystok,I 2022
1,2061000,Białystok,2022Q2,2022,2,20222,secondary,transaction,7528.773932358539,False,,Białystok,II 2022
1,2061000,Białystok,2022Q3,2022,3,20223,secondary,transaction,7539.404508482211,False,,Białystok,III 2022
1,2061000,Białystok,2022Q4,2022,4,20224,secondary,transaction,7364.8554079879195,False,,Białystok,IV 2022
1,2061000,Białystok,2023Q1,2023,1,20231,secondary,transaction,7307.892218137222,False,,Białystok,I 2023
1,2061000,Białystok,2023Q2,2023,2,20232,secondary,transaction,7384.942669204018,False,,Białystok,II 2023
1,2061000,Białystok,2023Q3,2023,3,20233,secondary,transaction,7683.96301389715,False,,Białystok,III 2023
1,2061000,Białystok,2023Q4,2023,4,20234,secondary,transaction,7910.108470192573,False,,Białystok,IV 2023
1,2061000,Białystok,2024Q1,2024,1,20241,secondary,transaction,8365.062141371342,False,,Białystok,I 2024
1,2061000,Białystok,2024Q2,2024,2,20242,secondary,transaction,8799.52684700416,False,,Białystok,II 2024
1,2061000,Białystok,2024Q3,2024,3,20243,secondary,transaction,9098.13681661522,False,,Białystok,III 2024
1,2061000,Białystok,2024Q4,2024,4,20244,secondary,transaction,9172.30169942611,False,,Białystok,IV 2024
1,2061000,Białystok,2025Q1,2025,1,20251,secondary,transaction,9577.676132715762,False,,Białystok,I 2025
1,2061000,Białystok,2025Q2,2025,2,20252,secondary,transaction,9419.771090433444,False,,Białystok,II 2025
1,2061000,Białystok,2025Q3,2025,3,20253,secondary,transaction,9548.183910516947,False,,Białystok,III 2025
1,2061000,Białystok,2025Q4,2025,4,20254,secondary,transaction,9371.655206489098,False,,Białystok,IV 2025
1,2061000,Białystok,2026Q1,2026,1,20261,secondary,transaction,9164.672445605576,False,,Białystok,I 2026
1,2061000,Białystok,2026Q2,2026,2,20262,secondary,transaction,9403.131809282215,False,,Białystok,II 2026
2,0461000,Bydgoszcz,2006Q3,2006,3,20063,secondary,transaction,2371.631981372549,False,,Bydgoszcz,III 2006
2,0461000,Bydgoszcz,2006Q4,2006,4,20064,secondary,transaction,2560.446647075211,False,,Bydgoszcz,IV 2006
2,0461000,Bydgoszcz,2007Q1,2007,1,20071,secondary,transaction,3056.2225744927537,False,,Bydgoszcz,I 2007
2,0461000,Bydgoszcz,2007Q2,2007,2,20072,secondary,transaction,3706.4494646496814,False,,Bydgoszcz,II 2007
2,0461000,Bydgoszcz,2007Q3,2007,3,20073,secondary,transaction,3885.921037931033,False,,Bydgoszcz,III 2007
2,0461000,Bydgoszcz,2007Q4,2007,4,20074,secondary,transaction,3888.704021276595,False,,Bydgoszcz,IV 2007
2,0461000,Bydgoszcz,2008Q1,2008,1,20081,secondary,transaction,3750.764279505301,False,,Bydgoszcz,I 2008
2,0461000,Bydgoszcz,2008Q2,2008,2,20082,secondary,transaction,3870.438238557996,False,,Bydgoszcz,II 2008
2,0461000,Bydgoszcz,2008Q3,2008,3,20083,secondary,transaction,3851.2526715346553,False,,Bydgoszcz,III 2008
2,0461000,Bydgoszcz,2008Q4,2008,4,20084,secondary,transaction,3891.553080249996,False,,Bydgoszcz,IV 2008
2,0461000,Bydgoszcz,2009Q1,2009,1,20091,secondary,transaction,3707.4097388461537,False,,Bydgoszcz,I 2009
2,0461000,Bydgoszcz,2009Q2,2009,2,20092,secondary,transaction,3586.6770645077722,False,,Bydgoszcz,II 2009
2,0461000,Bydgoszcz,2009Q3,2009,3,20093,secondary,transaction,3745.6708778723414,False,,Bydgoszcz,III 2009
2,0461000,Bydgoszcz,2009Q4,2009,4,20094,secondary,transaction,3753.716516363636,False,,Bydgoszcz,IV 2009
2,0461000,Bydgoszcz,2010Q1,2010,1,20101,secondary,transaction,3819.294187142862,False,,Bydgoszcz,I 2010
2,0461000,Bydgoszcz,2010Q2,2010,2,20102,secondary,transaction,3808.745806115109,False,,Bydgoszcz,II 2010
2,0461000,Bydgoszcz,2010Q3,2010,3,20103,secondary,transaction,3811.227835239852,False,,Bydgoszcz,III 2010
2,0461000,Bydgoszcz,2010Q4,2010,4,20104,secondary,transaction,3799.2433873860223,False,,Bydgoszcz,IV 2010
2,0461000,Bydgoszcz,2011Q1,2011,1,20111,secondary,transaction,3871.9923441455703,False,,Bydgoszcz,I 2011
2,0461000,Bydgoszcz,2011Q2,2011,2,20112,secondary,transaction,3826.551520668692,False,,Bydgoszcz,II 2011
2,0461000,Bydgoszcz,2011Q3,2011,3,20113,secondary,transaction,3745.883280664658,False,,Bydgoszcz,III 2011
2,0461000,Bydgoszcz,2011Q4,2011,4,20114,secondary,transaction,3654.5933800000016,False,,Bydgoszcz,IV 2011
2,0461000,Bydgoszcz,2012Q1,2012,1,20121,secondary,transaction,3609.943407371793,False,,Bydgoszcz,I 2012
2,0461000,Bydgoszcz,2012Q2,2012,2,20122,secondary,transaction,3590.797537996823,False,,Bydgoszcz,II 2012
2,0461000,Bydgoszcz,2012Q3,2012,3,20123,secondary,transaction,3513.946828393138,False,,Bydgoszcz,III 2012
2,0461000,Bydgoszcz,2012Q4,2012,4,20124,secondary,transaction,3527.672271839998,False,,Bydgoszcz,IV 2012
2,0461000,Bydgoszcz,2013Q1,2013,1,20131,secondary,transaction,3517.461230364965,False,,Bydgoszcz,I 2013
2,0461000,Bydgoszcz,2013Q2,2013,2,20132,secondary,transaction,3449.6630477031804,False,,Bydgoszcz,II 2013
2,0461000,Bydgoszcz,2013Q3,2013,3,20133,secondary,transaction,3510.933111839997,False,,Bydgoszcz,III 2013
2,0461000,Bydgoszcz,2013Q4,2013,4,20134,secondary,transaction,3458.1914111975134,False,,Bydgoszcz,IV 2013
2,0461000,Bydgoszcz,2014Q1,2014,1,20141,secondary,transaction,3393.1359258169923,False,,Bydgoszcz,I 2014
2,0461000,Bydgoszcz,2014Q2,2014,2,20142,secondary,transaction,3460.2974612179505,False,,Bydgoszcz,II 2014
2,0461000,Bydgoszcz,2014Q3,2014,3,20143,secondary,transaction,3488.2689769571643,False,,Bydgoszcz,III 2014
2,0461000,Bydgoszcz,2014Q4,2014,4,20144,secondary,transaction,3476.2122970724217,False,,Bydgoszcz,IV 2014
2,0461000,Bydgoszcz,2015Q1,2015,1,20151,secondary,transaction,3508.7586192675226,False,,Bydgoszcz,I 2015
2,0461000,Bydgoszcz,2015Q2,2015,2,20152,secondary,transaction,3575.734431521737,False,,Bydgoszcz,II 2015
2,0461000,Bydgoszcz,2015Q3,2015,3,20153,secondary,transaction,3592.278633563533,False,,Bydgoszcz,III 2015
2,0461000,Bydgoszcz,2015Q4,2015,4,20154,secondary,transaction,3583.5518513081397,False,,Bydgoszcz,IV 2015
2,0461000,Bydgoszcz,2016Q1,2016,1,20161,secondary,transaction,3577.7778726283063,False,,Bydgoszcz,I 2016
2,0461000,Bydgoszcz,2016Q2,2016,2,20162,secondary,transaction,3720.2844977602103,False,,Bydgoszcz,II 2016
2,0461000,Bydgoszcz,2016Q3,2016,3,20163,secondary,transaction,3738.267207418395,False,,Bydgoszcz,III 2016
2,0461000,Bydgoszcz,2016Q4,2016,4,20164,secondary,transaction,3799.1445835443005,False,,Bydgoszcz,IV 2016
2,0461000,Bydgoszcz,2017Q1,2017,1,20171,secondary,transaction,3773.532600443786,False,,Bydgoszcz,I 2017
2,0461000,Bydgoszcz,2017Q2,2017,2,20172,secondary,transaction,3843.060230219778,False,,Bydgoszcz,II 2017
2,0461000,Bydgoszcz,2017Q3,2017,3,20173,secondary,transaction,4009.204045428151,False,,Bydgoszcz,III 2017
2,0461000,Bydgoszcz,2017Q4,2017,4,20174,secondary,transaction,4060.750021104815,False,,Bydgoszcz,IV 2017
2,0461000,Bydgoszcz,2018Q1,2018,1,20181,secondary,transaction,4091.626794056849,False,,Bydgoszcz,I 2018
2,0461000,Bydgoszcz,2018Q2,2018,2,20182,secondary,transaction,4261.517198905609,False,,Bydgoszcz,II 2018
2,0461000,Bydgoszcz,2018Q3,2018,3,20183,secondary,transaction,4428.350625456921,False,,Bydgoszcz,III 2018
2,0461000,Bydgoszcz,2018Q4,2018,4,20184,secondary,transaction,4563.356386901763,False,,Bydgoszcz,IV 2018
2,0461000,Bydgoszcz,2019Q1,2019,1,20191,secondary,transaction,4687.647710477452,False,,Bydgoszcz,I 2019
2,0461000,Bydgoszcz,2019Q2,2019,2,20192,secondary,transaction,4855.395592248065,False,,Bydgoszcz,II 2019
2,0461000,Bydgoszcz,2019Q3,2019,3,20193,secondary,transaction,5037.491798280093,False,,Bydgoszcz,III 2019
2,0461000,Bydgoszcz,2019Q4,2019,4,20194,secondary,transaction,5105.552968617026,False,,Bydgoszcz,IV 2019
2,0461000,Bydgoszcz,2020Q1,2020,1,20201,secondary,transaction,5267.450622250963,False,,Bydgoszcz,I 2020
2,0461000,Bydgoszcz,2020Q2,2020,2,20202,secondary,transaction,5456.604487908501,False,,Bydgoszcz,II 2020
2,0461000,Bydgoszcz,2020Q3,2020,3,20203,secondary,transaction,5531.850500151742,False,,Bydgoszcz,III 2020
2,0461000,Bydgoszcz,2020Q4,2020,4,20204,secondary,transaction,5559.129531592684,False,,Bydgoszcz,IV 2020
2,0461000,Bydgoszcz,2021Q1,2021,1,20211,secondary,transaction,5684.0,False,,Bydgoszcz,I 2021
2,0461000,Bydgoszcz,2021Q2,2021,2,20212,secondary,transaction,5934.0,False,,Bydgoszcz,II 2021
2,0461000,Bydgoszcz,2021Q3,2021,3,20213,secondary,transaction,6026.0,False,,Bydgoszcz,III 2021
2,0461000,Bydgoszcz,2021Q4,2021,4,20214,secondary,transaction,6144.0,False,,Bydgoszcz,IV 2021
2,0461000,Bydgoszcz,2022Q1,2022,1,20221,secondary,transaction,6294.0,False,,Bydgoszcz,I 2022
2,0461000,Bydgoszcz,2022Q2,2022,2,20222,secondary,transaction,6545.0,False,,Bydgoszcz,II 2022
2,0461000,Bydgoszcz,2022Q3,2022,3,20223,secondary,transaction,6595.0,False,,Bydgoszcz,III 2022
2,0461000,Bydgoszcz,2022Q4,2022,4,20224,secondary,transaction,6715.0,False,,Bydgoszcz,IV 2022
2,0461000,Bydgoszcz,2023Q1,2023,1,20231,secondary,transaction,6727.0,False,,Bydgoszcz,I 2023
2,0461000,Bydgoszcz,2023Q2,2023,2,20232,secondary,transaction,6801.0,False,,Bydgoszcz,II 2023
2,0461000,Bydgoszcz,2023Q3,2023,3,20233,secondary,transaction,7070.0,False,,Bydgoszcz,III 2023
2,0461000,Bydgoszcz,2023Q4,2023,4,20234,secondary,transaction,7424.0,False,,Bydgoszcz,IV 2023
2,0461000,Bydgoszcz,2024Q1,2024,1,20241,secondary,transaction,7663.0,False,,Bydgoszcz,I 2024
2,0461000,Bydgoszcz,2024Q2,2024,2,20242,secondary,transaction,7664.0,False,,Bydgoszcz,II 2024
2,0461000,Bydgoszcz,2024Q3,2024,3,20243,secondary,transaction,7829.0,False,,Bydgoszcz,III 2024
2,0461000,Bydgoszcz,2024Q4,2024,4,20244,secondary,transaction,7882.0,False,,Bydgoszcz,IV 2024
2,0461000,Bydgoszcz,2025Q1,2025,1,20251,secondary,transaction,7802.0,False,,Bydgoszcz,I 2025
2,0461000,Bydgoszcz,2025Q2,2025,2,20252,secondary,transaction,7804.0,False,,Bydgoszcz,II 2025
2,0461000,Bydgoszcz,2025Q3,2025,3,20253,secondary,transaction,7567.0,False,,Bydgoszcz,III 2025
2,0461000,Bydgoszcz,2025Q4,2025,4,20254,secondary,transaction,7957.0,False,,Bydgoszcz,IV 2025
2,0461000,Bydgoszcz,2026Q1,2026,1,20261,secondary,transaction,8033.0,False,,Bydgoszcz,I 2026
2,0461000,Bydgoszcz,2026Q2,2026,2,20262,secondary,transaction,8341.867409677412,False,,Bydgoszcz,II 2026
3,2261000,Gdańsk,2006Q3,2006,3,20063,secondary,transaction,3493.2041803312763,False,,Gdańsk,III 2006
3,2261000,Gdańsk,2006Q4,2006,4,20064,secondary,transaction,3893.915714520119,False,,Gdańsk,IV 2006
3,2261000,Gdańsk,2007Q1,2007,1,20071,secondary,transaction,4666.161915279347,False,,Gdańsk,I 2007
3,2261000,Gdańsk,2007Q2,2007,2,20072,secondary,transaction,5513.382133474008,False,,Gdańsk,II 2007
3,2261000,Gdańsk,2007Q3,2007,3,20073,secondary,transaction,5793.956058988133,False,,Gdańsk,III 2007
3,2261000,Gdańsk,2007Q4,2007,4,20074,secondary,transaction,5966.96122758275,False,,Gdańsk,IV 2007
3,2261000,Gdańsk,2008Q1,2008,1,20081,secondary,transaction,6072.444675055928,False,,Gdańsk,I 2008
3,2261000,Gdańsk,2008Q2,2008,2,20082,secondary,transaction,6025.0556381476945,False,,Gdańsk,II 2008
3,2261000,Gdańsk,2008Q3,2008,3,20083,secondary,transaction,5895.654954144947,False,,Gdańsk,III 2008
3,2261000,Gdańsk,2008Q4,2008,4,20084,secondary,transaction,5804.349717714975,False,,Gdańsk,IV 2008
3,2261000,Gdańsk,2009Q1,2009,1,20091,secondary,transaction,5598.310117691001,False,,Gdańsk,I 2009
3,2261000,Gdańsk,2009Q2,2009,2,20092,secondary,transaction,5446.7322607243195,False,,Gdańsk,II 2009
3,2261000,Gdańsk,2009Q3,2009,3,20093,secondary,transaction,5486.048747070771,False,,Gdańsk,III 2009
3,2261000,Gdańsk,2009Q4,2009,4,20094,secondary,transaction,5551.772759642765,False,,Gdańsk,IV 2009
3,2261000,Gdańsk,2010Q1,2010,1,20101,secondary,transaction,5636.896256374807,False,,Gdańsk,I 2010
3,2261000,Gdańsk,2010Q2,2010,2,20102,secondary,transaction,5571.290128957247,False,,Gdańsk,II 2010
3,2261000,Gdańsk,2010Q3,2010,3,20103,secondary,transaction,5499.577369188112,False,,Gdańsk,III 2010
3,2261000,Gdańsk,2010Q4,2010,4,20104,secondary,transaction,5359.962612844496,False,,Gdańsk,IV 2010
3,2261000,Gdańsk,2011Q1,2011,1,20111,secondary,transaction,5506.865401813879,False,,Gdańsk,I 2011
3,2261000,Gdańsk,2011Q2,2011,2,20112,secondary,transaction,5568.1861320340495,False,,Gdańsk,II 2011
3,2261000,Gdańsk,2011Q3,2011,3,20113,secondary,transaction,5431.631699281925,False,,Gdańsk,III 2011
3,2261000,Gdańsk,2011Q4,2011,4,20114,secondary,transaction,5279.7276645663915,False,,Gdańsk,IV 2011
3,2261000,Gdańsk,2012Q1,2012,1,20121,secondary,transaction,5310.036825868945,False,,Gdańsk,I 2012
3,2261000,Gdańsk,2012Q2,2012,2,20122,secondary,transaction,5111.50692056091,False,,Gdańsk,II 2012
3,2261000,Gdańsk,2012Q3,2012,3,20123,secondary,transaction,5193.285895378498,False,,Gdańsk,III 2012
3,2261000,Gdańsk,2012Q4,2012,4,20124,secondary,transaction,4960.191225249676,False,,Gdańsk,IV 2012
3,2261000,Gdańsk,2013Q1,2013,1,20131,secondary,transaction,4837.347312133248,False,,Gdańsk,I 2013
3,2261000,Gdańsk,2013Q2,2013,2,20132,secondary,transaction,4876.624772411025,False,,Gdańsk,II 2013
3,2261000,Gdańsk,2013Q3,2013,3,20133,secondary,transaction,4796.141543264492,False,,Gdańsk,III 2013
3,2261000,Gdańsk,2013Q4,2013,4,20134,secondary,transaction,4839.76649069009,False,,Gdańsk,IV 2013
3,2261000,Gdańsk,2014Q1,2014,1,20141,secondary,transaction,4807.375528208185,False,,Gdańsk,I 2014
3,2261000,Gdańsk,2014Q2,2014,2,20142,secondary,transaction,4924.149435254337,False,,Gdańsk,II 2014
3,2261000,Gdańsk,2014Q3,2014,3,20143,secondary,transaction,5029.304406070606,False,,Gdańsk,III 2014
3,2261000,Gdańsk,2014Q4,2014,4,20144,secondary,transaction,4981.433894787177,False,,Gdańsk,IV 2014
3,2261000,Gdańsk,2015Q1,2015,1,20151,secondary,transaction,5033.241569755294,False,,Gdańsk,I 2015
3,2261000,Gdańsk,2015Q2,2015,2,20152,secondary,transaction,5042.122487190707,False,,Gdańsk,II 2015
3,2261000,Gdańsk,2015Q3,2015,3,20153,secondary,transaction,5105.237292729652,False,,Gdańsk,III 2015
3,2261000,Gdańsk,2015Q4,2015,4,20154,secondary,transaction,5239.447639007315,False,,Gdańsk,IV 2015
3,2261000,Gdańsk,2016Q1,2016,1,20161,secondary,transaction,5339.900015532617,False,,Gdańsk,I 2016
3,2261000,Gdańsk,2016Q2,2016,2,20162,secondary,transaction,5356.3180468235805,False,,Gdańsk,II 2016
3,2261000,Gdańsk,2016Q3,2016,3,20163,secondary,transaction,5510.988491624818,False,,Gdańsk,III 2016
3,2261000,Gdańsk,2016Q4,2016,4,20164,secondary,transaction,5561.760884735321,False,,Gdańsk,IV 2016
3,2261000,Gdańsk,2017Q1,2017,1,20171,secondary,transaction,5664.507756780966,False,,Gdańsk,I 2017
3,2261000,Gdańsk,2017Q2,2017,2,20172,secondary,transaction,5848.886116060441,False,,Gdańsk,II 2017
3,2261000,Gdańsk,2017Q3,2017,3,20173,secondary,transaction,6048.884806492255,False,,Gdańsk,III 2017
3,2261000,Gdańsk,2017Q4,2017,4,20174,secondary,transaction,6329.993870897721,False,,Gdańsk,IV 2017
3,2261000,Gdańsk,2018Q1,2018,1,20181,secondary,transaction,6388.062207473694,False,,Gdańsk,I 2018
3,2261000,Gdańsk,2018Q2,2018,2,20182,secondary,transaction,6644.604752692595,False,,Gdańsk,II 2018
3,2261000,Gdańsk,2018Q3,2018,3,20183,secondary,transaction,7035.3741273642845,False,,Gdańsk,III 2018
3,2261000,Gdańsk,2018Q4,2018,4,20184,secondary,transaction,7376.14701052792,False,,Gdańsk,IV 2018
3,2261000,Gdańsk,2019Q1,2019,1,20191,secondary,transaction,7268.5916828284635,False,,Gdańsk,I 2019
3,2261000,Gdańsk,2019Q2,2019,2,20192,secondary,transaction,7757.5941515432,False,,Gdańsk,II 2019
3,2261000,Gdańsk,2019Q3,2019,3,20193,secondary,transaction,7778.058102095278,False,,Gdańsk,III 2019
3,2261000,Gdańsk,2019Q4,2019,4,20194,secondary,transaction,8175.791383538161,False,,Gdańsk,IV 2019
3,2261000,Gdańsk,2020Q1,2020,1,20201,secondary,transaction,8266.946216464303,False,,Gdańsk,I 2020
3,2261000,Gdańsk,2020Q2,2020,2,20202,secondary,transaction,8427.07596395761,False,,Gdańsk,II 2020
3,2261000,Gdańsk,2020Q3,2020,3,20203,secondary,transaction,8754.343198929475,False,,Gdańsk,III 2020
3,2261000,Gdańsk,2020Q4,2020,4,20204,secondary,transaction,8808.047324726564,False,,Gdańsk,IV 2020
3,2261000,Gdańsk,2021Q1,2021,1,20211,secondary,transaction,9113.124763743528,False,,Gdańsk,I 2021
3,2261000,Gdańsk,2021Q2,2021,2,20212,secondary,transaction,9167.343890337292,False,,Gdańsk,II 2021
3,2261000,Gdańsk,2021Q3,2021,3,20213,secondary,transaction,9575.128532111581,False,,Gdańsk,III 2021
3,2261000,Gdańsk,2021Q4,2021,4,20214,secondary,transaction,10060.059255195394,False,,Gdańsk,IV 2021
3,2261000,Gdańsk,2022Q1,2022,1,20221,secondary,transaction,10111.459580622311,False,,Gdańsk,I 2022
3,2261000,Gdańsk,2022Q2,2022,2,20222,secondary,transaction,10407.442186867565,False,,Gdańsk,II 2022
3,2261000,Gdańsk,2022Q3,2022,3,20223,secondary,transaction,10915.369243846035,False,,Gdańsk,III 2022
3,2261000,Gdańsk,2022Q4,2022,4,20224,secondary,transaction,10830.832832088909,False,,Gdańsk,IV 2022
3,2261000,Gdańsk,2023Q1,2023,1,20231,secondary,transaction,10601.308060937572,False,,Gdańsk,I 2023
3,2261000,Gdańsk,2023Q2,2023,2,20232,secondary,transaction,10742.771029192041,False,,Gdańsk,II 2023
3,2261000,Gdańsk,2023Q3,2023,3,20233,secondary,transaction,11342.1423592321,False,,Gdańsk,III 2023
3,2261000,Gdańsk,2023Q4,2023,4,20234,secondary,transaction,11564.734883941454,False,,Gdańsk,IV 2023
3,2261000,Gdańsk,2024Q1,2024,1,20241,secondary,transaction,12039.633948745271,False,,Gdańsk,I 2024
3,2261000,Gdańsk,2024Q2,2024,2,20242,secondary,transaction,12660.351367225368,False,,Gdańsk,II 2024
3,2261000,Gdańsk,2024Q3,2024,3,20243,secondary,transaction,12859.398621010003,False,,Gdańsk,III 2024
3,2261000,Gdańsk,2024Q4,2024,4,20244,secondary,transaction,13165.647708327211,False,,Gdańsk,IV 2024
3,2261000,Gdańsk,2025Q1,2025,1,20251,secondary,transaction,13056.652519233201,False,,Gdańsk,I 2025
3,2261000,Gdańsk,2025Q2,2025,2,20252,secondary,transaction,13415.781576015888,False,,Gdańsk,II 2025
3,2261000,Gdańsk,2025Q3,2025,3,20253,secondary,transaction,13478.607793401186,False,,Gdańsk,III 2025
3,2261000,Gdańsk,2025Q4,2025,4,20254,secondary,transaction,13504.758582123071,False,,Gdańsk,IV 2025
3,2261000,Gdańsk,2026Q1,2026,1,20261,secondary,transaction,13824.733556616877,False,,Gdańsk,I 2026
3,2261000,Gdańsk,2026Q2,2026,2,20262,secondary,transaction,14034.641977208777,False,,Gdańsk,II 2026
4,2262000,Gdynia,2006Q3,2006,3,20063,secondary,transaction,3555.291047644557,False,,Gdynia,III 2006
4,2262000,Gdynia,2006Q4,2006,4,20064,secondary,transaction,3983.2252680510815,False,,Gdynia,IV 2006
4,2262000,Gdynia,2007Q1,2007,1,20071,secondary,transaction,4928.520300563201,False,,Gdynia,I 2007
4,2262000,Gdynia,2007Q2,2007,2,20072,secondary,transaction,5425.146174281941,False,,Gdynia,II 2007
4,2262000,Gdynia,2007Q3,2007,3,20073,secondary,transaction,5930.685189569669,False,,Gdynia,III 2007
4,2262000,Gdynia,2007Q4,2007,4,20074,secondary,transaction,6010.974895078091,False,,Gdynia,IV 2007
4,2262000,Gdynia,2008Q1,2008,1,20081,secondary,transaction,6046.828062571809,False,,Gdynia,I 2008
4,2262000,Gdynia,2008Q2,2008,2,20082,secondary,transaction,6015.877854162409,False,,Gdynia,II 2008
4,2262000,Gdynia,2008Q3,2008,3,20083,secondary,transaction,5733.470906337212,False,,Gdynia,III 2008
4,2262000,Gdynia,2008Q4,2008,4,20084,secondary,transaction,5829.668235818187,False,,Gdynia,IV 2008
4,2262000,Gdynia,2009Q1,2009,1,20091,secondary,transaction,5693.339414745858,False,,Gdynia,I 2009
4,2262000,Gdynia,2009Q2,2009,2,20092,secondary,transaction,5487.132639599998,False,,Gdynia,II 2009
4,2262000,Gdynia,2009Q3,2009,3,20093,secondary,transaction,5334.645287433023,False,,Gdynia,III 2009
4,2262000,Gdynia,2009Q4,2009,4,20094,secondary,transaction,5328.651575316351,False,,Gdynia,IV 2009
4,2262000,Gdynia,2010Q1,2010,1,20101,secondary,transaction,5402.203579134078,False,,Gdynia,I 2010
4,2262000,Gdynia,2010Q2,2010,2,20102,secondary,transaction,5336.33150067397,False,,Gdynia,II 2010
4,2262000,Gdynia,2010Q3,2010,3,20103,secondary,transaction,5394.698454831484,False,,Gdynia,III 2010
4,2262000,Gdynia,2010Q4,2010,4,20104,secondary,transaction,5329.890342583165,False,,Gdynia,IV 2010
4,2262000,Gdynia,2011Q1,2011,1,20111,secondary,transaction,5305.874653256638,False,,Gdynia,I 2011
4,2262000,Gdynia,2011Q2,2011,2,20112,secondary,transaction,5311.283048062636,False,,Gdynia,II 2011
4,2262000,Gdynia,2011Q3,2011,3,20113,secondary,transaction,5254.676567377446,False,,Gdynia,III 2011
4,2262000,Gdynia,2011Q4,2011,4,20114,secondary,transaction,5353.494374491725,False,,Gdynia,IV 2011
4,2262000,Gdynia,2012Q1,2012,1,20121,secondary,transaction,5232.707460450001,False,,Gdynia,I 2012
4,2262000,Gdynia,2012Q2,2012,2,20122,secondary,transaction,5091.539057335276,False,,Gdynia,II 2012
4,2262000,Gdynia,2012Q3,2012,3,20123,secondary,transaction,5001.386530438809,False,,Gdynia,III 2012
4,2262000,Gdynia,2012Q4,2012,4,20124,secondary,transaction,4947.132700508414,False,,Gdynia,IV 2012
4,2262000,Gdynia,2013Q1,2013,1,20131,secondary,transaction,4834.413566029334,False,,Gdynia,I 2013
4,2262000,Gdynia,2013Q2,2013,2,20132,secondary,transaction,4925.124066788202,False,,Gdynia,II 2013
4,2262000,Gdynia,2013Q3,2013,3,20133,secondary,transaction,4750.632420903368,False,,Gdynia,III 2013
4,2262000,Gdynia,2013Q4,2013,4,20134,secondary,transaction,4852.588755093389,False,,Gdynia,IV 2013
4,2262000,Gdynia,2014Q1,2014,1,20141,secondary,transaction,4850.270647929787,False,,Gdynia,I 2014
4,2262000,Gdynia,2014Q2,2014,2,20142,secondary,transaction,5027.8991093460745,False,,Gdynia,II 2014
4,2262000,Gdynia,2014Q3,2014,3,20143,secondary,transaction,4929.607419847107,False,,Gdynia,III 2014
4,2262000,Gdynia,2014Q4,2014,4,20144,secondary,transaction,4860.424804981209,False,,Gdynia,IV 2014
4,2262000,Gdynia,2015Q1,2015,1,20151,secondary,transaction,4968.819640851429,False,,Gdynia,I 2015
4,2262000,Gdynia,2015Q2,2015,2,20152,secondary,transaction,5065.335228382146,False,,Gdynia,II 2015
4,2262000,Gdynia,2015Q3,2015,3,20153,secondary,transaction,4972.388134779839,False,,Gdynia,III 2015
4,2262000,Gdynia,2015Q4,2015,4,20154,secondary,transaction,4973.918199813618,False,,Gdynia,IV 2015
4,2262000,Gdynia,2016Q1,2016,1,20161,secondary,transaction,4958.93596409637,False,,Gdynia,I 2016
4,2262000,Gdynia,2016Q2,2016,2,20162,secondary,transaction,5169.192565311052,False,,Gdynia,II 2016
4,2262000,Gdynia,2016Q3,2016,3,20163,secondary,transaction,5287.9786530807405,False,,Gdynia,III 2016
4,2262000,Gdynia,2016Q4,2016,4,20164,secondary,transaction,5360.995381192889,False,,Gdynia,IV 2016
4,2262000,Gdynia,2017Q1,2017,1,20171,secondary,transaction,5520.1842546752505,False,,Gdynia,I 2017
4,2262000,Gdynia,2017Q2,2017,2,20172,secondary,transaction,5695.498707430324,False,,Gdynia,II 2017
4,2262000,Gdynia,2017Q3,2017,3,20173,secondary,transaction,5832.974686679748,False,,Gdynia,III 2017
4,2262000,Gdynia,2017Q4,2017,4,20174,secondary,transaction,5928.73184376691,False,,Gdynia,IV 2017
4,2262000,Gdynia,2018Q1,2018,1,20181,secondary,transaction,6076.693878516351,False,,Gdynia,I 2018
4,2262000,Gdynia,2018Q2,2018,2,20182,secondary,transaction,6366.4289082256,False,,Gdynia,II 2018
4,2262000,Gdynia,2018Q3,2018,3,20183,secondary,transaction,6467.392240561226,False,,Gdynia,III 2018
4,2262000,Gdynia,2018Q4,2018,4,20184,secondary,transaction,6634.247738837845,False,,Gdynia,IV 2018
4,2262000,Gdynia,2019Q1,2019,1,20191,secondary,transaction,6738.276577721916,False,,Gdynia,I 2019
4,2262000,Gdynia,2019Q2,2019,2,20192,secondary,transaction,7000.782601978333,False,,Gdynia,II 2019
4,2262000,Gdynia,2019Q3,2019,3,20193,secondary,transaction,7222.888805086445,False,,Gdynia,III 2019
4,2262000,Gdynia,2019Q4,2019,4,20194,secondary,transaction,7254.508804760362,False,,Gdynia,IV 2019
4,2262000,Gdynia,2020Q1,2020,1,20201,secondary,transaction,7475.880483816565,False,,Gdynia,I 2020
4,2262000,Gdynia,2020Q2,2020,2,20202,secondary,transaction,7614.147095037039,False,,Gdynia,II 2020
4,2262000,Gdynia,2020Q3,2020,3,20203,secondary,transaction,7751.145430437699,False,,Gdynia,III 2020
4,2262000,Gdynia,2020Q4,2020,4,20204,secondary,transaction,7626.68761733532,False,,Gdynia,IV 2020
4,2262000,Gdynia,2021Q1,2021,1,20211,secondary,transaction,7840.018951151853,False,,Gdynia,I 2021
4,2262000,Gdynia,2021Q2,2021,2,20212,secondary,transaction,8291.616961560432,False,,Gdynia,II 2021
4,2262000,Gdynia,2021Q3,2021,3,20213,secondary,transaction,8434.630567707924,False,,Gdynia,III 2021
4,2262000,Gdynia,2021Q4,2021,4,20214,secondary,transaction,8701.050508600214,False,,Gdynia,IV 2021
4,2262000,Gdynia,2022Q1,2022,1,20221,secondary,transaction,8915.708884871452,False,,Gdynia,I 2022
4,2262000,Gdynia,2022Q2,2022,2,20222,secondary,transaction,9471.548243910805,False,,Gdynia,II 2022
4,2262000,Gdynia,2022Q3,2022,3,20223,secondary,transaction,9673.353056457974,False,,Gdynia,III 2022
4,2262000,Gdynia,2022Q4,2022,4,20224,secondary,transaction,9199.073379310485,False,,Gdynia,IV 2022
4,2262000,Gdynia,2023Q1,2023,1,20231,secondary,transaction,9221.990797352026,False,,Gdynia,I 2023
4,2262000,Gdynia,2023Q2,2023,2,20232,secondary,transaction,9920.234606351205,False,,Gdynia,II 2023
4,2262000,Gdynia,2023Q3,2023,3,20233,secondary,transaction,10032.386681200758,False,,Gdynia,III 2023
4,2262000,Gdynia,2023Q4,2023,4,20234,secondary,transaction,10251.283403369587,False,,Gdynia,IV 2023
4,2262000,Gdynia,2024Q1,2024,1,20241,secondary,transaction,10558.355552288447,False,,Gdynia,I 2024
4,2262000,Gdynia,2024Q2,2024,2,20242,secondary,transaction,11412.535612155936,False,,Gdynia,II 2024
4,2262000,Gdynia,2024Q3,2024,3,20243,secondary,transaction,11669.024619488204,False,,Gdynia,III 2024
4,2262000,Gdynia,2024Q4,2024,4,20244,secondary,transaction,11984.550814390732,False,,Gdynia,IV 2024
4,2262000,Gdynia,2025Q1,2025,1,20251,secondary,transaction,11840.34994012722,False,,Gdynia,I 2025
4,2262000,Gdynia,2025Q2,2025,2,20252,secondary,transaction,11807.335727122909,False,,Gdynia,II 2025
4,2262000,Gdynia,2025Q3,2025,3,20253,secondary,transaction,11823.966036992155,False,,Gdynia,III 2025
4,2262000,Gdynia,2025Q4,2025,4,20254,secondary,transaction,11665.062690090976,False,,Gdynia,IV 2025
4,2262000,Gdynia,2026Q1,2026,1,20261,secondary,transaction,12245.468393199355,False,,Gdynia,I 2026
4,2262000,Gdynia,2026Q2,2026,2,20262,secondary,transaction,12266.795259976028,False,,Gdynia,II 2026
5,2469000,Katowice,2006Q3,2006,3,20063,secondary,transaction,1907.3622319337749,False,,Katowice,III 2006
5,2469000,Katowice,2006Q4,2006,4,20064,secondary,transaction,2101.5049221011905,False,,Katowice,IV 2006
5,2469000,Katowice,2007Q1,2007,1,20071,secondary,transaction,2508.2062239589545,False,,Katowice,I 2007
5,2469000,Katowice,2007Q2,2007,2,20072,secondary,transaction,3056.5319897323425,False,,Katowice,II 2007
5,2469000,Katowice,2007Q3,2007,3,20073,secondary,transaction,3632.3755532985074,False,,Katowice,III 2007
5,2469000,Katowice,2007Q4,2007,4,20074,secondary,transaction,3607.8002265781815,False,,Katowice,IV 2007
5,2469000,Katowice,2008Q1,2008,1,20081,secondary,transaction,3676.2416829385475,False,,Katowice,I 2008
5,2469000,Katowice,2008Q2,2008,2,20082,secondary,transaction,3758.653388219178,False,,Katowice,II 2008
5,2469000,Katowice,2008Q3,2008,3,20083,secondary,transaction,3719.658747557693,False,,Katowice,III 2008
5,2469000,Katowice,2008Q4,2008,4,20084,secondary,transaction,3699.3649735708955,False,,Katowice,IV 2008
5,2469000,Katowice,2009Q1,2009,1,20091,secondary,transaction,3590.1653812558134,False,,Katowice,I 2009
5,2469000,Katowice,2009Q2,2009,2,20092,secondary,transaction,3489.4316331717555,False,,Katowice,II 2009
5,2469000,Katowice,2009Q3,2009,3,20093,secondary,transaction,3459.814932670103,False,,Katowice,III 2009
5,2469000,Katowice,2009Q4,2009,4,20094,secondary,transaction,3370.835340904624,False,,Katowice,IV 2009
5,2469000,Katowice,2010Q1,2010,1,20101,secondary,transaction,3619.129149241573,False,,Katowice,I 2010
5,2469000,Katowice,2010Q2,2010,2,20102,secondary,transaction,3518.7418099363204,False,,Katowice,II 2010
5,2469000,Katowice,2010Q3,2010,3,20103,secondary,transaction,3647.9617235326878,False,,Katowice,III 2010
5,2469000,Katowice,2010Q4,2010,4,20104,secondary,transaction,3529.515142714623,False,,Katowice,IV 2010
5,2469000,Katowice,2011Q1,2011,1,20111,secondary,transaction,3551.5449374987343,False,,Katowice,I 2011
5,2469000,Katowice,2011Q2,2011,2,20112,secondary,transaction,3485.7234883232927,False,,Katowice,II 2011
5,2469000,Katowice,2011Q3,2011,3,20113,secondary,transaction,3460.2995916163363,False,,Katowice,III 2011
5,2469000,Katowice,2011Q4,2011,4,20114,secondary,transaction,3446.729856013158,False,,Katowice,IV 2011
5,2469000,Katowice,2012Q1,2012,1,20121,secondary,transaction,3367.5710440141506,False,,Katowice,I 2012
5,2469000,Katowice,2012Q2,2012,2,20122,secondary,transaction,3402.879862251852,False,,Katowice,II 2012
5,2469000,Katowice,2012Q3,2012,3,20123,secondary,transaction,3372.627860471831,False,,Katowice,III 2012
5,2469000,Katowice,2012Q4,2012,4,20124,secondary,transaction,3333.3933652144574,False,,Katowice,IV 2012
5,2469000,Katowice,2013Q1,2013,1,20131,secondary,transaction,3235.308128827848,False,,Katowice,I 2013
5,2469000,Katowice,2013Q2,2013,2,20132,secondary,transaction,3245.2516846282974,False,,Katowice,II 2013
5,2469000,Katowice,2013Q3,2013,3,20133,secondary,transaction,3298.6282153494735,False,,Katowice,III 2013
5,2469000,Katowice,2013Q4,2013,4,20134,secondary,transaction,3304.128839650223,False,,Katowice,IV 2013
5,2469000,Katowice,2014Q1,2014,1,20141,secondary,transaction,3433.1012585598087,False,,Katowice,I 2014
5,2469000,Katowice,2014Q2,2014,2,20142,secondary,transaction,3330.757365179227,False,,Katowice,II 2014
5,2469000,Katowice,2014Q3,2014,3,20143,secondary,transaction,3462.900722628755,False,,Katowice,III 2014
5,2469000,Katowice,2014Q4,2014,4,20144,secondary,transaction,3303.2556412637364,False,,Katowice,IV 2014
5,2469000,Katowice,2015Q1,2015,1,20151,secondary,transaction,3408.019370765625,False,,Katowice,I 2015
5,2469000,Katowice,2015Q2,2015,2,20152,secondary,transaction,3395.1126511898747,False,,Katowice,II 2015
5,2469000,Katowice,2015Q3,2015,3,20153,secondary,transaction,3408.5869199046647,False,,Katowice,III 2015
5,2469000,Katowice,2015Q4,2015,4,20154,secondary,transaction,3436.936866567164,False,,Katowice,IV 2015
5,2469000,Katowice,2016Q1,2016,1,20161,secondary,transaction,3518.8826472037035,False,,Katowice,I 2016
5,2469000,Katowice,2016Q2,2016,2,20162,secondary,transaction,3434.0421656734693,False,,Katowice,II 2016
5,2469000,Katowice,2016Q3,2016,3,20163,secondary,transaction,3534.949349534709,False,,Katowice,III 2016
5,2469000,Katowice,2016Q4,2016,4,20164,secondary,transaction,3521.687117038603,False,,Katowice,IV 2016
5,2469000,Katowice,2017Q1,2017,1,20171,secondary,transaction,3491.9438924112005,False,,Katowice,I 2017
5,2469000,Katowice,2017Q2,2017,2,20172,secondary,transaction,3493.7853113286383,False,,Katowice,II 2017
5,2469000,Katowice,2017Q3,2017,3,20173,secondary,transaction,3720.815181696667,False,,Katowice,III 2017
5,2469000,Katowice,2017Q4,2017,4,20174,secondary,transaction,3726.0626728102197,False,,Katowice,IV 2017
5,2469000,Katowice,2018Q1,2018,1,20181,secondary,transaction,3928.8180186035165,False,,Katowice,I 2018
5,2469000,Katowice,2018Q2,2018,2,20182,secondary,transaction,3988.8842339910448,False,,Katowice,II 2018
5,2469000,Katowice,2018Q3,2018,3,20183,secondary,transaction,4200.576481412037,False,,Katowice,III 2018
5,2469000,Katowice,2018Q4,2018,4,20184,secondary,transaction,4173.058066663266,False,,Katowice,IV 2018
5,2469000,Katowice,2019Q1,2019,1,20191,secondary,transaction,4430.012505142292,False,,Katowice,I 2019
5,2469000,Katowice,2019Q2,2019,2,20192,secondary,transaction,4528.955580661538,False,,Katowice,II 2019
5,2469000,Katowice,2019Q3,2019,3,20193,secondary,transaction,4709.768168385737,False,,Katowice,III 2019
5,2469000,Katowice,2019Q4,2019,4,20194,secondary,transaction,4901.772070377328,False,,Katowice,IV 2019
5,2469000,Katowice,2020Q1,2020,1,20201,secondary,transaction,5099.655285524618,False,,Katowice,I 2020
5,2469000,Katowice,2020Q2,2020,2,20202,secondary,transaction,5371.228617678069,False,,Katowice,II 2020
5,2469000,Katowice,2020Q3,2020,3,20203,secondary,transaction,5226.621073476366,False,,Katowice,III 2020
5,2469000,Katowice,2020Q4,2020,4,20204,secondary,transaction,5353.397124802015,False,,Katowice,IV 2020
5,2469000,Katowice,2021Q1,2021,1,20211,secondary,transaction,5333.3776356475155,False,,Katowice,I 2021
5,2469000,Katowice,2021Q2,2021,2,20212,secondary,transaction,5514.384752632813,False,,Katowice,II 2021
5,2469000,Katowice,2021Q3,2021,3,20213,secondary,transaction,5821.362556648477,False,,Katowice,III 2021
5,2469000,Katowice,2021Q4,2021,4,20214,secondary,transaction,5962.353578832473,False,,Katowice,IV 2021
5,2469000,Katowice,2022Q1,2022,1,20221,secondary,transaction,6176.401741597544,False,,Katowice,I 2022
5,2469000,Katowice,2022Q2,2022,2,20222,secondary,transaction,6379.989394626027,False,,Katowice,II 2022
5,2469000,Katowice,2022Q3,2022,3,20223,secondary,transaction,6298.330623050736,False,,Katowice,III 2022
5,2469000,Katowice,2022Q4,2022,4,20224,secondary,transaction,6273.416753289007,False,,Katowice,IV 2022
5,2469000,Katowice,2023Q1,2023,1,20231,secondary,transaction,6486.568015794231,False,,Katowice,I 2023
5,2469000,Katowice,2023Q2,2023,2,20232,secondary,transaction,6757.374999229535,False,,Katowice,II 2023
5,2469000,Katowice,2023Q3,2023,3,20233,secondary,transaction,6923.918599620566,False,,Katowice,III 2023
5,2469000,Katowice,2023Q4,2023,4,20234,secondary,transaction,7203.049150650307,False,,Katowice,IV 2023
5,2469000,Katowice,2024Q1,2024,1,20241,secondary,transaction,7570.647470300744,False,,Katowice,I 2024
5,2469000,Katowice,2024Q2,2024,2,20242,secondary,transaction,7679.164386581321,False,,Katowice,II 2024
5,2469000,Katowice,2024Q3,2024,3,20243,secondary,transaction,7841.40812513844,False,,Katowice,III 2024
5,2469000,Katowice,2024Q4,2024,4,20244,secondary,transaction,8093.023341540731,False,,Katowice,IV 2024
5,2469000,Katowice,2025Q1,2025,1,20251,secondary,transaction,8063.281096998186,False,,Katowice,I 2025
5,2469000,Katowice,2025Q2,2025,2,20252,secondary,transaction,8154.269777892489,False,,Katowice,II 2025
5,2469000,Katowice,2025Q3,2025,3,20253,secondary,transaction,8223.851616455555,False,,Katowice,III 2025
5,2469000,Katowice,2025Q4,2025,4,20254,secondary,transaction,8200.956735810241,False,,Katowice,IV 2025
5,2469000,Katowice,2026Q1,2026,1,20261,secondary,transaction,8069.426536730098,False,,Katowice,I 2026
5,2469000,Katowice,2026Q2,2026,2,20262,secondary,transaction,8101.69612802429,False,,Katowice,II 2026
6,2661000,Kielce,2006Q3,2006,3,20063,secondary,transaction,2350.1142828430866,False,,Kielce,III 2006
6,2661000,Kielce,2006Q4,2006,4,20064,secondary,transaction,2662.080495771316,False,,Kielce,IV 2006
6,2661000,Kielce,2007Q1,2007,1,20071,secondary,transaction,2977.9126729697605,False,,Kielce,I 2007
6,2661000,Kielce,2007Q2,2007,2,20072,secondary,transaction,3659.280210653406,False,,Kielce,II 2007
6,2661000,Kielce,2007Q3,2007,3,20073,secondary,transaction,3681.317571160407,False,,Kielce,III 2007
6,2661000,Kielce,2007Q4,2007,4,20074,secondary,transaction,3808.281464079699,False,,Kielce,IV 2007
6,2661000,Kielce,2008Q1,2008,1,20081,secondary,transaction,4048.2963393980394,False,,Kielce,I 2008
6,2661000,Kielce,2008Q2,2008,2,20082,secondary,transaction,4103.3927227968425,False,,Kielce,II 2008
6,2661000,Kielce,2008Q3,2008,3,20083,secondary,transaction,4119.852624353711,False,,Kielce,III 2008
6,2661000,Kielce,2008Q4,2008,4,20084,secondary,transaction,4019.974963227241,False,,Kielce,IV 2008
6,2661000,Kielce,2009Q1,2009,1,20091,secondary,transaction,3888.4256094258517,False,,Kielce,I 2009
6,2661000,Kielce,2009Q2,2009,2,20092,secondary,transaction,3932.078441947145,False,,Kielce,II 2009
6,2661000,Kielce,2009Q3,2009,3,20093,secondary,transaction,3915.738269566209,False,,Kielce,III 2009
6,2661000,Kielce,2009Q4,2009,4,20094,secondary,transaction,4114.873797806374,False,,Kielce,IV 2009
6,2661000,Kielce,2010Q1,2010,1,20101,secondary,transaction,4023.666902203924,False,,Kielce,I 2010
6,2661000,Kielce,2010Q2,2010,2,20102,secondary,transaction,4201.276314605952,False,,Kielce,II 2010
6,2661000,Kielce,2010Q3,2010,3,20103,secondary,transaction,4094.8948233165206,False,,Kielce,III 2010
6,2661000,Kielce,2010Q4,2010,4,20104,secondary,transaction,4251.107611885303,False,,Kielce,IV 2010
6,2661000,Kielce,2011Q1,2011,1,20111,secondary,transaction,4285.207912226044,False,,Kielce,I 2011
6,2661000,Kielce,2011Q2,2011,2,20112,secondary,transaction,4408.156259239441,False,,Kielce,II 2011
6,2661000,Kielce,2011Q3,2011,3,20113,secondary,transaction,4205.090096974148,False,,Kielce,III 2011
6,2661000,Kielce,2011Q4,2011,4,20114,secondary,transaction,4245.229844566561,False,,Kielce,IV 2011
6,2661000,Kielce,2012Q1,2012,1,20121,secondary,transaction,4175.487949598509,False,,Kielce,I 2012
6,2661000,Kielce,2012Q2,2012,2,20122,secondary,transaction,3943.06539400735,False,,Kielce,II 2012
6,2661000,Kielce,2012Q3,2012,3,20123,secondary,transaction,3987.855477044948,False,,Kielce,III 2012
6,2661000,Kielce,2012Q4,2012,4,20124,secondary,transaction,3689.757026286959,False,,Kielce,IV 2012
6,2661000,Kielce,2013Q1,2013,1,20131,secondary,transaction,3672.3514040565165,False,,Kielce,I 2013
6,2661000,Kielce,2013Q2,2013,2,20132,secondary,transaction,3629.805370803083,False,,Kielce,II 2013
6,2661000,Kielce,2013Q3,2013,3,20133,secondary,transaction,3798.672811206787,False,,Kielce,III 2013
6,2661000,Kielce,2013Q4,2013,4,20134,secondary,transaction,3828.434163288956,False,,Kielce,IV 2013
6,2661000,Kielce,2014Q1,2014,1,20141,secondary,transaction,3764.0652977344394,False,,Kielce,I 2014
6,2661000,Kielce,2014Q2,2014,2,20142,secondary,transaction,3635.3982449986197,False,,Kielce,II 2014
6,2661000,Kielce,2014Q3,2014,3,20143,secondary,transaction,3795.837259538965,False,,Kielce,III 2014
6,2661000,Kielce,2014Q4,2014,4,20144,secondary,transaction,3667.2423059274897,False,,Kielce,IV 2014
6,2661000,Kielce,2015Q1,2015,1,20151,secondary,transaction,3615.7284339765833,False,,Kielce,I 2015
6,2661000,Kielce,2015Q2,2015,2,20152,secondary,transaction,3604.2337693720087,False,,Kielce,II 2015
6,2661000,Kielce,2015Q3,2015,3,20153,secondary,transaction,3603.878122064152,False,,Kielce,III 2015
6,2661000,Kielce,2015Q4,2015,4,20154,secondary,transaction,3510.1509189254293,False,,Kielce,IV 2015
6,2661000,Kielce,2016Q1,2016,1,20161,secondary,transaction,3530.1970781856385,False,,Kielce,I 2016
6,2661000,Kielce,2016Q2,2016,2,20162,secondary,transaction,3485.285776525336,False,,Kielce,II 2016
6,2661000,Kielce,2016Q3,2016,3,20163,secondary,transaction,3577.3497343577615,False,,Kielce,III 2016
6,2661000,Kielce,2016Q4,2016,4,20164,secondary,transaction,3405.914480979464,False,,Kielce,IV 2016
6,2661000,Kielce,2017Q1,2017,1,20171,secondary,transaction,3438.6874102848456,False,,Kielce,I 2017
6,2661000,Kielce,2017Q2,2017,2,20172,secondary,transaction,3587.7599813778465,False,,Kielce,II 2017
6,2661000,Kielce,2017Q3,2017,3,20173,secondary,transaction,3606.960763378978,False,,Kielce,III 2017
6,2661000,Kielce,2017Q4,2017,4,20174,secondary,transaction,3609.2764351483497,False,,Kielce,IV 2017
6,2661000,Kielce,2018Q1,2018,1,20181,secondary,transaction,3716.815710224697,False,,Kielce,I 2018
6,2661000,Kielce,2018Q2,2018,2,20182,secondary,transaction,3768.3421926424458,False,,Kielce,II 2018
6,2661000,Kielce,2018Q3,2018,3,20183,secondary,transaction,3831.243732461878,False,,Kielce,III 2018
6,2661000,Kielce,2018Q4,2018,4,20184,secondary,transaction,3856.097144251904,False,,Kielce,IV 2018
6,2661000,Kielce,2019Q1,2019,1,20191,secondary,transaction,3955.061464892822,False,,Kielce,I 2019
6,2661000,Kielce,2019Q2,2019,2,20192,secondary,transaction,4016.754764143668,False,,Kielce,II 2019
6,2661000,Kielce,2019Q3,2019,3,20193,secondary,transaction,4346.888825020119,False,,Kielce,III 2019
6,2661000,Kielce,2019Q4,2019,4,20194,secondary,transaction,4456.280781058055,False,,Kielce,IV 2019
6,2661000,Kielce,2020Q1,2020,1,20201,secondary,transaction,4587.968036384372,False,,Kielce,I 2020
6,2661000,Kielce,2020Q2,2020,2,20202,secondary,transaction,4767.877758305341,False,,Kielce,II 2020
6,2661000,Kielce,2020Q3,2020,3,20203,secondary,transaction,4782.503263332601,False,,Kielce,III 2020
6,2661000,Kielce,2020Q4,2020,4,20204,secondary,transaction,4869.184894648099,False,,Kielce,IV 2020
6,2661000,Kielce,2021Q1,2021,1,20211,secondary,transaction,4926.95236694781,False,,Kielce,I 2021
6,2661000,Kielce,2021Q2,2021,2,20212,secondary,transaction,5179.779263654768,False,,Kielce,II 2021
6,2661000,Kielce,2021Q3,2021,3,20213,secondary,transaction,5331.340957092814,False,,Kielce,III 2021
6,2661000,Kielce,2021Q4,2021,4,20214,secondary,transaction,5629.131769166789,False,,Kielce,IV 2021
6,2661000,Kielce,2022Q1,2022,1,20221,secondary,transaction,5903.27871332609,False,,Kielce,I 2022
6,2661000,Kielce,2022Q2,2022,2,20222,secondary,transaction,6139.440401463032,False,,Kielce,II 2022
6,2661000,Kielce,2022Q3,2022,3,20223,secondary,transaction,6303.555923271642,False,,Kielce,III 2022
6,2661000,Kielce,2022Q4,2022,4,20224,secondary,transaction,6260.709326099063,False,,Kielce,IV 2022
6,2661000,Kielce,2023Q1,2023,1,20231,secondary,transaction,6340.173575919621,False,,Kielce,I 2023
6,2661000,Kielce,2023Q2,2023,2,20232,secondary,transaction,6329.904957111454,False,,Kielce,II 2023
6,2661000,Kielce,2023Q3,2023,3,20233,secondary,transaction,6523.4675519517605,False,,Kielce,III 2023
6,2661000,Kielce,2023Q4,2023,4,20234,secondary,transaction,6983.580385109693,False,,Kielce,IV 2023
6,2661000,Kielce,2024Q1,2024,1,20241,secondary,transaction,7351.362092195773,False,,Kielce,I 2024
6,2661000,Kielce,2024Q2,2024,2,20242,secondary,transaction,7958.822612109005,False,,Kielce,II 2024
6,2661000,Kielce,2024Q3,2024,3,20243,secondary,transaction,7933.630930447165,False,,Kielce,III 2024
6,2661000,Kielce,2024Q4,2024,4,20244,secondary,transaction,8128.390474347525,False,,Kielce,IV 2024
6,2661000,Kielce,2025Q1,2025,1,20251,secondary,transaction,8100.0069084470015,False,,Kielce,I 2025
6,2661000,Kielce,2025Q2,2025,2,20252,secondary,transaction,8013.998522512147,False,,Kielce,II 2025
6,2661000,Kielce,2025Q3,2025,3,20253,secondary,transaction,8247.264452744745,False,,Kielce,III 2025
6,2661000,Kielce,2025Q4,2025,4,20254,secondary,transaction,8085.794719222709,False,,Kielce,IV 2025
6,2661000,Kielce,2026Q1,2026,1,20261,secondary,transaction,8124.581127329559,False,,Kielce,I 2026
6,2661000,Kielce,2026Q2,2026,2,20262,secondary,transaction,8192.64608455164,False,,Kielce,II 2026
7,1261000,Kraków,2006Q3,2006,3,20063,secondary,transaction,4928.245767985025,False,,Kraków,III 2006
7,1261000,Kraków,2006Q4,2006,4,20064,secondary,transaction,5683.907089484757,False,,Kraków,IV 2006
7,1261000,Kraków,2007Q1,2007,1,20071,secondary,transaction,6407.726723592168,False,,Kraków,I 2007
7,1261000,Kraków,2007Q2,2007,2,20072,secondary,transaction,6954.3354265923845,False,,Kraków,II 2007
7,1261000,Kraków,2007Q3,2007,3,20073,secondary,transaction,7143.629475707823,False,,Kraków,III 2007
7,1261000,Kraków,2007Q4,2007,4,20074,secondary,transaction,7081.1628501702635,False,,Kraków,IV 2007
7,1261000,Kraków,2008Q1,2008,1,20081,secondary,transaction,6368.990059545883,False,,Kraków,I 2008
7,1261000,Kraków,2008Q2,2008,2,20082,secondary,transaction,6605.626271422933,False,,Kraków,II 2008
7,1261000,Kraków,2008Q3,2008,3,20083,secondary,transaction,6570.544454004804,False,,Kraków,III 2008
7,1261000,Kraków,2008Q4,2008,4,20084,secondary,transaction,6522.368785092646,False,,Kraków,IV 2008
7,1261000,Kraków,2009Q1,2009,1,20091,secondary,transaction,6318.365219324046,False,,Kraków,I 2009
7,1261000,Kraków,2009Q2,2009,2,20092,secondary,transaction,6152.663023336323,False,,Kraków,II 2009
7,1261000,Kraków,2009Q3,2009,3,20093,secondary,transaction,6068.042271502473,False,,Kraków,III 2009
7,1261000,Kraków,2009Q4,2009,4,20094,secondary,transaction,6261.124872727658,False,,Kraków,IV 2009
7,1261000,Kraków,2010Q1,2010,1,20101,secondary,transaction,6326.396681106065,False,,Kraków,I 2010
7,1261000,Kraków,2010Q2,2010,2,20102,secondary,transaction,6334.300218836383,False,,Kraków,II 2010
7,1261000,Kraków,2010Q3,2010,3,20103,secondary,transaction,6392.329825196799,False,,Kraków,III 2010
7,1261000,Kraków,2010Q4,2010,4,20104,secondary,transaction,6418.983704552793,False,,Kraków,IV 2010
7,1261000,Kraków,2011Q1,2011,1,20111,secondary,transaction,6305.501224393972,False,,Kraków,I 2011
7,1261000,Kraków,2011Q2,2011,2,20112,secondary,transaction,6344.438312292416,False,,Kraków,II 2011
7,1261000,Kraków,2011Q3,2011,3,20113,secondary,transaction,6384.87805553134,False,,Kraków,III 2011
7,1261000,Kraków,2011Q4,2011,4,20114,secondary,transaction,6287.890787222814,False,,Kraków,IV 2011
7,1261000,Kraków,2012Q1,2012,1,20121,secondary,transaction,6286.671064677288,False,,Kraków,I 2012
7,1261000,Kraków,2012Q2,2012,2,20122,secondary,transaction,6132.070103548891,False,,Kraków,II 2012
7,1261000,Kraków,2012Q3,2012,3,20123,secondary,transaction,6057.802194996136,False,,Kraków,III 2012
7,1261000,Kraków,2012Q4,2012,4,20124,secondary,transaction,5989.817678674943,False,,Kraków,IV 2012
7,1261000,Kraków,2013Q1,2013,1,20131,secondary,transaction,5681.462342201647,False,,Kraków,I 2013
7,1261000,Kraków,2013Q2,2013,2,20132,secondary,transaction,5609.342185018974,False,,Kraków,II 2013
7,1261000,Kraków,2013Q3,2013,3,20133,secondary,transaction,5740.659866414734,False,,Kraków,III 2013
7,1261000,Kraków,2013Q4,2013,4,20134,secondary,transaction,5766.975317849914,False,,Kraków,IV 2013
7,1261000,Kraków,2014Q1,2014,1,20141,secondary,transaction,5751.249365041973,False,,Kraków,I 2014
7,1261000,Kraków,2014Q2,2014,2,20142,secondary,transaction,5895.343332058628,False,,Kraków,II 2014
7,1261000,Kraków,2014Q3,2014,3,20143,secondary,transaction,5853.601535134191,False,,Kraków,III 2014
7,1261000,Kraków,2014Q4,2014,4,20144,secondary,transaction,5894.576699086371,False,,Kraków,IV 2014
7,1261000,Kraków,2015Q1,2015,1,20151,secondary,transaction,5877.530219478966,False,,Kraków,I 2015
7,1261000,Kraków,2015Q2,2015,2,20152,secondary,transaction,5963.106912297443,False,,Kraków,II 2015
7,1261000,Kraków,2015Q3,2015,3,20153,secondary,transaction,6022.328410573353,False,,Kraków,III 2015
7,1261000,Kraków,2015Q4,2015,4,20154,secondary,transaction,5942.939736297776,False,,Kraków,IV 2015
7,1261000,Kraków,2016Q1,2016,1,20161,secondary,transaction,5885.755371991635,False,,Kraków,I 2016
7,1261000,Kraków,2016Q2,2016,2,20162,secondary,transaction,5964.324657745792,False,,Kraków,II 2016
7,1261000,Kraków,2016Q3,2016,3,20163,secondary,transaction,6028.407686331203,False,,Kraków,III 2016
7,1261000,Kraków,2016Q4,2016,4,20164,secondary,transaction,6149.5401386167705,False,,Kraków,IV 2016
7,1261000,Kraków,2017Q1,2017,1,20171,secondary,transaction,6173.976100040531,False,,Kraków,I 2017
7,1261000,Kraków,2017Q2,2017,2,20172,secondary,transaction,6276.559275051202,False,,Kraków,II 2017
7,1261000,Kraków,2017Q3,2017,3,20173,secondary,transaction,6453.80432043193,False,,Kraków,III 2017
7,1261000,Kraków,2017Q4,2017,4,20174,secondary,transaction,6520.810614832837,False,,Kraków,IV 2017
7,1261000,Kraków,2018Q1,2018,1,20181,secondary,transaction,6516.70500489349,False,,Kraków,I 2018
7,1261000,Kraków,2018Q2,2018,2,20182,secondary,transaction,6692.602846862554,False,,Kraków,II 2018
7,1261000,Kraków,2018Q3,2018,3,20183,secondary,transaction,6918.140379969498,False,,Kraków,III 2018
7,1261000,Kraków,2018Q4,2018,4,20184,secondary,transaction,7081.667132965565,False,,Kraków,IV 2018
7,1261000,Kraków,2019Q1,2019,1,20191,secondary,transaction,7259.226218087693,False,,Kraków,I 2019
7,1261000,Kraków,2019Q2,2019,2,20192,secondary,transaction,7548.066266637226,False,,Kraków,II 2019
7,1261000,Kraków,2019Q3,2019,3,20193,secondary,transaction,7840.002818316454,False,,Kraków,III 2019
7,1261000,Kraków,2019Q4,2019,4,20194,secondary,transaction,8111.838107001026,False,,Kraków,IV 2019
7,1261000,Kraków,2020Q1,2020,1,20201,secondary,transaction,8470.411755042851,False,,Kraków,I 2020
7,1261000,Kraków,2020Q2,2020,2,20202,secondary,transaction,8683.663628292934,False,,Kraków,II 2020
7,1261000,Kraków,2020Q3,2020,3,20203,secondary,transaction,8698.918651728805,False,,Kraków,III 2020
7,1261000,Kraków,2020Q4,2020,4,20204,secondary,transaction,8823.75118274248,False,,Kraków,IV 2020
7,1261000,Kraków,2021Q1,2021,1,20211,secondary,transaction,9141.433028791635,False,,Kraków,I 2021
7,1261000,Kraków,2021Q2,2021,2,20212,secondary,transaction,9507.270180763166,False,,Kraków,II 2021
7,1261000,Kraków,2021Q3,2021,3,20213,secondary,transaction,9746.236327134277,False,,Kraków,III 2021
7,1261000,Kraków,2021Q4,2021,4,20214,secondary,transaction,10050.26818418568,False,,Kraków,IV 2021
7,1261000,Kraków,2022Q1,2022,1,20221,secondary,transaction,10463.815959427515,False,,Kraków,I 2022
7,1261000,Kraków,2022Q2,2022,2,20222,secondary,transaction,10787.50595262575,False,,Kraków,II 2022
7,1261000,Kraków,2022Q3,2022,3,20223,secondary,transaction,11109.99930693345,False,,Kraków,III 2022
7,1261000,Kraków,2022Q4,2022,4,20224,secondary,transaction,11149.479875337018,False,,Kraków,IV 2022
7,1261000,Kraków,2023Q1,2023,1,20231,secondary,transaction,11082.864888441816,False,,Kraków,I 2023
7,1261000,Kraków,2023Q2,2023,2,20232,secondary,transaction,11315.10064937912,False,,Kraków,II 2023
7,1261000,Kraków,2023Q3,2023,3,20233,secondary,transaction,12102.857870984517,False,,Kraków,III 2023
7,1261000,Kraków,2023Q4,2023,4,20234,secondary,transaction,12611.620299823813,False,,Kraków,IV 2023
7,1261000,Kraków,2024Q1,2024,1,20241,secondary,transaction,13688.931405877976,False,,Kraków,I 2024
7,1261000,Kraków,2024Q2,2024,2,20242,secondary,transaction,14745.354120247446,False,,Kraków,II 2024
7,1261000,Kraków,2024Q3,2024,3,20243,secondary,transaction,15154.587292407687,False,,Kraków,III 2024
7,1261000,Kraków,2024Q4,2024,4,20244,secondary,transaction,15228.41330122621,False,,Kraków,IV 2024
7,1261000,Kraków,2025Q1,2025,1,20251,secondary,transaction,15111.645589801226,False,,Kraków,I 2025
7,1261000,Kraków,2025Q2,2025,2,20252,secondary,transaction,14957.890728473365,False,,Kraków,II 2025
7,1261000,Kraków,2025Q3,2025,3,20253,secondary,transaction,14862.591492911419,False,,Kraków,III 2025
7,1261000,Kraków,2025Q4,2025,4,20254,secondary,transaction,15063.997841078923,False,,Kraków,IV 2025
7,1261000,Kraków,2026Q1,2026,1,20261,secondary,transaction,15077.872494719923,False,,Kraków,I 2026
7,1261000,Kraków,2026Q2,2026,2,20262,secondary,transaction,14791.950641039952,False,,Kraków,II 2026
8,0663000,Lublin,2006Q3,2006,3,20063,secondary,transaction,2759.85,False,,Lublin,III 2006
8,0663000,Lublin,2006Q4,2006,4,20064,secondary,transaction,2931.85,False,,Lublin,IV 2006
8,0663000,Lublin,2007Q1,2007,1,20071,secondary,transaction,3434.93,False,,Lublin,I 2007
8,0663000,Lublin,2007Q2,2007,2,20072,secondary,transaction,3958.32,False,,Lublin,II 2007
8,0663000,Lublin,2007Q3,2007,3,20073,secondary,transaction,4315.56,False,,Lublin,III 2007
8,0663000,Lublin,2007Q4,2007,4,20074,secondary,transaction,4662.88,False,,Lublin,IV 2007
8,0663000,Lublin,2008Q1,2008,1,20081,secondary,transaction,4645.88,False,,Lublin,I 2008
8,0663000,Lublin,2008Q2,2008,2,20082,secondary,transaction,4759.34,False,,Lublin,II 2008
8,0663000,Lublin,2008Q3,2008,3,20083,secondary,transaction,4807.97,False,,Lublin,III 2008
8,0663000,Lublin,2008Q4,2008,4,20084,secondary,transaction,4796.29,False,,Lublin,IV 2008
8,0663000,Lublin,2009Q1,2009,1,20091,secondary,transaction,4668.49,False,,Lublin,I 2009
8,0663000,Lublin,2009Q2,2009,2,20092,secondary,transaction,4626.88,False,,Lublin,II 2009
8,0663000,Lublin,2009Q3,2009,3,20093,secondary,transaction,4543.52,False,,Lublin,III 2009
8,0663000,Lublin,2009Q4,2009,4,20094,secondary,transaction,4690.94,False,,Lublin,IV 2009
8,0663000,Lublin,2010Q1,2010,1,20101,secondary,transaction,4633.41,False,,Lublin,I 2010
8,0663000,Lublin,2010Q2,2010,2,20102,secondary,transaction,4813.92,False,,Lublin,II 2010
8,0663000,Lublin,2010Q3,2010,3,20103,secondary,transaction,4833.6,False,,Lublin,III 2010
8,0663000,Lublin,2010Q4,2010,4,20104,secondary,transaction,4840.4,False,,Lublin,IV 2010
8,0663000,Lublin,2011Q1,2011,1,20111,secondary,transaction,4897.32,False,,Lublin,I 2011
8,0663000,Lublin,2011Q2,2011,2,20112,secondary,transaction,4829.71,False,,Lublin,II 2011
8,0663000,Lublin,2011Q3,2011,3,20113,secondary,transaction,5028.57,False,,Lublin,III 2011
8,0663000,Lublin,2011Q4,2011,4,20114,secondary,transaction,4868.97,False,,Lublin,IV 2011
8,0663000,Lublin,2012Q1,2012,1,20121,secondary,transaction,4834.44,False,,Lublin,I 2012
8,0663000,Lublin,2012Q2,2012,2,20122,secondary,transaction,4743.67,False,,Lublin,II 2012
8,0663000,Lublin,2012Q3,2012,3,20123,secondary,transaction,4786.8,False,,Lublin,III 2012
8,0663000,Lublin,2012Q4,2012,4,20124,secondary,transaction,4599.32,False,,Lublin,IV 2012
8,0663000,Lublin,2013Q1,2013,1,20131,secondary,transaction,4540.95,False,,Lublin,I 2013
8,0663000,Lublin,2013Q2,2013,2,20132,secondary,transaction,4532.17,False,,Lublin,II 2013
8,0663000,Lublin,2013Q3,2013,3,20133,secondary,transaction,4496.98,False,,Lublin,III 2013
8,0663000,Lublin,2013Q4,2013,4,20134,secondary,transaction,4519.12,False,,Lublin,IV 2013
8,0663000,Lublin,2014Q1,2014,1,20141,secondary,transaction,4493.56,False,,Lublin,I 2014
8,0663000,Lublin,2014Q2,2014,2,20142,secondary,transaction,4530.39,False,,Lublin,II 2014
8,0663000,Lublin,2014Q3,2014,3,20143,secondary,transaction,4548.21,False,,Lublin,III 2014
8,0663000,Lublin,2014Q4,2014,4,20144,secondary,transaction,4523.22,False,,Lublin,IV 2014
8,0663000,Lublin,2015Q1,2015,1,20151,secondary,transaction,4537.71,False,,Lublin,I 2015
8,0663000,Lublin,2015Q2,2015,2,20152,secondary,transaction,4605.81,False,,Lublin,II 2015
8,0663000,Lublin,2015Q3,2015,3,20153,secondary,transaction,4649.06,False,,Lublin,III 2015
8,0663000,Lublin,2015Q4,2015,4,20154,secondary,transaction,4605.88,False,,Lublin,IV 2015
8,0663000,Lublin,2016Q1,2016,1,20161,secondary,transaction,4448.07,False,,Lublin,I 2016
8,0663000,Lublin,2016Q2,2016,2,20162,secondary,transaction,4625.89,False,,Lublin,II 2016
8,0663000,Lublin,2016Q3,2016,3,20163,secondary,transaction,4702.7,False,,Lublin,III 2016
8,0663000,Lublin,2016Q4,2016,4,20164,secondary,transaction,4748.24,False,,Lublin,IV 2016
8,0663000,Lublin,2017Q1,2017,1,20171,secondary,transaction,4724.02,False,,Lublin,I 2017
8,0663000,Lublin,2017Q2,2017,2,20172,secondary,transaction,4720.88,False,,Lublin,II 2017
8,0663000,Lublin,2017Q3,2017,3,20173,secondary,transaction,4844.95,False,,Lublin,III 2017
8,0663000,Lublin,2017Q4,2017,4,20174,secondary,transaction,4901.57,False,,Lublin,IV 2017
8,0663000,Lublin,2018Q1,2018,1,20181,secondary,transaction,4826.5,False,,Lublin,I 2018
8,0663000,Lublin,2018Q2,2018,2,20182,secondary,transaction,4995.63,False,,Lublin,II 2018
8,0663000,Lublin,2018Q3,2018,3,20183,secondary,transaction,5164.0,False,,Lublin,III 2018
8,0663000,Lublin,2018Q4,2018,4,20184,secondary,transaction,5179.64,False,,Lublin,IV 2018
8,0663000,Lublin,2019Q1,2019,1,20191,secondary,transaction,5296.22,False,,Lublin,I 2019
8,0663000,Lublin,2019Q2,2019,2,20192,secondary,transaction,5511.31,False,,Lublin,II 2019
8,0663000,Lublin,2019Q3,2019,3,20193,secondary,transaction,5670.67,False,,Lublin,III 2019
8,0663000,Lublin,2019Q4,2019,4,20194,secondary,transaction,5913.91,False,,Lublin,IV 2019
8,0663000,Lublin,2020Q1,2020,1,20201,secondary,transaction,6034.04,False,,Lublin,I 2020
8,0663000,Lublin,2020Q2,2020,2,20202,secondary,transaction,6461.0,False,,Lublin,II 2020
8,0663000,Lublin,2020Q3,2020,3,20203,secondary,transaction,6495.64,False,,Lublin,III 2020
8,0663000,Lublin,2020Q4,2020,4,20204,secondary,transaction,6511.68,False,,Lublin,IV 2020
8,0663000,Lublin,2021Q1,2021,1,20211,secondary,transaction,6677.03,False,,Lublin,I 2021
8,0663000,Lublin,2021Q2,2021,2,20212,secondary,transaction,6911.21,False,,Lublin,II 2021
8,0663000,Lublin,2021Q3,2021,3,20213,secondary,transaction,7125.91,False,,Lublin,III 2021
8,0663000,Lublin,2021Q4,2021,4,20214,secondary,transaction,7450.0,False,,Lublin,IV 2021
8,0663000,Lublin,2022Q1,2022,1,20221,secondary,transaction,7754.78,False,,Lublin,I 2022
8,0663000,Lublin,2022Q2,2022,2,20222,secondary,transaction,7861.81,False,,Lublin,II 2022
8,0663000,Lublin,2022Q3,2022,3,20223,secondary,transaction,7863.35,False,,Lublin,III 2022
8,0663000,Lublin,2022Q4,2022,4,20224,secondary,transaction,7797.6,False,,Lublin,IV 2022
8,0663000,Lublin,2023Q1,2023,1,20231,secondary,transaction,7700.87,False,,Lublin,I 2023
8,0663000,Lublin,2023Q2,2023,2,20232,secondary,transaction,8085.75,False,,Lublin,II 2023
8,0663000,Lublin,2023Q3,2023,3,20233,secondary,transaction,8294.06,False,,Lublin,III 2023
8,0663000,Lublin,2023Q4,2023,4,20234,secondary,transaction,8528.33,False,,Lublin,IV 2023
8,0663000,Lublin,2024Q1,2024,1,20241,secondary,transaction,9020.32,False,,Lublin,I 2024
8,0663000,Lublin,2024Q2,2024,2,20242,secondary,transaction,9624.24,False,,Lublin,II 2024
8,0663000,Lublin,2024Q3,2024,3,20243,secondary,transaction,9806.24,False,,Lublin,III 2024
8,0663000,Lublin,2024Q4,2024,4,20244,secondary,transaction,9769.51,False,,Lublin,IV 2024
8,0663000,Lublin,2025Q1,2025,1,20251,secondary,transaction,9974.61,False,,Lublin,I 2025
8,0663000,Lublin,2025Q2,2025,2,20252,secondary,transaction,10013.78,False,,Lublin,II 2025
8,0663000,Lublin,2025Q3,2025,3,20253,secondary,transaction,10118.49,False,,Lublin,III 2025
8,0663000,Lublin,2025Q4,2025,4,20254,secondary,transaction,9979.78,False,,Lublin,IV 2025
8,0663000,Lublin,2026Q1,2026,1,20261,secondary,transaction,10019.25,False,,Lublin,I 2026
8,0663000,Lublin,2026Q2,2026,2,20262,secondary,transaction,10219.03,False,,Lublin,II 2026
17,1061000,Łódź,2006Q3,2006,3,20063,secondary,transaction,1871.9673874113805,False,,Łódź,III 2006
17,1061000,Łódź,2006Q4,2006,4,20064,secondary,transaction,2236.2714087459212,False,,Łódź,IV 2006
17,1061000,Łódź,2007Q1,2007,1,20071,secondary,transaction,3087.223934928209,False,,Łódź,I 2007
17,1061000,Łódź,2007Q2,2007,2,20072,secondary,transaction,3721.0792095778456,False,,Łódź,II 2007
17,1061000,Łódź,2007Q3,2007,3,20073,secondary,transaction,3951.582956789538,False,,Łódź,III 2007
17,1061000,Łódź,2007Q4,2007,4,20074,secondary,transaction,4014.7906158696087,False,,Łódź,IV 2007
17,1061000,Łódź,2008Q1,2008,1,20081,secondary,transaction,3963.416171939793,False,,Łódź,I 2008
17,1061000,Łódź,2008Q2,2008,2,20082,secondary,transaction,3957.2128246950633,False,,Łódź,II 2008
17,1061000,Łódź,2008Q3,2008,3,20083,secondary,transaction,3897.301267869999,False,,Łódź,III 2008
17,1061000,Łódź,2008Q4,2008,4,20084,secondary,transaction,4013.6563031886612,False,,Łódź,IV 2008
17,1061000,Łódź,2009Q1,2009,1,20091,secondary,transaction,3835.347105785,False,,Łódź,I 2009
17,1061000,Łódź,2009Q2,2009,2,20092,secondary,transaction,3800.075515840812,False,,Łódź,II 2009
17,1061000,Łódź,2009Q3,2009,3,20093,secondary,transaction,3711.03742603341,False,,Łódź,III 2009
17,1061000,Łódź,2009Q4,2009,4,20094,secondary,transaction,3778.5326161068415,False,,Łódź,IV 2009
17,1061000,Łódź,2010Q1,2010,1,20101,secondary,transaction,3911.283098161242,False,,Łódź,I 2010
17,1061000,Łódź,2010Q2,2010,2,20102,secondary,transaction,3928.9917899773204,False,,Łódź,II 2010
17,1061000,Łódź,2010Q3,2010,3,20103,secondary,transaction,3972.0287822715973,False,,Łódź,III 2010
17,1061000,Łódź,2010Q4,2010,4,20104,secondary,transaction,3964.459366746617,False,,Łódź,IV 2010
17,1061000,Łódź,2011Q1,2011,1,20111,secondary,transaction,3860.8204022916284,False,,Łódź,I 2011
17,1061000,Łódź,2011Q2,2011,2,20112,secondary,transaction,3971.214078977576,False,,Łódź,II 2011
17,1061000,Łódź,2011Q3,2011,3,20113,secondary,transaction,3911.232581086431,False,,Łódź,III 2011
17,1061000,Łódź,2011Q4,2011,4,20114,secondary,transaction,3873.2406840042468,False,,Łódź,IV 2011
17,1061000,Łódź,2012Q1,2012,1,20121,secondary,transaction,3613.7774196696514,False,,Łódź,I 2012
17,1061000,Łódź,2012Q2,2012,2,20122,secondary,transaction,3675.9390145029884,False,,Łódź,II 2012
17,1061000,Łódź,2012Q3,2012,3,20123,secondary,transaction,3636.470726264717,False,,Łódź,III 2012
17,1061000,Łódź,2012Q4,2012,4,20124,secondary,transaction,3549.9257141445396,False,,Łódź,IV 2012
17,1061000,Łódź,2013Q1,2013,1,20131,secondary,transaction,3431.0981845693213,False,,Łódź,I 2013
17,1061000,Łódź,2013Q2,2013,2,20132,secondary,transaction,3460.206522303263,False,,Łódź,II 2013
17,1061000,Łódź,2013Q3,2013,3,20133,secondary,transaction,3488.616574219829,False,,Łódź,III 2013
17,1061000,Łódź,2013Q4,2013,4,20134,secondary,transaction,3383.64964978807,False,,Łódź,IV 2013
17,1061000,Łódź,2014Q1,2014,1,20141,secondary,transaction,3568.29023806602,False,,Łódź,I 2014
17,1061000,Łódź,2014Q2,2014,2,20142,secondary,transaction,3406.3637181774816,False,,Łódź,II 2014
17,1061000,Łódź,2014Q3,2014,3,20143,secondary,transaction,3461.8049401944995,False,,Łódź,III 2014
17,1061000,Łódź,2014Q4,2014,4,20144,secondary,transaction,3410.9373148933996,False,,Łódź,IV 2014
17,1061000,Łódź,2015Q1,2015,1,20151,secondary,transaction,3491.9175244093526,False,,Łódź,I 2015
17,1061000,Łódź,2015Q2,2015,2,20152,secondary,transaction,3460.9621040003926,False,,Łódź,II 2015
17,1061000,Łódź,2015Q3,2015,3,20153,secondary,transaction,3479.8718065033454,False,,Łódź,III 2015
17,1061000,Łódź,2015Q4,2015,4,20154,secondary,transaction,3373.6281449277467,False,,Łódź,IV 2015
17,1061000,Łódź,2016Q1,2016,1,20161,secondary,transaction,3345.274078929263,False,,Łódź,I 2016
17,1061000,Łódź,2016Q2,2016,2,20162,secondary,transaction,3514.9236961011734,False,,Łódź,II 2016
17,1061000,Łódź,2016Q3,2016,3,20163,secondary,transaction,3592.0747821987466,False,,Łódź,III 2016
17,1061000,Łódź,2016Q4,2016,4,20164,secondary,transaction,3497.249378143509,False,,Łódź,IV 2016
17,1061000,Łódź,2017Q1,2017,1,20171,secondary,transaction,3552.021712037374,False,,Łódź,I 2017
17,1061000,Łódź,2017Q2,2017,2,20172,secondary,transaction,3725.628713570467,False,,Łódź,II 2017
17,1061000,Łódź,2017Q3,2017,3,20173,secondary,transaction,3822.8478669597907,False,,Łódź,III 2017
17,1061000,Łódź,2017Q4,2017,4,20174,secondary,transaction,3909.009674007969,False,,Łódź,IV 2017
17,1061000,Łódź,2018Q1,2018,1,20181,secondary,transaction,4095.359853524325,False,,Łódź,I 2018
17,1061000,Łódź,2018Q2,2018,2,20182,secondary,transaction,4157.540075347895,False,,Łódź,II 2018
17,1061000,Łódź,2018Q3,2018,3,20183,secondary,transaction,4306.159396001445,False,,Łódź,III 2018
17,1061000,Łódź,2018Q4,2018,4,20184,secondary,transaction,4573.58908726702,False,,Łódź,IV 2018
17,1061000,Łódź,2019Q1,2019,1,20191,secondary,transaction,4696.130111462709,False,,Łódź,I 2019
17,1061000,Łódź,2019Q2,2019,2,20192,secondary,transaction,4623.881907048682,False,,Łódź,II 2019
17,1061000,Łódź,2019Q3,2019,3,20193,secondary,transaction,4724.424017834377,False,,Łódź,III 2019
17,1061000,Łódź,2019Q4,2019,4,20194,secondary,transaction,5021.983172160572,False,,Łódź,IV 2019
17,1061000,Łódź,2020Q1,2020,1,20201,secondary,transaction,5164.461460900749,False,,Łódź,I 2020
17,1061000,Łódź,2020Q2,2020,2,20202,secondary,transaction,5342.69780397586,False,,Łódź,II 2020
17,1061000,Łódź,2020Q3,2020,3,20203,secondary,transaction,5464.2014128939545,False,,Łódź,III 2020
17,1061000,Łódź,2020Q4,2020,4,20204,secondary,transaction,5527.549298674474,False,,Łódź,IV 2020
17,1061000,Łódź,2021Q1,2021,1,20211,secondary,transaction,5550.343772721518,False,,Łódź,I 2021
17,1061000,Łódź,2021Q2,2021,2,20212,secondary,transaction,5905.282218539602,False,,Łódź,II 2021
17,1061000,Łódź,2021Q3,2021,3,20213,secondary,transaction,5961.803361643185,False,,Łódź,III 2021
17,1061000,Łódź,2021Q4,2021,4,20214,secondary,transaction,6097.519447130686,False,,Łódź,IV 2021
17,1061000,Łódź,2022Q1,2022,1,20221,secondary,transaction,6262.296258305198,False,,Łódź,I 2022
17,1061000,Łódź,2022Q2,2022,2,20222,secondary,transaction,6581.307642897852,False,,Łódź,II 2022
17,1061000,Łódź,2022Q3,2022,3,20223,secondary,transaction,6747.279372509268,False,,Łódź,III 2022
17,1061000,Łódź,2022Q4,2022,4,20224,secondary,transaction,6461.986801826475,False,,Łódź,IV 2022
17,1061000,Łódź,2023Q1,2023,1,20231,secondary,transaction,6584.929658679987,False,,Łódź,I 2023
17,1061000,Łódź,2023Q2,2023,2,20232,secondary,transaction,6365.8865580359015,False,,Łódź,II 2023
17,1061000,Łódź,2023Q3,2023,3,20233,secondary,transaction,6843.006816534142,False,,Łódź,III 2023
17,1061000,Łódź,2023Q4,2023,4,20234,secondary,transaction,6983.890866565186,False,,Łódź,IV 2023
17,1061000,Łódź,2024Q1,2024,1,20241,secondary,transaction,7557.514956269708,False,,Łódź,I 2024
17,1061000,Łódź,2024Q2,2024,2,20242,secondary,transaction,7804.954206446583,False,,Łódź,II 2024
17,1061000,Łódź,2024Q3,2024,3,20243,secondary,transaction,8014.60056533942,False,,Łódź,III 2024
17,1061000,Łódź,2024Q4,2024,4,20244,secondary,transaction,7835.160671269203,False,,Łódź,IV 2024
17,1061000,Łódź,2025Q1,2025,1,20251,secondary,transaction,8048.183154818331,False,,Łódź,I 2025
17,1061000,Łódź,2025Q2,2025,2,20252,secondary,transaction,8154.386907151695,False,,Łódź,II 2025
17,1061000,Łódź,2025Q3,2025,3,20253,secondary,transaction,8243.158184178366,False,,Łódź,III 2025
17,1061000,Łódź,2025Q4,2025,4,20254,secondary,transaction,8005.392047649754,False,,Łódź,IV 2025
17,1061000,Łódź,2026Q1,2026,1,20261,secondary,transaction,8008.8323656479815,False,,Łódź,I 2026
17,1061000,Łódź,2026Q2,2026,2,20262,secondary,transaction,8019.663004462572,False,,Łódź,II 2026
9,2862000,Olsztyn,2006Q3,2006,3,20063,secondary,transaction,3103.13,False,,Olsztyn,III 2006
9,2862000,Olsztyn,2006Q4,2006,4,20064,secondary,transaction,3455.7,False,,Olsztyn,IV 2006
9,2862000,Olsztyn,2007Q1,2007,1,20071,secondary,transaction,4031.12,False,,Olsztyn,I 2007
9,2862000,Olsztyn,2007Q2,2007,2,20072,secondary,transaction,4726.37,False,,Olsztyn,II 2007
9,2862000,Olsztyn,2007Q3,2007,3,20073,secondary,transaction,4931.86,False,,Olsztyn,III 2007
9,2862000,Olsztyn,2007Q4,2007,4,20074,secondary,transaction,5084.68,False,,Olsztyn,IV 2007
9,2862000,Olsztyn,2008Q1,2008,1,20081,secondary,transaction,4821.56,False,,Olsztyn,I 2008
9,2862000,Olsztyn,2008Q2,2008,2,20082,secondary,transaction,4729.68,False,,Olsztyn,II 2008
9,2862000,Olsztyn,2008Q3,2008,3,20083,secondary,transaction,4695.73,False,,Olsztyn,III 2008
9,2862000,Olsztyn,2008Q4,2008,4,20084,secondary,transaction,4608.77,False,,Olsztyn,IV 2008
9,2862000,Olsztyn,2009Q1,2009,1,20091,secondary,transaction,4517.94,False,,Olsztyn,I 2009
9,2862000,Olsztyn,2009Q2,2009,2,20092,secondary,transaction,4420.32,False,,Olsztyn,II 2009
9,2862000,Olsztyn,2009Q3,2009,3,20093,secondary,transaction,4435.54,False,,Olsztyn,III 2009
9,2862000,Olsztyn,2009Q4,2009,4,20094,secondary,transaction,4417.18,False,,Olsztyn,IV 2009
9,2862000,Olsztyn,2010Q1,2010,1,20101,secondary,transaction,4407.48,False,,Olsztyn,I 2010
9,2862000,Olsztyn,2010Q2,2010,2,20102,secondary,transaction,4479.92,False,,Olsztyn,II 2010
9,2862000,Olsztyn,2010Q3,2010,3,20103,secondary,transaction,4425.47,False,,Olsztyn,III 2010
9,2862000,Olsztyn,2010Q4,2010,4,20104,secondary,transaction,4390.48,False,,Olsztyn,IV 2010
9,2862000,Olsztyn,2011Q1,2011,1,20111,secondary,transaction,4430.36,False,,Olsztyn,I 2011
9,2862000,Olsztyn,2011Q2,2011,2,20112,secondary,transaction,4486.39,False,,Olsztyn,II 2011
9,2862000,Olsztyn,2011Q3,2011,3,20113,secondary,transaction,4451.22,False,,Olsztyn,III 2011
9,2862000,Olsztyn,2011Q4,2011,4,20114,secondary,transaction,4391.54,False,,Olsztyn,IV 2011
9,2862000,Olsztyn,2012Q1,2012,1,20121,secondary,transaction,4224.32,False,,Olsztyn,I 2012
9,2862000,Olsztyn,2012Q2,2012,2,20122,secondary,transaction,4259.31,False,,Olsztyn,II 2012
9,2862000,Olsztyn,2012Q3,2012,3,20123,secondary,transaction,4197.92,False,,Olsztyn,III 2012
9,2862000,Olsztyn,2012Q4,2012,4,20124,secondary,transaction,3970.61,False,,Olsztyn,IV 2012
9,2862000,Olsztyn,2013Q1,2013,1,20131,secondary,transaction,3970.61,False,,Olsztyn,I 2013
9,2862000,Olsztyn,2013Q2,2013,2,20132,secondary,transaction,4065.95,False,,Olsztyn,II 2013
9,2862000,Olsztyn,2013Q3,2013,3,20133,secondary,transaction,4031.6,False,,Olsztyn,III 2013
9,2862000,Olsztyn,2013Q4,2013,4,20134,secondary,transaction,4038.12,False,,Olsztyn,IV 2013
9,2862000,Olsztyn,2014Q1,2014,1,20141,secondary,transaction,4026.99,False,,Olsztyn,I 2014
9,2862000,Olsztyn,2014Q2,2014,2,20142,secondary,transaction,4163.13,False,,Olsztyn,II 2014
9,2862000,Olsztyn,2014Q3,2014,3,20143,secondary,transaction,4035.1,False,,Olsztyn,III 2014
9,2862000,Olsztyn,2014Q4,2014,4,20144,secondary,transaction,4018.18,False,,Olsztyn,IV 2014
9,2862000,Olsztyn,2015Q1,2015,1,20151,secondary,transaction,4061.89,False,,Olsztyn,I 2015
9,2862000,Olsztyn,2015Q2,2015,2,20152,secondary,transaction,4020.02,False,,Olsztyn,II 2015
9,2862000,Olsztyn,2015Q3,2015,3,20153,secondary,transaction,4022.5,False,,Olsztyn,III 2015
9,2862000,Olsztyn,2015Q4,2015,4,20154,secondary,transaction,4065.03,False,,Olsztyn,IV 2015
9,2862000,Olsztyn,2016Q1,2016,1,20161,secondary,transaction,4118.3,False,,Olsztyn,I 2016
9,2862000,Olsztyn,2016Q2,2016,2,20162,secondary,transaction,4127.17,False,,Olsztyn,II 2016
9,2862000,Olsztyn,2016Q3,2016,3,20163,secondary,transaction,4231.04,False,,Olsztyn,III 2016
9,2862000,Olsztyn,2016Q4,2016,4,20164,secondary,transaction,4126.97,False,,Olsztyn,IV 2016
9,2862000,Olsztyn,2017Q1,2017,1,20171,secondary,transaction,4126.97,False,,Olsztyn,I 2017
9,2862000,Olsztyn,2017Q2,2017,2,20172,secondary,transaction,4257.12,False,,Olsztyn,II 2017
9,2862000,Olsztyn,2017Q3,2017,3,20173,secondary,transaction,4213.1,False,,Olsztyn,III 2017
9,2862000,Olsztyn,2017Q4,2017,4,20174,secondary,transaction,4338.79,False,,Olsztyn,IV 2017
9,2862000,Olsztyn,2018Q1,2018,1,20181,secondary,transaction,4248.38,False,,Olsztyn,I 2018
9,2862000,Olsztyn,2018Q2,2018,2,20182,secondary,transaction,4504.32,False,,Olsztyn,II 2018
9,2862000,Olsztyn,2018Q3,2018,3,20183,secondary,transaction,4559.03,False,,Olsztyn,III 2018
9,2862000,Olsztyn,2018Q4,2018,4,20184,secondary,transaction,4793.11,False,,Olsztyn,IV 2018
9,2862000,Olsztyn,2019Q1,2019,1,20191,secondary,transaction,4853.43,False,,Olsztyn,I 2019
9,2862000,Olsztyn,2019Q2,2019,2,20192,secondary,transaction,5064.86,False,,Olsztyn,II 2019
9,2862000,Olsztyn,2019Q3,2019,3,20193,secondary,transaction,5162.47,False,,Olsztyn,III 2019
9,2862000,Olsztyn,2019Q4,2019,4,20194,secondary,transaction,5373.85,False,,Olsztyn,IV 2019
9,2862000,Olsztyn,2020Q1,2020,1,20201,secondary,transaction,5438.53,False,,Olsztyn,I 2020
9,2862000,Olsztyn,2020Q2,2020,2,20202,secondary,transaction,5616.27,False,,Olsztyn,II 2020
9,2862000,Olsztyn,2020Q3,2020,3,20203,secondary,transaction,5679.7,False,,Olsztyn,III 2020
9,2862000,Olsztyn,2020Q4,2020,4,20204,secondary,transaction,5784.85,False,,Olsztyn,IV 2020
9,2862000,Olsztyn,2021Q1,2021,1,20211,secondary,transaction,5805.710576125001,False,,Olsztyn,I 2021
9,2862000,Olsztyn,2021Q2,2021,2,20212,secondary,transaction,5993.59,False,,Olsztyn,II 2021
9,2862000,Olsztyn,2021Q3,2021,3,20213,secondary,transaction,6211.86,False,,Olsztyn,III 2021
9,2862000,Olsztyn,2021Q4,2021,4,20214,secondary,transaction,6371.77,False,,Olsztyn,IV 2021
9,2862000,Olsztyn,2022Q1,2022,1,20221,secondary,transaction,6846.65,False,,Olsztyn,I 2022
9,2862000,Olsztyn,2022Q2,2022,2,20222,secondary,transaction,7026.06,False,,Olsztyn,II 2022
9,2862000,Olsztyn,2022Q3,2022,3,20223,secondary,transaction,7194.05,False,,Olsztyn,III 2022
9,2862000,Olsztyn,2022Q4,2022,4,20224,secondary,transaction,7059.539,False,,Olsztyn,IV 2022
9,2862000,Olsztyn,2023Q1,2023,1,20231,secondary,transaction,6859.294,False,,Olsztyn,I 2023
9,2862000,Olsztyn,2023Q2,2023,2,20232,secondary,transaction,7233.038,False,,Olsztyn,II 2023
9,2862000,Olsztyn,2023Q3,2023,3,20233,secondary,transaction,7292.093,False,,Olsztyn,III 2023
9,2862000,Olsztyn,2023Q4,2023,4,20234,secondary,transaction,7458.3,False,,Olsztyn,IV 2023
9,2862000,Olsztyn,2024Q1,2024,1,20241,secondary,transaction,7731.814,False,,Olsztyn,I 2024
9,2862000,Olsztyn,2024Q2,2024,2,20242,secondary,transaction,8193.275,False,,Olsztyn,II 2024
9,2862000,Olsztyn,2024Q3,2024,3,20243,secondary,transaction,8472.037,False,,Olsztyn,III 2024
9,2862000,Olsztyn,2024Q4,2024,4,20244,secondary,transaction,8436.368,False,,Olsztyn,IV 2024
9,2862000,Olsztyn,2025Q1,2025,1,20251,secondary,transaction,8486.078,False,,Olsztyn,I 2025
9,2862000,Olsztyn,2025Q2,2025,2,20252,secondary,transaction,8492.393,False,,Olsztyn,II 2025
9,2862000,Olsztyn,2025Q3,2025,3,20253,secondary,transaction,8757.804,False,,Olsztyn,III 2025
9,2862000,Olsztyn,2025Q4,2025,4,20254,secondary,transaction,8720.74,False,,Olsztyn,IV 2025
9,2862000,Olsztyn,2026Q1,2026,1,20261,secondary,transaction,8779.436,False,,Olsztyn,I 2026
9,2862000,Olsztyn,2026Q2,2026,2,20262,secondary,transaction,8940.509,False,,Olsztyn,II 2026
10,1661000,Opole,2006Q3,2006,3,20063,secondary,transaction,2809.9949873178093,False,,Opole,III 2006
10,1661000,Opole,2006Q4,2006,4,20064,secondary,transaction,2898.082093331009,False,,Opole,IV 2006
10,1661000,Opole,2007Q1,2007,1,20071,secondary,transaction,3405.9781613225327,False,,Opole,I 2007
10,1661000,Opole,2007Q2,2007,2,20072,secondary,transaction,3862.3648030006334,False,,Opole,II 2007
10,1661000,Opole,2007Q3,2007,3,20073,secondary,transaction,3859.092787554719,False,,Opole,III 2007
10,1661000,Opole,2007Q4,2007,4,20074,secondary,transaction,4010.8484488600425,False,,Opole,IV 2007
10,1661000,Opole,2008Q1,2008,1,20081,secondary,transaction,3724.5697344674736,False,,Opole,I 2008
10,1661000,Opole,2008Q2,2008,2,20082,secondary,transaction,3715.3889964149503,False,,Opole,II 2008
10,1661000,Opole,2008Q3,2008,3,20083,secondary,transaction,3823.2384777627635,False,,Opole,III 2008
10,1661000,Opole,2008Q4,2008,4,20084,secondary,transaction,3754.432467651597,False,,Opole,IV 2008
10,1661000,Opole,2009Q1,2009,1,20091,secondary,transaction,3815.823132936066,False,,Opole,I 2009
10,1661000,Opole,2009Q2,2009,2,20092,secondary,transaction,3805.8287614536716,False,,Opole,II 2009
10,1661000,Opole,2009Q3,2009,3,20093,secondary,transaction,3642.0759858144997,False,,Opole,III 2009
10,1661000,Opole,2009Q4,2009,4,20094,secondary,transaction,3646.1508700171726,False,,Opole,IV 2009
10,1661000,Opole,2010Q1,2010,1,20101,secondary,transaction,3725.304318188182,False,,Opole,I 2010
10,1661000,Opole,2010Q2,2010,2,20102,secondary,transaction,3908.7290264801377,False,,Opole,II 2010
10,1661000,Opole,2010Q3,2010,3,20103,secondary,transaction,3817.71279505988,False,,Opole,III 2010
10,1661000,Opole,2010Q4,2010,4,20104,secondary,transaction,3743.456977182002,False,,Opole,IV 2010
10,1661000,Opole,2011Q1,2011,1,20111,secondary,transaction,3976.1304654635514,False,,Opole,I 2011
10,1661000,Opole,2011Q2,2011,2,20112,secondary,transaction,3957.2746387009684,False,,Opole,II 2011
10,1661000,Opole,2011Q3,2011,3,20113,secondary,transaction,4005.7313925400863,False,,Opole,III 2011
10,1661000,Opole,2011Q4,2011,4,20114,secondary,transaction,3890.3433851615628,False,,Opole,IV 2011
10,1661000,Opole,2012Q1,2012,1,20121,secondary,transaction,3845.095574387232,False,,Opole,I 2012
10,1661000,Opole,2012Q2,2012,2,20122,secondary,transaction,3824.374752255108,False,,Opole,II 2012
10,1661000,Opole,2012Q3,2012,3,20123,secondary,transaction,3854.210382610161,False,,Opole,III 2012
10,1661000,Opole,2012Q4,2012,4,20124,secondary,transaction,3769.8157434496848,False,,Opole,IV 2012
10,1661000,Opole,2013Q1,2013,1,20131,secondary,transaction,3734.844260592323,False,,Opole,I 2013
10,1661000,Opole,2013Q2,2013,2,20132,secondary,transaction,3731.700628282476,False,,Opole,II 2013
10,1661000,Opole,2013Q3,2013,3,20133,secondary,transaction,3808.417932955273,False,,Opole,III 2013
10,1661000,Opole,2013Q4,2013,4,20134,secondary,transaction,3698.566323871981,False,,Opole,IV 2013
10,1661000,Opole,2014Q1,2014,1,20141,secondary,transaction,3738.1105082927784,False,,Opole,I 2014
10,1661000,Opole,2014Q2,2014,2,20142,secondary,transaction,3757.960538742274,False,,Opole,II 2014
10,1661000,Opole,2014Q3,2014,3,20143,secondary,transaction,3862.764923550439,False,,Opole,III 2014
10,1661000,Opole,2014Q4,2014,4,20144,secondary,transaction,3861.506422930222,False,,Opole,IV 2014
10,1661000,Opole,2015Q1,2015,1,20151,secondary,transaction,3774.817313746107,False,,Opole,I 2015
10,1661000,Opole,2015Q2,2015,2,20152,secondary,transaction,3832.4694290726015,False,,Opole,II 2015
10,1661000,Opole,2015Q3,2015,3,20153,secondary,transaction,3884.502758135408,False,,Opole,III 2015
10,1661000,Opole,2015Q4,2015,4,20154,secondary,transaction,3823.2260409405926,False,,Opole,IV 2015
10,1661000,Opole,2016Q1,2016,1,20161,secondary,transaction,3760.3287078789613,False,,Opole,I 2016
10,1661000,Opole,2016Q2,2016,2,20162,secondary,transaction,3884.863269831384,False,,Opole,II 2016
10,1661000,Opole,2016Q3,2016,3,20163,secondary,transaction,3830.0946707186386,False,,Opole,III 2016
10,1661000,Opole,2016Q4,2016,4,20164,secondary,transaction,3885.003548230754,False,,Opole,IV 2016
10,1661000,Opole,2017Q1,2017,1,20171,secondary,transaction,3963.619888878775,False,,Opole,I 2017
10,1661000,Opole,2017Q2,2017,2,20172,secondary,transaction,4103.784375360283,False,,Opole,II 2017
10,1661000,Opole,2017Q3,2017,3,20173,secondary,transaction,4112.541253043501,False,,Opole,III 2017
10,1661000,Opole,2017Q4,2017,4,20174,secondary,transaction,4215.9439339883975,False,,Opole,IV 2017
10,1661000,Opole,2018Q1,2018,1,20181,secondary,transaction,4242.079311565076,False,,Opole,I 2018
10,1661000,Opole,2018Q2,2018,2,20182,secondary,transaction,4523.972206569341,False,,Opole,II 2018
10,1661000,Opole,2018Q3,2018,3,20183,secondary,transaction,4689.318035593763,False,,Opole,III 2018
10,1661000,Opole,2018Q4,2018,4,20184,secondary,transaction,4684.183246436659,False,,Opole,IV 2018
10,1661000,Opole,2019Q1,2019,1,20191,secondary,transaction,4707.539863431569,False,,Opole,I 2019
10,1661000,Opole,2019Q2,2019,2,20192,secondary,transaction,4901.220873951459,False,,Opole,II 2019
10,1661000,Opole,2019Q3,2019,3,20193,secondary,transaction,5034.64887553364,False,,Opole,III 2019
10,1661000,Opole,2019Q4,2019,4,20194,secondary,transaction,5010.412405486989,False,,Opole,IV 2019
10,1661000,Opole,2020Q1,2020,1,20201,secondary,transaction,5175.0484186826525,False,,Opole,I 2020
10,1661000,Opole,2020Q2,2020,2,20202,secondary,transaction,5419.313027966474,False,,Opole,II 2020
10,1661000,Opole,2020Q3,2020,3,20203,secondary,transaction,5446.320879266279,False,,Opole,III 2020
10,1661000,Opole,2020Q4,2020,4,20204,secondary,transaction,5461.208623423973,False,,Opole,IV 2020
10,1661000,Opole,2021Q1,2021,1,20211,secondary,transaction,5387.974160606422,False,,Opole,I 2021
10,1661000,Opole,2021Q2,2021,2,20212,secondary,transaction,5485.709869709854,False,,Opole,II 2021
10,1661000,Opole,2021Q3,2021,3,20213,secondary,transaction,5723.3732473768905,False,,Opole,III 2021
10,1661000,Opole,2021Q4,2021,4,20214,secondary,transaction,5968.921044045989,False,,Opole,IV 2021
10,1661000,Opole,2022Q1,2022,1,20221,secondary,transaction,5985.743855304248,False,,Opole,I 2022
10,1661000,Opole,2022Q2,2022,2,20222,secondary,transaction,6254.649211708774,False,,Opole,II 2022
10,1661000,Opole,2022Q3,2022,3,20223,secondary,transaction,6577.651873439335,False,,Opole,III 2022
10,1661000,Opole,2022Q4,2022,4,20224,secondary,transaction,6568.863742806741,False,,Opole,IV 2022
10,1661000,Opole,2023Q1,2023,1,20231,secondary,transaction,6690.322118596861,False,,Opole,I 2023
10,1661000,Opole,2023Q2,2023,2,20232,secondary,transaction,6803.141016537149,False,,Opole,II 2023
10,1661000,Opole,2023Q3,2023,3,20233,secondary,transaction,7352.717440152912,False,,Opole,III 2023
10,1661000,Opole,2023Q4,2023,4,20234,secondary,transaction,7341.535035857208,False,,Opole,IV 2023
10,1661000,Opole,2024Q1,2024,1,20241,secondary,transaction,7916.109413402633,False,,Opole,I 2024
10,1661000,Opole,2024Q2,2024,2,20242,secondary,transaction,8542.307304375263,False,,Opole,II 2024
10,1661000,Opole,2024Q3,2024,3,20243,secondary,transaction,8601.420812227321,False,,Opole,III 2024
10,1661000,Opole,2024Q4,2024,4,20244,secondary,transaction,8679.744878143372,False,,Opole,IV 2024
10,1661000,Opole,2025Q1,2025,1,20251,secondary,transaction,8824.234296281942,False,,Opole,I 2025
10,1661000,Opole,2025Q2,2025,2,20252,secondary,transaction,8746.57139317237,False,,Opole,II 2025
10,1661000,Opole,2025Q3,2025,3,20253,secondary,transaction,8980.851318968138,False,,Opole,III 2025
10,1661000,Opole,2025Q4,2025,4,20254,secondary,transaction,8971.802656680591,False,,Opole,IV 2025
10,1661000,Opole,2026Q1,2026,1,20261,secondary,transaction,9038.23849908429,False,,Opole,I 2026
10,1661000,Opole,2026Q2,2026,2,20262,secondary,transaction,9215.276557318051,False,,Opole,II 2026
11,3064000,Poznań,2006Q3,2006,3,20063,secondary,transaction,3373.783882739749,False,,Poznań,III 2006
11,3064000,Poznań,2006Q4,2006,4,20064,secondary,transaction,3646.063754260175,False,,Poznań,IV 2006
11,3064000,Poznań,2007Q1,2007,1,20071,secondary,transaction,4268.728076408788,False,,Poznań,I 2007
11,3064000,Poznań,2007Q2,2007,2,20072,secondary,transaction,5206.27310170414,False,,Poznań,II 2007
11,3064000,Poznań,2007Q3,2007,3,20073,secondary,transaction,5773.971043375668,False,,Poznań,III 2007
11,3064000,Poznań,2007Q4,2007,4,20074,secondary,transaction,5845.889350479244,False,,Poznań,IV 2007
11,3064000,Poznań,2008Q1,2008,1,20081,secondary,transaction,5656.920618419053,False,,Poznań,I 2008
11,3064000,Poznań,2008Q2,2008,2,20082,secondary,transaction,5522.901955199791,False,,Poznań,II 2008
11,3064000,Poznań,2008Q3,2008,3,20083,secondary,transaction,5454.155086609941,False,,Poznań,III 2008
11,3064000,Poznań,2008Q4,2008,4,20084,secondary,transaction,5441.390696881557,False,,Poznań,IV 2008
11,3064000,Poznań,2009Q1,2009,1,20091,secondary,transaction,5174.368046685246,False,,Poznań,I 2009
11,3064000,Poznań,2009Q2,2009,2,20092,secondary,transaction,5136.849616728129,False,,Poznań,II 2009
11,3064000,Poznań,2009Q3,2009,3,20093,secondary,transaction,5028.120679445986,False,,Poznań,III 2009
11,3064000,Poznań,2009Q4,2009,4,20094,secondary,transaction,5064.127853930389,False,,Poznań,IV 2009
11,3064000,Poznań,2010Q1,2010,1,20101,secondary,transaction,5213.897484216292,False,,Poznań,I 2010
11,3064000,Poznań,2010Q2,2010,2,20102,secondary,transaction,5245.126318128058,False,,Poznań,II 2010
11,3064000,Poznań,2010Q3,2010,3,20103,secondary,transaction,5206.466381468427,False,,Poznań,III 2010
11,3064000,Poznań,2010Q4,2010,4,20104,secondary,transaction,5188.997130967611,False,,Poznań,IV 2010
11,3064000,Poznań,2011Q1,2011,1,20111,secondary,transaction,5264.067478340872,False,,Poznań,I 2011
11,3064000,Poznań,2011Q2,2011,2,20112,secondary,transaction,5287.848584654032,False,,Poznań,II 2011
11,3064000,Poznań,2011Q3,2011,3,20113,secondary,transaction,5313.959318721354,False,,Poznań,III 2011
11,3064000,Poznań,2011Q4,2011,4,20114,secondary,transaction,5192.011747498287,False,,Poznań,IV 2011
11,3064000,Poznań,2012Q1,2012,1,20121,secondary,transaction,5151.038885545616,False,,Poznań,I 2012
11,3064000,Poznań,2012Q2,2012,2,20122,secondary,transaction,4953.708255949625,False,,Poznań,II 2012
11,3064000,Poznań,2012Q3,2012,3,20123,secondary,transaction,4960.648599116939,False,,Poznań,III 2012
11,3064000,Poznań,2012Q4,2012,4,20124,secondary,transaction,4846.801257323012,False,,Poznań,IV 2012
11,3064000,Poznań,2013Q1,2013,1,20131,secondary,transaction,4725.314569441692,False,,Poznań,I 2013
11,3064000,Poznań,2013Q2,2013,2,20132,secondary,transaction,4837.7132391584355,False,,Poznań,II 2013
11,3064000,Poznań,2013Q3,2013,3,20133,secondary,transaction,4943.523576846867,False,,Poznań,III 2013
11,3064000,Poznań,2013Q4,2013,4,20134,secondary,transaction,4922.037356951497,False,,Poznań,IV 2013
11,3064000,Poznań,2014Q1,2014,1,20141,secondary,transaction,4961.629893452498,False,,Poznań,I 2014
11,3064000,Poznań,2014Q2,2014,2,20142,secondary,transaction,4957.608058620553,False,,Poznań,II 2014
11,3064000,Poznań,2014Q3,2014,3,20143,secondary,transaction,4975.699127975938,False,,Poznań,III 2014
11,3064000,Poznań,2014Q4,2014,4,20144,secondary,transaction,5057.974924662315,False,,Poznań,IV 2014
11,3064000,Poznań,2015Q1,2015,1,20151,secondary,transaction,4966.551990258811,False,,Poznań,I 2015
11,3064000,Poznań,2015Q2,2015,2,20152,secondary,transaction,4974.555070152549,False,,Poznań,II 2015
11,3064000,Poznań,2015Q3,2015,3,20153,secondary,transaction,5066.932202340708,False,,Poznań,III 2015
11,3064000,Poznań,2015Q4,2015,4,20154,secondary,transaction,5028.797360011451,False,,Poznań,IV 2015
11,3064000,Poznań,2016Q1,2016,1,20161,secondary,transaction,5068.347528031154,False,,Poznań,I 2016
11,3064000,Poznań,2016Q2,2016,2,20162,secondary,transaction,5155.120960318608,False,,Poznań,II 2016
11,3064000,Poznań,2016Q3,2016,3,20163,secondary,transaction,5196.4874660691075,False,,Poznań,III 2016
11,3064000,Poznań,2016Q4,2016,4,20164,secondary,transaction,5267.699292171028,False,,Poznań,IV 2016
11,3064000,Poznań,2017Q1,2017,1,20171,secondary,transaction,5164.287675120787,False,,Poznań,I 2017
11,3064000,Poznań,2017Q2,2017,2,20172,secondary,transaction,5452.706758145047,False,,Poznań,II 2017
11,3064000,Poznań,2017Q3,2017,3,20173,secondary,transaction,5454.401230240212,False,,Poznań,III 2017
11,3064000,Poznań,2017Q4,2017,4,20174,secondary,transaction,5535.598258836877,False,,Poznań,IV 2017
11,3064000,Poznań,2018Q1,2018,1,20181,secondary,transaction,5583.1500356459355,False,,Poznań,I 2018
11,3064000,Poznań,2018Q2,2018,2,20182,secondary,transaction,5783.090530112953,False,,Poznań,II 2018
11,3064000,Poznań,2018Q3,2018,3,20183,secondary,transaction,5932.006965782832,False,,Poznań,III 2018
11,3064000,Poznań,2018Q4,2018,4,20184,secondary,transaction,6048.463009482237,False,,Poznań,IV 2018
11,3064000,Poznań,2019Q1,2019,1,20191,secondary,transaction,6091.0272909229825,False,,Poznań,I 2019
11,3064000,Poznań,2019Q2,2019,2,20192,secondary,transaction,6291.029370229951,False,,Poznań,II 2019
11,3064000,Poznań,2019Q3,2019,3,20193,secondary,transaction,6369.673093938214,False,,Poznań,III 2019
11,3064000,Poznań,2019Q4,2019,4,20194,secondary,transaction,6607.8868737852845,False,,Poznań,IV 2019
11,3064000,Poznań,2020Q1,2020,1,20201,secondary,transaction,6761.854363442958,False,,Poznań,I 2020
11,3064000,Poznań,2020Q2,2020,2,20202,secondary,transaction,6911.775352975216,False,,Poznań,II 2020
11,3064000,Poznań,2020Q3,2020,3,20203,secondary,transaction,6996.298089007338,False,,Poznań,III 2020
11,3064000,Poznań,2020Q4,2020,4,20204,secondary,transaction,7084.173853370835,False,,Poznań,IV 2020
11,3064000,Poznań,2021Q1,2021,1,20211,secondary,transaction,7147.028329102597,False,,Poznań,I 2021
11,3064000,Poznań,2021Q2,2021,2,20212,secondary,transaction,7308.52482110527,False,,Poznań,II 2021
11,3064000,Poznań,2021Q3,2021,3,20213,secondary,transaction,7532.158029553868,False,,Poznań,III 2021
11,3064000,Poznań,2021Q4,2021,4,20214,secondary,transaction,7793.20653824544,False,,Poznań,IV 2021
11,3064000,Poznań,2022Q1,2022,1,20221,secondary,transaction,8001.745436124683,False,,Poznań,I 2022
11,3064000,Poznań,2022Q2,2022,2,20222,secondary,transaction,8467.32292710947,False,,Poznań,II 2022
11,3064000,Poznań,2022Q3,2022,3,20223,secondary,transaction,8643.040371417103,False,,Poznań,III 2022
11,3064000,Poznań,2022Q4,2022,4,20224,secondary,transaction,8629.111216003019,False,,Poznań,IV 2022
11,3064000,Poznań,2023Q1,2023,1,20231,secondary,transaction,8531.50776802885,False,,Poznań,I 2023
11,3064000,Poznań,2023Q2,2023,2,20232,secondary,transaction,8753.997839992582,False,,Poznań,II 2023
11,3064000,Poznań,2023Q3,2023,3,20233,secondary,transaction,9120.291845605736,False,,Poznań,III 2023
11,3064000,Poznań,2023Q4,2023,4,20234,secondary,transaction,9571.899087103298,False,,Poznań,IV 2023
11,3064000,Poznań,2024Q1,2024,1,20241,secondary,transaction,10028.191387231618,False,,Poznań,I 2024
11,3064000,Poznań,2024Q2,2024,2,20242,secondary,transaction,10357.000801259757,False,,Poznań,II 2024
11,3064000,Poznań,2024Q3,2024,3,20243,secondary,transaction,10690.676467739102,False,,Poznań,III 2024
11,3064000,Poznań,2024Q4,2024,4,20244,secondary,transaction,10797.829512204893,False,,Poznań,IV 2024
11,3064000,Poznań,2025Q1,2025,1,20251,secondary,transaction,10857.377904620502,False,,Poznań,I 2025
11,3064000,Poznań,2025Q2,2025,2,20252,secondary,transaction,10880.493373866222,False,,Poznań,II 2025
11,3064000,Poznań,2025Q3,2025,3,20253,secondary,transaction,10940.891325420038,False,,Poznań,III 2025
11,3064000,Poznań,2025Q4,2025,4,20254,secondary,transaction,11048.363542265573,False,,Poznań,IV 2025
11,3064000,Poznań,2026Q1,2026,1,20261,secondary,transaction,11079.359992735934,False,,Poznań,I 2026
11,3064000,Poznań,2026Q2,2026,2,20262,secondary,transaction,10890.791565790667,False,,Poznań,II 2026
12,1863000,Rzeszów,2006Q3,2006,3,20063,secondary,transaction,2629.234736031095,False,,Rzeszów,III 2006
12,1863000,Rzeszów,2006Q4,2006,4,20064,secondary,transaction,2913.9640151760614,False,,Rzeszów,IV 2006
12,1863000,Rzeszów,2007Q1,2007,1,20071,secondary,transaction,3981.609140882637,False,,Rzeszów,I 2007
12,1863000,Rzeszów,2007Q2,2007,2,20072,secondary,transaction,4036.34268939248,False,,Rzeszów,II 2007
12,1863000,Rzeszów,2007Q3,2007,3,20073,secondary,transaction,4216.659508384839,False,,Rzeszów,III 2007
12,1863000,Rzeszów,2007Q4,2007,4,20074,secondary,transaction,4416.661099584657,False,,Rzeszów,IV 2007
12,1863000,Rzeszów,2008Q1,2008,1,20081,secondary,transaction,4167.536492270455,False,,Rzeszów,I 2008
12,1863000,Rzeszów,2008Q2,2008,2,20082,secondary,transaction,4207.311049625563,False,,Rzeszów,II 2008
12,1863000,Rzeszów,2008Q3,2008,3,20083,secondary,transaction,4350.947430904721,False,,Rzeszów,III 2008
12,1863000,Rzeszów,2008Q4,2008,4,20084,secondary,transaction,4264.670033060349,False,,Rzeszów,IV 2008
12,1863000,Rzeszów,2009Q1,2009,1,20091,secondary,transaction,4121.693578020779,False,,Rzeszów,I 2009
12,1863000,Rzeszów,2009Q2,2009,2,20092,secondary,transaction,4121.950998285651,False,,Rzeszów,II 2009
12,1863000,Rzeszów,2009Q3,2009,3,20093,secondary,transaction,4107.7195861958935,False,,Rzeszów,III 2009
12,1863000,Rzeszów,2009Q4,2009,4,20094,secondary,transaction,4163.255525760804,False,,Rzeszów,IV 2009
12,1863000,Rzeszów,2010Q1,2010,1,20101,secondary,transaction,4074.4398505086147,False,,Rzeszów,I 2010
12,1863000,Rzeszów,2010Q2,2010,2,20102,secondary,transaction,4294.882426715088,False,,Rzeszów,II 2010
12,1863000,Rzeszów,2010Q3,2010,3,20103,secondary,transaction,4340.85129960945,False,,Rzeszów,III 2010
12,1863000,Rzeszów,2010Q4,2010,4,20104,secondary,transaction,4217.946107482561,False,,Rzeszów,IV 2010
12,1863000,Rzeszów,2011Q1,2011,1,20111,secondary,transaction,4430.549826469257,False,,Rzeszów,I 2011
12,1863000,Rzeszów,2011Q2,2011,2,20112,secondary,transaction,4548.696354335574,False,,Rzeszów,II 2011
12,1863000,Rzeszów,2011Q3,2011,3,20113,secondary,transaction,4538.672750506366,False,,Rzeszów,III 2011
12,1863000,Rzeszów,2011Q4,2011,4,20114,secondary,transaction,4566.163266373363,False,,Rzeszów,IV 2011
12,1863000,Rzeszów,2012Q1,2012,1,20121,secondary,transaction,4424.539504335832,False,,Rzeszów,I 2012
12,1863000,Rzeszów,2012Q2,2012,2,20122,secondary,transaction,4327.838582863051,False,,Rzeszów,II 2012
12,1863000,Rzeszów,2012Q3,2012,3,20123,secondary,transaction,4452.115284262109,False,,Rzeszów,III 2012
12,1863000,Rzeszów,2012Q4,2012,4,20124,secondary,transaction,4428.65247755112,False,,Rzeszów,IV 2012
12,1863000,Rzeszów,2013Q1,2013,1,20131,secondary,transaction,4279.1466151484365,False,,Rzeszów,I 2013
12,1863000,Rzeszów,2013Q2,2013,2,20132,secondary,transaction,4394.694504934796,False,,Rzeszów,II 2013
12,1863000,Rzeszów,2013Q3,2013,3,20133,secondary,transaction,4371.948951562536,False,,Rzeszów,III 2013
12,1863000,Rzeszów,2013Q4,2013,4,20134,secondary,transaction,4421.955509519069,False,,Rzeszów,IV 2013
12,1863000,Rzeszów,2014Q1,2014,1,20141,secondary,transaction,4316.2742751479545,False,,Rzeszów,I 2014
12,1863000,Rzeszów,2014Q2,2014,2,20142,secondary,transaction,4398.670098898881,False,,Rzeszów,II 2014
12,1863000,Rzeszów,2014Q3,2014,3,20143,secondary,transaction,4449.10571127838,False,,Rzeszów,III 2014
12,1863000,Rzeszów,2014Q4,2014,4,20144,secondary,transaction,4441.3478628474595,False,,Rzeszów,IV 2014
12,1863000,Rzeszów,2015Q1,2015,1,20151,secondary,transaction,4528.745862712761,False,,Rzeszów,I 2015
12,1863000,Rzeszów,2015Q2,2015,2,20152,secondary,transaction,4455.127635454477,False,,Rzeszów,II 2015
12,1863000,Rzeszów,2015Q3,2015,3,20153,secondary,transaction,4365.625111648274,False,,Rzeszów,III 2015
12,1863000,Rzeszów,2015Q4,2015,4,20154,secondary,transaction,4410.120370129997,False,,Rzeszów,IV 2015
12,1863000,Rzeszów,2016Q1,2016,1,20161,secondary,transaction,4580.499573184347,False,,Rzeszów,I 2016
12,1863000,Rzeszów,2016Q2,2016,2,20162,secondary,transaction,4563.938826281955,False,,Rzeszów,II 2016
12,1863000,Rzeszów,2016Q3,2016,3,20163,secondary,transaction,4497.260966223915,False,,Rzeszów,III 2016
12,1863000,Rzeszów,2016Q4,2016,4,20164,secondary,transaction,4526.09409611398,False,,Rzeszów,IV 2016
12,1863000,Rzeszów,2017Q1,2017,1,20171,secondary,transaction,4748.592122171956,False,,Rzeszów,I 2017
12,1863000,Rzeszów,2017Q2,2017,2,20172,secondary,transaction,4818.071216839442,False,,Rzeszów,II 2017
12,1863000,Rzeszów,2017Q3,2017,3,20173,secondary,transaction,4845.843256827515,False,,Rzeszów,III 2017
12,1863000,Rzeszów,2017Q4,2017,4,20174,secondary,transaction,4813.278137138576,False,,Rzeszów,IV 2017
12,1863000,Rzeszów,2018Q1,2018,1,20181,secondary,transaction,4925.788718604391,False,,Rzeszów,I 2018
12,1863000,Rzeszów,2018Q2,2018,2,20182,secondary,transaction,4989.822721491504,False,,Rzeszów,II 2018
12,1863000,Rzeszów,2018Q3,2018,3,20183,secondary,transaction,5089.245582811458,False,,Rzeszów,III 2018
12,1863000,Rzeszów,2018Q4,2018,4,20184,secondary,transaction,5156.131870002852,False,,Rzeszów,IV 2018
12,1863000,Rzeszów,2019Q1,2019,1,20191,secondary,transaction,5317.755271124622,False,,Rzeszów,I 2019
12,1863000,Rzeszów,2019Q2,2019,2,20192,secondary,transaction,5419.005298965656,False,,Rzeszów,II 2019
12,1863000,Rzeszów,2019Q3,2019,3,20193,secondary,transaction,5510.9976846854,False,,Rzeszów,III 2019
12,1863000,Rzeszów,2019Q4,2019,4,20194,secondary,transaction,5662.223177630228,False,,Rzeszów,IV 2019
12,1863000,Rzeszów,2020Q1,2020,1,20201,secondary,transaction,6248.983311986438,False,,Rzeszów,I 2020
12,1863000,Rzeszów,2020Q2,2020,2,20202,secondary,transaction,6447.78137941781,False,,Rzeszów,II 2020
12,1863000,Rzeszów,2020Q3,2020,3,20203,secondary,transaction,6486.763909267091,False,,Rzeszów,III 2020
12,1863000,Rzeszów,2020Q4,2020,4,20204,secondary,transaction,6664.332102265861,False,,Rzeszów,IV 2020
12,1863000,Rzeszów,2021Q1,2021,1,20211,secondary,transaction,6543.451200883641,False,,Rzeszów,I 2021
12,1863000,Rzeszów,2021Q2,2021,2,20212,secondary,transaction,6765.450819328716,False,,Rzeszów,II 2021
12,1863000,Rzeszów,2021Q3,2021,3,20213,secondary,transaction,6875.607354069759,False,,Rzeszów,III 2021
12,1863000,Rzeszów,2021Q4,2021,4,20214,secondary,transaction,7216.304019558032,False,,Rzeszów,IV 2021
12,1863000,Rzeszów,2022Q1,2022,1,20221,secondary,transaction,7641.12903683369,False,,Rzeszów,I 2022
12,1863000,Rzeszów,2022Q2,2022,2,20222,secondary,transaction,7946.204636088778,False,,Rzeszów,II 2022
12,1863000,Rzeszów,2022Q3,2022,3,20223,secondary,transaction,8052.838630937004,False,,Rzeszów,III 2022
12,1863000,Rzeszów,2022Q4,2022,4,20224,secondary,transaction,8093.038917788685,False,,Rzeszów,IV 2022
12,1863000,Rzeszów,2023Q1,2023,1,20231,secondary,transaction,8070.15909635383,False,,Rzeszów,I 2023
12,1863000,Rzeszów,2023Q2,2023,2,20232,secondary,transaction,8375.504100533797,False,,Rzeszów,II 2023
12,1863000,Rzeszów,2023Q3,2023,3,20233,secondary,transaction,8653.24993763375,False,,Rzeszów,III 2023
12,1863000,Rzeszów,2023Q4,2023,4,20234,secondary,transaction,8943.015173887405,False,,Rzeszów,IV 2023
12,1863000,Rzeszów,2024Q1,2024,1,20241,secondary,transaction,9343.04194824923,False,,Rzeszów,I 2024
12,1863000,Rzeszów,2024Q2,2024,2,20242,secondary,transaction,9933.730195053686,False,,Rzeszów,II 2024
12,1863000,Rzeszów,2024Q3,2024,3,20243,secondary,transaction,10372.653718866522,False,,Rzeszów,III 2024
12,1863000,Rzeszów,2024Q4,2024,4,20244,secondary,transaction,10547.55770248884,False,,Rzeszów,IV 2024
12,1863000,Rzeszów,2025Q1,2025,1,20251,secondary,transaction,10659.225226683991,False,,Rzeszów,I 2025
12,1863000,Rzeszów,2025Q2,2025,2,20252,secondary,transaction,10720.49814253921,False,,Rzeszów,II 2025
12,1863000,Rzeszów,2025Q3,2025,3,20253,secondary,transaction,10783.004015768416,False,,Rzeszów,III 2025
12,1863000,Rzeszów,2025Q4,2025,4,20254,secondary,transaction,10493.734163996398,False,,Rzeszów,IV 2025
12,1863000,Rzeszów,2026Q1,2026,1,20261,secondary,transaction,10880.839100664318,False,,Rzeszów,I 2026
12,1863000,Rzeszów,2026Q2,2026,2,20262,secondary,transaction,10973.993865217552,False,,Rzeszów,II 2026
13,3262000,Szczecin,2006Q3,2006,3,20063,secondary,transaction,2623.2605343185587,False,,Szczecin,III 2006
13,3262000,Szczecin,2006Q4,2006,4,20064,secondary,transaction,2901.0669385438314,False,,Szczecin,IV 2006
13,3262000,Szczecin,2007Q1,2007,1,20071,secondary,transaction,3449.710750280668,False,,Szczecin,I 2007
13,3262000,Szczecin,2007Q2,2007,2,20072,secondary,transaction,4161.829739277982,False,,Szczecin,II 2007
13,3262000,Szczecin,2007Q3,2007,3,20073,secondary,transaction,4373.094300011807,False,,Szczecin,III 2007
13,3262000,Szczecin,2007Q4,2007,4,20074,secondary,transaction,4571.013065427017,False,,Szczecin,IV 2007
13,3262000,Szczecin,2008Q1,2008,1,20081,secondary,transaction,4434.448360365133,False,,Szczecin,I 2008
13,3262000,Szczecin,2008Q2,2008,2,20082,secondary,transaction,4484.813638272184,False,,Szczecin,II 2008
13,3262000,Szczecin,2008Q3,2008,3,20083,secondary,transaction,4721.851449548252,False,,Szczecin,III 2008
13,3262000,Szczecin,2008Q4,2008,4,20084,secondary,transaction,4661.096558714956,False,,Szczecin,IV 2008
13,3262000,Szczecin,2009Q1,2009,1,20091,secondary,transaction,4458.915349756218,False,,Szczecin,I 2009
13,3262000,Szczecin,2009Q2,2009,2,20092,secondary,transaction,4367.573013617211,False,,Szczecin,II 2009
13,3262000,Szczecin,2009Q3,2009,3,20093,secondary,transaction,4382.81324002355,False,,Szczecin,III 2009
13,3262000,Szczecin,2009Q4,2009,4,20094,secondary,transaction,4263.010476939354,False,,Szczecin,IV 2009
13,3262000,Szczecin,2010Q1,2010,1,20101,secondary,transaction,4236.748092204254,False,,Szczecin,I 2010
13,3262000,Szczecin,2010Q2,2010,2,20102,secondary,transaction,4311.409874706666,False,,Szczecin,II 2010
13,3262000,Szczecin,2010Q3,2010,3,20103,secondary,transaction,4357.989650409346,False,,Szczecin,III 2010
13,3262000,Szczecin,2010Q4,2010,4,20104,secondary,transaction,4328.3466794199285,False,,Szczecin,IV 2010
13,3262000,Szczecin,2011Q1,2011,1,20111,secondary,transaction,4216.113426556904,False,,Szczecin,I 2011
13,3262000,Szczecin,2011Q2,2011,2,20112,secondary,transaction,4192.452842627651,False,,Szczecin,II 2011
13,3262000,Szczecin,2011Q3,2011,3,20113,secondary,transaction,4134.131049898683,False,,Szczecin,III 2011
13,3262000,Szczecin,2011Q4,2011,4,20114,secondary,transaction,4057.814808892994,False,,Szczecin,IV 2011
13,3262000,Szczecin,2012Q1,2012,1,20121,secondary,transaction,3976.2666311446314,False,,Szczecin,I 2012
13,3262000,Szczecin,2012Q2,2012,2,20122,secondary,transaction,3943.5792526238556,False,,Szczecin,II 2012
13,3262000,Szczecin,2012Q3,2012,3,20123,secondary,transaction,3835.397783760039,False,,Szczecin,III 2012
13,3262000,Szczecin,2012Q4,2012,4,20124,secondary,transaction,3784.6794318593556,False,,Szczecin,IV 2012
13,3262000,Szczecin,2013Q1,2013,1,20131,secondary,transaction,3736.773351675229,False,,Szczecin,I 2013
13,3262000,Szczecin,2013Q2,2013,2,20132,secondary,transaction,3699.522213688879,False,,Szczecin,II 2013
13,3262000,Szczecin,2013Q3,2013,3,20133,secondary,transaction,3771.6973941540346,False,,Szczecin,III 2013
13,3262000,Szczecin,2013Q4,2013,4,20134,secondary,transaction,3762.495703624322,False,,Szczecin,IV 2013
13,3262000,Szczecin,2014Q1,2014,1,20141,secondary,transaction,3797.414303741127,False,,Szczecin,I 2014
13,3262000,Szczecin,2014Q2,2014,2,20142,secondary,transaction,3764.7065906218713,False,,Szczecin,II 2014
13,3262000,Szczecin,2014Q3,2014,3,20143,secondary,transaction,3783.2953939243944,False,,Szczecin,III 2014
13,3262000,Szczecin,2014Q4,2014,4,20144,secondary,transaction,3852.2382799288334,False,,Szczecin,IV 2014
13,3262000,Szczecin,2015Q1,2015,1,20151,secondary,transaction,3745.746928058662,False,,Szczecin,I 2015
13,3262000,Szczecin,2015Q2,2015,2,20152,secondary,transaction,3830.8674927804345,False,,Szczecin,II 2015
13,3262000,Szczecin,2015Q3,2015,3,20153,secondary,transaction,3829.4792170458436,False,,Szczecin,III 2015
13,3262000,Szczecin,2015Q4,2015,4,20154,secondary,transaction,3789.4244780901886,False,,Szczecin,IV 2015
13,3262000,Szczecin,2016Q1,2016,1,20161,secondary,transaction,3869.877343785591,False,,Szczecin,I 2016
13,3262000,Szczecin,2016Q2,2016,2,20162,secondary,transaction,3929.838041502912,False,,Szczecin,II 2016
13,3262000,Szczecin,2016Q3,2016,3,20163,secondary,transaction,3960.1410873034383,False,,Szczecin,III 2016
13,3262000,Szczecin,2016Q4,2016,4,20164,secondary,transaction,4008.569233663311,False,,Szczecin,IV 2016
13,3262000,Szczecin,2017Q1,2017,1,20171,secondary,transaction,3991.3848482885014,False,,Szczecin,I 2017
13,3262000,Szczecin,2017Q2,2017,2,20172,secondary,transaction,4176.6679447732795,False,,Szczecin,II 2017
13,3262000,Szczecin,2017Q3,2017,3,20173,secondary,transaction,4208.093409735269,False,,Szczecin,III 2017
13,3262000,Szczecin,2017Q4,2017,4,20174,secondary,transaction,4306.806913912485,False,,Szczecin,IV 2017
13,3262000,Szczecin,2018Q1,2018,1,20181,secondary,transaction,4365.313216196571,False,,Szczecin,I 2018
13,3262000,Szczecin,2018Q2,2018,2,20182,secondary,transaction,4546.132548602982,False,,Szczecin,II 2018
13,3262000,Szczecin,2018Q3,2018,3,20183,secondary,transaction,4783.283809139707,False,,Szczecin,III 2018
13,3262000,Szczecin,2018Q4,2018,4,20184,secondary,transaction,4827.843486162105,False,,Szczecin,IV 2018
13,3262000,Szczecin,2019Q1,2019,1,20191,secondary,transaction,5064.776095845831,False,,Szczecin,I 2019
13,3262000,Szczecin,2019Q2,2019,2,20192,secondary,transaction,5223.831571996178,False,,Szczecin,II 2019
13,3262000,Szczecin,2019Q3,2019,3,20193,secondary,transaction,5343.802647805521,False,,Szczecin,III 2019
13,3262000,Szczecin,2019Q4,2019,4,20194,secondary,transaction,5501.213351832478,False,,Szczecin,IV 2019
13,3262000,Szczecin,2020Q1,2020,1,20201,secondary,transaction,5612.727010401402,False,,Szczecin,I 2020
13,3262000,Szczecin,2020Q2,2020,2,20202,secondary,transaction,5842.218032782261,False,,Szczecin,II 2020
13,3262000,Szczecin,2020Q3,2020,3,20203,secondary,transaction,6029.604021331633,False,,Szczecin,III 2020
13,3262000,Szczecin,2020Q4,2020,4,20204,secondary,transaction,6110.924063888302,False,,Szczecin,IV 2020
13,3262000,Szczecin,2021Q1,2021,1,20211,secondary,transaction,6121.8973483164355,False,,Szczecin,I 2021
13,3262000,Szczecin,2021Q2,2021,2,20212,secondary,transaction,6411.815023684689,False,,Szczecin,II 2021
13,3262000,Szczecin,2021Q3,2021,3,20213,secondary,transaction,6577.6954633935065,False,,Szczecin,III 2021
13,3262000,Szczecin,2021Q4,2021,4,20214,secondary,transaction,6886.435942710108,False,,Szczecin,IV 2021
13,3262000,Szczecin,2022Q1,2022,1,20221,secondary,transaction,7196.225705627315,False,,Szczecin,I 2022
13,3262000,Szczecin,2022Q2,2022,2,20222,secondary,transaction,7589.515200498988,False,,Szczecin,II 2022
13,3262000,Szczecin,2022Q3,2022,3,20223,secondary,transaction,7493.294852522091,False,,Szczecin,III 2022
13,3262000,Szczecin,2022Q4,2022,4,20224,secondary,transaction,7267.365749633968,False,,Szczecin,IV 2022
13,3262000,Szczecin,2023Q1,2023,1,20231,secondary,transaction,7341.113259716469,False,,Szczecin,I 2023
13,3262000,Szczecin,2023Q2,2023,2,20232,secondary,transaction,7424.676100434448,False,,Szczecin,II 2023
13,3262000,Szczecin,2023Q3,2023,3,20233,secondary,transaction,8020.224917050315,False,,Szczecin,III 2023
13,3262000,Szczecin,2023Q4,2023,4,20234,secondary,transaction,8266.573301861927,False,,Szczecin,IV 2023
13,3262000,Szczecin,2024Q1,2024,1,20241,secondary,transaction,8725.369506690684,False,,Szczecin,I 2024
13,3262000,Szczecin,2024Q2,2024,2,20242,secondary,transaction,9000.12944968919,False,,Szczecin,II 2024
13,3262000,Szczecin,2024Q3,2024,3,20243,secondary,transaction,9282.384017680482,False,,Szczecin,III 2024
13,3262000,Szczecin,2024Q4,2024,4,20244,secondary,transaction,9201.38261411592,False,,Szczecin,IV 2024
13,3262000,Szczecin,2025Q1,2025,1,20251,secondary,transaction,9183.766241095354,False,,Szczecin,I 2025
13,3262000,Szczecin,2025Q2,2025,2,20252,secondary,transaction,9204.938743056824,False,,Szczecin,II 2025
13,3262000,Szczecin,2025Q3,2025,3,20253,secondary,transaction,9331.155595429585,False,,Szczecin,III 2025
13,3262000,Szczecin,2025Q4,2025,4,20254,secondary,transaction,9340.576420967916,False,,Szczecin,IV 2025
13,3262000,Szczecin,2026Q1,2026,1,20261,secondary,transaction,9363.3750213239,False,,Szczecin,I 2026
13,3262000,Szczecin,2026Q2,2026,2,20262,secondary,transaction,9363.216333634065,False,,Szczecin,II 2026
14,1465000,Warszawa,2006Q3,2006,3,20063,secondary,transaction,5506.96083597507,False,,Warszawa,III 2006
14,1465000,Warszawa,2006Q4,2006,4,20064,secondary,transaction,6266.65373011634,False,,Warszawa,IV 2006
14,1465000,Warszawa,2007Q1,2007,1,20071,secondary,transaction,7035.28167347688,False,,Warszawa,I 2007
14,1465000,Warszawa,2007Q2,2007,2,20072,secondary,transaction,7737.98840405399,False,,Warszawa,II 2007
14,1465000,Warszawa,2007Q3,2007,3,20073,secondary,transaction,8170.91728502973,False,,Warszawa,III 2007
14,1465000,Warszawa,2007Q4,2007,4,20074,secondary,transaction,8241.69116042273,False,,Warszawa,IV 2007
14,1465000,Warszawa,2008Q1,2008,1,20081,secondary,transaction,8222.79010390342,False,,Warszawa,I 2008
14,1465000,Warszawa,2008Q2,2008,2,20082,secondary,transaction,8201.69152279001,False,,Warszawa,II 2008
14,1465000,Warszawa,2008Q3,2008,3,20083,secondary,transaction,8048.33879081156,False,,Warszawa,III 2008
14,1465000,Warszawa,2008Q4,2008,4,20084,secondary,transaction,8024.74956256593,False,,Warszawa,IV 2008
14,1465000,Warszawa,2009Q1,2009,1,20091,secondary,transaction,7701.73885939886,False,,Warszawa,I 2009
14,1465000,Warszawa,2009Q2,2009,2,20092,secondary,transaction,7536.13094789073,False,,Warszawa,II 2009
14,1465000,Warszawa,2009Q3,2009,3,20093,secondary,transaction,7599.68456373405,False,,Warszawa,III 2009
14,1465000,Warszawa,2009Q4,2009,4,20094,secondary,transaction,7648.68228785254,False,,Warszawa,IV 2009
14,1465000,Warszawa,2010Q1,2010,1,20101,secondary,transaction,7716.54126610911,False,,Warszawa,I 2010
14,1465000,Warszawa,2010Q2,2010,2,20102,secondary,transaction,7790.25811149702,False,,Warszawa,II 2010
14,1465000,Warszawa,2010Q3,2010,3,20103,secondary,transaction,7847.93366815912,False,,Warszawa,III 2010
14,1465000,Warszawa,2010Q4,2010,4,20104,secondary,transaction,7764.6565334541,False,,Warszawa,IV 2010
14,1465000,Warszawa,2011Q1,2011,1,20111,secondary,transaction,7845.839438923,False,,Warszawa,I 2011
14,1465000,Warszawa,2011Q2,2011,2,20112,secondary,transaction,7845.19741492661,False,,Warszawa,II 2011
14,1465000,Warszawa,2011Q3,2011,3,20113,secondary,transaction,7844.12991942843,False,,Warszawa,III 2011
14,1465000,Warszawa,2011Q4,2011,4,20114,secondary,transaction,7752.11561927243,False,,Warszawa,IV 2011
14,1465000,Warszawa,2012Q1,2012,1,20121,secondary,transaction,7737.64337818679,False,,Warszawa,I 2012
14,1465000,Warszawa,2012Q2,2012,2,20122,secondary,transaction,7621.63993176005,False,,Warszawa,II 2012
14,1465000,Warszawa,2012Q3,2012,3,20123,secondary,transaction,7418.38702084481,False,,Warszawa,III 2012
14,1465000,Warszawa,2012Q4,2012,4,20124,secondary,transaction,7354.66990349705,False,,Warszawa,IV 2012
14,1465000,Warszawa,2013Q1,2013,1,20131,secondary,transaction,7000.38347162578,False,,Warszawa,I 2013
14,1465000,Warszawa,2013Q2,2013,2,20132,secondary,transaction,6903.15925832803,False,,Warszawa,II 2013
14,1465000,Warszawa,2013Q3,2013,3,20133,secondary,transaction,7042.8124736348,False,,Warszawa,III 2013
14,1465000,Warszawa,2013Q4,2013,4,20134,secondary,transaction,7078.76068282624,False,,Warszawa,IV 2013
14,1465000,Warszawa,2014Q1,2014,1,20141,secondary,transaction,7165.24042535125,False,,Warszawa,I 2014
14,1465000,Warszawa,2014Q2,2014,2,20142,secondary,transaction,7290.23408428326,False,,Warszawa,II 2014
14,1465000,Warszawa,2014Q3,2014,3,20143,secondary,transaction,7281.44967609807,False,,Warszawa,III 2014
14,1465000,Warszawa,2014Q4,2014,4,20144,secondary,transaction,7325.52152829463,False,,Warszawa,IV 2014
14,1465000,Warszawa,2015Q1,2015,1,20151,secondary,transaction,7277.18278542521,False,,Warszawa,I 2015
14,1465000,Warszawa,2015Q2,2015,2,20152,secondary,transaction,7295.43654432192,False,,Warszawa,II 2015
14,1465000,Warszawa,2015Q3,2015,3,20153,secondary,transaction,7380.5442340855,False,,Warszawa,III 2015
14,1465000,Warszawa,2015Q4,2015,4,20154,secondary,transaction,7314.34180067474,False,,Warszawa,IV 2015
14,1465000,Warszawa,2016Q1,2016,1,20161,secondary,transaction,7375.32110522475,False,,Warszawa,I 2016
14,1465000,Warszawa,2016Q2,2016,2,20162,secondary,transaction,7401.86437289142,False,,Warszawa,II 2016
14,1465000,Warszawa,2016Q3,2016,3,20163,secondary,transaction,7529.70764107164,False,,Warszawa,III 2016
14,1465000,Warszawa,2016Q4,2016,4,20164,secondary,transaction,7575.5479420857,False,,Warszawa,IV 2016
14,1465000,Warszawa,2017Q1,2017,1,20171,secondary,transaction,7683.05094175501,False,,Warszawa,I 2017
14,1465000,Warszawa,2017Q2,2017,2,20172,secondary,transaction,7796.71571204144,False,,Warszawa,II 2017
14,1465000,Warszawa,2017Q3,2017,3,20173,secondary,transaction,7956.80400941427,False,,Warszawa,III 2017
14,1465000,Warszawa,2017Q4,2017,4,20174,secondary,transaction,8018.85203312681,False,,Warszawa,IV 2017
14,1465000,Warszawa,2018Q1,2018,1,20181,secondary,transaction,8082.62895735476,False,,Warszawa,I 2018
14,1465000,Warszawa,2018Q2,2018,2,20182,secondary,transaction,8336.31459637101,False,,Warszawa,II 2018
14,1465000,Warszawa,2018Q3,2018,3,20183,secondary,transaction,8540.82046358678,False,,Warszawa,III 2018
14,1465000,Warszawa,2018Q4,2018,4,20184,secondary,transaction,8679.96528040445,False,,Warszawa,IV 2018
14,1465000,Warszawa,2019Q1,2019,1,20191,secondary,transaction,8992.44493738374,False,,Warszawa,I 2019
14,1465000,Warszawa,2019Q2,2019,2,20192,secondary,transaction,9196.1561165766,False,,Warszawa,II 2019
14,1465000,Warszawa,2019Q3,2019,3,20193,secondary,transaction,9415.11914431143,False,,Warszawa,III 2019
14,1465000,Warszawa,2019Q4,2019,4,20194,secondary,transaction,9732.04536152786,False,,Warszawa,IV 2019
14,1465000,Warszawa,2020Q1,2020,1,20201,secondary,transaction,9969.61092915727,False,,Warszawa,I 2020
14,1465000,Warszawa,2020Q2,2020,2,20202,secondary,transaction,10242.3566871792,False,,Warszawa,II 2020
14,1465000,Warszawa,2020Q3,2020,3,20203,secondary,transaction,10449.7016158636,False,,Warszawa,III 2020
14,1465000,Warszawa,2020Q4,2020,4,20204,secondary,transaction,10662.1295202753,False,,Warszawa,IV 2020
14,1465000,Warszawa,2021Q1,2021,1,20211,secondary,transaction,10815.470757534447,False,,Warszawa,I 2021
14,1465000,Warszawa,2021Q2,2021,2,20212,secondary,transaction,10966.544065469589,False,,Warszawa,II 2021
14,1465000,Warszawa,2021Q3,2021,3,20213,secondary,transaction,11265.44707341051,False,,Warszawa,III 2021
14,1465000,Warszawa,2021Q4,2021,4,20214,secondary,transaction,11618.404151570492,False,,Warszawa,IV 2021
14,1465000,Warszawa,2022Q1,2022,1,20221,secondary,transaction,12123.640529591177,False,,Warszawa,I 2022
14,1465000,Warszawa,2022Q2,2022,2,20222,secondary,transaction,12455.84308772129,False,,Warszawa,II 2022
14,1465000,Warszawa,2022Q3,2022,3,20223,secondary,transaction,12697.913645616603,False,,Warszawa,III 2022
14,1465000,Warszawa,2022Q4,2022,4,20224,secondary,transaction,12816.227648426157,False,,Warszawa,IV 2022
14,1465000,Warszawa,2023Q1,2023,1,20231,secondary,transaction,12825.552088237178,False,,Warszawa,I 2023
14,1465000,Warszawa,2023Q2,2023,2,20232,secondary,transaction,12971.303003646337,False,,Warszawa,II 2023
14,1465000,Warszawa,2023Q3,2023,3,20233,secondary,transaction,13743.787279196054,False,,Warszawa,III 2023
14,1465000,Warszawa,2023Q4,2023,4,20234,secondary,transaction,14148.98945254322,False,,Warszawa,IV 2023
14,1465000,Warszawa,2024Q1,2024,1,20241,secondary,transaction,15233.260620605179,False,,Warszawa,I 2024
14,1465000,Warszawa,2024Q2,2024,2,20242,secondary,transaction,16278.723439873127,False,,Warszawa,II 2024
14,1465000,Warszawa,2024Q3,2024,3,20243,secondary,transaction,16849.246501148584,False,,Warszawa,III 2024
14,1465000,Warszawa,2024Q4,2024,4,20244,secondary,transaction,16972.408508539345,False,,Warszawa,IV 2024
14,1465000,Warszawa,2025Q1,2025,1,20251,secondary,transaction,16682.10157555931,False,,Warszawa,I 2025
14,1465000,Warszawa,2025Q2,2025,2,20252,secondary,transaction,16507.2064373036,False,,Warszawa,II 2025
14,1465000,Warszawa,2025Q3,2025,3,20253,secondary,transaction,16444.390322810366,False,,Warszawa,III 2025
14,1465000,Warszawa,2025Q4,2025,4,20254,secondary,transaction,16759.213075944503,False,,Warszawa,IV 2025
14,1465000,Warszawa,2026Q1,2026,1,20261,secondary,transaction,16522.655483872208,False,,Warszawa,I 2026
14,1465000,Warszawa,2026Q2,2026,2,20262,secondary,transaction,16722.656815563725,False,,Warszawa,II 2026
15,0264000,Wrocław,2006Q3,2006,3,20063,secondary,transaction,4363.450301310089,False,,Wrocław,III 2006
15,0264000,Wrocław,2006Q4,2006,4,20064,secondary,transaction,4896.118753824928,False,,Wrocław,IV 2006
15,0264000,Wrocław,2007Q1,2007,1,20071,secondary,transaction,5649.625717556676,False,,Wrocław,I 2007
15,0264000,Wrocław,2007Q2,2007,2,20072,secondary,transaction,6259.24913319187,False,,Wrocław,II 2007
15,0264000,Wrocław,2007Q3,2007,3,20073,secondary,transaction,6632.17013804881,False,,Wrocław,III 2007
15,0264000,Wrocław,2007Q4,2007,4,20074,secondary,transaction,5989.830638410667,False,,Wrocław,IV 2007
15,0264000,Wrocław,2008Q1,2008,1,20081,secondary,transaction,5862.346583539417,False,,Wrocław,I 2008
15,0264000,Wrocław,2008Q2,2008,2,20082,secondary,transaction,6039.540835902385,False,,Wrocław,II 2008
15,0264000,Wrocław,2008Q3,2008,3,20083,secondary,transaction,6086.05111606114,False,,Wrocław,III 2008
15,0264000,Wrocław,2008Q4,2008,4,20084,secondary,transaction,5955.40828225085,False,,Wrocław,IV 2008
15,0264000,Wrocław,2009Q1,2009,1,20091,secondary,transaction,5831.24684510047,False,,Wrocław,I 2009
15,0264000,Wrocław,2009Q2,2009,2,20092,secondary,transaction,5627.68630885187,False,,Wrocław,II 2009
15,0264000,Wrocław,2009Q3,2009,3,20093,secondary,transaction,5814.48958404692,False,,Wrocław,III 2009
15,0264000,Wrocław,2009Q4,2009,4,20094,secondary,transaction,5689.821058069875,False,,Wrocław,IV 2009
15,0264000,Wrocław,2010Q1,2010,1,20101,secondary,transaction,5685.333526792405,False,,Wrocław,I 2010
15,0264000,Wrocław,2010Q2,2010,2,20102,secondary,transaction,5777.52589748196,False,,Wrocław,II 2010
15,0264000,Wrocław,2010Q3,2010,3,20103,secondary,transaction,5781.676812575783,False,,Wrocław,III 2010
15,0264000,Wrocław,2010Q4,2010,4,20104,secondary,transaction,5774.420183522276,False,,Wrocław,IV 2010
15,0264000,Wrocław,2011Q1,2011,1,20111,secondary,transaction,5802.128873743917,False,,Wrocław,I 2011
15,0264000,Wrocław,2011Q2,2011,2,20112,secondary,transaction,5793.410736348339,False,,Wrocław,II 2011
15,0264000,Wrocław,2011Q3,2011,3,20113,secondary,transaction,5739.40577105334,False,,Wrocław,III 2011
15,0264000,Wrocław,2011Q4,2011,4,20114,secondary,transaction,5684.71115980627,False,,Wrocław,IV 2011
15,0264000,Wrocław,2012Q1,2012,1,20121,secondary,transaction,5545.17052163553,False,,Wrocław,I 2012
15,0264000,Wrocław,2012Q2,2012,2,20122,secondary,transaction,5320.29027588925,False,,Wrocław,II 2012
15,0264000,Wrocław,2012Q3,2012,3,20123,secondary,transaction,5414.09451168968,False,,Wrocław,III 2012
15,0264000,Wrocław,2012Q4,2012,4,20124,secondary,transaction,5279.37022962535,False,,Wrocław,IV 2012
15,0264000,Wrocław,2013Q1,2013,1,20131,secondary,transaction,5008.555674551985,False,,Wrocław,I 2013
15,0264000,Wrocław,2013Q2,2013,2,20132,secondary,transaction,5010.231758353965,False,,Wrocław,II 2013
15,0264000,Wrocław,2013Q3,2013,3,20133,secondary,transaction,5089.565532482307,False,,Wrocław,III 2013
15,0264000,Wrocław,2013Q4,2013,4,20134,secondary,transaction,5036.451137670578,False,,Wrocław,IV 2013
15,0264000,Wrocław,2014Q1,2014,1,20141,secondary,transaction,5115.15993133938,False,,Wrocław,I 2014
15,0264000,Wrocław,2014Q2,2014,2,20142,secondary,transaction,5115.602970636464,False,,Wrocław,II 2014
15,0264000,Wrocław,2014Q3,2014,3,20143,secondary,transaction,5137.953076328713,False,,Wrocław,III 2014
15,0264000,Wrocław,2014Q4,2014,4,20144,secondary,transaction,5157.545982652879,False,,Wrocław,IV 2014
15,0264000,Wrocław,2015Q1,2015,1,20151,secondary,transaction,5166.05979843165,False,,Wrocław,I 2015
15,0264000,Wrocław,2015Q2,2015,2,20152,secondary,transaction,5119.0902626431625,False,,Wrocław,II 2015
15,0264000,Wrocław,2015Q3,2015,3,20153,secondary,transaction,5222.386151085555,False,,Wrocław,III 2015
15,0264000,Wrocław,2015Q4,2015,4,20154,secondary,transaction,5150.958321935431,False,,Wrocław,IV 2015
15,0264000,Wrocław,2016Q1,2016,1,20161,secondary,transaction,5255.94097405779,False,,Wrocław,I 2016
15,0264000,Wrocław,2016Q2,2016,2,20162,secondary,transaction,5258.37873847627,False,,Wrocław,II 2016
15,0264000,Wrocław,2016Q3,2016,3,20163,secondary,transaction,5343.550304323327,False,,Wrocław,III 2016
15,0264000,Wrocław,2016Q4,2016,4,20164,secondary,transaction,5476.062108329577,False,,Wrocław,IV 2016
15,0264000,Wrocław,2017Q1,2017,1,20171,secondary,transaction,5411.309952073716,False,,Wrocław,I 2017
15,0264000,Wrocław,2017Q2,2017,2,20172,secondary,transaction,5515.506479348831,False,,Wrocław,II 2017
15,0264000,Wrocław,2017Q3,2017,3,20173,secondary,transaction,5685.179515402181,False,,Wrocław,III 2017
15,0264000,Wrocław,2017Q4,2017,4,20174,secondary,transaction,5820.950446387819,False,,Wrocław,IV 2017
15,0264000,Wrocław,2018Q1,2018,1,20181,secondary,transaction,5875.315707845266,False,,Wrocław,I 2018
15,0264000,Wrocław,2018Q2,2018,2,20182,secondary,transaction,6103.943000466402,False,,Wrocław,II 2018
15,0264000,Wrocław,2018Q3,2018,3,20183,secondary,transaction,6293.3864738205875,False,,Wrocław,III 2018
15,0264000,Wrocław,2018Q4,2018,4,20184,secondary,transaction,6364.949945067597,False,,Wrocław,IV 2018
15,0264000,Wrocław,2019Q1,2019,1,20191,secondary,transaction,6376.427263250384,False,,Wrocław,I 2019
15,0264000,Wrocław,2019Q2,2019,2,20192,secondary,transaction,6512.060516650602,False,,Wrocław,II 2019
15,0264000,Wrocław,2019Q3,2019,3,20193,secondary,transaction,6865.42707264482,False,,Wrocław,III 2019
15,0264000,Wrocław,2019Q4,2019,4,20194,secondary,transaction,7327.015691696569,False,,Wrocław,IV 2019
15,0264000,Wrocław,2020Q1,2020,1,20201,secondary,transaction,7821.8514286271975,False,,Wrocław,I 2020
15,0264000,Wrocław,2020Q2,2020,2,20202,secondary,transaction,7844.34,False,,Wrocław,II 2020
15,0264000,Wrocław,2020Q3,2020,3,20203,secondary,transaction,7870.02,False,,Wrocław,III 2020
15,0264000,Wrocław,2020Q4,2020,4,20204,secondary,transaction,8071.04,False,,Wrocław,IV 2020
15,0264000,Wrocław,2021Q1,2021,1,20211,secondary,transaction,8305.29957325968,False,,Wrocław,I 2021
15,0264000,Wrocław,2021Q2,2021,2,20212,secondary,transaction,8518.271200963,False,,Wrocław,II 2021
15,0264000,Wrocław,2021Q3,2021,3,20213,secondary,transaction,8706.05045702318,False,,Wrocław,III 2021
15,0264000,Wrocław,2021Q4,2021,4,20214,secondary,transaction,9215.61250563012,False,,Wrocław,IV 2021
15,0264000,Wrocław,2022Q1,2022,1,20221,secondary,transaction,9476.37670777903,False,,Wrocław,I 2022
15,0264000,Wrocław,2022Q2,2022,2,20222,secondary,transaction,9941.55367220931,False,,Wrocław,II 2022
15,0264000,Wrocław,2022Q3,2022,3,20223,secondary,transaction,10301.2422190375,False,,Wrocław,III 2022
15,0264000,Wrocław,2022Q4,2022,4,20224,secondary,transaction,10405.513275356978,False,,Wrocław,IV 2022
15,0264000,Wrocław,2023Q1,2023,1,20231,secondary,transaction,9992.32468970246,False,,Wrocław,I 2023
15,0264000,Wrocław,2023Q2,2023,2,20232,secondary,transaction,10304.9446979337,False,,Wrocław,II 2023
15,0264000,Wrocław,2023Q3,2023,3,20233,secondary,transaction,10933.2574930219,False,,Wrocław,III 2023
15,0264000,Wrocław,2023Q4,2023,4,20234,secondary,transaction,11387.411395999623,False,,Wrocław,IV 2023
15,0264000,Wrocław,2024Q1,2024,1,20241,secondary,transaction,11800.151853827872,False,,Wrocław,I 2024
15,0264000,Wrocław,2024Q2,2024,2,20242,secondary,transaction,12504.26609841213,False,,Wrocław,II 2024
15,0264000,Wrocław,2024Q3,2024,3,20243,secondary,transaction,12806.650295783145,False,,Wrocław,III 2024
15,0264000,Wrocław,2024Q4,2024,4,20244,secondary,transaction,12914.4787347101,False,,Wrocław,IV 2024
15,0264000,Wrocław,2025Q1,2025,1,20251,secondary,transaction,12674.842518746058,False,,Wrocław,I 2025
15,0264000,Wrocław,2025Q2,2025,2,20252,secondary,transaction,12625.005105844168,False,,Wrocław,II 2025
15,0264000,Wrocław,2025Q3,2025,3,20253,secondary,transaction,12553.485734405042,False,,Wrocław,III 2025
15,0264000,Wrocław,2025Q4,2025,4,20254,secondary,transaction,12546.255183279172,False,,Wrocław,IV 2025
15,0264000,Wrocław,2026Q1,2026,1,20261,secondary,transaction,12632.07034065969,False,,Wrocław,I 2026
15,0264000,Wrocław,2026Q2,2026,2,20262,secondary,transaction,12589.78262918211,False,,Wrocław,II 2026
16,0862000,Zielona Góra,2006Q3,2006,3,20063,secondary,transaction,2043.8269174883985,False,,Zielona Góra,III 2006
16,0862000,Zielona Góra,2006Q4,2006,4,20064,secondary,transaction,2543.456446825679,False,,Zielona Góra,IV 2006
16,0862000,Zielona Góra,2007Q1,2007,1,20071,secondary,transaction,2419.6334461562956,False,,Zielona Góra,I 2007
16,0862000,Zielona Góra,2007Q2,2007,2,20072,secondary,transaction,2979.092407900493,False,,Zielona Góra,II 2007
16,0862000,Zielona Góra,2007Q3,2007,3,20073,secondary,transaction,3457.3182185973224,False,,Zielona Góra,III 2007
16,0862000,Zielona Góra,2007Q4,2007,4,20074,secondary,transaction,3117.0105731695794,False,,Zielona Góra,IV 2007
16,0862000,Zielona Góra,2008Q1,2008,1,20081,secondary,transaction,3484.483184568065,False,,Zielona Góra,I 2008
16,0862000,Zielona Góra,2008Q2,2008,2,20082,secondary,transaction,3418.0895393989026,False,,Zielona Góra,II 2008
16,0862000,Zielona Góra,2008Q3,2008,3,20083,secondary,transaction,3105.529647215517,False,,Zielona Góra,III 2008
16,0862000,Zielona Góra,2008Q4,2008,4,20084,secondary,transaction,3234.561025234537,False,,Zielona Góra,IV 2008
16,0862000,Zielona Góra,2009Q1,2009,1,20091,secondary,transaction,3153.138196988371,False,,Zielona Góra,I 2009
16,0862000,Zielona Góra,2009Q2,2009,2,20092,secondary,transaction,2970.9552674306983,False,,Zielona Góra,II 2009
16,0862000,Zielona Góra,2009Q3,2009,3,20093,secondary,transaction,2968.8171438589925,False,,Zielona Góra,III 2009
16,0862000,Zielona Góra,2009Q4,2009,4,20094,secondary,transaction,3069.164622807056,False,,Zielona Góra,IV 2009
16,0862000,Zielona Góra,2010Q1,2010,1,20101,secondary,transaction,2951.9474203502023,False,,Zielona Góra,I 2010
16,0862000,Zielona Góra,2010Q2,2010,2,20102,secondary,transaction,3053.4814555334397,False,,Zielona Góra,II 2010
16,0862000,Zielona Góra,2010Q3,2010,3,20103,secondary,transaction,3013.497731066199,False,,Zielona Góra,III 2010
16,0862000,Zielona Góra,2010Q4,2010,4,20104,secondary,transaction,3106.4168084213193,False,,Zielona Góra,IV 2010
16,0862000,Zielona Góra,2011Q1,2011,1,20111,secondary,transaction,3135.83012546742,False,,Zielona Góra,I 2011
16,0862000,Zielona Góra,2011Q2,2011,2,20112,secondary,transaction,3150.9824099944685,False,,Zielona Góra,II 2011
16,0862000,Zielona Góra,2011Q3,2011,3,20113,secondary,transaction,3067.244025188489,False,,Zielona Góra,III 2011
16,0862000,Zielona Góra,2011Q4,2011,4,20114,secondary,transaction,3092.2602190193147,False,,Zielona Góra,IV 2011
16,0862000,Zielona Góra,2012Q1,2012,1,20121,secondary,transaction,3060.9815279587615,False,,Zielona Góra,I 2012
16,0862000,Zielona Góra,2012Q2,2012,2,20122,secondary,transaction,3050.9557399563028,False,,Zielona Góra,II 2012
16,0862000,Zielona Góra,2012Q3,2012,3,20123,secondary,transaction,2928.203543218857,False,,Zielona Góra,III 2012
16,0862000,Zielona Góra,2012Q4,2012,4,20124,secondary,transaction,2904.635138145165,False,,Zielona Góra,IV 2012
16,0862000,Zielona Góra,2013Q1,2013,1,20131,secondary,transaction,2856.5670184647056,False,,Zielona Góra,I 2013
16,0862000,Zielona Góra,2013Q2,2013,2,20132,secondary,transaction,3074.909300536451,False,,Zielona Góra,II 2013
16,0862000,Zielona Góra,2013Q3,2013,3,20133,secondary,transaction,2919.7187016980574,False,,Zielona Góra,III 2013
16,0862000,Zielona Góra,2013Q4,2013,4,20134,secondary,transaction,3098.2306648410768,False,,Zielona Góra,IV 2013
16,0862000,Zielona Góra,2014Q1,2014,1,20141,secondary,transaction,2950.257834503852,False,,Zielona Góra,I 2014
16,0862000,Zielona Góra,2014Q2,2014,2,20142,secondary,transaction,3011.4790635916042,False,,Zielona Góra,II 2014
16,0862000,Zielona Góra,2014Q3,2014,3,20143,secondary,transaction,3169.2823169642083,False,,Zielona Góra,III 2014
16,0862000,Zielona Góra,2014Q4,2014,4,20144,secondary,transaction,2994.304065298844,False,,Zielona Góra,IV 2014
16,0862000,Zielona Góra,2015Q1,2015,1,20151,secondary,transaction,2955.3472137847025,False,,Zielona Góra,I 2015
16,0862000,Zielona Góra,2015Q2,2015,2,20152,secondary,transaction,2951.3166728143337,False,,Zielona Góra,II 2015
16,0862000,Zielona Góra,2015Q3,2015,3,20153,secondary,transaction,3064.603764057088,False,,Zielona Góra,III 2015
16,0862000,Zielona Góra,2015Q4,2015,4,20154,secondary,transaction,3056.3041605186845,False,,Zielona Góra,IV 2015
16,0862000,Zielona Góra,2016Q1,2016,1,20161,secondary,transaction,2951.1094964483573,False,,Zielona Góra,I 2016
16,0862000,Zielona Góra,2016Q2,2016,2,20162,secondary,transaction,3095.268330841848,False,,Zielona Góra,II 2016
16,0862000,Zielona Góra,2016Q3,2016,3,20163,secondary,transaction,3202.340800768731,False,,Zielona Góra,III 2016
16,0862000,Zielona Góra,2016Q4,2016,4,20164,secondary,transaction,3135.342326985115,False,,Zielona Góra,IV 2016
16,0862000,Zielona Góra,2017Q1,2017,1,20171,secondary,transaction,3046.051949452975,False,,Zielona Góra,I 2017
16,0862000,Zielona Góra,2017Q2,2017,2,20172,secondary,transaction,3265.075982439908,False,,Zielona Góra,II 2017
16,0862000,Zielona Góra,2017Q3,2017,3,20173,secondary,transaction,3283.8877584565867,False,,Zielona Góra,III 2017
16,0862000,Zielona Góra,2017Q4,2017,4,20174,secondary,transaction,3376.8161630564605,False,,Zielona Góra,IV 2017
16,0862000,Zielona Góra,2018Q1,2018,1,20181,secondary,transaction,3360.0295268674977,False,,Zielona Góra,I 2018
16,0862000,Zielona Góra,2018Q2,2018,2,20182,secondary,transaction,3571.2521727235344,False,,Zielona Góra,II 2018
16,0862000,Zielona Góra,2018Q3,2018,3,20183,secondary,transaction,3460.158426218403,False,,Zielona Góra,III 2018
16,0862000,Zielona Góra,2018Q4,2018,4,20184,secondary,transaction,3783.693430499543,False,,Zielona Góra,IV 2018
16,0862000,Zielona Góra,2019Q1,2019,1,20191,secondary,transaction,3843.6523948340277,False,,Zielona Góra,I 2019
16,0862000,Zielona Góra,2019Q2,2019,2,20192,secondary,transaction,4154.84461713761,False,,Zielona Góra,II 2019
16,0862000,Zielona Góra,2019Q3,2019,3,20193,secondary,transaction,4317.52878620637,False,,Zielona Góra,III 2019
16,0862000,Zielona Góra,2019Q4,2019,4,20194,secondary,transaction,4369.241766018286,False,,Zielona Góra,IV 2019
16,0862000,Zielona Góra,2020Q1,2020,1,20201,secondary,transaction,4600.566987764206,False,,Zielona Góra,I 2020
16,0862000,Zielona Góra,2020Q2,2020,2,20202,secondary,transaction,4685.1783422591525,False,,Zielona Góra,II 2020
16,0862000,Zielona Góra,2020Q3,2020,3,20203,secondary,transaction,4539.4044176076495,False,,Zielona Góra,III 2020
16,0862000,Zielona Góra,2020Q4,2020,4,20204,secondary,transaction,4746.729097969169,False,,Zielona Góra,IV 2020
16,0862000,Zielona Góra,2021Q1,2021,1,20211,secondary,transaction,4726.996344715452,False,,Zielona Góra,I 2021
16,0862000,Zielona Góra,2021Q2,2021,2,20212,secondary,transaction,5069.574490175876,False,,Zielona Góra,II 2021
16,0862000,Zielona Góra,2021Q3,2021,3,20213,secondary,transaction,5275.104464690857,False,,Zielona Góra,III 2021
16,0862000,Zielona Góra,2021Q4,2021,4,20214,secondary,transaction,5457.352502431822,False,,Zielona Góra,IV 2021
16,0862000,Zielona Góra,2022Q1,2022,1,20221,secondary,transaction,5698.985220598077,False,,Zielona Góra,I 2022
16,0862000,Zielona Góra,2022Q2,2022,2,20222,secondary,transaction,6147.828973141308,False,,Zielona Góra,II 2022
16,0862000,Zielona Góra,2022Q3,2022,3,20223,secondary,transaction,6394.448208145987,False,,Zielona Góra,III 2022
16,0862000,Zielona Góra,2022Q4,2022,4,20224,secondary,transaction,6205.553378516272,False,,Zielona Góra,IV 2022
16,0862000,Zielona Góra,2023Q1,2023,1,20231,secondary,transaction,6375.522759128992,False,,Zielona Góra,I 2023
16,0862000,Zielona Góra,2023Q2,2023,2,20232,secondary,transaction,6459.2200627465245,False,,Zielona Góra,II 2023
16,0862000,Zielona Góra,2023Q3,2023,3,20233,secondary,transaction,6698.253598042214,False,,Zielona Góra,III 2023
16,0862000,Zielona Góra,2023Q4,2023,4,20234,secondary,transaction,7028.515141783659,False,,Zielona Góra,IV 2023
16,0862000,Zielona Góra,2024Q1,2024,1,20241,secondary,transaction,7214.910502541246,False,,Zielona Góra,I 2024
16,0862000,Zielona Góra,2024Q2,2024,2,20242,secondary,transaction,7614.204362271264,False,,Zielona Góra,II 2024
16,0862000,Zielona Góra,2024Q3,2024,3,20243,secondary,transaction,8030.057052560532,False,,Zielona Góra,III 2024
16,0862000,Zielona Góra,2024Q4,2024,4,20244,secondary,transaction,8133.758734575519,False,,Zielona Góra,IV 2024
16,0862000,Zielona Góra,2025Q1,2025,1,20251,secondary,transaction,7888.290967236624,False,,Zielona Góra,I 2025
16,0862000,Zielona Góra,2025Q2,2025,2,20252,secondary,transaction,8075.312652495966,False,,Zielona Góra,II 2025
16,0862000,Zielona Góra,2025Q3,2025,3,20253,secondary,transaction,8641.58633564598,False,,Zielona Góra,III 2025
16,0862000,Zielona Góra,2025Q4,2025,4,20254,secondary,transaction,8787.374370560889,False,,Zielona Góra,IV 2025
16,0862000,Zielona Góra,2026Q1,2026,1,20261,secondary,transaction,8553.68187391266,False,,Zielona Góra,I 2026
16,0862000,Zielona Góra,2026Q2,2026,2,20262,secondary,transaction,8633.38404450276,False,,Zielona Góra,II 2026
