city_id,nbp_period_id,primary_transaction_price_pln_m2,secondary_transaction_price_pln_m2,primary_transaction_yoy_pct,primary_yoy_4p_avg_pct,primary_momentum_change_pp,secondary_transaction_yoy_pct,secondary_yoy_4p_avg_pct,secondary_momentum_change_pp,primary_secondary_premium_pct,primary_transaction_methodology_break,primary_transaction_methodology_note
1,20063,3008.0,2464.11622803152,,,,,,,22.072163876903073,False,
1,20064,3117.0,2922.1043767090023,,,,,,,6.669700947181689,False,
1,20071,3500.0,3377.392736626213,,,,,,,3.630234116517461,False,
1,20072,4422.0,3950.2648012243367,,,,,,,11.94186269815265,False,
1,20073,4651.0,4335.610142321681,54.621010638297875,,,75.94990418878169,,,7.274405385292093,False,
1,20074,5079.0,4455.363788397997,62.94513955726659,,,52.471069271516456,,,13.997425153608889,False,
1,20081,5160.0,4379.684789076857,47.428571428571416,,,29.6765028710243,,,17.81669797034906,False,
1,20082,4973.0,4526.399950097908,12.460425146992304,44.36378669278205,,14.584722236722092,43.17054964201113,,9.866561833371179,False,
1,20083,5141.0,4442.9662230106815,10.535368737905838,33.342376217684034,,2.4761470050328693,24.80211034607393,,15.710985453234239,False,
1,20084,5177.0,4292.986110763537,1.9295136837960136,18.088469749316392,,-3.644543641022091,10.773207117939293,,20.592050997323973,False,
1,20091,5005.0,4023.703837753915,-3.0038759689922534,5.480357899925475,,-8.128003919614834,1.3220804202795091,,24.38788245393968,False,
1,20092,4976.0,4049.6452680858506,0.060325759099133514,2.380333052952183,-41.98345363982987,-10.532756434873702,-4.957289247619439,-48.12783888963057,22.874959918452564,False,
1,20093,4787.0,4103.021368667856,-6.88581987940089,-1.974964101374499,-35.31734031905853,-7.651304045081597,-7.489152010148056,-32.291262356221985,16.67012111014703,False,
1,20094,4838.0,3996.932774963637,-6.548193934711222,-4.094391006001308,-22.182860755317698,-6.896209961118305,-8.302068590172109,-19.075275708111402,21.042816389225226,False,
1,20101,4790.0,4070.727391278432,-4.295704295704295,-4.417348087679318,-9.897705987604793,1.1686633862885376,-5.977901763696266,-7.299982183975775,17.669387792034797,False,
1,20102,4802.0,4161.316866147909,-3.4967845659164,-5.306625668933201,-7.686958721885384,2.7575649388876577,-2.6553214202559268,2.3019678273635122,15.396163148834297,False,
1,20103,4732.0,4176.86638412177,-1.1489450595362438,-3.87240696396704,-1.8974428625925412,1.7997716516375162,-0.2925524960761483,7.196599514071908,13.290672116985913,False,
1,20104,4755.0,4194.753527896544,-1.7155849524596922,-2.6642547184041576,1.4301362875971502,4.949313988267101,2.668828491270203,10.970897081442311,13.355885354827768,False,
1,20111,4821.0,4395.782563942546,0.6471816283924792,-1.4285332373799642,2.9888148502993532,7.985186464722438,4.3729592608786785,10.350861024574945,9.673304579380272,False,
1,20112,4782.0,4382.809869378889,-0.4164931278633932,-0.6584603778667125,4.648165291066488,5.322666126024034,5.014234557662772,7.669555977918699,9.108086878468269,False,
1,20113,4843.0,4190.06428424529,2.3457311918850365,0.21520868498860757,4.087615648955648,0.31597611486187116,4.643285673468861,4.9358381695450095,15.582952228436175,False,
1,20114,4601.0,4265.588416783881,-3.238696109358574,-0.16556910423611293,2.4986856141680445,1.688654373046261,3.8281207696636512,1.159292278393448,7.863196127792582,False,
1,20121,4577.0,4241.59686252106,-5.061190624351797,-1.592662167422182,-0.16412893004221774,-3.5075825334544897,0.9549285201194191,-3.418030740759259,7.907473254768216,False,
1,20122,4384.0,4044.696651355268,-8.322877457130906,-3.56925824973906,-2.9107978718723477,-7.714530816997012,-2.3043707156358426,-7.318605273298615,8.388845391681986,False,
1,20123,4507.0,4048.508777335696,-6.937848441048933,-5.890153157972552,-6.10536184296116,-3.378361220896897,-3.2279550495755345,-7.871240723044395,11.324940808601514,False,
1,20124,4357.0,3866.736481131282,-5.303194957617907,-6.4062778700373855,-6.240708765801273,-9.350455240435995,-5.987732452946098,-9.81585322260975,12.67900001101918,False,
1,20131,4610.0,3927.1562353989257,0.7209962857767094,-4.96073114250526,-3.3680689750830783,-7.4132605552532755,-6.964151958395795,-7.919080478515214,17.387741247623435,False,
1,20132,4428.0,3922.037151562348,1.0036496350364965,-2.6290993694634084,0.9401588802756518,-3.0326007205464967,-5.793669434283166,-3.4892987186473237,12.900511364001254,False,
1,20133,4526.0,3873.401355983975,0.4215664521854956,-0.7892456461548014,5.10090751181775,-4.325232597543193,-6.030387278444739,-2.802432228869205,16.84820611238318,False,
1,20134,4493.0,3880.575495251343,3.1214138168464522,1.3169065474612884,7.723184417498674,0.35789907555356937,-3.6032986994473486,2.384433753498749,15.781795908830532,False,
1,20141,4501.0,3905.89049982654,-2.3644251626898094,0.5455511853446587,5.5062823278499184,-0.541504699525297,-1.885359735515354,5.078792222880441,15.236205423574688,False,
1,20142,4488.0,3956.472822494283,1.3550135501354976,0.633392164119409,3.2624915335828173,0.878004710338276,-0.9077083777941608,4.8859610564890055,13.434369483944186,False,
1,20143,4431.0,3949.066913321301,-2.0989836500220904,0.0032546385675125133,0.7925002847223139,1.9534654527972206,0.6619661347909427,6.692353413235682,12.203720454900502,False,
1,20144,4570.0,3930.4342151845535,1.713776986423321,-0.3486545690382703,-1.6655611164995587,1.2848279847724298,0.8936983620956578,4.496997061543007,16.272140679637758,False,
1,20151,4526.0,3882.78648117988,0.5554321261941775,0.3813097531827264,-0.16424143216193232,-0.591517315902379,0.8811952080013873,2.7665549435167414,16.56577104967831,False,
1,20152,4606.0,3966.253633240261,2.6292335115864596,0.6998647435454669,0.06647257942605789,0.24721036096519988,0.7234966206581183,1.631204998452279,16.129739192626815,False,
1,20153,4613.0,3960.869499445972,4.107424960505535,2.251466896177373,2.24821225760986,0.29887024919375005,0.3098478197572506,-0.35211831503369206,16.464326851597733,False,
1,20154,4519.0,3902.277194258029,-1.1159737417943072,1.5440292141229661,1.8926837831612364,-0.7163844854022661,-0.19045529778642334,-1.0841536598820811,15.804177280113318,False,
1,20161,4594.0,3945.759951824608,1.50243040212108,1.7807787831046917,1.3994690299219652,1.6218628284085268,0.3628897382913031,-0.5183054697100842,16.428775599378053,False,
1,20162,4615.0,3978.8575885126943,0.19539730785931297,1.172319732172905,0.4724549886274382,0.31777986074321696,0.3805321132358074,-0.3429645074223109,15.988066859289063,False,
1,20163,4596.0,3963.720365268398,-0.36852373726424803,0.05333255773045942,-2.1981343384469136,0.07197575741448858,0.323808490290992,0.013960670533741393,15.951671068218465,False,
1,20164,4505.0,4071.647273957305,-0.30980305377296125,0.2548752297357959,-1.2891539843871702,4.340288279584392,1.5879766815376566,1.77843197932408,10.643179452563722,False,
1,20171,4612.0,4013.902795672794,0.39181541140618226,-0.02277851794292851,-1.8035573010476202,1.7269890890518003,1.614258246698475,1.2513685084071717,14.900639969956098,False,
1,20172,4687.0,4092.375837888053,1.5601300108342375,0.3184046578008026,-0.8539150743721025,2.8530362509856078,2.2480723442590724,1.867540231023265,14.530047719634997,False,
1,20173,4463.0,4070.447535086876,-2.8938207136640526,-0.3129195862991485,-0.36625214402960793,2.692600889650576,2.9032286273180947,2.579420137027103,9.643963262745881,False,
1,20174,4587.0,4245.281940600179,1.8201997780244117,0.21958112165019472,-0.035294108085601184,4.264482037858741,2.884277066886682,1.2963003853490254,8.049360777002024,False,
1,20181,4944.0,4288.246063726333,7.198612315698183,1.921280347723195,1.9440588656661235,6.834825904336683,4.161236270707903,2.546978024009428,15.291891522284518,False,
1,20182,5052.0,4504.169127331147,7.787497333048865,3.478122178276852,3.1597175204760495,10.062450414026669,5.963589811468168,3.7155174672090956,12.162750935452959,False,
1,20183,5351.0,4664.791977453663,19.896930315930984,9.17580993567561,9.48872952197476,14.601451983930346,8.94080258503811,6.037573957720015,14.710367061660756,False,
1,20184,5385.0,4750.926339111606,17.39699149771092,13.070007865597239,12.850426743947043,11.910737745722976,10.852366512004169,7.968089445117487,13.346316394519441,False,
1,20191,5422.0,4907.032767639019,9.66828478964401,13.687425984083696,11.7661456363605,14.429832027292356,12.751118042743087,8.589881772035184,10.494473070510058,False,
1,20192,5620.0,5125.173682971177,11.243072050673009,14.551319663489732,11.07319748521288,13.787327653213444,13.682337352539781,7.718747541071613,9.654820453654578,False,
1,20193,5583.768922585183,5324.237914979771,4.350007897312325,10.664589058835066,1.4887791231594552,14.13666334347614,13.566140192426229,4.6253376073881185,4.874519353750517,False,
1,20194,5687.500330845085,5372.533679168149,5.617462039834442,7.7197066943659465,-5.350301171231292,13.083918707373199,13.859435432838785,3.007068920834616,5.862534708683365,False,
1,20201,5838.748813888861,5584.231841900306,7.686256250255652,7.224199559518857,-6.463226424564839,13.800581865425698,13.70212289237212,0.9510048496290331,4.5577794617843725,False,
1,20202,5810.964186595303,5766.328507848444,3.397939263261618,5.262916362666009,-9.288403300823724,12.509914093400543,13.382769502418896,-0.2995678501208854,0.7740745031453944,False,
1,20203,5827.245071048387,5856.654063979744,4.360426655164651,5.265521052129091,-5.399068006705975,9.999856458367828,12.348567781141817,-1.2175724112844115,-0.5021466627546101,False,
1,20204,5816.133262470686,5906.00855171216,2.261677787128802,4.42657498895268,-3.2931317054132663,9.929670140785607,11.56000563949492,-2.299429793343865,-1.5217602286644039,False,
1,20211,6024.499424769682,5991.148485400208,3.1813427294383523,3.3003466087483555,-3.923852950770501,7.2868866304345525,9.931581830747133,-3.7705410616249875,0.556670218585742,False,
1,20212,6370.346742575285,6206.05423928546,9.6263294354896,4.8574441518053515,-0.40547221086065743,7.625748877097682,8.71054052667142,-4.672228975747476,2.647294028624869,False,
1,20213,6713.791177685163,6356.864338702393,15.213811944196753,7.570790474063377,2.3052694219342857,8.540888180490281,8.345798457202031,-4.002769323939786,5.614825485730424,False,
1,20214,7575.857589131573,6611.500842674748,30.255914836335073,14.569349736364945,10.142774747412265,11.945331348327715,8.849713759087559,-2.710291880407361,14.58604890787074,False,
1,20221,8035.588826412512,6977.3368302095405,33.38185067084996,22.119476721717845,18.81913011296949,16.46075618410341,11.143181147504773,1.2115993167576402,15.166990242195189,False,
1,20222,8395.829624508244,7528.773932358539,31.795488750964495,27.66176655058657,22.804322398781217,21.3133762947159,14.565088001909327,5.854547475237908,11.516559003360616,False,
1,20223,8448.746010790099,7539.404508482211,25.841656184831297,30.318727610745206,22.74793713668183,18.602570493445604,17.08050858014816,8.734710122946128,12.061184690181204,False,
1,20224,8473.809450277853,7364.855407987919,11.852808089139554,25.717950923946326,11.14860118758138,11.394607415770874,16.94282759700895,8.093113837921392,15.057376972902459,False,
1,20231,8389.74387925967,7307.892218137222,4.407331690281002,18.474321178804086,-3.645155542913759,4.737558125279073,14.012028082302864,2.868846934798091,14.803880911618194,False,
1,20232,8527.944771090226,7384.942669204018,1.5735806047841416,10.918844142259,-16.742922408327573,-1.910420799545287,8.206078808737566,-6.359009193171762,15.477467504963126,False,
1,20233,8503.319320124983,7683.96301389715,0.6459338375800039,4.619913555446176,-25.69881405529903,1.9173729868493306,4.034779432088499,-13.04572914805966,10.663199507154753,False,
1,20234,9383.85950155432,7910.108470192573,10.739562372937538,4.341602126395672,-21.376348797550655,7.403445580388079,3.0369889732428,-13.90583862376615,18.631236688033283,False,
1,20241,9774.94616705023,8365.062141371342,16.510662395963305,7.3674348028162475,-11.106886375987838,14.466140053494003,5.469134455296532,-8.542893627006332,16.854435769293108,False,
1,20242,10129.0650022547,8799.52684700416,18.77498358798335,11.667785548616049,0.7489414063570496,19.15497846312477,10.735484270964047,2.5294054622264817,15.10920051006137,False,
1,20243,10444.4323347705,9098.13681661522,22.82770929290452,17.213229412447177,12.593315857001002,18.40422448885306,14.85719714646498,10.822417714376481,14.797485961044732,False,
1,20244,10235.5011408359,9172.30169942611,9.07560092028783,16.797239049284748,12.455636922889077,15.956712022215914,16.995513756921937,13.958524783679138,11.591413761240666,False,
1,20251,10291.2793363605,9577.676132715762,5.282209850431152,13.990125912901712,6.622691110085465,14.49617433619721,17.00302232759774,11.533887872301207,7.450692566302042,False,
1,20252,10457.1490381106,9419.771090433444,3.23903574301152,10.106138951658755,-1.561646596957294,7.048609024250552,13.976429967879184,3.240945696915137,11.012772366949552,False,
1,20253,10061.4848135875,9548.183910516947,-3.666523070939254,3.482580860697812,-13.730648551749365,4.946585251167468,10.612020158457787,-4.245176988007193,5.375900882105666,False,
1,20254,10582.3807804775,9371.655206489098,3.3889854035351163,2.060926981509634,-14.736312067775113,2.1734294574660584,7.166199517270323,-9.829314239651614,12.919015342669393,False,
1,20261,10650.478614076,9164.672445605576,3.490326770612473,1.6129562115549638,-12.377169701346748,-4.312149224794027,2.464118627022514,-14.538903700575226,16.21232157820176,False,
1,20262,10926.218780942,9403.131809282217,4.48563696588713,1.9246065172738662,-8.181532434384888,-0.17664209662298092,0.6578058468041306,-13.318624121075054,16.19765629740808,False,
2,20063,2663.0,2371.631981372549,,,,,,,12.285549398723571,False,
2,20064,2811.0,2560.446647075211,,,,,,,9.785533051860117,False,
2,20071,3017.0,3056.2225744927537,,,,,,,-1.2833677370262753,False,
2,20072,4092.0,3706.4494646496814,,,,,,,10.402152761760618,False,
2,20073,4466.0,3885.921037931033,67.70559519339092,,,63.85008586712135,,,14.92770842244948,False,
2,20074,4582.0,3888.704021276595,63.00249021700461,,,51.876002795006414,,,17.828458399768053,False,
2,20081,4540.0,3750.764279505301,50.48060987736163,,,22.725494890627253,,,21.041997355237505,False,
2,20082,4982.0,3870.438238557996,21.749755620723366,50.73461272712013,,4.424416829970568,35.719000095681395,,28.719273966664225,False,
2,20083,4670.0,3851.2526715346553,4.56784594715629,34.95017541556148,,-0.8921531358453971,19.53344034493971,,21.25924727081301,False,
2,20084,4749.0,3891.553080249996,3.6446966390222713,20.110727021065887,,0.07326499928543839,6.582755896009465,,22.033540390381123,False,
2,20091,5023.0,3707.4097388461537,10.638766519823783,10.150266181681427,,-1.155885505683274,0.6124107969318338,,35.48542928420135,False,
2,20092,4835.0,3586.677064507772,-2.950622240064227,3.975171716484529,-46.7594410106356,-7.33149986023146,-2.326568375618673,-38.045568471300065,34.804441912128084,False,
2,20093,4757.0,3745.670877872341,1.8629550321199062,3.298948987725433,-31.65122642783605,-2.7414922537461472,-2.7889031550938608,-22.32234350003357,26.999946207290005,False,
2,20094,4694.0,3753.716516363636,-1.1581385554853663,2.098240189098524,-18.012486831967365,-3.5419422797004607,-3.6927049748403356,-10.275460870849802,25.049400495145857,False,
2,20101,4524.0,3819.294187142862,-9.934302209834755,-3.0450269933161103,-13.195293174997538,3.0178603439589002,-2.649268512429792,-3.261679309361626,18.451205336039187,False,
2,20102,4856.0,3808.745806115109,0.43433298862460834,-2.1987881861439016,-6.173959902628431,6.1914897163403815,0.7314788817131685,3.0580472573318414,27.496037992440403,False,
2,20103,4954.0,3811.227835239852,4.141265503468583,-1.6292105683067322,-4.928159556032165,1.7502060246347595,1.8544034513083953,4.643306606402256,29.984357119606052,False,
2,20104,4606.0,3799.2433873860223,-1.874733702599063,-1.8083593550851562,-3.9065995441836803,1.2128478755366823,3.043100990117681,6.735805964958017,21.23466517813819,False,
2,20111,4730.0,3871.9923441455694,4.553492484526966,1.813589318505274,4.858616311821384,1.3797878461446755,2.633582865664125,5.282851378093917,22.159332446814716,False,
2,20112,4635.0,3826.551520668692,-4.55107084019769,0.5672383612996994,2.7660265474436008,0.4674954817146082,1.2025843070076816,0.47110542529451305,21.127338151977405,False,
2,20113,4575.0,3745.883280664658,-7.650383528461846,-2.380673896682908,-0.751463328376176,-1.7145276378126018,0.3364008913958413,-1.5180025599125542,22.134077791880014,False,
2,20114,4626.0,3654.5933800000016,0.43421623968735723,-1.803436411111303,0.004922943973853178,-3.807337215253892,-0.9186453813018023,-3.9617463714194834,26.58042958530171,False,
2,20121,4520.0,3609.943407371793,-4.439746300211411,-4.051746107295897,-5.865335425801171,-6.767806170123059,-2.955543885368736,-5.589126751032861,25.209719098914363,False,
2,20122,4686.0,3590.797537996823,1.1003236245954673,-2.638897491097608,-3.206135852397307,-6.161003749680882,-4.612668693217608,-5.815253000225289,30.50025657013653,False,
2,20123,4502.0,3513.946828393138,-1.595628415300543,-1.125208712807282,1.2554651838756261,-6.191769334317487,-5.73197911734383,-6.068380008739671,28.11804560112483,False,
2,20124,4615.0,3527.672271839998,-0.23778642455685173,-1.2932093788683343,0.5102270322429687,-3.472920102536925,-5.648374839164588,-4.729729457862786,30.822810181084748,False,
2,20131,4855.0,3517.461230364965,7.411504424778759,1.669603302379208,5.721349409675105,-2.5618733196196897,-4.596891626538746,-1.6413477411700095,38.02568619914126,False,
2,20132,4815.0,3449.6630477031804,2.7528809218950068,2.0827426267040927,4.721640117801701,-3.930449678663206,-4.039253108784327,0.5734155844332811,39.578849685214166,False,
2,20133,4896.0,3510.933111839997,8.751665926255004,4.669566212092979,5.794774924900262,-0.0857644324265161,-2.5127518833115836,3.219227234032246,39.450107536629275,False,
2,20134,4528.0,3458.1914111975134,-1.8851570964247055,4.257723544126016,5.55093292299435,-1.9695951122535527,-2.136920635740741,3.511454203423847,30.935493776847657,False,
2,20141,4601.0,3393.1359258169923,-5.231719876416063,1.0969174688273102,-0.5726858335518978,-3.534518119907548,-2.380081835812706,2.21680979072604,35.59727934837096,False,
2,20142,4808.0,3460.2974612179505,-0.14537902388369606,0.37235248238263474,-1.710390144321458,0.308273978290452,-1.320400921574291,2.718852187210036,38.94759204625393,False,
2,20143,4797.0,3488.2689769571643,-2.0220588235294157,-2.3210787050634702,-6.99064491715645,-0.6455302382834316,-1.4603423730385199,1.0524095102730637,37.51806502560615,False,
2,20144,4618.0,3476.2122970724217,1.9876325088339142,-1.3528813037488152,-5.610604847874831,0.5211072416800633,-0.8376667845551159,1.2992538511856249,32.84574143786221,False,
2,20151,4619.0,3508.7586192675226,0.3912193001521347,0.05285349039323428,-1.044063978434076,3.4075467643604807,0.8978494365118913,3.2779312723245972,31.641999385077323,False,
2,20152,4720.0,3575.734431521737,-1.830282861896837,-0.36837246911005095,-0.7407249514926857,3.3360418171435313,1.654791396225161,2.975192317799452,32.00085438088014,False,
2,20153,4745.0,3592.278633563533,-1.0840108401083959,-0.133860473254796,2.187218231808674,2.9816982948687842,2.561598529513215,4.021940902551735,32.08886292021758,False,
2,20154,4819.0,3583.55185130814,4.352533564313554,0.45736479061511404,1.8102460943639294,3.087830807287495,3.203279420915073,4.040946205470188,34.475520376267795,False,
2,20161,4831.0,3577.7778726283063,4.589738038536484,1.5069944752112012,1.454140984817967,1.9670561828271982,2.843156775531752,1.9453073390198607,35.027946730830784,False,
2,20162,4834.0,3720.2844977602094,2.4152542372881447,2.568378750007447,2.9367512191174976,4.042528017858293,3.0197783257104427,1.3649869294852817,29.93629930480588,False,
2,20163,4954.0,3738.267207418395,4.404636459430988,3.9405405748922933,4.074401048147089,4.063954630101785,3.290342409518693,0.728743880005478,32.521291954974394,False,
2,20164,4852.0,3799.144583544301,0.6847893753890943,3.0236045276611776,2.5662397370460637,6.016174487818859,4.022428329651534,0.8191489087364614,27.71295993882572,False,
2,20171,4971.0,3773.532600443786,2.8979507348375178,2.600657701736436,1.0936632265252348,5.471405290783871,4.898515606640702,2.0553588311089497,31.733325940138577,False,
2,20172,4945.0,3843.060230219778,2.2962350020686806,2.5709028929315703,0.002524142924123396,3.300170525493029,4.712926233549386,1.6931479078389429,28.673497259167434,False,
2,20173,5330.0,4009.204045428151,7.589826402906752,3.3672003788005114,-0.5733401960917819,7.247658419711023,5.5088521809516955,2.2185097714330024,32.94409412955679,False,
2,20174,5177.0,4060.750021104815,6.698268755152514,4.870570223741366,1.8469656960801881,6.885903702997709,5.726284484746408,1.7038561550948739,27.488763728220956,False,
2,20181,5635.0,4091.626794056849,13.357473345403337,7.485450876382821,4.884793174646385,8.429612972620237,6.4658364052055,1.567320798564798,37.7202829980712,False,
2,20182,5403.0,4261.517198905609,9.261880687563195,9.22686229775645,6.655959404824879,10.888639355566387,8.362953612723839,3.6500273791744533,26.785831144540097,False,
2,20183,5393.0,4428.350625456921,1.1819887429643572,7.624902882770851,4.257702503970339,10.454608328222626,9.16469108985174,3.6558389089000443,21.783491329653828,False,
2,20184,5429.0,4563.356386901763,4.86768398686499,7.16725669069897,2.2966864669576044,12.377180648519758,10.537510326232251,4.811225841485843,18.96945010875988,False,
2,20191,5911.0,4687.647710477452,4.8979591836734615,5.052378150266501,-2.43307272611632,14.566844593117168,12.071818231356485,5.605981826150985,26.097359807739174,False,
2,20192,5930.0,4855.395592248065,9.753840459004248,5.175368093126764,-4.051494204629686,13.93584410488755,12.833619418686776,4.470665805962938,22.132170022718768,False,
2,20193,6337.0,5037.491798280093,17.504172074911928,9.255913926113656,1.6310110433428058,13.755486508259951,13.658838963696107,4.494147873844367,25.7967308683974,False,
2,20194,6190.0,5105.552968617026,14.01731442254559,11.543321535033806,4.376064844334836,11.881530517132832,13.534926430849374,2.9974161046171233,21.240540212762205,False,
2,20201,6331.0,5267.450622250963,7.105396717983425,12.095180918611296,7.042802768344796,12.368739026134179,12.985400039103627,0.9135818077471427,20.19097005402104,False,
2,20202,6354.0,5456.604487908501,7.150084317032035,11.444241883118245,6.268873789991481,12.382284496453844,12.5970101369952,-0.23660928169157636,16.446042847343477,False,
2,20203,6535.0,5531.850500151742,3.1245068644468965,7.849325580501986,-1.4065883456116701,9.813588223417735,11.611535565784648,-2.0473033979114597,18.13406743043291,False,
2,20204,6664.88067806565,5559.129531592684,7.671739548718093,6.262931862045113,-5.280389672988694,8.883985060261178,10.862149201566734,-2.672777229282641,19.89072462134498,False,
2,20211,6962.435250506264,5684.0,9.973704793970374,6.980008881041849,-5.115172037569447,7.907988277847999,9.746961514495188,-3.238438524608439,22.49182354866757,False,
2,20212,7107.06144834645,5934.0,11.851769725313964,8.155430233112332,-3.288811650005913,8.748948419284886,8.83862749520295,-3.7583826417922506,19.768477390401905,False,
2,20213,7118.19058209847,6026.0,8.9241099020424,9.605330992511206,1.7560054120092197,8.932806478315047,8.618432058927278,-2.99310350685737,18.124636277770833,False,
2,20214,7671.21613439835,6144.0,15.099076861864669,11.462165320797851,5.1992334587527385,10.52090017121352,9.027660836665364,-1.83448836490137,24.85703343747314,False,
2,20221,7738.07342442193,6294.0,11.140328721323002,11.753821302636009,4.77381242159416,10.731878958479935,9.733633506823347,-0.013328007671841391,22.943651484301398,False,
2,20222,7861.82273012342,6545.0,10.61987837395968,11.445848464797436,3.290418231685104,10.296595888102456,10.12054537402774,1.2819178788247907,20.11952223259619,False,
2,20223,8330.05243548219,6595.0,17.024858205278036,13.471035540606346,3.86570454809514,9.442416196481918,10.247947803569458,1.6295157446421804,26.308604025507055,False,
2,20224,7853.28925318464,6715.0,2.37345833563285,10.289630909048391,-1.17253441174946,9.293619791666675,9.941127708682746,0.9134668720173824,16.95144085159552,False,
2,20231,8522.14305381624,6727.0,10.132620697546347,10.037703903104228,-1.7161173995317807,6.879567842389567,8.978049929660154,-0.7555835771631934,26.68564075838027,False,
2,20232,8639.49620056599,6801.0,9.89177061272104,9.855676962794568,-1.5901715020028675,3.911382734912139,7.381746641362575,-2.738798732665165,27.03273342987782,False,
2,20233,8205.17913500497,7070.0,-1.4990698011133508,5.224694961196722,-8.246340579409624,7.202426080363922,6.821749112333075,-3.426198691236383,16.056281966124054,False,
2,20234,9122.39520069534,7424.0,16.160183416089712,8.671376231310937,-1.618254677737454,10.558451228592713,7.137956971564585,-2.803170737118161,22.87709052660749,False,
2,20241,9009.30204903144,7663.0,5.716390726356657,7.5673187385135146,-2.4703851645907138,13.914077597740459,8.896584410402308,-0.08146551925784529,17.56886400928408,False,
2,20242,8940.23842403942,7664.0,3.4810157501282024,5.964630022865306,-3.8910469399292626,12.689310395530073,11.091066325556792,3.7093196841942166,16.652380271913113,False,
2,20243,9010.68617199886,7829.0,9.817056078123043,8.793661492674403,3.568966531477681,10.735502121640739,11.974335335875995,5.1525862235429205,15.093705096421761,False,
2,20244,9590.465912121788,7882.0,5.131006727167109,6.036367320443753,-2.6350089108671844,6.1691810344827624,10.877017787348507,3.7390608157839216,21.67553808832514,False,
2,20251,9389.32695071166,7802.0,4.218139203370108,5.661804439697116,-1.9055142988163984,1.8139110009134818,7.851976138141764,-1.044608272260544,20.34512882224635,False,
2,20252,9755.39498564426,7804.0,9.117839177677457,7.071010296584429,1.1063802737191235,1.8267223382046005,5.136329123810396,-5.954737201746396,25.005061322965915,False,
2,20253,10228.6950148686,7567.0,13.517381691249675,7.996091699866087,-0.7975697928083161,-3.3465321241537893,1.6158205623617639,-10.358514773514232,35.175036538504024,False,
2,20254,10428.308726696516,7957.0,8.736205542587271,8.897391403721128,2.8610240832773757,0.9515351433646346,0.3114090895822319,-10.565608697766274,31.058297432405624,False,
2,20261,11405.7835471641,8033.0,21.47605048836436,13.211869224969691,7.550064785272575,2.960779287362225,0.5981261611944177,-7.253849976947347,41.98659961613469,False,
2,20262,10774.886199051813,8341.867409677412,10.450537522138315,13.545043811084906,6.474033514500476,6.892201559167255,1.8644959664350813,-3.2718331573753145,29.166356522903403,False,
3,20063,3494.0,3493.2041803312763,,,,,,,0.022781939664584527,False,
3,20064,5252.0,3893.915714520119,,,,,,,34.87708479194058,False,
3,20071,5490.0,4666.161915279347,,,,,,,17.655582889719156,False,
3,20072,7137.0,5513.382133474008,,,,,,,29.448672833111655,False,
3,20073,7440.0,5793.956058988133,112.93646250715513,,,65.86365296398637,,,28.40967249757387,False,
3,20074,6294.0,5966.96122758275,19.840060929169834,,,53.238068439242305,,,5.480826168359987,False,
3,20081,6473.0,6072.444675055928,17.905282331511827,,,30.13789031134364,,,6.5962778811217815,False,
3,20082,7740.0,6025.055638147695,8.448928121059263,39.782683472224015,,9.280573925161239,39.630046409933385,,28.463543987778618,False,
3,20083,7042.0,5895.654954144947,-5.349462365591395,10.211202254037381,,1.7552583092004692,23.602947746236914,,19.443896475812483,False,
3,20084,6193.0,5804.349717714975,-1.6047028916428396,4.850011298834214,,-2.725198030717735,9.612131128746903,,6.695845377801035,False,
3,20091,5309.0,5598.310117691001,-17.98238838251197,-4.121906379671736,,-7.807968334607507,0.12566646725911657,,-5.167811564721358,False,
3,20092,5907.0,5446.73226072432,-23.68217054263566,-12.154681045595467,-51.93736451781948,-9.598639616897731,-4.594136918255626,-44.224183328189014,8.450346322227187,False,
3,20093,5804.0,5486.048747070771,-17.580232888383986,-15.212373676293613,-25.423575930330994,-6.9475946313004915,-6.769850153380865,-30.37279789961778,5.795633024569757,False,
3,20094,5476.0,5551.772759642765,-11.577587598901983,-17.7055948531084,-22.555606151942616,-4.351511717175494,-7.176428574995305,-16.78855970374221,-1.364838996897999,False,
3,20101,5839.453402843497,5636.896256374807,9.991587923215238,-10.712100776676598,-6.590194397004862,0.6892461809479222,-5.052124946106448,-5.177791413365565,3.593416257033577,False,
3,20102,5677.562445376994,5571.290128957247,-3.8841637823430752,-5.762599086603451,6.392081958992016,2.2868366255322847,-2.0807558854989443,2.5133810327566817,1.907499231953258,False,
3,20103,5272.049376839999,5499.577369188112,-9.165241611991748,-3.658851267505392,11.55352240878822,0.24660047223541426,-0.2822071096149681,6.487643043765897,-4.1371904979982554,False,
3,20104,5216.0,5359.962612844496,-4.7479912344777215,-1.9514521763993264,15.754142676709074,-3.4549351189692934,-0.058062960063418045,7.1183656149318875,-2.68588837727165,False,
3,20111,5692.0,5506.865401813879,-2.5251233749325808,-5.080630000936281,5.6314707757403175,-2.3067810484160622,-0.8070697674044142,4.245055178702034,3.361887111407169,False,
3,20112,5661.0,5568.1861320340495,-0.29171753787543553,-4.182518439819371,1.5800806467840802,-0.05571414970949595,-1.3927074612148593,0.688048424284085,1.666860010874771,False,
3,20113,5479.0,5431.631699281925,3.9254302903370064,-0.9098504642371829,2.749000803268209,-1.235470752477441,-1.763225267393073,-1.481018157778105,0.8720823380631071,False,
3,20114,5506.0,5279.727664566392,5.559815950920255,1.6671013321123112,3.6185535085116376,-1.4969311182475464,-1.2737242672126365,-1.2156613071492184,4.285681948184172,False,
3,20121,5594.0,5310.036825868945,-1.7217146872803957,1.8679535040253576,6.948583504961638,-3.574239818538172,-1.590588959743164,-0.7835191923387498,5.347668640406966,False,
3,20122,5604.392770583786,5111.50692056091,-0.9999510584033589,1.6908951238933765,5.873413563712748,-8.201579484669907,-3.6270552934832665,-2.234347832268407,9.642672066827407,False,
3,20123,5554.577855321117,5193.285895378498,1.3794096609073936,1.0543899665359735,1.9642404307731565,-4.388106872837804,-4.415214323573357,-2.651989056180284,6.956904881052894,False,
3,20124,5335.860958416326,4960.191225249676,-3.0900661384612116,-1.1080805558093934,-2.7751818879217045,-6.052138663537654,-5.5540162098958845,-4.280291942683248,7.573694563514333,False,
3,20131,5291.974370324039,4837.347312133248,-5.399099565176268,-2.0274267752833612,-3.8953802793087187,-8.901812345874738,-6.8859093417300254,-5.295320381986862,9.398272004378839,False,
3,20132,5682.0,4876.624772411025,1.384757146636062,-1.4312497240235063,-3.122144847916883,-4.5951644358550485,-5.984305579526311,-2.357250286043045,16.51501325558811,False,
3,20133,5794.3890775663085,4796.141543264492,4.317361795828645,-0.6967616902931935,-1.751151656829167,-7.647265336719178,-6.799095195496655,-2.3838808719232976,20.81355450619917,False,
3,20134,6154.847039495945,4839.76649069009,15.34871480839135,3.912933546419947,5.021014102229341,-2.4278244344001942,-5.8930166382122895,-0.339000428316405,27.17239667111173,False,
3,20141,5501.162748087576,4807.375528208185,3.9529363357579506,6.250942521653502,8.278369296936862,-0.6195913171230583,-3.82246138102437,3.0634479607056555,14.43172508177204,False,
3,20142,5977.0,4924.149435254337,5.1918338613164305,7.202711700323594,8.633961424347099,0.9745400776409285,-2.4300352526503755,3.554270326875936,21.381369078846447,False,
3,20143,5805.0,5029.304406070606,0.18312409283616216,6.169152274575473,6.865913964868667,4.8614675088886505,0.6971479587515816,7.496243154248236,15.423516480591083,False,
3,20144,5785.164605085275,4981.433894787177,-6.006362660816755,0.830382907273447,-3.0825506391464996,2.9271537039979645,2.0358924933511213,7.928909131563411,16.134525264686573,False,
3,20151,5950.924168372506,5033.241569755294,8.175751943373877,1.8860868091774285,-4.364855712476073,4.6983232373214445,3.365371131962247,7.187832512986617,18.23243700702861,False,
3,20152,5749.018427312929,5042.122487190707,-3.8143144167152587,-0.36545026033049377,-7.568161960654088,2.3958056815202466,3.720687532932077,6.1507227855824524,14.019808957796243,False,
3,20153,6089.023901388703,5105.237292729652,4.8927459326219225,0.8119551996159463,-5.357197074959527,1.5098089224305333,2.8827728863175475,2.185624927565966,19.2701446034655,False,
3,20154,6030.86308292023,5239.447639007315,4.247043854534094,3.3753068284536587,2.544923921180212,5.179507540793349,3.445861345516393,1.4099688521652718,15.104940414346046,False,
3,20161,6451.9399543836425,5339.900015532617,8.419125699398,3.436150267459689,1.5500634582822606,6.09266297926232,3.794446281001612,0.42907514903936494,20.82510787873073,False,
3,20162,6185.232953758104,5356.3180468235805,7.587634862549231,6.286637587275811,6.652087847606305,6.23141465585324,4.75334852458486,1.032660991652783,15.475460935821172,False,
3,20163,6283.464883513318,5510.988491624818,3.1933029870398366,5.86177685088029,5.0498216512643435,7.947744162117498,6.362832334506601,3.4800594481890537,14.017020595532914,False,
3,20164,6481.188638614131,5561.760884735321,7.467016735452847,6.666770071109978,3.2914632426563193,6.151664601596685,6.605871599707435,3.160010254191042,16.531234854095402,False,
3,20171,6430.393973420255,5664.507756780966,-0.33394577624282773,4.478502202199771,1.0423519347400823,6.078910472183652,6.6024334729377685,2.8079871919361565,13.52079032326241,False,
3,20172,6500.627809302677,5848.886116060441,5.099158882171784,3.8563832071054103,-2.4302543801704006,9.196019820536328,7.34358476410854,2.59023623952368,11.143005357081925,False,
3,20173,6816.260959798378,6048.884806492255,8.479335623932926,5.177891366328682,-0.6838854845516078,9.760432555518683,7.796756862458837,1.433924527952236,12.68624180911,False,
3,20174,6829.488041372946,6329.993870897721,5.374005019444872,4.654638437326688,-2.01213163378329,13.812765454747854,9.71203207574663,3.106160476039194,7.890910807539009,False,
3,20181,7254.886886199337,6388.062207473694,12.821810237243426,7.943577440698252,3.46507523849848,12.773474444033784,11.385673068709163,4.783239595771395,13.56944642322837,False,
3,20182,7543.47657101777,6644.604752692595,16.042277643133662,10.679357130938723,6.822973923833312,13.604618398145796,12.48782271311153,5.14423794900299,13.527844797102873,False,
3,20183,7256.830657899568,7035.3741273642845,6.463509843587634,10.175400685852399,4.997509319523717,16.308614768349237,14.124868266319169,6.328111403860332,3.147757695982678,False,
3,20184,7914.527126276858,7376.14701052792,15.887561092877833,12.803789704210638,8.149151266883951,16.526921841740027,14.803407363067212,5.091375287320583,7.298934185835937,False,
3,20191,8262.364454478608,7268.591682828463,13.886881823006124,13.070057600651314,5.126480159953062,13.783984043308095,15.056034762885789,3.6703616941766253,13.67215019104544,False,
3,20192,8288.37013656186,7757.5941515432,9.874671957038883,11.52815617912762,0.8487990481888978,16.75027244321172,15.84244827415227,3.3546255610407396,6.842017958790403,False,
3,20193,8533.896550984062,7778.058102095278,17.59812173230635,14.311809151307298,4.136408465454899,10.556424737133785,14.404400766348406,0.27953250002923724,9.717572676465025,False,
3,20194,8585.225966811568,8175.791383538161,8.474275592636937,12.458487776247074,-0.34530192796356474,10.840949507499165,12.982907682788191,-1.8204996802790205,5.00788931696321,False,
3,20201,8741.374031540237,8266.946216464303,5.797487870460416,10.436139288110645,-2.6339183125406684,13.735185262839611,12.97070798767107,-2.0853267752147193,5.738852082176038,False,
3,20202,8806.044924874504,8427.07596395761,6.245797180667223,9.528920594017732,-1.9992355851098882,8.63001852554033,10.940644508253222,-4.901803765899048,4.497039809985526,False,
3,20203,9024.341939308042,8754.343198929475,5.747027578714037,6.566147055619654,-7.745662095687644,12.551784571668367,11.439484466886869,-2.964916299461537,3.0841690146621525,False,
3,20204,9400.179807467031,8808.047324726564,9.492514743419456,6.820706843315284,-5.63778093293179,7.733269007590393,10.662564341909675,-2.320343340878516,6.7226305775877515,False,
3,20211,9793.824852250096,9113.124763743528,12.039878592455278,8.381304523813998,-2.054834764296647,10.235684678751046,9.787689195887534,-3.1830187917835353,7.4694477048610874,False,
3,20212,10259.98014244895,9167.343890337292,16.51064955923065,10.947517618454857,1.4185970244371244,8.784398402788685,9.826284165199624,-1.1143603430535975,11.918787657386098,False,
3,20213,10043.00735615592,9575.12853211158,11.287974499401399,12.332754348626695,5.766607293007041,9.375750008092831,9.032275524305739,-2.4072089425811303,4.886397320675551,False,
3,20214,10930.485698308084,10060.059255195394,16.27953850016204,14.029510287812341,7.2088034444970575,14.214409667782956,10.65256068935388,-0.010003652555795384,8.652299365564575,False,
3,20221,11206.24717554216,10111.459580622311,14.42155995844223,14.62493062930908,6.243626105495082,10.954912203667488,10.832367570582992,1.044678374695458,10.82719647139676,False,
3,20222,10954.184936998556,10407.442186867564,6.766141697267503,12.188803663818293,1.2412860453634362,13.527345667018986,12.018104386640566,2.191820221440942,5.253382534479889,False,
3,20223,11707.1098122463,10915.369243846037,16.56976239363559,13.50925063737684,1.1764962887501458,13.997104135362415,13.173442918457962,4.141167394152223,7.253447416326653,False,
3,20224,10740.8039973792,10830.832832088909,-1.7353455844898558,9.005529616213867,-5.0239806715984745,7.661720048969478,11.535270513754591,0.8827098244007114,-0.8312272574550028,False,
3,20231,10970.4513690951,10601.308060937572,-2.1041460424118363,4.8741031160003505,-9.75082751330873,4.844488339289921,10.007664547660202,-0.8247030229227903,3.4820543468376597,False,
3,20232,11490.950200911928,10742.77102919204,4.900093133359551,4.407590975023362,-7.78121268879493,3.2220101375879384,7.431330665302438,-4.586773721338128,6.964489605957458,False,
3,20233,11684.740870899102,11342.1423592321,-0.1910714233140598,0.21738252078594977,-13.29186811659089,3.9098367251907185,4.9095138127595135,-8.263929105698448,3.020580246800897,False,
3,20234,12355.046370757693,11564.734883941454,15.02906461911393,4.408485071686896,-4.5970445445269705,6.7760444947334575,4.6880949242005086,-6.847175589554083,6.833805484928579,False,
3,20241,12684.728431999169,12039.633948745271,15.626312949468634,8.841099819657014,3.9669967036566636,13.567437900493328,6.86883231450136,-3.1388322331588414,5.358090503417068,False,
3,20242,12945.408096258545,12660.351367225368,12.657420578075351,10.780431680835964,6.372840705812601,17.849960059863147,10.525819795070163,3.094489129767725,2.251570440383821,False,
3,20243,12602.21663061532,12859.398621010005,7.851913618394346,12.791177941263065,12.573795420477115,13.377157627923019,12.892650020753237,7.983136207993724,-1.9999534812965125,False,
3,20244,13149.12508666004,13165.647708327211,6.427160951672328,10.640702024402664,6.232216952715768,13.843056848702616,14.659403109245527,9.971308185045018,-0.12549797801987284,False,
3,20251,13900.409639706357,13056.6525192332,9.583817377126081,9.130078131317028,0.28897831166001353,8.44725491503766,13.37935736288161,6.5105250483802495,6.462277518914239,False,
3,20252,14082.51621118004,13415.781576015888,8.783872292524642,8.16169105992935,-2.618740620906614,5.966897654563907,10.4085917615568,-0.11722803351336353,4.969778550629567,False,
3,20253,14199.325035966034,13478.607793401186,12.67323402036087,9.367021160420979,-3.424156780842086,4.815226517509941,8.268108983953532,-4.624541036799705,5.347119328731376,False,
3,20254,14387.41462448821,13504.758582123071,9.417277040617943,10.114550182657384,-0.5261518417452802,2.575724957165404,5.451276011069228,-9.208127098176298,6.535889086781266,False,
3,20261,14658.593368705124,13824.733556616877,5.454398457675835,9.082195452794823,-0.04788267852220507,5.882679624446241,4.810132188421373,-8.569225174460236,6.031651956786832,False,
3,20262,14490.6145771808,14034.641977208776,2.8979080150234315,7.61070438341952,-0.5509866765098295,4.612928420802986,4.471639879981143,-5.936951881575657,3.2489079572709523,False,
4,20063,4467.0,3555.291047644557,,,,,,,25.64372199455982,False,
4,20064,5284.0,3983.2252680510815,,,,,,,32.65631854623587,False,
4,20071,5797.0,4928.520300563201,,,,,,,17.621510036948695,False,
4,20072,6992.0,5425.146174281941,,,,,,,28.88131997522525,False,
4,20073,7238.0,5930.685189569669,62.03268412805014,,,66.81293064596927,,,22.043233937446427,False,
4,20074,7495.0,6010.974895078091,41.8433005299016,,,50.90722945777932,,,24.688592629742278,False,
4,20081,7301.0,6046.828062571809,25.944454027945497,,,22.690537804639142,,,20.740988902779755,False,
4,20082,7209.0,6015.877854162409,3.1035469107551394,33.2309963991631,,10.888769830402879,37.82486693469765,,19.832885154276614,False,
4,20083,6694.0,5733.470906337212,-7.515888366952195,15.843853275412512,,-3.325320379157859,20.29030417841587,,16.753012430936277,False,
4,20084,6384.0,5829.668235818187,-14.823215476984652,1.677224273690947,,-3.0162604639783486,6.8094316979764535,,9.508804648194747,False,
4,20091,6241.0,5693.339414745858,-14.518559101492945,-8.438529008668663,,-5.845852472868329,-0.3246658714004145,,9.61932084772059,False,
4,20092,5891.0,5487.132639599998,-18.282702177833265,-13.785091280815765,-47.01608767997886,-8.789161405539014,-5.244148680385887,-43.06901561508354,7.360262397984307,False,
4,20093,5504.0,5334.645287433023,-17.777113833283543,-16.3503976473986,-32.194250922811115,-6.956093881340985,-6.151842055931669,-26.44214623434754,3.1746199314494294,False,
4,20094,5774.0,5328.651575316351,-9.555137844611528,-15.03337823930532,-16.710602512996267,-8.594256829634473,-7.5463411473457,-14.355772845322154,8.357619528861937,False,
4,20101,5495.145018461854,5402.203579134078,-11.950888984748364,-14.391460710119174,-5.952931701450511,-5.113621627014431,-7.3632834358822254,-7.038617564481811,1.720435706769008,False,
4,20102,5277.712226390752,5336.33150067397,-10.410588586135594,-12.423432312194757,1.3616589686210077,-2.7482685189294087,-5.853060214229825,-0.6089115338439379,-1.098493867478334,False,
4,20103,5460.652439078644,5394.698454831484,-0.7875646969722983,-8.176045028116945,8.174352619281656,1.1257199712964905,-3.8326067510704553,2.319235304861214,1.222570358647057,False,
4,20104,5617.0,5329.890342583165,-2.719085555940426,-6.46703195594917,8.56634628335615,0.023247293415695758,-1.6782307203079134,5.868110427037786,5.386783572693266,False,
4,20111,6004.0,5305.874653256638,9.260082851836726,-1.164288996802898,13.227171713316277,-1.7831413508648253,-0.8456106512705119,6.5176727846117135,13.15759214769363,False,
4,20112,6205.0,5311.283048062636,17.56988130145527,5.830828475094817,18.254260787289574,-0.46939461328762144,-0.2758921748600651,5.57716803936976,16.826761892559272,False,
4,20113,6430.0,5254.676567377446,17.751497128517315,10.46559393146722,18.641638959584164,-2.595546138980842,-1.2062087024293984,2.626398048641057,22.367188875511435,False,
4,20114,6313.129299102956,5353.494374491725,12.39325795091608,14.243679808181348,20.71071176413052,0.44286149228953686,-1.101305152710938,0.5769255675969753,17.92539335025156,False,
4,20121,6106.0,5232.707460450001,1.6988674217188526,12.353375950651879,13.517664947454776,-1.3789845706537518,-1.0002659576581696,-0.15465530638765768,16.68911450048647,False,
4,20122,6603.655004970263,5091.539057335276,6.424738194524782,9.567090173919258,3.736261698824441,-4.137305218698795,-1.917243609010963,-1.641351434150898,29.698602536624218,False,
4,20123,6439.3558772210845,5001.386530438809,0.14550353376492353,5.165591775231159,-5.300002156236061,-4.820278349977524,-2.4734266617601337,-1.2672179593307353,28.751413993513353,False,
4,20124,6002.137066435154,4947.132700508414,-4.926118536998613,0.8357476532524861,-13.407932154928861,-7.5905874846817545,-4.481788906002956,-3.380483753292018,21.325572403148165,False,
4,20131,5732.083530317076,4834.413566029334,-6.123754826120598,-1.1199079087073764,-13.473283859359256,-7.6116216591709644,-6.039948178132259,-5.03968222047409,18.568332064007276,False,
4,20132,6082.715250012961,4925.124066788202,-7.888657941173705,-4.698256942631998,-14.265347116551256,-3.268461435198522,-5.82273723225719,-3.9054936232462274,23.50379741762838,False,
4,20133,6646.396466235868,4750.632420903368,3.2152375635454478,-3.930823435186867,-9.096415210418026,-5.013691863432923,-5.8710906106210405,-3.397663948860907,39.905508937944845,False,
4,20134,6003.47578888847,4852.588755093389,0.02230409666585942,-2.6937177767707485,-3.529465430023235,-1.9110856962722744,-4.451215163518671,0.030573742484285127,23.716970299349647,False,
4,20141,6071.846156468422,4850.270647929787,5.927384420592197,0.3190670349074498,1.4389749436148263,0.3280042487857848,-2.4663086865294837,3.5736394916027754,25.185718431197923,False,
4,20142,5648.444865298366,5027.8991093460745,-7.139416639857843,0.5063773602364152,5.204634302868413,2.0867503267769427,-1.1275057460356173,4.695231486221573,12.34204868587745,False,
4,20143,6036.681098812597,4929.607419847107,-9.17362318845505,-2.590837827763709,1.339985607423158,3.7673931192029553,1.0677654996233523,6.938856110244393,22.4576438786646,False,
4,20144,5877.140700166314,4860.424804981209,-2.104365756850113,-3.1225052911427023,-0.4287875143719537,0.1614818457384093,1.5859073851260233,6.037122548644694,20.918251716251703,False,
4,20151,5777.734001098061,4968.819640851429,-4.843867051161032,-5.815318159081009,-6.134385193988459,2.4441727385304146,2.114949507562181,4.581258194091665,16.279809264882505,False,
4,20152,6162.270702094648,5065.335228382146,9.096766438369785,-1.7562723895241028,-2.2626497497605182,0.7445678248890086,1.7794038820901972,2.906909628125814,21.655733021698943,False,
4,20153,6710.13146564361,4972.388134779839,11.155970570707785,3.3261260502666063,5.916963878030316,0.8678320865976419,1.0545136239388688,-0.013251875684483494,34.94786174693325,False,
4,20154,6333.692413744348,4973.918199813618,7.7682624403583755,5.7942830995687284,8.916788390711432,2.335050934562255,1.5979058961448303,0.011998511018807001,27.338089596682224,False,
4,20161,6208.749621965491,4958.93596409637,7.459942267773423,8.870235429302342,14.685553588383351,-0.1989139769493553,0.9371342172748878,-1.1778152902872931,25.2032626942152,False,
4,20162,6391.451832712259,5169.192565311052,3.7191019625234745,7.525819310340765,9.282091699864868,2.050354660575504,1.2635809261965116,-0.5158229558936855,23.645071294179164,False,
4,20163,6630.784715714512,5287.9786530807405,-1.1824917341092256,4.441203734136511,1.115077683869905,6.346860095121576,2.633337928327495,1.578824304388626,25.393560578227014,False,
4,20164,6975.271902347601,5360.995381192889,10.129628133046076,5.031545157308437,-0.7627379422602916,7.782138061574373,3.995109710080525,2.3972038139356946,30.111507404349137,False,
4,20171,6710.381667971612,5520.1842546752505,8.079437512368548,5.186418968457218,-3.683816460845124,11.31791768723016,6.8743176261254035,5.937183408850515,21.560827653322235,False,
4,20172,6732.012446191167,5695.498707430324,5.328376437664395,5.5887375872424485,-1.9370817230983164,10.1815928787633,8.907127180672353,7.643546254475841,18.198823176074306,False,
4,20173,7174.5304626487405,5832.974686679748,8.200322740769849,7.934441205962218,3.493237471825706,10.306320606674468,9.896992308560575,7.26365438023308,22.999513079194145,False,
4,20174,6901.968756937644,5928.73184376691,-1.0509001862032963,5.1393091261498745,0.10776396884143757,10.590131537246217,10.598990677478536,6.603880967398011,16.4156001454836,False,
4,20181,6851.479349697545,6076.693878516351,2.102677443809009,3.6451191090099893,-1.541299859447229,10.081359573636917,10.289851149080226,3.4155335229548225,12.75011522170606,False,
4,20182,7080.415417255621,6366.4289082256,5.175316799385499,3.6068541994402654,-1.981883387802183,11.780007954702597,10.68945491806505,1.7823277373926967,11.21486659668076,False,
4,20183,7417.874125210048,6467.392240561226,3.391771264031518,2.404716330255683,-5.529724875706535,10.8763982009084,10.831974316623533,0.9349820080629581,14.696524492325235,False,
4,20184,7803.314460598126,6634.247738837845,13.059255053197361,5.932255140105847,0.792946013955973,11.899946121069194,11.159427962579278,0.5604372851007415,17.621692281950764,False,
4,20191,7990.141021611874,6738.276577721916,16.619208988268987,9.561388026220841,5.916268917210852,10.887214535267864,11.360891702987015,1.0710405539067889,18.57840694798536,False,
4,20192,8180.609053120141,7000.782601978333,15.538546413297261,12.152195429698782,8.545341230258517,9.964042682281903,10.90690038488184,0.2174454668167911,16.852779442235555,False,
4,20193,8321.185776224313,7222.888805086445,12.177500396566598,14.348627712832553,11.94391138257687,11.681625861301704,11.108207299980167,0.2762329833566337,15.205785396619053,False,
4,20194,8027.319991535855,7254.508804760362,2.8706459552388486,11.801475438342925,5.869220298237077,9.349380522699203,10.470565900387669,-0.6888620621916086,10.65283960050305,False,
4,20201,8251.15986529306,7475.880483816565,3.2667614122851907,8.463363544346976,-1.0980244818738658,10.946477153124224,10.48538155485176,-0.8755101481352554,10.370408986002166,False,
4,20202,7974.345800120185,7614.147095037039,-2.521367928238616,3.9483849589630062,-8.203810470735776,8.761370377154364,10.184713478569874,-0.7221869063119666,4.73065072932366,False,
4,20203,8240.475973805938,7751.145430437699,-0.9699315048220858,0.6615269836158353,-13.687100729216716,7.31364748380523,9.092718884195754,-2.0154884157844126,6.313009448212692,False,
4,20204,8132.838695025837,7626.68761733532,1.3144947952896224,0.27248919362852875,-11.528986244714396,5.130310302066721,8.037951329037634,-2.432614571350035,6.636578067522336,False,
4,20211,9324.88566627111,7840.018951151853,13.013028695450114,2.7090560144197595,-5.754307529927216,4.870843884189391,6.519043011803927,-3.966338543047833,18.939580686869384,False,
4,20212,9824.39893248688,8291.616961560432,23.200061531552983,9.13941337936766,5.191028420404654,8.897514824279828,6.5530791235852925,-3.6316343549845813,18.485923530143246,False,
4,20213,9738.883118212558,8434.630567707924,18.183502374979522,13.927771849318061,13.266244865702227,8.817859804129991,6.929132203666483,-2.1635866805292716,15.463066699067763,True,Gdynia primary transaction-price weighting methodology changed from 2021Q3.
4,20214,9927.325311384651,8701.050508600214,22.06470192820065,19.115323632545817,18.842834438917286,14.086887324752716,9.168276459337982,1.1303251303003474,14.09341092288079,False,
4,20221,9830.2439914623,8915.708884871452,5.419458675178324,17.21693112747787,14.50787511305811,13.720501703143961,11.380690914076624,4.861647902272697,10.257570299795994,False,
4,20222,10131.111048564662,9471.548243910804,3.1219428097892132,12.197401447036928,3.0579880676692675,14.230412328746977,12.713915290193412,6.16083616660812,6.96362186697288,False,
4,20223,10330.628952399522,9673.353056457974,6.076115987883135,9.170554850262832,-4.757216999055229,14.686149900773525,14.180987814354296,7.251855610687813,6.794705952583291,False,
4,20224,10829.744784641298,9199.073379310485,9.090257898789233,5.926943842909977,-13.188379789635839,5.723709685606582,12.090193404567762,2.92191694522978,17.726474592520745,False,
4,20231,10842.91478296,9221.990797352026,10.30158348436947,7.147475045207764,-10.069456082270108,3.4353063389080063,9.518894563508773,-1.8617963505678503,17.57672525625813,False,
4,20232,10673.05081912,9920.234606351203,5.349262958006151,7.704305082261998,-4.49309636477493,4.73720189018576,7.145591953868468,-5.568323336324944,7.58869364124537,False,
4,20233,11276.78957928,10032.386681200758,9.158790149565021,8.47497362268247,-0.6955812275803623,3.711573666827883,4.401947895382058,-9.779039918972238,12.403857004545827,False,
4,20234,11108.75425048,10251.283403369587,2.5763254018173365,6.846490498439495,0.9195466555295182,11.438217532057248,5.830574856994724,-6.259618547573037,8.364521917602662,False,
4,20241,12762.72457233379,10558.355552288447,17.70566151078521,8.69751000504343,1.5500349598356662,14.49106580457813,8.594514723412255,-0.9243798400965186,20.877957832813856,False,
4,20242,12435.61987643296,11412.535612155936,16.51420092702496,11.488744497298132,3.7844394150361342,15.043001148877288,11.170964538085137,4.025372584216669,8.96456579892111,False,
4,20243,13374.472831284924,11669.024619488204,18.601777015146315,13.849491213693454,5.374517591010985,16.313545224031966,14.321457427386159,9.919509532004101,14.615173653404456,False,
4,20244,12414.31657511806,11984.550814390732,11.752553843574741,16.14354832413281,9.297057825693313,16.907808932990974,15.68885527761959,9.858280420624865,3.5859980685406745,False,
4,20251,12906.711629710146,11840.34994012722,1.128184319580816,11.99917902633171,3.30166902128828,12.141989171418931,15.101586119329792,6.507071395917537,9.006167004988598,False,
4,20252,13000.24061245408,11807.335727122909,4.5403505545481115,9.005716433212497,-2.4830280640856355,3.4593549442812233,12.205674568180775,1.0347100300956384,10.103082633543824,False,
4,20253,13510.01638769764,11823.966036992157,1.013449712168546,4.608634607468055,-9.2408566062254,1.3278009307237992,8.459238494853732,-5.862218932532427,14.259600758582614,False,
4,20254,13570.538425147872,11665.062690090976,9.31361660574388,3.998900298010339,-12.14464802612247,-2.6658331150477776,3.565827982844044,-12.123027294775547,16.334894939531907,False,
4,20261,13324.64036738066,12245.468393199357,3.238072947322057,4.526372454945649,-7.4728065713860605,3.421507431120596,1.3857075477694603,-13.715878571560332,8.81282723967205,False,
4,20262,12886.98208212585,12266.795259976028,-0.8712033392653362,3.173483981492287,-5.832232451720209,3.891305739682527,1.4936952466197861,-10.711979321560989,5.0558178318452995,False,
5,20063,3522.59,1907.3622319337749,,,,,,,84.68384982272772,False,
5,20064,3734.72,2101.5049221011905,,,,,,,77.71645265840436,False,
5,20071,3805.67,2508.2062239589545,,,,,,,51.72875195218709,False,
5,20072,5093.57,3056.5319897323425,,,,,,,66.64540129501601,False,
5,20073,5697.62,3632.3755532985074,61.74519316752729,,,90.43973360088144,,,56.85657819236434,False,
5,20074,5717.63,3607.8002265781815,53.09394010795992,,,71.67698198731418,,,58.47967295636229,False,
5,20081,5791.06,3676.241682938548,52.16926323091597,,,46.56855755408999,,,57.52663996157632,False,
5,20082,5113.46,3758.653388219178,0.39049232660002264,41.8497222082508,,22.971177820007682,57.91411274057332,,36.044999946715485,False,
5,20083,5153.52,3719.658747557693,-9.549601412519603,24.02602356323908,,2.40292318287203,35.90491013607097,,38.54819352403691,False,
5,20084,5772.17,3699.364973570896,0.9538917348621778,10.991011469964642,,2.537966107939371,18.620156166227268,,56.03137406656802,False,
5,20091,4994.94,3590.1653812558134,-13.747396849626847,-5.488153550171063,,-2.3414211878999946,6.392661480729772,,39.12840968492672,False,
5,20092,5410.83,3489.4316331717555,5.815436123485851,-4.131917600949606,-45.98163980920041,-7.16271832596348,-1.1408125557630184,-59.05492529633634,55.063361854198845,False,
5,20093,4524.0,3459.814932670103,-12.21534019466307,-4.798352296485472,-28.82437585972455,-6.985689616237023,-3.487965755540282,-39.39287589161125,30.75843905062907,False,
5,20094,4866.0,3370.835340904624,-15.69894857566565,-8.96156237411743,-19.95257384408207,-8.880703445411909,-6.342633143878102,-24.96278931010537,44.35590908140063,False,
5,20101,5303.0,3619.129149241573,6.167441450748168,-3.9828527990236755,1.5053007511473875,0.8067530297344749,-5.555589589469484,-11.948251070199255,46.52696218678187,False,
5,20102,4511.0,3518.7418099363204,-16.630165797114305,-9.594253279173714,-5.4623356782241075,0.8399699391136384,-3.5549175232002046,-2.4141049674371864,28.199232670658404,False,
5,20103,5071.0,3647.961723532688,12.09106984969055,-3.5176507680853093,1.2807015284001628,5.438059391153138,-0.44898027135266405,3.038985484187618,39.00913398535444,False,
5,20104,4914.0,3529.515142714623,0.9864364981504226,0.6536955003687088,9.615257874486138,4.70743260237132,2.948053740593143,9.290686884471246,39.225922012068246,False,
5,20111,5329.0,3551.5449374987343,0.4902885159343784,-0.7655927333347385,3.217260065688937,-1.8674164130617399,2.2795113798940894,7.835100969363573,50.047376389191456,False,
5,20112,4417.0,3485.7234883232927,-2.0837951673686517,2.8709999241016746,12.465253203275388,-0.9383559066422409,1.8349299184551195,5.389847441655324,26.71687857044194,False,
5,20113,4697.0,3460.2995916163363,-7.375271149674623,-1.9955853257396183,1.522065442345691,-5.1443010135155625,-0.8106601827120556,-0.3616799113593916,35.73969177061891,False,
5,20114,4603.599667922021,3446.729856013158,-6.316653074439948,-3.821357718887211,-4.47505321925592,-2.345514422068551,-2.573896938822023,-5.521950679415166,33.564272810373865,False,
5,20121,4678.7928097797285,3367.57104401415,-12.201298371556978,-6.99425444076005,-6.228661707425312,-5.1801088462124945,-3.402070047109712,-5.681581427003801,38.93672170914617,False,
5,20122,4443.222453656398,3402.879862251852,0.5936711264749484,-6.32488786729915,-9.195887791400825,-2.3766551290989035,-3.7616448527238777,-5.5965747711789975,30.572416115686796,False,
5,20123,5003.604828883622,3372.627860471831,6.527673597692618,-2.8491516804573402,-0.8535663547177219,-2.5336456807646845,-3.1089810195361585,-2.298320836824103,48.35923309320043,False,
5,20124,5685.230429520307,3333.3933652144574,23.49532625816948,4.603843152695017,8.425200871582227,-3.2882324850894262,-3.3446605352913767,-0.7707635964693536,70.55384128523161,False,
5,20131,5103.59986974834,3235.308128827848,9.079415935680446,9.924021729504373,16.918276170264424,-3.9275463964271506,-3.0315199228450407,0.37055012426467115,57.7469491784504,False,
5,20132,5232.116857938558,3245.2516846282974,17.755005798392244,14.214355397483697,20.539243264782847,-4.63219931364971,-3.5954059689827425,0.16623888374113527,61.22376217294316,False,
5,20133,4670.342903484908,3298.628215349473,-6.660436561155647,10.91732785777163,13.766479538228971,-2.1941242314236664,-3.5105256066474877,-0.40154458711132923,41.5843980765231,False,
5,20134,4529.311795638465,3304.128839650223,-20.33195748548353,-0.039493078141621396,-4.643336230836638,-0.877919955971096,-2.9079474743679055,0.4367130609234713,37.080362644634036,False,
5,20141,4531.850262386592,3433.1012585598087,-11.202868993527538,-5.110064310443617,-15.03408603994799,6.113579351825793,-0.39766603730466965,2.633853885540371,32.00456150506059,False,
5,20142,4973.863138176352,3330.757365179227,-4.935931799198334,-10.782798709841261,-24.99715410732496,2.634793503257149,1.4190821669220453,5.014488135904788,49.3312959441196,False,
5,20143,5015.422863445144,3462.900722628755,7.388749971715036,-7.2705020766235915,-18.18782993439522,4.980024924144955,3.2126194558142007,6.723145062461688,44.832995952533096,False,
5,20144,4906.688436823682,3303.2556412637364,8.331875971723024,-0.1045437123219517,-0.0650506341803303,-0.026427492052016888,3.4254925717939706,6.333440046161876,48.54098409853971,False,
5,20151,4794.636422402498,3408.019370765625,5.79865054670885,4.1458361727371456,9.255900483180763,-0.730589805111248,1.71445028255971,2.1121163198643798,40.68688879914919,False,
5,20152,4897.97562856406,3395.1126511898747,-1.5257257287564996,4.998387690347603,15.781186400188865,1.9321517287160583,1.5387898389244374,0.11970767200239218,44.26548193761646,False,
5,20153,5003.394397218573,3408.5869199046647,-0.23982955284268526,3.0912428092081736,10.361744885831765,-1.5684481616573653,-0.09832843252614254,-3.310947888340343,46.787936314633114,False,
5,20154,5048.501745306497,3436.936866567164,2.8902040614304125,1.7308248316350208,1.8353685439569725,4.046953666967323,0.9200168572286925,-2.505475714565278,46.889568860453764,False,
5,20161,5029.888686150566,3518.8826472037035,4.906571489943912,1.5078050674437862,-2.6380311052933596,3.2530119220881337,1.915917289028538,0.20146700646882798,42.939938339449625,False,
5,20162,4867.99458795279,3434.0421656734693,-0.6121108573187928,1.7362087853032127,-3.2621789050443906,1.1466339554285776,1.719537845706668,0.18074800678223046,41.75698355171771,False,
5,20163,5172.911056157298,3534.949349534709,3.38803311273963,2.643174451698792,-0.4480683575093818,3.707179326780352,3.0384447178160974,3.13677315034224,46.33621431770123,False,
5,20164,5037.853818716708,3521.687117038603,-0.21091260589714,1.8678952848669037,0.13707045323188294,2.4658657915962223,2.643172748973322,1.7231558917446295,43.05228293401186,False,
5,20171,5113.692783171926,3491.9438924112005,1.6661222991297686,1.057782987163368,-0.45002208028041824,-0.7655485417767505,1.6385326330071008,-0.27738465602143725,46.44258157426755,False,
5,20172,5095.3991997889325,3493.7853113286383,4.671422856527374,2.3786664156249095,0.6424576303216969,1.7397324427859129,1.7868072548464347,0.06726940913976676,45.84179466514566,False,
5,20173,5226.454830212642,3720.815181696667,1.0350801216968852,1.790428167864223,-0.8527462838345687,5.257948948728863,2.1744996603335625,-0.8639450574825349,40.46531673818352,False,
5,20174,5266.250418655079,3726.06267281022,4.53360911525118,2.9765585981513034,1.1086633132843997,5.803342232840869,3.008868770644724,0.36569602167140225,41.33552978278916,False,
5,20181,5217.34836858322,3928.818018603517,2.027020194729001,3.066783072051112,2.009000084887744,12.510914827175345,6.327984612882748,4.689451979875647,32.7968957553729,False,
5,20182,5464.118611490464,3988.8842339910448,7.2363203989356695,3.708007457653185,1.3293410420282754,14.170845617131732,9.435762906469202,7.648955651622767,36.983634795121276,False,
5,20183,5486.889904535283,4200.576481412037,4.983015883293196,4.694991398052263,2.9045632301880397,12.893983610779669,11.344771571981905,9.170271911648342,30.622306933710398,False,
5,20184,5845.74231948376,4173.058066663266,11.003880460676507,6.312559234408594,3.3360006362572907,11.996453981165022,12.893049509062942,9.884180738418218,40.08293740705015,False,
5,20191,6539.488813916424,4430.012505142292,25.341233744225413,12.141112621782696,9.074329549731583,12.756877110763277,12.954540079959925,6.626555467077177,47.61784095023398,False,
5,20192,6274.727063243533,4528.955580661538,14.835118147846305,14.040812059010356,10.332804601357171,13.539408892048233,12.79668089868905,3.360917992219848,38.546889045155794,False,
5,20193,6745.506031853577,4709.768168385737,22.938607284209645,18.529709909239468,13.834718511187205,12.121947766620211,12.603671937649185,1.2589003656672801,43.223738211419956,False,
5,20194,6879.938338527183,4901.772070377328,17.69144041119406,20.201599896868856,13.889040662460262,17.462349961900593,13.970145932833079,1.0770964237701364,40.35614548673985,False,
5,20201,6996.087408632216,5099.655285524618,6.982175636482824,15.611835369933209,3.4707227481505125,15.116047180566984,14.559938450284005,1.60539837032408,37.187457130497116,False,
5,20202,6829.162682801237,5371.228617678069,8.836011733570203,14.112058766364182,0.07124670735382566,18.59751154577456,15.824464113715589,3.0277832150265382,27.143399935067713,False,
5,20203,6884.881781446651,5226.621073476366,2.0662015412174384,8.893957330616132,-9.635752578623336,10.974062557048935,15.537492811322767,2.9338208736735822,31.727203572983175,False,
5,20204,7246.027228145523,5353.397124802015,5.321107132141978,5.801374010853111,-14.400225886015745,9.213505808521226,13.475281772977926,-0.49486415985515286,35.35381476885115,False,
5,20211,7371.154257574024,5333.377635647516,5.361094380825304,5.396103696938733,-10.215731672994476,4.583100955594377,10.842045216734775,-3.71789323354923,38.207994279390725,False,
5,20212,7838.916136139805,5514.384752632813,14.785904220462642,6.883576818661842,-7.22848194770234,2.665240025039717,6.858977336551064,-8.965486777164525,42.15395711003222,False,
5,20213,8340.278143525315,5821.362556648477,21.139017462880183,11.651780799077528,2.757823468461396,11.3790817205069,6.960232127415555,-8.577260683907213,43.27020628529703,False,
5,20214,8290.436337204876,5962.353578832473,14.413541050502632,13.924889278667692,8.12351526781458,11.375140678601902,7.500640844935724,-5.974640928042202,39.046372000438765,False,
5,20221,8928.042381464058,6176.401741597544,21.121361315838662,17.864956012421032,12.4688523154823,15.80657068637663,10.306508277631288,-0.535536939103487,44.55086885515309,False,
5,20222,9448.719129777304,6379.989394626027,20.53604051478257,19.302490086001015,12.418913267339173,15.697211580674274,13.564501166539927,6.705523829988863,48.09929210440569,False,
5,20223,9229.140791112915,6298.330623050736,10.657470078232812,16.682103239839172,5.030322440761644,8.193409391028595,12.76808308417035,5.807850956754795,46.533126688141,False,
5,20224,9662.555832401327,6273.416753289007,16.55063062288784,17.216375632935474,3.291486354267782,5.2171205605932025,11.228578054668176,3.7279372097324526,54.023815289100206,False,
5,20231,9593.99978233716,6486.568015794231,7.459164869733681,13.800826521409228,-4.064129491011805,5.021795653410033,8.532384296426526,-1.7741239812047613,47.90563760337674,False,
5,20232,9225.950699999215,6757.374999229535,-2.357657442436212,8.077402032104532,-11.225088053896483,5.915144701045838,6.086867576519417,-7.47763359002051,36.531577736194066,False,
5,20233,9702.540620258997,6923.918599620566,5.12940304911087,6.695385274824047,-9.986717965015124,9.932599827012778,6.521665185515463,-6.246417898654887,40.13077249046082,False,
5,20234,10347.839677656078,7203.049150650307,7.092159229308637,4.3307674264292455,-12.885608206506229,14.818597805955026,8.922034496855918,-2.306543557812258,43.65915685473078,False,
5,20241,10675.182052126063,7570.647470300744,11.269358915135609,5.283315937779728,-8.5175105836295,16.71268152691645,11.844755965232522,3.312371668805996,41.007517441595944,False,
5,20242,11508.088853364576,7679.164386581321,24.73607574518639,12.056749234685377,3.979347202580845,13.64123476138126,13.776278480316378,7.689410903796961,49.86121241881436,False,
5,20243,11844.275440270842,7841.40812513844,22.073958809715077,16.292888174836428,9.59750290001238,13.251015480860119,14.605882393778213,8.08421720826275,51.04781247515709,False,
5,20244,11931.322535507445,8093.023341540731,15.302545334854333,18.345484701222855,14.01471727479361,12.355520173148825,13.990112985576664,5.0680784887207455,47.4272596529542,False,
5,20251,12000.19309526647,8063.281096998186,12.41206975834681,18.631162412025652,13.347846474245925,6.507153167942592,11.4387308958332,-0.40602506939932326,48.8251860614648,False,
5,20252,11742.313063264795,8154.269777892489,2.035300673158602,12.955968644018707,0.8992194093333303,6.186941278941416,9.575157525223238,-4.20112095509314,44.002018367114324,False,
5,20253,11945.76874080896,8223.851616455555,0.8568975033545589,7.651703317428578,-8.64118485740785,4.877229768095548,7.481711097032095,-7.124171296746118,45.25759094322688,False,
5,20254,11853.59424151598,8200.956735810241,-0.6514641923403341,3.663200935629911,-14.682283765592944,1.3336597426514052,4.72624598940774,-9.263866996168924,44.539163214410806,False,
5,20261,12030.771273479164,8069.426536730098,0.2548140514901931,0.6238870089157568,-18.007275403109897,0.07621512456263968,3.118511478562752,-8.320219417270447,49.09078382110516,False,
5,20262,11840.14970595999,8101.69612802429,0.833197362121707,0.323361181156533,-12.632607462862174,-0.6447376809966987,1.4105917385782236,-8.164565786645014,46.14408537249561,False,
6,20063,2834.8393391977534,2350.1142828430866,,,,,,,20.625595099497176,False,
6,20064,3014.090525335802,2662.080495771316,,,,,,,13.22311741225144,False,
6,20071,3241.4152281047677,2977.9126729697605,,,,,,,8.848565558244736,False,
6,20072,3017.729301673899,3659.280210653406,,,,,,,-17.532161300786274,False,
6,20073,4765.978233106741,3681.317571160407,68.12163452111155,,,56.644193775414074,,,29.463925373991362,False,
6,20074,4629.101107606011,3808.281464079699,53.58201980646484,,,43.05658563402235,,,21.553544591396665,False,
6,20081,4407.7071046698375,4048.29633939804,35.98094642280656,,,35.94409185145197,,,8.87807450689837,False,
6,20082,4879.70469598569,4103.3927227968425,61.70120670793682,54.84645186457994,,12.136608474269739,36.945369933789536,,18.918783202883848,False,
6,20083,4917.532281885935,4119.852624353711,3.1799148331485894,38.611021942589204,,11.912448320916535,25.76243357016515,,19.361849324825254,False,
6,20084,4608.749918623949,4019.974963227241,-0.439635871176447,25.10560802317888,,5.5587671537481675,16.387978950096603,,14.64623438659527,False,
6,20091,4821.62401073878,3888.425609425852,9.3907534289293,18.458059774709564,,-3.949086642109789,6.414684326706163,,23.999389342843045,False,
6,20092,4715.515250347135,3932.078441947145,-3.3647414314564084,2.1915727398612583,-52.65487912471868,-4.1749423567951975,2.336796618939929,-34.60857331484961,19.924241593004343,False,
6,20093,4678.348467443536,3915.738269566209,-4.863899222857137,0.1806192258598267,-38.430402716729375,-4.954409135436522,-1.879917745148335,-27.642351315313487,19.475515097739414,False,
6,20094,4778.483236229924,4114.873797806374,3.682849375707775,1.2112405375808821,-23.894367485598,2.36068222929795,-2.6794389762608892,-19.067417926357493,16.12709091533544,False,
6,20101,4797.9706485254,4023.666902203924,-0.49056836785073,-1.259089911614125,-19.71714968632369,3.4780475792113963,-0.822655420930593,-7.237339747636756,19.243733766762826,False,
6,20102,4829.22686469692,4201.276314605952,2.41143561865087,0.18495435091269452,-2.0066183889485636,6.846197923902597,1.9326296492438557,-0.40416696969607346,14.946661515879466,False,
6,20103,4523.102074753757,4094.8948233165206,-3.318401649003555,0.57132874437609,0.39070951851626334,4.575294399596297,4.31505553300206,6.194973278150395,10.457100118884721,False,
6,20104,4803.276777721256,4251.107611885303,0.518857977848497,-0.2196691050887295,-1.4309096426696115,3.310765305889962,4.552576302150063,7.232015278410953,12.988830588343392,False,
6,20111,4790.077971048904,4285.207912226044,-0.16450032846536677,-0.1381520952423887,1.1209378163717363,6.500066143120931,5.308080943127447,6.1307363640580395,11.781693424545981,False,
6,20112,4966.786434991207,4408.156259239441,2.84848018426902,-0.02889095383785123,-0.21384530475054575,4.924216574717066,4.827585605831064,2.894955956587209,12.672649128099401,False,
6,20113,4803.884376262197,4205.090096974148,6.207737452481132,2.3526438215333205,1.7813150771572306,2.6910403908342317,4.356522103640548,0.041466570638487354,14.239749101188659,False,
6,20114,4768.498925532117,4245.229844566561,-0.7240443097188742,2.041918249641478,2.2615873547302074,-0.13826437379070855,3.49426468372038,-1.0583116184296832,12.326048297132463,False,
6,20121,4662.529862106962,4175.487949598509,-2.6627564251112235,1.4173542254800138,1.5555063207224025,-2.5604349864681075,1.2291394013231207,-4.078941541804326,11.664311294570616,False,
6,20122,4944.016351230474,3943.06539400735,-0.4584470071093971,0.5906224276354095,0.6195133814732607,-10.550689174351902,-2.639587035944121,-7.467172641775186,25.385096548090846,False,
6,20123,5160.697559005846,3987.855477044948,7.427597227501925,0.8955873713906077,-1.4570564501427128,-5.1659920458188235,-4.603845145107385,-8.960367248747932,29.410345703650954,False,
6,20124,4515.760471503128,3689.757026286959,-5.300167997852401,-0.2484435506427738,-2.290361800284252,-13.084634722205857,-7.840437732211172,-11.334702415931552,22.386391280820604,False,
6,20131,4647.241535894923,3672.351404056517,-0.3278976577992476,0.33527114118522006,-1.0820830842947937,-12.049766437246468,-10.212770594905763,-11.441909996228883,26.546755050770265,False,
6,20132,4646.013467266611,3629.805370803083,-6.027546488386837,-1.0570037291341399,-1.6476261567695494,-7.94458097703269,-9.561243545575959,-6.921656509631838,27.99621447027323,False,
6,20133,4717.680351386311,3798.672811206787,-8.584444303395266,-5.060014111858438,-5.955601483249046,-4.743969958970218,-9.455738023863807,-4.851892878756422,24.192858554921635,False,
6,20134,4651.074141414556,3828.434163288956,2.996475804359622,-2.9858531613054318,-2.7374096106626578,3.758435474585964,-5.244970474665853,2.5954672575453195,21.487635493746637,False,
6,20141,4587.361297451235,3764.06529773444,-1.2885114315917878,-3.226006604753567,-3.561277745938787,2.4974160581858973,-1.6081748508077611,8.604595744098003,21.872521717737747,False,
6,20142,4622.853785241579,3635.39824499862,-0.4984850385863604,-1.843741242303448,-0.7867375131693082,0.15408193068764398,0.4164908761223223,9.977734421698282,27.162238459058674,False,
6,20143,4577.564755146137,3795.837259538965,-2.9700103823057877,-0.44013276203107854,4.619881349827359,-0.07464585155785297,1.5838219029754135,11.039559926839221,20.594336431117675,False,
6,20144,4601.542914588442,3667.2423059274897,-1.0649416741193907,-1.4554871316508318,1.5303660296546,-4.210386034769586,-0.408383474363474,4.836587000302378,25.476926003793366,False,
6,20151,4736.142579621817,3615.7284339765833,3.243286772577636,-0.3225375806084758,2.9034690241450916,-3.9408685031882773,-2.0179546147070178,-0.40977976389925663,30.987231649280723,False,
6,20152,4506.621021306747,3604.2337693720087,-2.514307597309362,-0.8264932202892261,1.017248022014222,-0.8572506648889422,-2.270787763601164,-2.6872786397234862,25.036868019023295,False,
6,20153,4548.784498477527,3603.878122064152,-0.628724184322127,-0.24117167079331092,0.19896109123776762,-5.057096085782343,-3.5164003221572866,-5.1002222251327005,26.21915459982793,False,
6,20154,4619.943712765114,3510.1509189254293,0.39988322434927337,0.1250345538238551,1.5805216854746869,-4.283638055444228,-3.5347133273259472,-3.1263298529624732,31.6166688975136,False,
6,20161,4710.342171538008,3530.1970781856385,-0.5447557300073735,-0.8219760718223973,-0.4994384912139215,-2.365535945322017,-3.140880187859382,-1.1229255731523642,33.43000595193146,False,
6,20162,4685.483918153999,3485.285776525336,3.9688914599566028,0.7988236924940939,1.62531691278332,-3.3002296870271453,-3.7516249433939324,-1.4808371797927684,34.436147236832994,False,
6,20163,4581.252848346013,3577.349734357761,0.7137807886777869,1.1344499357440725,1.3756216065373834,-0.7361066830749774,-2.6713775927170915,0.8450227294401951,28.06276122087017,False,
6,20164,4558.990676757216,3405.914480979464,-1.3193458578181771,0.7046426652022098,0.5796081113783547,-2.969571404578686,-2.3428609300007057,1.1918523973252415,33.8551129870458,False,
6,20171,4614.109960566635,3438.6874102848456,-2.0429983102470017,0.3300820201423027,1.1520580919647,-2.5921971457702475,-2.3995262301127633,0.7413539577466186,34.18230301382419,False,
6,20172,4544.821226525441,3587.7599813778465,-3.0020952816326663,-1.4126646652550146,-2.2114883577491087,2.940195192678652,-0.8394200101863144,2.912204933207618,26.675732214952784,False,
6,20173,4546.8936279648215,3606.960763378978,-0.7499961586620585,-1.7786089020899758,-2.9130588378340483,0.8277364870654225,-0.4484592176512143,2.222918375065877,26.058860249572557,False,
6,20174,4689.069236474604,3609.2764351483497,2.8532315361064153,-0.7354645536088277,-1.4401072188110375,5.97084733937312,1.786645468336737,4.129506398337442,29.917154330736984,False,
6,20181,4591.489258892441,3716.815710224697,-0.49025059800299475,-0.34727762554782604,-0.6773596456901287,8.08821119093266,4.456747552512464,6.856273782625228,23.532873751625072,False,
6,20182,4798.0,3768.3421926424458,5.570709184266787,1.7959234909270372,3.208588156182052,5.033285732655068,4.980020187506568,5.819440197692883,27.323893497992955,False,
6,20183,4804.822879549007,3831.243732461878,5.672647585108215,3.401584426869605,5.1801933289595805,6.218059574143897,6.327600959276187,6.776060176927401,25.41156906406283,False,
6,20184,4967.077230850427,3856.097144251904,5.928852408774388,4.170489645036598,4.905954198645426,6.838509422551597,6.544516480070806,4.7578710117340695,28.810998401702804,False,
6,20191,4999.162510448252,3955.061464892822,8.878889366151954,6.512774636075336,6.860052261623162,6.409942629459087,6.124949339702413,1.6682017871899486,26.39911047712942,False,
6,20192,5020.152214901847,4016.754764143668,4.630100352268607,6.277622428075791,4.481698937148754,6.592091662647803,6.514650822200597,1.5346306346940288,24.980301503970303,False,
6,20193,5220.400743309056,4346.888825020119,8.649181752961033,7.0217559700389955,3.6201715431693904,13.458947761250828,8.32487286897733,1.9972719097011433,20.09510602758271,False,
6,20194,5295.153754284564,4456.280781058055,6.605021588882476,7.190798265066018,3.02030862002942,15.564536222870217,10.506379569056985,3.9618630889861794,18.824508922154017,False,
6,20201,5424.637738040608,4587.968036384372,8.510930114856507,7.098808452242156,0.5860338161668199,16.002445906582153,12.904505388337752,6.779556048635339,18.236171111505573,False,
6,20202,5573.063876814057,4767.877758305341,11.013842573755905,8.69474400761398,2.4171215795381897,18.699747389776334,15.931419320119884,9.416768497919287,16.88772572044519,False,
6,20203,5724.949637256607,4782.503263332601,9.664945638401946,8.948684978974208,1.926929008935213,10.021292373643021,15.072005473217933,6.747132604240603,19.706131329793998,False,
6,20204,5920.388304321694,4869.184894648099,11.807675075180256,10.249348350548654,3.0585500854826364,9.265666457668932,13.497288031917613,2.9909084628606273,21.588899013241658,False,
6,20211,5982.056423370471,4926.95236694781,10.27568498115421,10.69053706712308,3.5917286148809238,7.388550396933047,11.343814154505335,-1.5606912338324168,21.414943312640244,False,
6,20212,6297.292186042405,5179.779263654768,12.99515536223077,11.185865264241796,2.4911212566278156,8.639095342407256,8.828651142663066,-7.102768177456818,21.574527899846018,False,
6,20213,6530.053615854071,5331.340957092814,14.063075303895056,12.285397680615073,3.336712701640865,11.47595021979695,9.192315604201548,-5.879689869016385,22.484261809713924,False,
6,20214,6718.46186589984,5629.131769166789,13.480088138738777,12.703500946504704,2.4541525959560495,15.60727084637874,10.777716701379,-2.7195713305386136,19.35165388559186,False,
6,20221,6928.761642864786,5903.27871332609,15.825748747466895,14.091016888082873,3.4004798209597933,19.816029741385588,13.884586537492135,2.5407723829868,17.371413062774188,False,
6,20222,7108.4203148248525,6139.440401463032,12.88058589023815,14.062374520084719,2.8765092558429224,18.52706628913645,16.356579274174436,7.52792813151137,15.782870261773564,False,
6,20223,8043.377183984608,6303.555923271642,23.17474950674825,16.34029307079802,4.054895390182946,18.23584298965899,18.046552466639945,8.854236862438396,27.600631800375485,False,
6,20224,8282.20170163562,6260.709326099063,23.275265484093666,18.78908740713674,6.085586460632037,11.21980409823944,16.94968577960512,6.17196907822612,32.28855182765869,False,
6,20231,8200.709629491268,6340.173575919621,18.357508198255456,19.42202726983388,5.331010381751007,7.400884894817561,13.845899567963112,-0.03868696952902262,29.34519112596665,False,
6,20232,8431.934622959478,6329.904957111454,18.618965248500995,20.85662210939959,6.794247589314873,3.1023113377407263,9.98971083011418,-6.366868444060255,33.2079182877218,False,
6,20233,8491.840537609425,6523.4675519517605,5.575560406613356,16.456824834365868,0.11653176356784911,3.488691642573394,6.302922993342782,-11.743629473297162,30.173722333741757,False,
6,20234,8208.391228346125,6983.580385109693,-0.8911938630390859,10.41520999758268,-8.37387740955406,11.546152701854284,6.384510144246493,-10.565175635358626,17.53843695775248,False,
6,20241,8577.756452067853,7351.362092195773,4.597734093896655,6.97526647149298,-12.4467607983409,15.948909034867897,8.521516179259077,-5.324383388704035,16.68254596211529,False,
6,20242,9446.26963043983,7958.822612109005,12.02968301863252,5.327945914025861,-15.52867619537373,25.733682670345814,14.179359012410348,4.1896481822961675,18.689284719925013,False,
6,20243,9475.920215798224,7933.630930447165,11.588532236685545,6.831188871543908,-9.62563596282196,21.61677615877,18.7113801414595,12.408457148116717,19.439892010002158,False,
6,20244,10287.600969898887,8128.390474347525,25.330295349137423,13.386561174588035,2.9713511770053547,16.39288196179114,19.923062456443716,13.538552312197224,26.563813615569252,False,
6,20251,10073.949098525143,8100.0069084470015,17.44270375147572,16.5978035889828,9.62253711748982,10.183756518346332,18.481774327313325,9.960258148054248,24.36963588289831,False,
6,20252,9661.342981437108,8013.998522512147,2.276807241497969,14.159584644699164,8.831638730673303,0.6932672468311418,12.221670471434656,-1.957688540975692,20.555836818504524,False,
6,20253,9752.548521689734,8247.264452744745,2.9192764353409784,11.992270694363022,5.1610818228191135,3.9532154324690927,7.805780289859428,-10.905599851600073,18.251919500944602,False,
6,20254,10113.857882457029,8085.794719222709,-1.6888591222601224,5.237482076513636,-8.149079098074399,-0.5240367728302942,3.5765506062040697,-16.346511850239647,25.081803751620324,False,
6,20261,10539.357340966748,8124.581127329559,4.619918543262669,2.0317857744603733,-14.566017814522425,0.3033851595475978,1.1064577665043864,-17.375316560808937,29.721854896793843,False,
6,20262,10401.898854973932,8192.64608455164,7.665144224355713,3.3788700201748094,-10.780714624524354,2.2291938479605644,1.4904394167867419,-10.731231054647914,26.966290837195352,False,
7,20063,6816.0,4928.245767985025,,,,,,,38.30479080970848,False,
7,20064,7089.0,5683.907089484757,,,,,,,24.720546771685758,False,
7,20071,7192.0,6407.726723592168,,,,,,,12.239493196866057,False,
7,20072,7856.0,6954.3354265923845,,,,,,,12.965503072511853,False,
7,20073,8060.0,7143.629475707823,18.2511737089202,,,44.95278466253492,,,12.82780031366868,False,
7,20074,7985.0,7081.162850170264,12.639300324446335,,,24.58266362711019,,,12.763965028822955,False,
7,20081,8000.0,6368.990059545883,11.234705228031139,,,-0.6045305256802469,,,25.608611808233995,False,
7,20082,8027.0,6605.626271422933,2.1766802443991873,11.075464876449216,,-5.0142700025086135,15.979161940364062,,21.517622556489037,False,
7,20083,7814.0,6570.544454004804,-3.052109181141438,5.749644153933806,,-8.022322877352694,2.735385055392159,,18.924695734115303,False,
7,20084,7518.0,6522.368785092646,-5.848465873512831,1.1277026044440142,,-7.891275443046508,-5.383099712147016,,15.264871516970068,False,
7,20091,7373.0,6318.365219324046,-7.837499999999997,-3.6403487025637697,,-0.7948644879098299,-5.430683202704412,,16.691576761825445,False,
7,20092,7169.0,6152.663023336323,-10.688924878534944,-6.856749983297303,-17.93221485974652,-6.857233961997011,-5.891424192576511,-21.870586132940574,16.518651725420863,False,
7,20093,6866.0,6068.042271502473,-12.132070642436654,-9.126740348621107,-14.876384502554913,-7.647801274612043,-5.797793791891348,-8.533178847283507,13.150167595980644,False,
7,20094,6981.0,6261.124872727658,-7.14285714285714,-9.450338165957184,-10.578040770401199,-4.005353284562507,-4.826313252270348,0.5567864598766681,11.49753665524209,False,
7,20101,6985.0,6326.396681106065,-5.262444052624438,-8.806574179113294,-5.166225476549524,0.12711297152396828,-4.595818887411898,0.8348643152925135,10.410401877910513,False,
7,20102,6920.0,6334.300218836383,-3.473287766773614,-7.002664901172961,-0.14591491787565847,2.952172007651499,-2.143467394999771,3.74795679757674,9.246479657246365,False,
7,20103,6834.0,6392.329825196799,-0.4660646664724766,-4.086163407181917,5.04057694143919,5.344187452636695,1.1045297868124138,6.902323578703761,6.909377126666083,False,
7,20104,6789.0,6418.983704552793,-2.7503223033949253,-2.988029697316364,6.4623084686408205,2.521253529261802,2.736181490268491,7.5624947425388385,5.7644062125405515,False,
7,20111,6886.0,6305.501224393972,-1.4173228346456734,-2.026749392821672,6.779824786291622,-0.33029001760983556,2.6218307429850403,7.217649630396938,9.206227307676418,False,
7,20112,7082.0,6344.438312292416,2.341040462427735,-0.573167335521335,6.4294975656516264,0.16005072550691057,1.9238004224488932,4.0672678174486645,11.625326804400471,False,
7,20113,6958.0,6384.87805553134,1.8144571261340392,-0.003036887369706198,4.08312651981221,-0.1165736103929782,0.5586101566914747,-0.545919630120939,8.976239475273196,False,
7,20114,6711.0,6287.890787222814,-1.148917366327884,0.39731434689705414,3.3853440442134177,-2.0422690469988125,-0.5822704873736789,-3.31845197764217,6.728952952506062,False,
7,20121,6637.001746927349,6286.671064677288,-3.616007160509016,-0.15235673456878152,1.8743926582528907,-0.29863065673250144,-0.5743556471543454,-3.1961863901393857,5.572594440616618,False,
7,20122,6616.3845532502255,6132.070103548891,-6.574632120160606,-2.3812748802158668,-1.8081075446945318,-3.3473130053461086,-1.4511965798676,-3.3749970023164932,7.898057940026493,False,
7,20123,6710.5235057245945,6057.802194996136,-3.556718802463432,-3.7240688623652347,-3.7210319749955287,-5.122664171351743,-2.7027192201072916,-3.2613293767987663,10.774886497080072,False,
7,20124,6416.814133833445,5989.817678674943,-4.383636807726932,-4.532748722714997,-4.930063069612051,-4.740430752289216,-3.3772596464298923,-2.7949891590562133,7.128705380778166,False,
7,20131,5926.333423744512,5681.462342201647,-10.707671178659039,-6.305664727252502,-6.15330799268372,-9.626855234658416,-5.70931579091137,-5.134960143757025,4.31000096091414,False,
7,20132,6298.649023612947,5609.342185018974,-4.802253059508077,-5.86256996208937,-3.481295081873503,-8.52449351854917,-7.003610919212136,-5.552414339344535,12.288550347934258,False,
7,20133,5895.29829018747,5740.659866414734,-12.148459279543156,-8.010505081359302,-4.2864362189940675,-5.235270455733387,-7.031762490307546,-4.329043270200255,2.6937395242215167,False,
7,20134,5782.454880447131,5766.975317849914,-9.885891038071016,-9.386068638945321,-4.853319916230324,-3.7203529853403694,-6.776743048570335,-3.3994834021404428,0.268417354749273,False,
7,20141,5999.94316399611,5751.249365041973,1.2420789548673206,-6.398631105563732,-0.09296637831123,1.228328529469458,-4.062947107538367,1.6463686833730033,4.324169987581872,False,
7,20142,6172.010462768289,5895.343332058628,-2.010567033817945,-5.700709599141199,0.16186036294817097,5.098657518228866,-0.657159348343858,6.346451570868278,4.69297740820549,False,
7,20143,5970.209272166272,5853.601535134191,1.2706902736963954,-2.3459222108313114,5.66458287052799,1.9673987197920129,1.143507945537492,8.175270435845038,1.9920682392230438,False,
7,20144,5722.171748047656,5894.576699086371,-1.04251799012417,-0.1350789488445997,9.250989690100722,2.212622288177757,2.6267517639170235,9.40349481248736,-2.9248063065399843,False,
7,20151,5860.678424115234,5877.530219478966,-2.321100985032043,-1.0258739338194407,5.372757171744292,2.195711686656643,2.86859755321382,6.931544660752187,-0.28671558859676427,False,
7,20152,5896.0,5963.106912297443,-4.471970104932255,-1.641224701598018,4.0594848975431805,1.149442473864415,1.8812937921227069,2.538453140466565,-1.1253682565887213,False,
7,20153,6311.502167995154,6022.328410573353,5.716598535666484,-0.5297476361054958,1.8161745747258156,2.882445523946875,2.1100554931614224,0.9665475476239305,4.801693592699152,False,
7,20154,6357.267455954707,5942.939736297776,11.098857844029908,2.5055963224330235,2.6406752712776234,0.8204666709808128,1.7620165888621864,-0.8647351750548371,6.97176377418629,False,
7,20161,6239.0,5885.755371991635,6.455252250798593,4.699684631390682,5.7255585652101235,0.1399423262071986,1.2480742487498253,-1.6205233044639946,6.001687220799901,False,
7,20162,6342.941735185853,5964.324657745792,7.58042291699208,7.712782886871766,9.354007588469784,0.020421325095432152,0.9658189615575796,-0.9154748305651272,6.348029310382275,False,
7,20163,6298.207394051258,6028.407686331203,-0.21064357723447058,6.230972358646527,6.760719994752023,0.10094560348414827,0.27044398144189796,-1.8396115117195244,4.475472160447924,False,
7,20164,6451.0,6149.5401386167705,1.4744156148015497,3.824861801339438,1.3192654789064147,3.476400762692222,0.9344275043697503,-0.8275890844924361,4.902152918560154,False,
7,20171,6372.824416165495,6173.976100040531,2.1449657984532022,2.7472901882530905,-1.952394443137592,4.896919933513422,2.1236719061963063,0.875597657446481,3.220749690360125,False,
7,20172,6583.491292029815,6276.559275051202,3.792397390465929,1.8002838066215525,-5.912499080250214,5.23503724600094,3.427325886422683,2.4615069248651036,4.89013173505175,False,
7,20173,6810.247590610234,6453.80432043193,8.129935464535576,3.8854285670640643,-2.345543791582463,7.056533934578946,5.166222969196383,4.895778987754485,5.522994693995442,False,
7,20174,6755.043946218443,6520.810614832837,4.713128913632669,4.695106891771844,0.8702450904324057,6.037369752001931,5.80646521652381,4.872037712154059,3.5920891622400086,False,
7,20181,6795.534793689597,6516.70500489349,6.6330146559795855,5.81711910615344,3.0698289179003493,5.551186128671759,5.970031765313394,3.8463598591170873,4.278692814646812,False,
7,20182,6778.3739993027,6692.602846862554,2.960172629206892,5.60906291583868,3.8087791092171277,6.628529319639975,6.318404783723153,2.89107889730047,1.2815813877310234,False,
7,20183,6944.889068110488,6918.140379969498,1.97704232788678,4.070839631676481,0.18541106461241696,7.194765079374021,6.352962569921922,1.1867396007255389,0.3866456398953222,False,
7,20184,7198.7561501110085,7081.667132965565,6.568605732623856,4.5347088364242785,-0.16039805534756546,8.601024493135135,6.9938762552052225,1.1874110386814127,1.653410347408002,False,
7,20191,7425.578710663175,7259.226218087693,9.271439792474379,5.1943151205479765,-0.6228039856054632,11.3941203819512,8.454609818525082,2.4845780532116883,2.291600889375567,False,
7,20192,7739.209501374133,7548.066266637226,14.175014570902622,7.998025605971909,2.388962690133229,12.782222990801074,9.993033236315359,3.6746284525922057,2.532347067245122,False,
7,20193,7787.636101953875,7840.002818316454,12.134780348229167,10.537460111057506,6.4666204793810245,13.325292458882142,11.525665081192388,5.172702511270466,-0.66794257063576,False,
7,20194,8238.182262575585,8111.838107001026,14.43896821603754,12.505050731910927,7.970341895486649,14.547012090415222,13.01216198051241,6.018285725307187,1.55752807080205,False,
7,20201,8306.973029040248,8470.411755042851,11.869705415840315,13.15461713775241,7.960302017204434,16.684774665614732,14.334825551428294,5.880215732903212,-1.9295251603949515,False,
7,20202,8612.585899055895,8683.663628292934,11.285085350470103,12.432134832644282,4.434109226672373,15.044878006372265,14.90048930532109,4.907456069005731,-0.818522368893404,False,
7,20203,8916.757390086255,8698.918651728805,14.498896370479986,13.023163838206987,2.485703727149481,10.955555161353804,14.308054980939005,2.782389899746617,2.504204799227061,False,
7,20204,8745.444372655094,8823.75118274248,6.157451897901067,10.952784758672868,-1.5522659732380593,8.776223913135395,12.865357936619048,-0.14680404389336132,-0.887454875660354,False,
7,20211,8866.056186908516,9141.433028791636,6.73028738523378,9.667930251021234,-3.486686886731176,7.921943975737578,10.67465026414976,-3.660175287278534,-3.012403427512955,False,
7,20212,9376.971033042732,9507.270180763166,8.875210569111736,9.065461555681642,-3.36667327696264,9.484551540973719,9.284568647800125,-5.615920657520965,-1.370521140590697,False,
7,20213,9727.26616203387,9746.236327134277,9.089725518928503,7.713168842793772,-5.309994995413215,12.03963064072715,9.55558751764346,-4.752467463295545,-0.19464093075183264,False,
7,20214,10307.78644513848,10050.26818418568,17.864639072754883,10.639965636507226,-0.3128191221656422,13.900176648702711,10.836575701535288,-2.02878223508376,2.562302380726633,False,
7,20221,10537.478997856331,10463.815959427517,18.851931182387638,13.67037658579569,4.002446334774456,14.465816535229603,12.472543841408296,1.7978935772585363,0.7039787274015108,False,
7,20222,11141.648764255726,10787.50595262575,18.81927250275801,16.156392069207257,7.090930513525615,13.465860836194498,13.467871165213491,4.183302517413367,3.282897948656749,False,
7,20223,11601.160608090406,11109.99930693345,19.264348428857268,18.70004779668945,10.986878953895678,13.99271404903606,13.956142017290716,4.4005544996472565,4.420894075577797,False,
7,20224,12123.22030478404,11149.479875337018,17.612257193219037,18.63695232680549,7.996986690298263,10.937137905244887,13.21538233142626,2.3788066298909722,8.733505422086685,False,
7,20231,11491.526021423471,11082.864888441816,9.053845077757439,16.187430800647938,2.517054214852248,5.916091523537914,11.07795107850334,-1.3945927629049564,3.6873239644727773,False,
7,20232,11589.532531353128,11315.10064937912,4.019905640306032,12.487589085034944,-3.668802984172313,4.89079402662993,8.934184376112198,-4.533686789101294,2.4253596187769455,False,
7,20233,12226.90583410295,12102.857870984515,5.393815732334262,9.019955910904192,-9.680091885785258,8.936621296019776,7.670161187858127,-6.28598082943259,1.0249476978146488,False,
7,20234,13466.1965032913,12611.620299823811,11.077718335096964,7.386321196373674,-11.250631130431813,13.11397877600633,8.214371405548487,-5.0010109258777735,6.7761015884646225,False,
7,20241,14688.319424481464,13688.931405877976,27.81870220802929,12.077535478941638,-4.109895321706301,23.514375963871892,12.613942515631983,1.5359914371286436,7.300701486270533,False,
7,20242,15433.69500396197,14745.354120247446,33.16926254108385,19.364874704136092,6.877285619101148,30.315713285825275,18.970172330430817,10.03598795431862,4.668188217801661,False,
7,20243,16031.588045279988,15154.587292407688,31.117293801062274,25.795744221318095,16.7757883104139,25.214948848894725,23.039754218649556,15.369593030791428,5.787031582916602,False,
7,20244,15466.642112356696,15228.41330122621,14.855312772069418,26.74014283056121,19.353821634187536,20.74906268339649,24.948525195497098,16.73415378994861,1.564370538270743,False,
7,20251,15652.564932686444,15111.645589801226,6.564709551440195,21.426644666413935,9.349109187472298,10.393171985012216,21.668224200782177,9.054281685150194,3.579486692371092,False,
7,20252,15701.39416380996,14957.890728473363,1.7345111444749373,13.567956817261708,-5.796917886874384,1.4413801560321682,14.449640918333902,-4.520531412096915,4.9706435809247385,False,
7,20253,15633.71087676582,14862.59149291142,-2.481832538301232,5.168175232420832,-20.627568988897263,-1.9267815999354565,7.664208306126355,-15.3755459125232,5.18832388162036,False,
7,20254,15591.614327103993,15063.997841078924,0.8080112919109483,1.656349862381214,-25.08379296818,-1.0796624500206242,2.207027022772076,-22.741498172725024,3.502499745361609,False,
7,20261,15390.74302751164,15077.872494719924,-1.6727092735328908,-0.4030048438620575,-21.829649510275992,-0.22349051849187562,-0.44713860310394704,-22.115362803886125,2.0750310290876817,False,
7,20262,15922.87703568673,14791.950641039952,1.4105936680913533,-0.48398421295795346,-14.05194103021966,-1.1093815996230938,-1.0848290420177626,-15.534469960351664,7.6455527880754826,False,
8,20063,3022.0,2759.85,,,,,,,9.498704639744915,False,
8,20064,3304.0,2931.85,,,,,,,12.693350614799526,False,
8,20071,3309.0,3434.93,,,,,,,-3.6661591357029066,False,
8,20072,3503.0,3958.32,,,,,,,-11.502859799106691,False,
8,20073,4125.0,4315.56,36.49900727994706,,,56.36936790042939,,,-4.4156494174568355,False,
8,20074,4597.0,4662.88,39.13438256658595,,,59.04224295240208,,,-1.412860721270981,False,
8,20081,4861.0,4645.88,46.902387428226056,,,35.25399353116367,,,4.630339139194284,False,
8,20082,4531.0,4759.34,29.346274621752787,37.97051297412796,,20.236362901432937,42.72549182135702,,-4.797724054175578,False,
8,20083,5073.0,4807.97,22.98181818181819,34.59121569959575,,11.41010668372122,31.48567651717998,,5.5123056092279965,False,
8,20084,5217.0,4796.29,13.487056776158358,28.17938425198885,,2.861107298493626,17.440392603702865,,8.77157136036395,False,
8,20091,4746.0,4668.49,-2.365768360419662,15.862345304827416,,0.48666775723866795,8.748561160221612,,1.6602798763625914,False,
8,20092,4693.0,4626.88,3.5753696755683073,9.4196190682813,-28.550893905846664,-2.783159009442482,2.993680682502758,-39.73181113885426,1.4290407358738433,False,
8,20093,4437.0,4543.52,-12.536960378474271,0.5399244282081828,-34.05129127138757,-5.500242306004399,-1.2339065649286467,-32.71958308210863,-2.3444377927245963,False,
8,20094,4830.0,4690.94,-7.418056354226565,-4.686353854388048,-32.865738106376895,-2.1964893699088384,-2.4983057320292628,-19.938698335732127,2.9644378312235986,False,
8,20101,4495.0,4633.41,-5.288664138221655,-5.417077798838546,-21.279423103665962,-0.7514206949141955,-2.8078278450674787,-11.556389005289091,-2.9872167582838505,False,
8,20102,4535.0,4813.92,-3.3667163861069715,-7.152599314257366,-16.572218382538665,4.042464900753862,-1.1014218675183929,-4.095102550021151,-5.794030644464387,False,
8,20103,4821.0,4833.6,8.654496281271129,-1.8547351493210158,-2.3946595775291986,6.384477233510588,1.869758017360354,3.1036645822890008,-0.26067527308838434,False,
8,20104,4819.0,4840.4,-0.2277432712215366,-0.057156878569758596,4.62919697581829,3.186141796740105,3.2154158090225904,5.713721541051854,-0.44211222213039747,False,
8,20111,4896.0,4897.32,8.921023359288105,3.4952649958076814,8.912342794646229,5.695805033441892,4.8272222411116115,7.63505008617909,-0.026953517434014085,False,
8,20112,4827.0,4829.71,6.438809261300982,5.94664640765967,13.099245721917036,0.3280071127064854,3.898607794099768,5.000029661618161,-0.056111029440686355,False,
8,20113,5133.0,5028.57,6.471686372121965,5.400943930372379,7.255679079693395,4.033639523336641,3.310898366556281,1.4411403491959267,2.0767335445265767,False,
8,20114,4644.0,4868.97,-3.631458808881516,4.550015045957385,4.607171924527143,0.5902404759937419,2.66192303636969,-0.5534927726529002,-4.620484414568182,False,
8,20121,4935.0,4834.44,0.7965686274509887,2.518901362998105,-0.9763636328095764,-1.2839675577662857,0.9169798885676458,-3.910242352543966,2.0800754585846626,False,
8,20122,4906.0,4743.67,1.6366273047441426,1.3183558738588952,-4.628290533800775,-1.7814734217996508,0.3896097549411117,-3.508998039158656,3.4220339947761858,False,
8,20123,4864.0,4786.8,-5.2406000389635725,-1.6097157289124893,-7.010659659284868,-4.807927502252118,-1.820782001456078,-5.131680368012359,1.6127684465613745,False,
8,20124,4699.0,4599.32,1.1843238587424532,-0.405770062006497,-4.955785107963882,-5.538132294920706,-3.3528751941846897,-6.01479823055438,2.1672769018028726,False,
8,20131,4679.0,4540.95,-5.187436676798374,-1.9017713880688376,-4.420672751066943,-6.070816888822694,-4.549587526948792,-5.466567415516438,3.0401127517369675,False,
8,20132,4943.0,4532.17,0.754178556869145,-2.1223835750375866,-3.4407394488964815,-4.458573214409944,-5.218862475101366,-5.608472230042477,9.064752646083441,False,
8,20133,4770.0,4496.98,-1.9325657894736836,-1.2953750126651147,0.3143407162473746,-6.05456672516087,-5.530522280828554,-3.7097402793724754,6.071185551192149,False,
8,20134,4796.0,4519.12,2.0642689934028624,-1.0753887290000126,-0.6696186669935156,-1.7437360305436411,-4.581923214734288,-1.2290480205495982,6.126856556143667,False,
8,20141,4643.0,4493.56,-0.7693951699081047,0.029121647722554767,1.9308930357913923,-1.0436142216936894,-3.325122547952036,1.2244649789967559,3.325648261066938,False,
8,20142,4917.0,4530.39,-0.5259963584867466,-0.29092208111641815,1.8314614939211684,-0.03927478448513266,-2.220297940470833,2.9985645346305327,8.533702396482411,False,
8,20143,4843.0,4548.21,1.5303983228511564,0.5748189469647919,1.8701939596299066,1.1392089802489735,-0.4218540141183722,5.108668266710182,6.4814509444374835,False,
8,20144,4967.0,4523.22,3.565471226021688,0.9501195051194983,2.0255082341195108,0.09072562799838924,0.03676140051713539,4.618684615251423,9.811152232259325,False,
8,20151,4920.0,4537.71,5.965970277837607,2.633960867055926,2.604839219333371,0.9825172023963047,0.5432942565396339,3.86841680449167,8.424734061894657,False,
8,20152,4980.0,4605.81,1.281269066503965,3.0857772233036043,3.3766993044200224,1.6647573387721604,0.9693022873539572,3.1896002278247906,8.124303868374927,False,
8,20153,5017.0,4649.06,3.592814371257491,3.6013812354051877,3.0265622884403958,2.217355838890467,1.2388390020143305,1.6606930161327027,7.914288049627216,False,
8,20154,4913.0,4605.88,-1.0871753573585718,2.4382195895601226,1.4881000844406245,1.8274591994198897,1.6730223948697056,1.63626099435257,6.667998297827982,False,
8,20161,4995.0,4448.07,1.5243902439024293,1.3278245810763285,-1.3061362859795973,-1.9754457644935552,0.9335316531472406,0.3902373966076067,12.295894623960502,False,
8,20162,5035.0,4625.89,1.1044176706827225,1.2836117321210176,-1.8021654911825866,0.4359710886901569,0.6263350906267398,-0.3429671967272174,8.84391976462906,False,
8,20163,4976.0,4702.7,-0.8172214470799299,0.18110277753666248,-3.420278457868525,1.1537816246725008,0.36044153707224824,-0.8783974649420823,5.811555064112106,False,
8,20164,5212.0,4748.24,6.085894565438643,1.9743702582359663,-0.4638493313241563,3.0908317194542567,0.67628466708084,-0.9967377277888656,9.766987346890632,False,
8,20171,5095.0,4724.02,2.0020020020020013,2.0937731977608594,0.7659486166845308,6.203814238534933,2.721099667837962,1.7875680146907214,7.853057353694504,False,
8,20172,4953.0,4720.88,-1.6285998013902736,1.4105188297426103,0.1269070976215927,2.053442688866358,3.125467567882012,2.499132477255272,4.9168799037467625,False,
8,20173,5243.0,4844.95,5.36575562700965,2.9562630982650053,2.775160320728343,3.024858060263247,3.5932366767796986,3.2327951397074504,8.21577106058886,False,
8,20174,5093.0,4901.57,-2.283192632386799,0.8639912988086448,-1.1103789594273215,3.2291965022829494,3.627827872486872,2.9515432054060318,3.905483345132277,False,
8,20181,5473.0,4826.5,7.419038272816492,2.2182503665122675,0.12447716875140813,2.1693388258305246,2.6192090193107704,-0.10189064852719154,13.394799544183144,False,
8,20182,5479.0,4995.63,10.619826367857854,5.2803569088243,3.8698380790816893,5.819889512124865,3.5608207251253967,0.43535315724338464,9.675856698754703,False,
8,20183,5545.0,5164.0,5.760061033759301,5.378933260511712,2.4226701622467064,6.585207277680882,4.450908029479805,0.8576713527001067,7.378001549186686,False,
8,20184,5785.0,5179.64,13.587276654231296,9.346550582166236,8.482559283357592,5.673080257958185,5.061878968398615,1.4340510959117427,11.687298731185948,False,
8,20191,5874.0,5296.22,7.326877398136311,9.32351036349619,7.105259996983923,9.732104009116348,6.952570264220071,4.333361244909301,10.909290021940166,False,
8,20192,5852.0,5511.31,6.807811644460671,8.370506682646894,3.0901497738225947,10.322621971603185,8.07825337908965,4.517432653964254,6.181651912158803,False,
8,20193,6158.0,5670.67,11.055004508566268,9.694242551348637,4.315309290836925,9.811580170410528,8.884846602272061,4.433938572792256,8.593869860175252,False,
8,20194,5977.4468,5913.91,3.326651685393256,7.129086309139127,-2.217464273027109,14.176081735410161,11.010596971635056,5.948718003236442,1.0743619703377227,False,
8,20201,6158.19,6034.04,4.838100102145049,6.506891985141311,-2.816618378354879,13.931067818179743,12.060337923900905,5.1077676596808335,2.0574938184035885,False,
8,20202,5975.86,6461.0,2.116541353383461,5.334074412372009,-3.0364322702748856,17.231656357562898,13.787596520390833,5.709343141301183,-7.508744776350418,False,
8,20203,6188.41,6495.64,0.4938291653134197,2.6937805765587965,-7.0004619747898404,14.5480163719631,14.971705570778976,6.086858968506915,-4.729787980861011,False,
8,20204,6819.66,6511.68,14.089848528639347,5.38457978737032,-1.7445065217688072,10.107864340174277,13.954651221970003,2.944054250334947,4.729655019902701,False,
8,20211,6829.64,6677.03,10.90336608646374,6.900896283449992,0.39400429830868067,10.656044706365876,13.135895444016537,1.0755575201156322,2.285597039402254,False,
8,20212,7128.73,6911.21,19.29211862393028,11.194790601086696,5.8607161887146875,6.968116390651602,10.570010452288713,-3.2175860681021202,3.1473504639563776,False,
8,20213,7278.47,7125.91,17.614540730171413,15.474968492301194,12.781187915742397,9.702969992179366,9.35874885734278,-5.612956713436196,2.1409195457141594,False,
8,20214,8176.88,7450.0,19.901578671077445,16.92790102791072,11.5433212405404,14.40979900732222,10.434232524129765,-3.5204186978402383,9.756778523489928,False,
8,20221,8344.95,7754.78,22.187260236264294,19.748874565360858,12.847978281910866,16.14115856900449,11.805510989789418,-1.3303844542271186,7.61040287409831,False,
8,20222,8770.71,7861.81,23.033275211713722,20.68416371230672,9.489373111220024,13.754465571151808,13.50209828491447,2.932087832625758,11.560950976937857,False,
8,20223,8886.39,7863.35,22.09145603402911,21.803392538271144,6.32842404596995,10.348713357311556,13.663534126197519,4.304785268854738,13.010231008412433,False,
8,20224,9149.04,7797.6,11.889131306806512,19.80028069720341,2.8723796692926875,4.665771812080544,11.2275273273871,0.7932948032573357,17.331486611265,False,
8,20231,9158.02,7700.87,9.74325789848951,16.689280112759715,-3.059594452601143,-0.6951841315936735,7.018441652237558,-4.78706933755186,18.921888046415546,False,
8,20232,8971.02,8085.75,2.2838515924024527,11.501924207931896,-9.182239504374824,2.8484534731823885,4.291938627745203,-9.210159657169267,10.948520545403962,False,
8,20233,9246.7,8294.06,4.054627357115792,6.992717038703566,-14.810675499567576,5.477436461559004,3.0741194038070656,-10.589414722390453,11.485810326908673,False,
8,20234,10085.05,8528.33,10.23069087029893,6.578106929576672,-13.222173767626737,9.371216784651693,4.250480646949853,-6.9770466804372475,18.253515049253476,False,
8,20241,9852.96,9020.32,7.588321493073824,6.03937282822275,-10.649907284536965,17.13377839127268,8.707721277666442,1.6892796254288838,9.230714653138694,False,
8,20242,10722.07,9624.24,19.518962169296227,10.348150472446193,-1.1537737354857036,19.02717744179574,12.752402269819779,8.460463642074576,11.406926676807716,False,
8,20243,10932.31,9806.24,18.229314241837624,13.891822193626652,6.8991051549230855,18.232084166258744,15.941064195994713,12.866944792187647,11.483198453229782,False,
8,20244,10996.58,9769.51,9.038428168427526,13.593756518158802,7.01564958858213,14.553611316635262,17.236662828990607,12.986182182040753,12.560200050974913,False,
8,20251,10999.87,9974.61,11.640258358909428,14.606740734617702,8.567367906394953,10.579336431523512,15.598052339053314,6.890331061386872,10.278697613240029,False,
8,20252,10978.22,10013.78,2.3889976469095853,10.32424960402104,-0.023900868425153377,4.047488425060064,11.853130084869395,-0.8992721849503837,9.631128305195436,False,
8,20253,10826.93,10118.49,-0.9639316850692969,5.525938122294311,-8.365884071332342,3.184197001093181,8.091158293578005,-7.849905902416708,7.001439938172593,False,
8,20254,11204.23,9979.78,1.8883143668304125,3.738409671895032,-9.855346846263771,2.1523085599994385,4.990832604419049,-12.245830224571558,12.269308541871649,False,
8,20261,11006.45,10019.25,0.059818888768692347,0.8432998043598483,-13.763440930257854,0.44753629465210665,2.4578825702011975,-13.140169768852116,9.853032911645098,False,
8,20262,10889.14,10219.03,-0.8114248029279736,0.04319419190045859,-10.281055412120581,2.049675547096097,1.9584293507102057,-9.894700734159189,6.557471697411588,False,
9,20063,2640.0,3103.13,,,,,,,-14.924608379281567,False,
9,20064,2869.0,3455.7,,,,,,,-16.977746910900827,False,
9,20071,2960.0,4031.12,,,,,,,-26.571275476790568,False,
9,20072,3318.0,4726.37,,,,,,,-29.79813260493782,False,
9,20073,3588.0,4931.86,35.909090909090914,,,58.931788226725914,,,-27.248543145993597,False,
9,20074,3806.0,5084.68,32.65946322760544,,,47.13892988395985,,,-25.1476985769016,False,
9,20081,4389.0,4821.56,48.27702702702703,,,19.608446287880298,,,-8.97137026190694,False,
9,20082,4324.0,4729.68,30.319469559975886,36.79126268092482,,0.0700326043030941,31.437299250717288,,-8.577324470154435,False,
9,20083,4524.0,4695.73,26.086956521739136,34.33572908408688,,-4.787848803494022,15.507389993162304,,-3.65715234904902,False,
9,20084,4353.0,4608.77,14.372044140830265,29.76387431239308,,-9.359684385251377,1.3827364258594983,,-5.549636887933229,False,
9,20091,4419.0,4517.94,0.6835269993164639,17.865499305465438,,-6.297132048548615,-5.09365815824773,,-2.1899361213296276,False,
9,20092,4485.0,4420.32,3.7234042553191404,11.21648297930125,-25.574779701623566,-6.54082305779673,-6.746372073772686,-38.18367132448997,1.4632424801824362,False,
9,20093,4297.0,4435.54,-5.017683465959333,3.4403229823766344,-30.895406101710243,-5.5409914965298235,-6.934657747031636,-22.442047740193942,-3.123407747421958,False,
9,20094,4494.0,4417.18,3.239145416953826,0.6570983014075242,-29.106776010985556,-4.157074447195241,-5.6340052625176025,-7.016741688377101,1.7391186231939804,False,
9,20101,4877.0,4407.48,10.364335822584291,3.0773005072244812,-14.788198798240956,-2.44491958724552,-4.670952147191828,0.4227060110559018,10.652799332044616,False,
9,20102,4602.306,4479.92,2.615518394648819,2.8003290420569007,-8.41615393724435,1.348318673761173,-2.698666714302353,4.047705359470333,2.731879140698923,False,
9,20103,5025.0,4425.47,16.942052594833612,8.290263057255137,4.849940074878503,-0.22702985431310996,-1.3701763037481745,5.564481443283462,13.547261646785525,False,
9,20104,5010.0,4390.48,11.48197596795728,10.350970695006001,9.693872393598477,-0.6044580478948292,-0.4820222039230715,5.151983058594531,14.110530055939229,False,
9,20111,4955.0,4430.36,1.5993438589296805,8.15972270409235,5.082422196867868,0.5191175002495774,0.2589870679507028,4.929939215142531,11.841927066874923,False,
9,20112,4963.0,4486.39,7.837245068015908,9.465154372434121,6.66482533037722,0.1444222218254021,-0.04198704503323991,2.656679669269113,10.62346340821907,False,
9,20113,4896.343,4451.22,-2.5603383084577103,4.58955664661129,-3.700706410643847,0.5818591019710828,0.16023519403780828,1.5304114977859826,10.000022465750957,False,
9,20114,4703.0,4391.54,-6.127744510978039,0.18712652687745956,-10.163844168128541,0.024143146079702582,0.3173854925314412,0.7994076964545127,7.09227287010934,False,
9,20121,4663.0,4224.32,-5.8930373360242205,-1.6859687718610157,-9.845691475953364,-4.650637871414509,-0.9750533503845804,-1.234040418335283,10.38462995227636,False,
9,20122,4451.95,4259.31,-10.297199274632284,-6.219579857523064,-15.684734229957185,-5.061530540144743,-2.2765415408771164,-2.2345544958438763,4.522798293620323,False,
9,20123,4480.0,4197.92,-8.503142038864508,-7.705280790124764,-12.294837436736053,-5.690574718841135,-3.844649996080171,-4.00488519011798,6.719518237603372,False,
9,20124,4556.0,3970.61,-3.1256644694875657,-6.954760779752145,-7.141887306629604,-9.585020289010227,-6.246940854852653,-6.564326347384094,14.743074741664387,False,
9,20131,4394.538,3970.61,-5.757280720566172,-6.9208216258876325,-5.234852854026617,-6.005937050223453,-6.585765649554889,-5.610712299170309,10.676646661344202,False,
9,20132,4478.264,4065.95,0.5910668358809046,-4.198755098259335,2.0208247592637285,-4.539702440066595,-6.455308624535353,-4.1787670836582365,10.140655935267295,False,
9,20133,4559.693,4031.6,1.7788616071428676,-1.6282541867574913,6.077026603367273,-3.961962114571027,-6.023155473467825,-2.1785054773876538,13.098844131362242,False,
9,20134,4510.615,4038.12,-0.9961589113257285,-1.0958777972170322,5.858882982535112,1.7002425320038927,-3.2018397682142954,3.0451010866383577,11.700865749408141,False,
9,20141,4492.57,4026.99,2.230769195760751,0.9011346818646987,7.821956307752331,1.4199329574045239,-1.3453722663073013,5.2403933832475875,11.561488853957913,False,
9,20142,4461.085,4163.13,-0.3836084697105835,0.6574658554668267,4.856220953726162,2.3900933361207244,0.3870766777395285,6.842385302274881,7.156994857234822,False,
9,20143,4690.021,4035.1,2.8582626067149564,0.9273161053598489,2.5555702921173404,0.08681416807223563,1.3992707484003442,7.422426221868169,16.230601472082462,False,
9,20144,4735.94,4018.18,4.995438537760366,2.4252154676313724,3.5210932648484046,-0.4937941418283742,0.8507615799422774,4.052601348156573,17.862813512585298,False,
9,20151,4723.725,4061.89,5.145273195520628,3.1538414675713415,2.2527067857066427,0.8666522638496765,0.7124414065535656,2.057813672860867,16.29376964910425,False,
9,20152,4807.061,4020.02,7.755422727878969,5.18859926696873,4.531133411501903,-3.4375577990598427,-0.7444713772415762,-1.1315480549811046,19.578036925189423,False,
9,20153,4616.611,4022.5,-1.5652381940294058,4.082724066782639,3.1554079614227897,-0.3122599192089348,-0.8442398990618688,-2.243510647462213,14.769695463020515,False,
9,20154,4763.696,4065.03,0.5860716140829503,2.9803823358632853,0.5551668682319129,1.1659507538238856,-0.42930367514880385,-1.2800652550910812,17.18722863053901,False,
9,20161,4737.089,4118.3,0.28291232025572377,1.7647921170470593,-1.3890493505242822,1.3887623741657196,-0.2987761475697931,-1.0112175541233586,15.025350265886406,False,
9,20162,4728.746,4127.17,-1.629165929036469,-0.5813550471818002,-5.76995431415053,2.6654096248277304,1.2269657084021002,1.9714370856436765,14.57599275048036,False,
9,20163,4934.868,4231.04,6.893736552635699,1.533388639484476,-2.5493354272981628,5.184338098197627,2.601115212753741,3.44535511181561,16.634869913780072,False,
9,20164,4990.943,4126.97,4.77039256913121,2.5794688782465407,-0.4009134576167446,1.5237279921673341,2.690559522339603,3.119863197488407,20.934802046053157,False,
9,20171,4898.89,4126.97,3.4156208591394455,3.3626460129674713,1.597853895920412,0.21052375980379345,2.3959998687491213,2.6947760163189143,18.70427941080259,False,
9,20172,4997.0,4257.12,5.6728358850316685,5.188146466484506,5.769501513666306,3.148646651337361,2.516809125376529,1.2898434169744288,17.379824858120042,False,
9,20173,4929.41,4213.1,-0.11060072934069298,3.4370621459904074,1.9036735065059314,-0.42400922704581845,1.1147222940656676,-1.4863929186880733,17.00197004580948,False,
9,20174,5593.45,4338.79,12.072007233903491,5.2624658121834775,2.682996933936937,5.13257910767464,2.016935072942494,-0.6736244493971091,28.917278780489486,False,
9,20181,5363.686,4248.38,9.487781926109772,6.780506078926059,3.417860065958588,2.9418677625473455,2.6997710736283818,0.30377120487926046,26.252500953304537,False,
9,20182,5239.704,4504.32,4.856994196517905,6.576545656797619,1.3883991903131134,5.806742586537372,3.364295057428385,0.847485932051856,16.326193520886623,False,
9,20183,5311.443,4559.03,7.750075566852832,8.541714730846,5.104652584855592,8.21081863710804,5.52300202346685,4.408279729401182,16.503795763572526,False,
9,20184,5611.67,4793.11,0.32573814014607017,5.605147457406645,0.34268164522316713,10.471122133129285,6.857637779830511,4.840702706888017,17.07784715977727,False,
9,20191,5576.708,4853.43,3.971559856412177,4.226091939982245,-2.554414138943814,14.241899265131664,9.682645655476591,6.982874581848209,14.902409223992086,False,
9,20192,5676.699,5064.86,8.3400703551193,5.096860979632594,-1.4796846771650252,12.44449772662688,11.342084440498967,7.977789383070582,12.080077238067787,False,
9,20193,5871.841,5162.47,10.550767465639744,5.797033954329322,-2.7446807765166774,13.236148917642577,12.598417010632602,7.075414987165752,13.74092246540901,False,
9,20194,6107.897,5373.85,8.842768730164096,7.926291601833829,2.3211441444271843,12.116141711748751,13.009671905287469,6.152034125456958,13.659610893493479,False,
9,20201,6219.963,5438.53,11.534672426815252,9.817069744434598,5.590977804452352,12.055391753873025,12.463045027472809,2.780399371996218,14.368459859557635,False,
9,20202,6289.123,5616.27,10.788382473687609,10.429147774076675,5.332286794444081,10.88697417105311,12.073664138579366,0.7315796980803988,11.980424730292505,False,
9,20203,6387.698,5679.7,8.785268538436242,9.987773042275798,4.190739087946476,10.019041272879047,11.269387227388483,-1.3290297832441187,12.46541190555841,False,
9,20204,6425.049,5784.85,5.192490967021879,9.075203601490244,1.1489119996564154,7.648147975845987,10.152388793412793,-2.8572831118746755,11.066821093027478,False,
9,20211,6448.184,5805.710576125001,3.6691697362186915,7.108827928841105,-2.7082418155934924,6.75146732894738,8.826407687181382,-3.6366373402914274,11.066232383630382,False,
9,20212,6777.795,5993.59,7.770113575454007,6.354260704282704,-4.074887069793971,6.718337971643096,7.7842486373288775,-4.289415501250488,13.084061472339625,False,
9,20213,6839.839,6211.86,7.078308962007895,5.9275208101756185,-4.060252232100179,9.369508952937643,7.621865557343527,-3.6475216700449558,10.109355329965597,False,
9,20214,7031.006,6371.77,9.431165427687805,6.987189425342099,-2.088014176148145,10.145811905235224,8.246281539690836,-1.9061072537219577,10.346198936873119,False,
9,20221,7445.839,6846.65,15.471875492386689,9.937865864384099,2.8290379355429938,17.92957830443158,11.040809283561885,2.214401596380503,8.751564633799024,False,
9,20222,7601.753,7026.06,12.156726487006452,11.03451909227221,4.6802583879895066,17.226236696203777,13.667783964702057,5.883535327373179,8.193681807442577,False,
9,20223,7473.723,7194.05,9.267528080704835,11.581823871946446,5.654303061770827,15.81152827011556,15.278288793996534,7.656423236653007,3.8875598584941606,False,
9,20224,7562.753,7059.539,7.5628864489661884,11.11475412726604,4.127564701923942,10.794002294495876,15.440336391311696,7.1940548516208604,7.128142503356094,False,
9,20231,8235.754,6859.294,10.608811176282495,9.898988048239993,-0.03887781614410635,0.1846742567533033,11.004110379392127,-0.036698904169757185,20.06707978984428,False,
9,20232,8050.151,7233.038,5.89861312252582,8.334459707119834,-2.700059385152377,2.945861549716322,7.434016592770265,-6.233767371931792,11.296954336476595,False,
9,20233,8567.89,7292.093,14.640186691425395,9.677624359799974,-1.9041995121464712,1.362834564674964,3.8218431664101153,-11.456445627586419,17.49562162742575,False,
9,20234,8620.113,7458.3,13.981152101622252,11.282190772963991,0.16743664569795058,5.648541639900295,2.53547800276122,-12.904858388550476,15.57745062547764,False,
9,20241,8838.177,7731.814,7.314727953263289,10.45866996720919,0.5596819189691971,12.72025954857745,5.669374325717257,-5.33473605367487,14.309229373598487,False,
9,20242,9164.558,8193.275,13.843305547933205,12.444843073561035,4.1103833664412015,13.275707939043047,8.251835923048938,0.8178193302786738,11.854636882077084,False,
9,20243,9150.848,8472.037,6.80398557871309,10.485792795382958,0.8081684355829832,16.18114305453866,11.95641304551486,8.134569879104745,8.012370578645967,False,
9,20244,9532.374,8436.368,10.58293551372238,9.63623864840799,-1.6459521245560023,13.11381950310393,13.82273251131577,11.28725450855455,12.991443711322216,False,
9,20251,9550.399,8486.078,8.058471786659172,9.822174606756962,-0.6364953604522281,9.755330379132232,13.081500218954465,7.412125893237208,12.541965793856713,False,
9,20252,9995.871,8492.393,9.070955740582342,8.629087154919246,-3.8157559186417895,3.650774568167181,10.675266876235499,2.4234309531865605,17.703820348398835,False,
9,20253,10245.64,8757.804,11.963831111608458,9.919048538143088,-0.5667442572398702,3.373061283844714,7.4732464335620135,-4.483166611952847,16.988688031839928,False,
9,20254,10381.82,8720.74,8.911169452646316,9.501107022874072,-0.13513162553391744,3.370787049592905,5.0374883201842575,-8.785244191131513,19.047466155395078,False,
9,20261,10304.22,8779.436,7.893083838696158,9.459760035883319,-0.3624145708736428,3.4569326371970632,3.462888884700465,-9.618611334254,17.3676760101674,False,
9,20262,10680.51,8940.509,6.849218042129612,8.904325611270137,0.27523845635089117,5.276675255137153,3.869364056442958,-6.805902819792541,19.461990363188498,False,
10,20063,3299.1517226232645,2809.9949873178093,,,,,,,17.407744053392914,False,
10,20064,3342.843092343046,2898.082093331009,,,,,,,15.346735692391512,False,
10,20071,,3405.9781613225327,,,,,,,,False,
10,20072,3307.345457522684,3862.3648030006334,,,,,,,-14.369935875729823,False,
10,20073,4253.276317153818,3859.092787554719,28.9203005726544,,,37.334507889577864,,,10.214409222559006,False,
10,20074,4441.739988212916,4010.8484488600425,32.87312223499062,,,38.39664715122122,,,10.743151850460485,False,
10,20081,4252.540183666087,3724.5697344674736,,,,9.35389359693466,,,14.175340692717642,False,
10,20082,3916.841072255603,3715.3889964149503,18.428544056279293,,,-3.805332071986034,20.319929141436926,,5.422099167409877,False,
10,20083,3916.197632054861,3823.238477762764,-7.925153692448584,,,-0.9290864917159469,10.754030546113473,,2.4314244280805086,False,
10,20084,3765.311351643312,3754.432467651597,-15.228911155642798,,,-6.393060831837804,-0.44339644965128144,,0.2897610780177251,False,
10,20091,3776.489059160362,3815.823132936066,-11.194512078550755,-3.980008217590711,,2.450038661489562,-2.1693601835125556,,-1.030814909532729,False,
10,20092,3471.4591930667075,3805.828761453672,-11.370945896776263,-11.4298807058546,,2.434193704239007,-0.6094787394562955,-20.929407880893223,-8.785722883108615,False,
10,20093,3669.263679822869,3642.0759858145,-6.305451752761105,-11.024955220932732,,-4.7384564944605305,-1.5618212401424414,-12.315851786255914,0.7464889286841414,False,
10,20094,3492.074297864311,3646.150870017173,-7.256692163312084,-9.031900472850053,,-2.884100288589142,-0.6845811043302759,-0.24118465467899441,-4.225732221336642,False,
10,20101,3626.9017510782137,3725.304318188182,-3.9610152641460727,-7.223526269248881,-3.2435180516581696,-2.3721962888315185,-1.890139841910546,0.2792203416020096,-2.641463856510573,False,
10,20102,4125.444680302217,3908.7290264801377,18.83892193062986,0.3289406876026497,11.75882139345725,2.7037544639071376,-1.8227496519935136,-1.213270912537218,5.544402089628475,False,
10,20103,4053.832675977609,3817.71279505988,10.480822031664538,4.525509133709059,15.550464354641791,4.822436707236943,0.5674736484308551,2.1292948885732965,6.184851862698215,False,
10,20104,3816.673846533145,3743.456977182002,9.295321948543677,8.663512661673,17.69541313452305,2.6687350752540473,1.9556824893916525,2.6402635937219285,1.9558624500677135,False,
10,20111,4759.135389812163,3976.130465463552,31.217653976906234,17.458179971936076,24.681706241184955,6.733037783000784,4.231991007349729,6.122130849260275,19.692636626231174,False,
10,20112,4776.0,3957.274638700968,15.769338098362894,16.690784013869333,16.361843326266683,1.241979474451993,3.866547259985942,5.689296911979455,20.689121581103876,False,
10,20113,4726.363727153346,4005.7313925400863,16.59000518598246,18.218079802448816,13.692570668739757,4.924901572572504,3.8921634763198325,3.324689827888977,17.990031382416216,False,
10,20114,4675.772405765925,3890.3433851615623,22.50909021249321,21.5215218684362,12.8580092067632,3.9238171795454635,4.205934002392686,2.2502515130010337,20.18919521603475,False,
10,20121,4644.739107845103,3845.095574387232,-2.403719848188135,13.116178412162608,-4.342001559773468,-3.2955380165334613,1.6987900525091248,-2.533200954840604,20.796454027941948,False,
10,20122,4557.261871481248,3824.374752255108,-4.579944064462982,8.028857871456138,-8.661926142413195,-3.3583690438398817,0.5487029229361562,-3.3178443370497854,19.163580106629997,False,
10,20123,4428.3064709644,3854.210382610161,-6.306269965567446,2.304789083568661,-15.913290718880155,-3.782605349227963,-1.6281738075139607,-5.520337283833793,14.895297126085993,False,
10,20124,4203.178876844462,3769.8157434496848,-10.10728256017519,-5.849304109598439,-27.370825978034638,-3.0981234759787757,-3.3836589713950205,-7.589592973787706,11.495605167116608,False,
10,20131,4428.0,3734.844260592323,-4.666335456366621,-6.41495801164306,-19.53113642380567,-2.867323104510322,-3.276605243389236,-4.975395295898361,18.559160464103176,False,
10,20132,4526.406356482954,3731.700628282476,-0.677062584254462,-5.43923764159093,-13.468095513047068,-2.4232490269941565,-3.0428252391778043,-3.5915281621139608,21.296074025269363,False,
10,20133,4616.531080451221,3808.417932955273,4.250487420438831,-2.8000482950893613,-5.104837378658022,-1.1881149472664831,-2.3942026386874344,-0.7660288311734738,21.21912987813459,False,
10,20134,4638.2330789701455,3698.566323871981,10.350599269577131,2.314422162348719,8.163726271947159,-1.8899974011065357,-2.0921711199693744,1.291487851425646,25.406243198430456,False,
10,20141,4370.245570183696,3738.1105082927775,-1.3043005830240206,3.154930880684369,9.56988889232743,0.08745338419913207,-1.353476997792011,1.923128245597225,16.910550410122017,False,
10,20142,4390.327026171129,3757.960538742274,-3.0063436553133482,2.572610612919647,8.011848254510577,0.7036982082853749,-0.571740188972128,2.4710850502056765,16.82738498474221,False,
10,20143,4608.712054537993,3862.764923550439,-0.16937015644360454,1.4676462186990387,4.2676945137884,1.4270227572684924,0.08204423716161591,2.4762468758490503,19.311222550450236,False,
10,20144,4650.8307487768,3861.506422930222,0.2716049321404901,-1.0521023656601218,-3.3665245280088407,4.405493501808055,1.6559169628902637,3.7480880828596383,20.44083938743304,False,
10,20151,4726.986278,3774.817313746107,8.162944211881197,1.3147088330661825,-1.8402220476181868,0.9819614848704417,1.879543988058091,3.233020985850102,25.22423961516076,False,
10,20152,4427.062365,3832.4694290726015,0.836733541940915,2.2754781323797486,-0.2971324805398985,1.982694857015832,2.199293150240705,2.771033339212833,15.514616539844916,False,
10,20153,4428.623188,3884.502758135408,-3.9075747064880706,1.3409269948686315,-0.12671922383040712,0.5627532354464115,1.9832257697851852,1.9011815326235693,14.007466688626424,False,
10,20154,4366.039013,3823.2260409405926,-6.123459466928615,-0.2578391048986446,0.7942632607614772,-0.9913328581383274,0.6340191797985895,-1.0218977830916742,14.19777345746116,False,
10,20161,4368.945773,3760.328707878961,-7.574392730234192,-4.192173340427492,-5.506882173493675,-0.38382270353549686,0.29257313269710483,-1.5869708553609863,16.18520912402719,False,
10,20162,4350.12375,3884.863269831384,-1.7379157702468895,-4.835835668474443,-7.111313800854192,1.367103945078596,0.13867540471279582,-2.0606177455279093,11.976238231643332,False,
10,20163,4431.86064,3830.094670718639,0.07310290044031387,-3.8406662667423466,-5.181593261610978,-1.4006448393638182,-0.3521741139897616,-2.335399883774947,15.711516842701222,False,
10,20164,4686.188644,3885.003548230754,7.332724926340473,-0.4766201684250746,-0.21878106352643,1.6158476278573142,0.2996210075091488,-0.3343981722894407,20.622506152770658,False,
10,20171,4528.959688,3963.619888878775,3.6625292075924243,2.3326103160315794,6.524783656459071,5.406207722581824,1.747128614038479,1.4545554813413741,14.263219354294531,False,
10,20172,4657.14762,4103.784375360283,7.057819217211914,4.53154406289628,9.367379731370724,5.635233219891433,2.8141609327416885,2.6754855280288927,13.484218322049045,False,
10,20173,4758.878130449219,4112.541253043501,7.37878550371609,6.357964713715224,10.19863098045757,7.374402112934364,5.007922670816233,5.360096784805995,15.716240583055407,False,
10,20174,4793.777033847423,4215.9439339883975,2.2958612642530962,5.09874879819338,5.575368966618455,8.51840626782323,6.733562330807713,6.433941323298564,13.7059009537724,False,
10,20181,4704.297236903116,4242.079311565076,3.871475150633219,5.150985283953579,2.818374967922,7.0253816080499965,7.138355802174756,5.391227188136277,10.896022714094645,False,
10,20182,4993.706426875571,4523.972206569341,7.22671545626401,5.193209343716603,0.6616652808203227,10.239032872485376,8.289305715323241,5.475144782581553,10.383225158282805,False,
10,20183,5012.7784369825295,4689.318035593763,5.335297512847714,4.6823373459995095,-1.6756273677157143,14.024826671912827,9.951911855067857,4.943989184251624,6.897813262687147,False,
10,20184,5312.083558580743,4684.183246436659,10.812069920518063,6.811389510065751,1.7126407118723703,11.106393248576584,10.598908600256195,3.865346269448482,13.404691471490548,False,
10,20191,5302.899746876371,4707.539863431569,12.72458945148034,9.024668085277531,3.8736828013239517,10.972462268621896,11.58567876539917,4.447322963224414,12.64694300455298,False,
10,20192,5222.317693886213,4901.220873951459,4.577987720308951,8.362486151288765,3.169276807572162,8.338881190169744,11.110640844820264,2.8213351294970224,6.551364000779669,False,
10,20193,5728.367036492785,5034.64887553364,14.275288814500398,10.597483976701938,5.915146630702428,7.364201730799258,9.44548460954187,-0.5064272455259875,13.778878688647666,False,
10,20194,5487.453865468976,5010.412405486989,3.3013469188554634,8.719803226286286,1.9084137162205357,6.9644832810180635,8.41000711765224,-2.1889014826039546,9.521001893168934,False,
10,20201,6201.625898162712,5175.0484186826525,16.947824665471533,9.775612029784085,0.7509439445065542,9.93105887180512,8.149656268448046,-3.4360224969511233,19.83706037945403,False,
10,20202,6081.523189657966,5419.313027966474,16.452570412895938,12.744257702930833,4.381771551642068,10.570675497783032,8.70760484535137,-2.4030359994688943,12.219448448062398,False,
10,20203,5955.418277328235,5446.320879266279,3.9636294146134565,10.166342852959097,-0.4311411237428402,8.17677684998448,8.910748625147674,-0.5347359843941959,9.347546891701697,False,
10,20204,6031.419606045068,5461.208623423973,9.912898657774916,11.819230787688959,3.0994275614026723,8.99718788503936,9.418924776152998,1.0089176585007582,10.441113349440112,False,
10,20211,6231.313264989034,5387.974160606422,0.4787029613495086,7.701950361658454,-2.073661668125631,4.114468594246912,7.964777206763445,-0.184879061684601,15.652248493480037,False,
10,20212,6152.464337933488,5485.709869709854,1.1665029641942715,3.880433499483038,-8.863824203447795,1.2251892703140976,5.628405649896212,-3.079199195455157,12.154388111285597,False,
10,20213,6118.876235407634,5723.3732473768905,2.744693159532896,3.5756994357128975,-6.5906434172462,5.086963736663552,4.85595237156598,-4.054796253581694,6.910312693864751,False,
10,20214,6844.16496333886,5968.921044045989,13.475191752190607,4.46627270931682,-7.352958078372138,9.296704367680775,4.930831492226334,-4.4880932839266645,14.66335226809421,False,
10,20221,7101.625412164415,5985.743855304248,13.966753237480066,7.83828527834946,0.1363349166910055,11.094516730765957,6.675843526356095,-1.2889336804073501,18.64232055087576,False,
10,20222,6937.4617476120375,6254.649211708774,12.759072894394329,10.736427760899474,6.855994261416436,14.017134705660084,9.873829885192592,4.24542423529638,10.916879792795275,False,
10,20223,8367.315355919134,6577.651873439335,36.74594866783918,19.236741637976046,15.661042202263149,14.92613864479262,12.333623612224859,7.477671240658879,27.208242651248995,False,
10,20224,8276.880172147736,6568.863742806741,20.933382180051076,21.101289244941164,16.635016535624345,10.051107969658869,12.522224512719381,7.591393020493047,26.001702824348637,False,
10,20231,8757.111045841855,6690.322118596861,23.31136236560365,23.43744152697206,15.599156248622599,11.770939090022248,12.691330102533454,6.015486576177359,30.892218500212575,False,
10,20232,8832.944977499485,6803.141016537149,27.32243144317006,27.07828116416599,16.341853403266516,8.76934559018261,11.379382823664086,1.505552938471494,29.836276449779085,False,
10,20233,9267.588724579717,7352.717440152912,10.759405261613786,20.581645312609645,1.3449036746335992,11.783316928694632,10.59367739463959,-1.7399462175852687,26.043041909509057,False,
10,20234,9487.95455048444,7341.535035857208,14.632015362648975,19.006303608259117,-2.094985636682047,11.762632371490177,11.021558495097418,-1.5006660176219633,29.23665833022362,False,
10,20241,10233.897368184837,7916.109413402633,16.863852868968742,17.39442623410039,-6.043015292871669,18.32179786080095,12.659273187792092,-0.03205691474136252,29.279382506487273,False,
10,20242,10428.23528299025,8542.307304375263,18.06068428541685,15.078989444662088,-11.999291719503901,25.564166369777276,16.85797838269076,5.478595559026674,22.07750097738861,False,
10,20243,10584.45109771038,8601.420812227321,14.20933116764289,15.941470921169365,-4.640174391440279,16.982882617728336,18.157869804949186,7.564192410309596,23.054682810822236,False,
10,20244,10351.560315059569,8679.744878143372,9.102127966359564,14.558999072097013,-4.447304536162104,18.22792965980735,19.77419412702848,8.752635631931062,19.261112629312716,False,
10,20251,11209.775691387218,8824.234296281942,9.535744673736858,12.72697202328904,-4.66745421081135,11.471858654982437,18.06170932557385,5.402436137781759,27.03397615032066,False,
10,20252,11037.266698110196,8746.57139317237,5.840215516745695,9.671854831121252,-5.407134613540837,2.3912051102690457,12.268469010696792,-4.589509371993968,26.189637081404914,False,
10,20253,11646.849365707403,8980.851318968138,10.037348731544892,8.628859222096752,-7.3126116990726135,4.411253850078323,9.12556181878429,-9.032307986164897,29.685360018247998,False,
10,20254,10772.651802690196,8971.802656680591,4.067903531586614,7.370303113403514,-7.188695958693499,3.3648198494019788,5.409784366182946,-14.364409760845533,20.07232230714142,False,
10,20261,10732.63478284603,9038.23849908429,-4.256471509129211,3.922249067686997,-8.804722955602042,2.425187224375014,3.14811650853109,-14.913592817042762,18.746974689076957,False,
10,20262,11624.601331814729,9215.276557318051,5.3213775635692295,3.792539579392881,-5.879315251728371,5.358730216408647,3.889997785065991,-8.3784712256308,26.1448992823051,False,
11,20063,3620.8452411575568,3373.783882739749,,,,,,,7.322975240997853,False,
11,20064,4725.658133704735,3646.063754260175,,,,,,,29.609860172717163,False,
11,20071,6444.721993769471,4268.728076408788,,,,,,,50.975229117693324,False,
11,20072,7242.73,5206.27310170414,,,,,,,39.11544512771099,False,
11,20073,5425.817049180328,5773.971043375668,49.84946021735341,,,71.14229138728349,,,-6.02971493240807,False,
11,20074,6865.071818181818,5845.889350479244,45.272290630127856,,,60.33426030054259,,,17.434173084699633,False,
11,20081,7597.508333333334,5656.920618419053,17.887293519849834,,,32.52005087140919,,,34.304665838790214,False,
11,20082,7070.440877192981,5522.901955199791,-2.378787043104169,27.657564331056733,,6.08167968353428,42.51957056069239,,28.02039461403418,False,
11,20083,6854.37064516129,5454.155086609941,26.32881984468629,21.777404237889954,,-5.53892553951486,23.3492663289928,,25.67245588576874,False,
11,20084,6767.977341772152,5441.390696881557,-1.4143257198346637,10.105750150399324,,-6.9193689676067205,6.5358590119554725,,24.379551456410887,False,
11,20091,6364.834916666665,5174.368046685246,-16.22470634561115,1.5777501840340769,,-8.530304812173007,-3.7267299089400767,,23.007000260525423,False,
11,20092,6283.931773049647,5136.849616728129,-11.123904687193765,-0.6085292269883222,-28.266093558045057,-6.990027011219979,-6.994656582628641,-49.51422714332103,22.330460144016072,False,
11,20093,6145.965106951872,5028.120679445986,-10.335092379480571,-9.774507283030037,-31.55191152091999,-7.811189824980913,-7.562722653995154,-30.911988982987957,22.231853584489826,False,
11,20094,6129.590895522384,5064.127853930389,-9.432455429624865,-11.779039710477587,-21.88478986087691,-6.933206306383699,-7.566181988689399,-14.10204100064487,21.039418283348898,False,
11,20101,6436.406104651162,5213.897484216292,1.1244783081032494,-7.441743547048988,-9.019493731083065,0.763947155950162,-5.242618996658607,-1.5158890877185307,23.44711655984215,False,
11,20102,6631.571162790699,5245.126318128058,5.532195483598312,-3.2777185043509682,-2.669189277362646,2.1078425392740074,-2.9681516090351105,4.02650497359353,26.433011534361906,False,
11,20103,6303.847288135593,5206.466381468427,2.568875326108433,-0.05172657795371749,9.72278070507632,3.5469654249048688,-0.1286127965636652,7.434109857431489,21.077268655245994,False,
11,20104,6591.292700729927,5188.997130967611,7.532342909619172,4.189473006857291,15.968512717334878,2.465760751682211,2.2211289679528123,9.787310956642212,27.024404415132608,False,
11,20111,6263.621980676328,5264.067478340872,-2.6844813886118035,3.2372330826785287,10.678976629727517,0.9622359142360759,2.2707011575242904,7.513320154182898,18.988253977521108,False,
11,20112,6535.631145038168,5287.848584654032,-1.446716251660607,1.4925051488637988,4.770223653214767,0.8145135871812537,1.9473689195011024,4.915520528536213,23.597168875170716,False,
11,20113,6155.141729729731,5313.959318721354,-2.3589651146172064,0.260545038682389,0.3122716166361065,2.064604462549302,1.5767786789122107,1.7053914754758759,15.829673517538012,False,
11,20114,6218.92322368421,5192.011747498287,-5.649414977497214,-3.0348944330967074,-7.2243674399539985,0.05809632294233591,0.9748625717272419,-1.2462663962255704,19.778681677304142,False,
11,20121,5931.560451977401,5151.038885545616,-5.301429903071398,-3.6891315617116063,-6.926364644390135,-2.1471721869127824,0.1975105464400273,-2.073190611084263,15.152701887419529,False,
11,20122,5880.134897119337,4953.708255949625,-10.029578373872605,-5.834847092264606,-7.327352241128405,-6.319022251774042,-1.5858734132987966,-3.533242332799899,18.701679495497793,False,
11,20123,5978.397531645569,4960.648599116939,-2.8714886812512552,-5.962977983923118,-6.223523022605507,-6.648728347612353,-3.7642066158392105,-5.340985294751421,20.51644885126116,False,
11,20124,5338.923826086956,4846.801257323012,-14.150349923051875,-8.088211720311783,-5.053317287215076,-6.648877293885391,-5.4409500200461425,-6.415812591773385,10.153553707621054,False,
11,20131,6147.073173076925,4725.314569441692,3.6333225100602107,-5.854523617028882,-2.1653920553172754,-8.264824350259781,-6.970363060882892,-7.167873607322919,30.088126044129538,False,
11,20132,5997.617408376966,4837.713239158436,1.9979560556541376,-2.8476400096471957,2.98720708261741,-2.3415794955601865,-5.976002371829428,-4.390128958530632,23.976290281734535,False,
11,20133,5913.432942779289,4943.523576846867,-1.0866555548104895,-2.401431728037004,3.5615462558861135,-0.3452174030855626,-4.400124635697731,-0.6359180198585204,19.619798527411092,False,
11,20134,5867.854567901235,4922.037356951497,9.907066649458951,3.6129224150907024,11.701134135402485,1.552283570835744,-2.3498344195174465,3.091115600528696,19.215969777513784,False,
11,20141,6145.525564387916,4961.629893452498,-0.025176350523803404,2.698297699944699,8.552821316973581,5.0010495711553915,0.9666340608363466,7.936997121719239,23.86102342090688,False,
11,20142,6116.460735735736,4957.608058620553,1.9815089770944816,2.694185930304785,5.5418259399519805,2.478336634169187,2.17161309326869,8.147615465098118,23.375237885135135,False,
11,20143,6022.054271457085,4975.699127975938,1.8368573674354405,3.4250641608662673,5.826495888903271,0.6508627020565871,2.4206331195542274,6.820757755251958,21.02930897887296,False,
11,20144,6225.140501319263,5057.974924662315,6.0888682444939946,2.470514559625028,-1.1424078554656742,2.7618150341510717,2.7230159853830593,5.072850404900506,23.075748576093847,False,
11,20151,6306.811928251118,4966.551990258811,2.6244519231654273,3.132921628047336,0.43462392810263717,0.0992032237795204,1.4975543985390916,0.5309203377027449,26.985722501667887,False,
11,20152,6209.111959247645,4974.555070152549,1.5147848979163658,3.016240608252807,0.3220546779480222,0.3418384699155119,0.9634298574756728,-1.2081832357930171,24.81743335202915,False,
11,20153,6228.153566121845,5066.932202340708,3.4224084568884594,3.412628380616062,-0.012435780250205308,1.8335729717219085,1.2591074248920031,-1.1615256946622243,22.917641630268946,False,
11,20154,6234.407476383264,5028.797360011451,0.14886370937390314,1.927627246836039,-0.5428873127889893,-0.5768625800929961,0.4244380213309862,-2.298577964052073,23.974124031298572,False,
11,20161,6245.974311251323,5068.347528031154,-0.9646334422511504,1.0303559054818945,-2.1025657225654415,2.049621910170285,0.9120426929286773,-0.5855117056104142,23.234925717053766,False,
11,20162,6297.619257592796,5155.120960318608,1.4254421393276928,1.0080202158347262,-2.008220392418081,3.6297897524435685,1.7340305135606915,0.7706006560850187,22.162395529969814,False,
11,20163,6195.179197860964,5196.487466069108,-0.5294405141235581,0.020057973081721858,-3.39257040753434,2.5568777823502753,1.9148567162177832,0.6557492913257801,19.218592141574398,False,
11,20164,6303.872273462789,5267.699292171028,1.114216504818888,0.26139617194296805,-1.6662310748930709,4.750677250574942,3.2467416738847676,2.8223036525537815,19.670313809137596,False,
11,20171,6263.2257742782185,5164.287675120787,0.2762013125129137,0.5716048606339841,-0.4587510448479104,1.8929275579273819,3.2075680858240423,2.2955253928953647,21.279567837624946,False,
11,20172,6260.456673960613,5452.706758145047,-0.5901052780759586,0.06771800628307123,-0.940302209551655,5.772624931928805,3.743276880695351,2.0092463671346596,14.813742085230963,False,
11,20173,6378.695371057516,5454.401230240212,2.9622415645364164,0.9406385259480649,0.920580552866343,4.963232680828589,4.344865605314929,2.430008889097146,16.945840648701214,False,
11,20174,6382.4,5535.598258836877,1.2457061807515712,0.9735109449312357,0.7121147729882676,5.085692098332317,4.428619317254273,1.1818776433695053,15.297384339828346,False,
11,20181,6429.930362249757,5583.150035645936,2.661641045356533,1.5698708781421407,0.9982660175081566,8.110748023256708,5.983074433586604,2.775506347762562,15.166712719477427,False,
11,20182,6735.463439201444,5783.090530112953,7.587413985573077,3.6142506940543995,3.5465326877713284,6.059078300412746,6.05468777570759,2.311410895012239,16.46823448689623,False,
11,20183,6848.57365612647,5932.006965782832,7.366369731355471,4.715282735759163,3.774644209811098,8.75633667898661,7.002963775247095,2.658098169932166,15.451207249597054,False,
11,20184,7016.985992277993,6048.463009482237,9.942748688236303,6.889543362630346,5.91603241769911,9.264847748418825,8.047752687768723,3.61913337051445,16.012712341588163,False,
11,20191,7055.721624649866,6091.027290922983,9.732473403975582,8.65725145228511,7.087380574142969,9.096607686243008,8.294217603515298,2.3111431699286937,15.837957829617611,False,
11,20192,7086.543194909572,6291.029370229951,5.212406820661952,8.063499661057326,4.4492489670029265,8.783172898161041,8.97524125295237,2.9205534772447805,12.645209199691632,False,
11,20193,7101.569695251595,6369.673093938214,3.694142048086224,7.145442740240016,2.430160004480853,7.378044744045997,8.630668269217217,1.6277044939701222,11.490332243422351,False,
11,20194,7395.992745700238,6607.8868737852845,5.401275616615608,6.010074472334842,-0.8794688902955041,9.249025139544266,8.626712616998578,0.5789599292298551,11.926745826135665,False,
11,20201,7423.456194444435,6761.854363442958,5.211863355122337,4.87992196012153,-3.777329492163579,11.013365077507697,9.10590196481475,0.8116843612994522,9.784325355753554,False,
11,20202,7431.101973947893,6911.775352975216,4.862155913842825,4.792359233416748,-3.271140427640578,9.867160781075413,9.376898935543343,0.40165768259097234,7.513650175987419,False,
11,20203,7456.866008849561,6996.298089007338,5.0030673336281195,5.1195905548022225,-2.0258521854377936,9.837631944808267,9.99179573573391,1.3611274665166935,6.583023107118224,False,
11,20204,7635.119341397842,7084.173853370835,3.233191322917728,4.577569481377752,-1.4325049909570895,7.207856137414659,9.48150348520151,0.8547908682029313,7.777131101389512,False,
11,20211,7961.024602164219,7147.028329102597,7.241484204110882,5.084974693624889,0.20505273350335873,5.6962771594435635,8.152231505685474,-0.9536704591292757,11.389296859885679,False,
11,20212,7931.215000000014,7308.52482110527,6.7299981591616875,5.5519352549546035,0.7595760215378551,5.740196228444705,7.120490367527799,-2.2564085680155443,8.520052871635087,False,
11,20213,8024.058635153128,7532.158029553868,7.606313773513462,6.20274686492594,1.0831563101237176,7.659192529095904,6.575880513599708,-3.4159152221342026,6.530672931571457,False,
11,20214,8599.404801136383,7793.20653824544,12.629605597782302,8.551850433642084,3.9742809522643316,10.008685551064357,7.276087867012132,-2.2054156181893774,10.344885111596813,False,
11,20221,8782.2805778491,8001.745436124683,10.315958268256352,9.32046894967845,4.235494256053561,11.959055815431574,8.841782531009134,0.6895510253236594,9.754561026155773,False,
11,20222,9496.491480176204,8467.32292710947,19.73564554959344,12.571880797286388,7.019945542331785,15.855430943572468,11.370591209791076,4.250100842263278,12.154591975837947,False,
11,20223,9615.098305687194,8643.040371417103,19.828365455404008,15.627393717759023,9.424646852833083,14.748526750294854,13.142924765090815,6.567044251491106,11.246712875306319,False,
11,20224,9720.44675174014,8629.111216003019,13.036273748336825,15.729060755397654,7.17721032175557,10.726068578515747,13.32227052195366,6.0461826549415285,12.647137212847582,False,
11,20231,9976.831367187498,8531.50776802885,13.601829032328183,16.550528446415612,7.230059496737162,6.6205846728452755,11.987652736307085,3.1458702052979515,16.941010176124838,False,
11,20232,10149.727173913048,8753.997839992582,6.878705626182735,13.336293465562937,0.7644126682765489,3.3856617416264667,8.870210435820585,-2.500380773970491,15.94390768003262,False,
11,20233,10682.837264731745,9120.291845605736,11.10481583337528,11.155406060055757,-4.4719876577032664,5.521800821004197,6.563528953497921,-6.579395811592893,17.132625200791818,False,
11,20234,11066.894941500324,9571.899087103298,13.85171097736988,11.35926536731402,-4.369795388083634,10.925666010096657,6.613428311393149,-6.708842210560511,15.618591888534517,False,
11,20241,11714.391330508462,10028.191387231618,17.415950008291947,12.31279561130496,-4.237732835110652,17.543014199804997,9.34403569313308,-2.6436170431740056,16.814596751950674,False,
11,20242,12440.791090573022,10357.000801259755,22.572665032302485,16.2362854628349,2.8999919972719628,18.31166731551914,13.07553708660625,4.205326650785665,20.119630473136674,False,
11,20243,11850.463172413783,10690.676467739102,10.929923191255874,16.192562302305046,5.037156242249289,17.218578623555736,15.999731537244134,9.436202583746212,10.848581080669039,False,
11,20244,12774.382020972347,10797.829512204891,15.42878186246286,16.58683002357829,5.227564656264271,12.807598721484137,16.470214715091004,9.856786403697853,18.305090912329547,False,
11,20251,12371.52209436134,10857.377904620502,5.609602285877835,13.635243092974765,1.3224474816698049,8.268554970387232,14.15159990773656,4.807564214603481,13.945762992153687,False,
11,20252,12462.101785310726,10880.493373866222,0.17129694231303727,8.034901070477401,-8.201384392357498,5.054480371796366,10.837303171805868,-2.2382339148003823,14.53618284666538,False,
11,20253,12513.689664670674,10940.891325420038,5.5966292845058385,6.701577593789892,-9.490984708515153,2.3404960241384165,7.117782521951538,-8.881949015292596,14.375413231611223,False,
11,20254,12417.275021385787,11048.363542265572,-2.7954933475472954,2.145508791287354,-14.441321232290937,2.320225835919154,4.495939300560292,-11.974275414530712,12.390174109346042,False,
11,20261,12626.320860314552,11079.359992735934,2.059558751217394,1.2579979076222436,-12.377245185352521,2.0445276020185643,2.9399324584681255,-11.211667449268436,13.96254719219221,False,
11,20262,12765.858702352003,10890.791565790669,2.4374453224200066,1.824535002648986,-6.210366067828415,0.09464820730631374,1.6999744173456122,-9.137328754460256,17.216995892669118,False,
12,20063,2656.0,2629.234736031095,,,,,,,1.0179868538215064,False,
12,20064,3013.0,2913.9640151760614,,,,,,,3.3986687655768844,False,
12,20071,3469.0,3981.609140882637,,,,,,,-12.874421439795125,False,
12,20072,3517.0,4036.34268939248,,,,,,,-12.866664933017557,False,
12,20073,4124.0,4216.659508384839,55.27108433734939,,,60.37592424136336,,,-2.1974624273215615,False,
12,20074,4365.0,4416.661099584657,44.872220378360424,,,51.56882777489626,,,-1.1696867479715656,False,
12,20081,4163.0,4167.536492270455,20.00576535024503,,,4.66965351969737,,,-0.10885309052166559,False,
12,20082,4177.0,4207.311049625563,18.76599374466874,34.7287659526559,,4.235724599955004,30.212532533978,,-0.7204375732633439,False,
12,20083,3947.0,4350.947430904721,-4.291949563530551,19.838007477435912,,3.1846992210978975,15.914726278911633,,-9.284125752370343,False,
12,20084,4401.0,4264.670033060349,0.8247422680412342,8.826137949856115,,-3.441311504262823,2.1621914591218623,,3.196729544907373,False,
12,20091,3965.0,4121.693578020779,-4.756185443190009,2.6356502514973537,,-1.1000003079685405,0.7197780022053846,,-3.801679456628171,False,
12,20092,3849.0,4121.950998285651,-7.852525736174288,-4.018979618713403,-38.7477455713693,-2.028850501735757,-0.8463657732173058,-31.058898307195307,-6.621888479488791,False,
12,20093,3969.0,4107.7195861958935,0.5573853559665665,-2.8066458888391237,-22.644653366275037,-5.590227153313398,-3.0400973668201297,-18.954823645731764,-3.3770461513990546,False,
12,20094,3843.0,4163.255525760804,-12.67893660531697,-6.182565607178675,-15.008703557034789,-2.3780153332699894,-2.7742733240719213,-4.936464783193784,-7.692430209464007,False,
12,20101,3837.0,4074.439850508615,-3.228247162673392,-5.80058103704952,-8.436231288546875,-1.1464638653428172,-2.7858892134154907,-3.5056672156208752,-5.827545852197947,False,
12,20102,4039.0,4294.882426715088,4.936347103143679,-2.603362827220029,1.415616791493374,4.195378074638945,-1.229832069321815,-0.3834662961045092,-5.957844739205065,False,
12,20103,4191.0,4340.85129960945,5.593348450491309,-1.3443720535888435,1.4622738352502802,5.675453460771807,1.5865880841994862,4.626685451019616,-3.452117782125641,False,
12,20104,4572.0,4217.946107482561,18.969555035128806,6.567750856522601,12.750316463701274,1.3136494117008013,2.509504270442184,5.283777594514105,8.39398805711038,False,
12,20111,4264.0,4430.549826469257,11.128485796194942,10.156934096239684,15.957515133289204,8.740096529249008,4.98114436909014,7.767033582505631,-3.759123201238923,False,
12,20112,4202.0,4548.696354335574,4.0356523892052465,9.931760417755077,12.535123244975107,5.9096827899574045,5.409720547919755,6.63955261724157,-7.621883883392688,False,
12,20113,4178.0,4538.672750506366,-0.31018849916487623,8.45587618034103,9.800248233929873,4.55720404232034,5.1301581933068885,3.543570109107402,-7.946656882590341,False,
12,20114,4239.0,4566.163266373363,-7.283464566929132,1.8926212798265452,-4.6751295766960554,8.255609484271753,6.865648211449626,4.356143941007442,-7.164948936072745,False,
12,20121,4138.0,4424.539504335832,-2.954971857410882,-1.628243133574911,-11.785177229814595,-0.13565634895961187,4.646709991897471,-0.334434377192669,-6.47614297612299,False,
12,20122,4135.0,4327.838582863051,-1.5944788196097126,-3.0357759357786507,-12.967536353533728,-4.855408105269843,1.9554372680906593,-3.4542832798290957,-4.455771146979326,False,
12,20123,4496.0,4452.115284262109,7.611297271421735,-1.0554044931319977,-9.511280673473028,-1.907109655231276,0.3393588437027554,-4.790799349604133,0.9857048377210909,False,
12,20124,4407.0,4428.65247755112,3.963198867657458,1.7562613655146497,-0.13635991431189542,-3.011517127188923,-2.4774228091624133,-9.34307102061204,-0.48891796456995706,False,
12,20131,4467.0,4279.1466151484365,7.950700821652967,4.482679535280612,6.1109226688555225,-3.2860569793741856,-3.2650229667660566,-7.911732958663528,4.389973089179766,False,
12,20132,4383.0,4394.694504934796,5.997581620314385,6.380694645261636,9.416470581040286,1.5447877916813901,-1.6649739925282485,-3.6204112606189076,-0.2661050710502044,False,
12,20133,4680.0,4371.948951562536,4.0925266903914626,5.5010020000040685,6.556406493136066,-1.800634700160486,-1.638355253760551,-1.9777140974633065,7.046080634755958,False,
12,20134,4821.0,4421.955509519069,9.394145677331522,6.858738702422585,5.102477336907935,-0.15121909126981636,-0.9232807447807744,1.5541420643816388,9.024163396079278,False,
12,20141,4515.0,4316.2742751479545,1.074546675621213,5.139700165914646,0.657020630634034,0.8676416897725359,0.115143922505906,3.3801668892719627,4.604103265546855,False,
12,20142,4828.0,4398.670098898881,10.152863335614871,6.1785205947397674,-0.20217405052186876,0.09046348863661624,-0.24843715325528748,1.4165368392729611,9.760447850103438,False,
12,20143,4649.0,4449.10571127838,-0.66239316239316,4.989790631543611,-0.5112113684604571,1.7648138294997118,0.642924979159762,2.281280232920313,4.492909400082179,False,
12,20144,4709.0,4441.34786284746,-2.3231694669155756,2.0604618454818375,-4.798276856940747,0.4385470022628235,0.790366502542922,1.7136472473236963,6.026371845166412,False,
12,20151,4857.0,4528.745862712761,7.57475083056478,3.6855128842177294,-1.4541872816969166,4.922569188620973,1.8040983772550314,1.6889544547491253,7.248234880873006,False,
12,20152,4990.0,4455.127635454477,3.3554266777133357,1.9861537197423453,-4.192366874997422,1.2835137731681323,2.1023609483879104,2.350798101643198,12.005769717772852,False,
12,20153,4596.0,4365.625111648274,-1.14003011400301,1.8667444818398826,-3.123046149703729,-1.8763456084777919,1.1920710888935342,0.5491461097337722,5.277019498010604,False,
12,20154,4868.0,4410.120370129997,3.3765130600976745,3.2916651135931954,1.2312032681113578,-0.7031084635068963,0.9066572224511044,0.1162907199081824,10.38247465922355,False,
12,20161,4806.0,4580.499573184347,-1.050030883261277,1.135469685136681,-2.550043199081048,1.1427823958438221,-0.03828947574318342,-1.8423878529982147,4.923053112717257,False,
12,20162,4852.0,4563.938826281955,-2.765531062124249,-0.3947697498227152,-2.3809234695650607,2.442380998504823,0.2514273305909892,-1.8509336177969211,6.311679114961244,False,
12,20163,5019.0,4497.260966223915,9.203655352480421,2.191151616798143,0.32440713495826023,3.0152807721490538,1.4743339257477006,0.2822628368541664,11.601262139211798,False,
12,20164,5036.0,4526.09409611398,3.4511092851273517,2.209800673055562,-1.0818644405376334,2.629717927190378,2.307540523422019,1.4008833009709147,11.265914783429176,False,
12,20171,4801.0,4748.592122171956,-0.10403662089055743,2.4462992386482423,1.3108295535115613,3.6697427060505383,2.9392806009736985,2.977570076716882,1.1036508607118023,False,
12,20172,4894.0,4818.071216839442,0.8656224237427956,3.3540876101150037,3.748857359937719,5.568268993748071,3.72075259978451,3.469325269193521,1.575916580377279,False,
12,20173,4962.0,4845.843256827515,-1.1356843992827215,0.7692526721742178,-1.421898944623925,7.750990952528247,4.9046801448793085,3.430346219131608,2.3970388024587175,False,
12,20174,4842.0,4813.278137138576,-3.852263701350278,-1.0565905744451896,-3.2663912475007515,6.345074470969725,5.833519280824145,3.525978757402126,0.5967214451998881,False,
12,20181,4929.0,4925.788718604391,2.6661112268277387,-0.36405361251561563,-2.810352851163858,3.73156067890259,5.848973774037159,2.9096931730634603,0.06519324272842297,False,
12,20182,5170.0,4989.822721491504,5.63955864323662,0.8294304423578404,-2.524657167757163,3.564735698629362,5.348090450257482,1.6273378504729719,3.610895387775215,False,
12,20183,5318.0,5089.245582811458,7.174526400644909,2.9069831423397483,2.1377304701655304,5.022909596611558,4.666070111278309,-0.23861003360099975,4.494859080118729,False,
12,20184,5227.0,5156.131870002852,7.95125980999587,5.857864020176285,6.914454594621475,7.123081673150455,4.860571911823492,-0.9729473690006536,1.3744437067143567,False,
12,20191,5117.0,5317.755271124622,3.814161087441681,6.144876485329771,6.508930097845386,7.957437375253185,5.917041085911141,0.06806731187398185,-3.7751882305438467,False,
12,20192,5523.0,5419.005298965656,6.827852998065764,6.441950074037058,5.612519631679217,8.601158827259203,7.1761468680686,1.8280564178111183,1.9190736177023826,False,
12,20193,6105.0,5510.9976846854,14.798796540052649,8.348017608888991,5.441034466549243,8.287124191812968,7.9922005168689525,3.3261304055906438,10.778489654700518,False,
12,20194,5761.0,5662.223177630228,10.216185192270899,8.914248954457749,3.056384934281464,9.815329017702101,8.665262353006863,3.8046904411833715,1.744488326776139,False,
12,20201,6157.0,6248.983311986438,20.324408833300755,13.041810890922518,6.896934405592747,17.511675385258485,11.05382185550819,5.136780769597049,-1.471972437660396,False,
12,20202,5844.76,6447.78137941781,5.8258193011044845,12.791302466682197,6.349352392645139,18.98459262714727,13.649680305480206,6.473533437411606,-9.352385633649673,False,
12,20203,6173.06,6486.763909267091,1.1148239148239147,9.370309310375013,1.0222917014860222,17.705799936974454,16.004349241770576,8.012148724901625,-4.836061766005207,False,
12,20204,6145.6,6664.332102265861,6.6759243186946815,8.48524409198096,-0.4290048624767895,17.69815306105682,17.97505525260926,9.309792899602396,-7.783707268872342,False,
12,20211,6437.62,6543.451200883641,4.557739158681184,4.543576673326067,-8.498234217596451,4.712252764899727,14.775199597519569,3.721377742011379,-1.6173605890015597,False,
12,20212,6447.75,6765.450819328716,10.31676236492174,5.6663124392803805,-7.124990027401816,4.9268022784542564,11.260752010346314,-2.3889282951338924,-4.6959297733870535,False,
12,20213,6759.43,6875.607354069759,9.498854700910076,7.762320135801922,-1.6079891745730919,5.99441339690443,8.332905375328808,-7.671443866441768,-1.6897031503841142,False,
12,20214,7210.083118908388,7216.304019558032,17.321060903872485,10.423604282096374,1.9383601901154144,8.282479156530954,5.978986899197341,-11.996068353411918,-0.08620618855280648,False,
12,20221,7493.193507014025,7641.12903683369,16.396952709448918,13.383407669788305,8.839830996462238,16.77521238030806,8.994726803049424,-5.780472794470144,-1.9360428165333787,False,
12,20222,7340.956741214059,7946.204636088778,13.852998971952356,14.26746682154596,8.60115438226558,17.452699728252853,12.126201165499074,0.8654491551527599,-7.616817368708362,False,
12,20223,7539.50932692308,8052.838630937004,11.540608112268046,14.777905174385452,7.015585038583531,17.121851441537416,14.908060676657321,6.575155301328513,-6.374513727890196,False,
12,20224,8086.693609022556,8093.038917788685,12.158119062667438,13.48716971408419,3.0635654319878167,12.149361998253895,15.874781387088056,9.895794487890715,-0.07840452555073485,False,
12,20231,8207.017310344827,8070.15909635383,9.52629613345264,11.769505570085121,-1.6139020997031839,5.614746949724592,13.084665029442188,4.089938226392764,1.695855216198039,False,
12,20232,8702.744100000002,8375.504100533797,18.55054329826671,12.94389165166371,-1.3235751698822504,5.40257247460374,10.072133216029911,-2.0540679494691627,3.9071081040405575,False,
12,20233,8742.70764292562,8653.24993763375,15.958575867875101,14.048383590565471,-0.7295215838199809,7.455896413844854,7.65564445910677,-7.252416217550551,1.033804708480801,False,
12,20234,9426.315374937923,8943.015173887405,16.56575394943507,15.150292312257381,1.6631225981731905,10.502559850916482,7.2439439222724165,-8.63083746481564,5.404219848152558,False,
12,20241,9630.605907426649,9343.04194824923,17.34599237761334,17.10521637329756,5.335710803212438,15.772710756972575,9.783434874084413,-3.301230155357775,3.0778408228307574,False,
12,20242,9514.392825786015,9933.730195053686,9.326354037986873,14.799169058227596,1.8552774065638857,18.60456488130162,13.08393297575888,3.0117997597289694,-4.221348486759502,False,
12,20243,9413.01380001708,10372.653718866522,7.667031593282836,12.72628298957953,-1.3221006009859408,19.870034884291666,16.187467593370584,8.531823134263814,-9.251633621047063,False,
12,20244,10763.38089891033,10547.55770248884,14.184392000370693,12.130942502313436,-3.019349809943945,17.941851796098018,18.04729057966597,10.803346657393552,2.0461911895543805,False,
12,20251,10009.11095328682,10659.225226683991,3.930230864999751,8.777002124160038,-8.32821424913752,14.087309954563532,17.62594037906371,7.842505504979297,-6.099076242142765,False,
12,20252,10758.72811651941,10720.49814253921,13.078451915092092,9.715026593436344,-5.0841424647912525,7.92016626218901,14.954840724285555,1.8709077485266743,0.35660632063825304,False,
12,20253,10582.884160287893,10783.004015768416,12.428223150684126,10.905324482786666,-1.8209585067928646,3.9560782421138807,10.97635156374111,-5.2111160296294745,-1.8558822308503253,False,
12,20254,10028.170873900064,10493.734163996398,-6.830660662438303,5.651561317084417,-6.47938118522902,-0.5102938520046396,6.363315151715446,-11.683975427950523,-4.436583610948174,False,
12,20261,10377.92982838779,10880.839100664318,3.6848315182264724,5.590211480391098,-3.1867906437689406,2.079080507892317,3.361257790047642,-14.264682589016068,-4.621971408857817,False,
12,20262,10329.0212314799,10973.993865217552,-3.994030524665093,1.3220908704518013,-8.392935722984543,2.3645890266279945,1.9723634811573882,-12.982477243128166,-5.877282616148671,False,
13,20063,3233.916487073571,2623.2605343185587,,,,,,,23.278509502436506,False,
13,20064,3575.024357101824,2901.0669385438314,,,,,,,23.23136393730647,False,
13,20071,3831.400405994445,3449.710750280668,,,,,,,11.064395926027215,False,
13,20072,4932.747278816657,4161.829739277982,,,,,,,18.52352421491461,False,
13,20073,5121.0452865480565,4373.094300011807,58.35428363773805,,,66.70453593157116,,,17.10347262656171,False,
13,20074,4697.024137420767,4571.013065427017,31.38439541230198,,,57.563171145626946,,,2.7567427655553756,False,
13,20081,5361.7065440383285,4434.448360365133,39.9411696999779,,,28.545512402868777,,,20.91033897160648,False,
13,20082,5448.251815670206,4484.813638272184,10.450657771731953,35.03262663043747,,7.760622592173472,40.14346051806009,,21.482234382635255,False,
13,20083,5454.726937949176,4721.851449548252,6.515889486031945,22.073028092510942,,7.975065836917894,25.461092994396772,,15.520934875472193,False,
13,20084,5663.186169220287,4661.096558714956,20.56966290852531,19.369344966566775,,1.9707555414638422,11.562989093355997,,21.499009897825495,False,
13,20091,5174.409122228042,4458.915349756218,-3.4932426881613243,8.510741869531971,,0.5517482086333292,4.564548044797134,,16.046363663551986,False,
13,20092,4958.178651761358,4367.573013617211,-8.99505346833097,3.64931405951624,-31.38331257092123,-2.6141693749428874,1.9708500530180442,-38.17261046504204,13.522513219647593,False,
13,20093,5406.036513010689,4382.81324002355,-0.8926280910551587,1.7971846652444645,-20.275843427266476,-7.180196436657038,-1.8179655153756886,-27.27905850977246,23.346266814272056,False,
13,20094,5056.837153435183,4263.010476939354,-10.706852956391288,-6.021944300984685,-25.39128926755146,-8.540610063769039,-4.4458069166839085,-16.008796010039905,18.621269658848227,False,
13,20101,4916.4859594418485,4236.748092204254,-4.984591606377176,-6.394781530538648,-14.905523400070619,-4.982540374176669,-5.829379062386408,-10.393927107183544,16.043858460415272,False,
13,20102,4751.183960112903,4311.409874706666,-4.1748130954281315,-5.1897214373129374,-8.839035496829178,-1.285911849336896,-5.4973146809849105,-7.468164734002954,10.200238395013583,False,
13,20103,4840.468962972092,4357.989650409346,-10.46177821177211,-7.582008967492175,-9.37919363273664,-0.5663848367417734,-3.8438617810060944,-2.025896265630406,11.071144065645665,False,
13,20104,4794.236618179935,4328.3466794199285,-5.192979866414305,-6.20354069499793,-0.181596394013245,1.532630586624384,-1.3255516184077387,3.1202552982761698,10.763692773852473,False,
13,20111,4855.0,4216.113426556904,-1.2506078518086272,-5.2700447563557935,1.1247367741828542,-0.4870401826655213,-0.2016765705299517,5.627702491856457,15.153448420500482,False,
13,20112,4819.0,4192.452842627651,1.4273503290216816,-3.8695039002433402,1.3202175370695972,-2.759121390357455,-0.5699789557850915,4.927335725199819,14.944644123406658,False,
13,20113,5048.0,4134.131049898683,4.28741592220605,-0.1822053667487995,7.399803600743375,-5.136740067513368,-1.7125677634779901,2.1312940175281043,22.10546639840345,False,
13,20114,4847.0,4057.814808892994,1.1005585669256357,1.3911792415861857,7.594719936584116,-6.250235726570552,-3.6582843417767243,-2.3327327233689856,19.44852656600913,False,
13,20121,4734.917534277221,3976.266631144632,-2.4733772548461097,1.085486890826815,6.355531647182609,-5.688812684722855,-4.958727467291058,-4.757050896761106,19.079477648464426,False,
13,20122,4762.0,3943.579252623856,-1.1828180120356913,0.43294480556247184,4.302448705805812,-5.936228726852222,-5.753004301414749,-5.183025345629657,20.753247112546514,False,
13,20123,4759.43129098217,3835.397783760039,-5.716495820479994,-2.0680331301090393,-1.8858277633602398,-7.2260231360098075,-6.275325068538859,-4.5627573050608685,24.09224699285959,False,
13,20124,4567.484188068192,3784.679431859356,-5.766779697375856,-3.7848676961844125,-5.176046937770598,-6.73109518046614,-6.395539932012756,-2.737255590236032,20.683515481369486,False,
13,20131,4547.0,3736.773351675229,-3.9687604465514004,-4.158713494110735,-5.24420038493755,-6.023068915790009,-6.479103989779544,-1.520376522488486,21.682520508275903,False,
13,20132,4581.208720994747,3699.522213688879,-3.7965409282917584,-4.8121442231747515,-5.245089028737223,-6.188719011354815,-6.542226560905193,-0.7892222594904439,23.83244257984107,False,
13,20133,4443.709901560958,3771.6973941540346,-6.633594858684444,-5.041418982725864,-2.973385852616825,-1.6608548369018372,-5.1509344861282,1.1243905824106584,17.81724346307616,False,
13,20134,4741.504587617126,3762.495703624322,3.8099836230092166,-2.647228152629596,1.1376395435548163,-0.5861455014734451,-3.6146970663800264,2.7808428656327298,26.020199386533484,False,
13,20141,4732.029037516772,3797.414303741127,4.069255278574269,-0.6377242213481791,3.520989272762556,1.6228158991422825,-1.7032258626469534,4.77587812713259,24.611871632096726,False,
13,20142,4699.14374701463,3764.7065906218713,2.5743211716028336,0.954991303625469,5.767135526800221,1.7619674424929288,0.28444575081498225,6.826672311720175,24.820982297013593,False,
13,20143,4745.115763640425,3783.2953939243935,6.782752896933952,4.309078242530068,9.350497225255932,0.30750080290999904,0.7765346607679413,5.927469146896142,25.422819779301985,False,
13,20144,4840.629328772304,3852.2382799288334,2.090575666931782,3.8792262535107094,6.526454406140306,2.385187475910322,1.519367905113883,5.13406497149391,25.65757819274175,False,
13,20151,4779.298709031604,3745.746928058662,0.9989302926940002,3.111645007040642,3.7493692283888214,-1.3605935921072176,0.773515532301508,2.4767413949484616,27.592675127911235,False,
13,20152,4822.475183318822,3830.8674927804345,2.624551257503982,3.1242025285159296,2.1692112248904607,1.7573986329605162,0.7723733299184049,0.48792757910342266,25.884677358513407,False,
13,20153,4696.407341703129,3829.479217045844,-1.02649596687453,1.171890312563809,-3.1371879299662595,1.2207300332830906,1.0006806375116777,0.22414597674373637,22.638277309311384,False,
13,20154,4609.028180072581,3789.4244780901886,-4.784525584785115,-0.5468850003654153,-4.426111253876124,-1.6305793482693232,-0.003261068533233491,-1.5226289736471166,21.628711872243443,False,
13,20161,4669.5282617259,3869.877343785591,-2.2967898427915134,-1.3708150342367937,-4.482460041277436,3.3139028906916446,1.165363052166482,0.3918475198649739,20.663469327378593,False,
13,20162,4832.378837621423,3929.838041502912,0.20536454675512683,-1.9756117119240078,-5.099814240439938,2.5835022722397794,1.371888961986298,0.599515632067893,22.966361121929268,False,
13,20163,4793.278680104492,3960.1410873034383,2.0626690010716597,-1.2033204699374602,-2.375210782501269,3.412001028129086,1.9197067106977967,0.9190260731861191,21.038078554124407,False,
13,20164,4822.56905225318,4008.569233663311,4.63309973030448,1.1510858588349384,1.6979708592003537,5.783061698159719,3.7731169723050573,3.7763780408382908,20.30649269455125,False,
13,20171,4694.383250616921,3991.384848288501,0.5322805109618134,1.8583534472732701,3.229168481510064,3.1398283125957827,3.7295983277810913,2.5642352756146094,17.612894497754695,False,
13,20172,5236.0,4176.66794477328,8.35243212382839,3.8951203415415856,5.870732053465593,6.280917958032983,4.653952249229393,3.282063287243095,25.363090129115417,False,
13,20173,5359.0,4208.093409735269,11.802387418942551,6.330049946009309,7.533370415946769,6.26119920895718,5.366251794436416,3.4465450837386196,27.349834668644736,False,
13,20174,5468.0,4306.806913912485,13.383550152491107,8.517662551555965,7.3665766927210266,7.440003224707259,5.780487176073301,2.0073702037682435,26.961809742072674,False,
13,20181,5257.0,4365.313216196571,11.9848917173335,11.380815353148888,9.522461905875618,9.368386715914156,7.337626776902894,3.608028449121803,20.426639272870805,False,
13,20182,5513.0,4546.132548602982,5.290297937356758,10.615281806530978,6.720161464989393,8.845917576283568,7.978876681465541,3.3249244322361484,21.267911594309652,False,
13,20183,5672.0,4783.283809139707,5.840641910804245,9.124845429496402,2.7947954834870927,13.668669950951085,9.830744366964018,4.464492572527601,18.579624925499296,False,
13,20184,5880.256456533486,4827.843486162105,7.539437756647516,7.6638173305355055,-0.8538452210204595,12.097978448174484,10.995238172830822,5.214750996757521,21.798821220859345,False,
13,20191,5960.421967637306,5064.776095845831,13.380672772252344,8.012762594265215,-3.368052758883673,16.023200283866256,12.658941564818848,5.321314787915954,17.683819676176604,False,
13,20192,6494.7445377590975,5223.831571996178,17.8078095004371,11.1421404850353,0.5268586785043219,14.907154953091982,14.174250909020952,6.19537422755541,24.329133668397862,False,
13,20193,6649.788524360805,5343.802647805521,17.238866790564277,13.991696704975308,4.866851275478906,11.718285199694755,13.68665472120687,3.8559103542428517,24.439261002492273,False,
13,20194,6752.30408951808,5501.213351832478,14.830095242116048,15.814361076342442,8.150543745806935,13.94763246986841,14.149068226630352,3.1538300537995294,22.742087202796068,False,
13,20201,6913.0954188186815,5612.727010401402,15.983322260638744,16.46502344843904,8.452260854173826,10.818857619490906,12.847982560536513,0.18904099571766508,23.168210497454456,False,
13,20202,6732.1583810221,5842.218032782261,3.655476237482902,12.926940132700492,1.7847996476651922,11.837794773114773,12.08064251554221,-2.093608393478741,15.232919128422528,False,
13,20203,7014.256733921132,6029.604021331633,5.480899253038429,9.98744824831903,-4.004248456656278,12.83358347463941,12.359467084278375,-1.3271876369284943,16.330304761406865,False,
13,20204,7155.549702802031,6110.924063888302,5.971970573865715,7.772917081256447,-8.041443995085995,11.083204250799072,11.64336002951104,-2.5057081971193114,17.094397311968024,False,
13,20211,7642.760480343337,6121.897348316436,10.554824102939131,6.415792541831545,-10.049230906607496,9.071710364167874,11.206573215680283,-1.6414093448562301,24.84300283873835,False,
13,20212,7853.5250740778365,6411.815023684689,16.65686737580121,9.66614032641112,-3.2607998062893717,9.749670205840765,10.684542073861781,-1.3961004416804297,22.485209649180394,False,
13,20213,8579.960824822534,6577.6954633935065,22.32173914207638,13.876350298670609,3.8889020503515788,9.090007239659958,9.748648015116917,-2.610819069161458,30.440225951051204,False,
13,20214,8927.657492208427,6886.435942710108,24.76550178545276,18.574733101567368,10.80181602031092,12.690582810619278,10.150492655071968,-1.4928673744390721,29.641189818357773,False,
13,20221,8974.109872679315,7196.225705627315,17.419745074572447,20.2909633444757,13.875170802644154,17.548944325345907,12.269801145366475,1.0632279296861924,24.705786613414983,False,
13,20222,9960.707211004456,7589.515200498988,26.831035962205107,22.834505491076676,13.168365164665556,18.367656778368936,14.424297788498519,3.739755714636738,31.24299705400906,False,
13,20223,10690.250286603838,7493.294852522091,24.595560572678398,23.40296084872718,9.52661055005657,13.919759499723284,15.63173585351435,5.883087838397433,42.664215101661405,False,
13,20224,10662.038020685644,7267.365749633968,19.42705048878599,22.068348024560485,3.4936149229931175,5.531595880552809,13.841989120997733,3.6914964659257645,46.71117964886595,False,
13,20231,10976.314516616194,7341.113259716469,22.31089960278254,23.29113665661301,3.00017331213731,2.013382570475164,9.958098682280047,-2.3117024630864282,49.51839221508108,False,
13,20232,10857.36907179191,7424.676100434448,9.001989936987954,18.83387515030872,-4.000630340767955,-2.1719318785171193,4.823201518058534,-9.601096270439985,46.23357200937832,False,
13,20233,10796.680032698892,8020.224917050315,0.9955776828576512,12.933879427853535,-10.469081420873644,7.03202095872244,3.1012668828083223,-12.530468970706028,34.61817024290765,False,
13,20234,10547.930707075748,8266.573301861927,-1.0702204718133101,7.8095616877037095,-14.258786336856776,13.749239912388944,5.155677890767356,-8.686311230230377,27.597377074004513,False,
13,20241,11858.021395412865,8725.369506690684,8.032813541028938,4.240040172265308,-19.051096484347703,18.856217006896834,9.366386499872773,-0.5917121824072744,35.902799145870425,False,
13,20242,12251.542636410124,9000.12944968919,12.840804760338841,5.19974387810303,-13.63413127220569,21.219152565625787,15.2141576109085,10.390956092849967,36.12629357051325,False,
13,20243,11657.618952510677,9282.384017680482,7.974107940629338,6.944376442545952,-5.989502985307583,15.73720330394881,17.39045319721509,14.28918631440677,25.588630359463703,False,
13,20244,11920.774674479628,9201.38261411592,13.015291866517021,10.465754527128535,2.6561928394248255,11.308304881823794,16.780219439573806,11.62454154880645,29.55416782899414,False,
13,20251,12115.350205688495,9183.766241095354,2.1700821890503263,9.000071689133883,4.760031516868574,5.2536082747346,13.379567256533246,4.013180756660473,31.921369595351212,False,
13,20252,11649.490188149624,9204.938743056824,-4.914095033806365,4.56134674059758,-0.63839713750545,2.275626084186011,8.643685636173302,-6.570471974735199,26.556955057812814,False,
13,20253,11628.81476379797,9331.155595429584,-0.24708466480202196,2.50604858923974,-4.4383278533062125,0.5254208149135353,4.840740013914483,-12.549713183300607,24.623522187260317,False,
13,20254,11667.931027012582,9340.576420967916,-2.1210336942979136,-1.2780328009639936,-11.743787328092528,1.5127488192748118,2.3918509982772376,-14.388368441296567,24.916605797691172,False,
13,20261,11497.58598031962,9363.3750213239,-5.099020786694375,-3.0953085449001687,-12.095380234034051,1.9557202950662544,1.5673790033601513,-11.812188253173094,22.79318038779099,False,
13,20262,11427.47020676481,9363.216333634064,-1.9058343137681844,-2.3432433648906237,-6.904590105488204,1.719485539179999,1.4283438671086484,-7.215341769064654,22.046418661882683,False,
14,20063,5605.0,5506.96083597507,,,,,,,1.7802771246251403,False,
14,20064,6186.0,6266.65373011634,,,,,,,-1.287030265111555,False,
14,20071,7302.0,7035.28167347688,,,,,,,3.7911534875519237,False,
14,20072,7523.0,7737.98840405399,,,,,,,-2.7783500417415508,False,
14,20073,7879.0,8170.91728502973,40.57091882247992,,,48.37434890860226,,,-3.57263786728772,False,
14,20074,8571.0,8241.69116042273,38.55480116391852,,,31.51661980004954,,,3.9956464415778825,False,
14,20081,8535.0,8222.79010390342,16.885784716516028,,,16.879330288984228,,,3.7968851466653852,False,
14,20082,8611.0,8201.69152279001,14.462315565598827,27.618455067128323,,5.9925538075642715,25.690713201300074,,4.990537330898714,False,
14,20083,8325.0,8048.33879081156,5.660616829546905,18.890879568895073,,-1.500180334009149,13.222080890647222,,3.4374945734676476,False,
14,20084,8149.0,8024.74956256593,-4.923579512308951,8.021284399838201,,-2.6322461450457024,4.684864404373412,,1.5483403745542024,False,
14,20091,7543.0,7701.73885939886,-11.622729935559462,0.8941557368193296,,-6.336672077488803,-1.1191361872448458,,-2.061078183729148,False,
14,20092,7461.0,7536.13094789073,-13.355011032400421,-6.060175912680482,-33.67863097980881,-8.114918404939875,-4.646004240370882,-30.336717441670956,-0.9969432379855037,False,
14,20093,7585.235697,7599.68456373405,-8.886057693693694,-9.696844543490633,-28.587724112385708,-5.574494796239426,-5.664582855928452,-18.886663746575675,-0.19012455862972288,False,
14,20094,7679.589222,7648.68228785254,-5.760348239047741,-9.90603672517533,-17.92732112501353,-4.686342817072808,-6.178107023935229,-10.86297142830864,0.4040818141517688,False,
14,20101,8173.215445708,7716.54126610911,8.354970776985283,-4.911611547039143,-5.805767283858472,0.1921956454312479,-4.545890093205216,-3.4267539059603704,5.918120098762292,False,
14,20102,7973.89213438384,7790.25811149702,6.874308194395384,0.14571825965980834,6.20589417234029,3.372117142914255,-1.6741312062416829,2.971873034129199,2.3572264263723053,False,
14,20103,7940.206331142,7847.93366815912,4.67975746992797,3.537172050565224,13.234016594055856,3.2665711628312,0.5361352835259736,6.200718139454425,1.1757574271715754,False,
14,20104,7440.55675933,7764.6565334541,-3.1125683387496106,4.199117025639756,14.105153750815086,1.5162643869486958,2.0867870845313496,8.264894108466578,-4.174038770777722,False,
14,20111,8037.0,7845.839438923,-1.6666077948493396,1.693722382681101,6.605333929720244,1.675597503531323,2.4576375490563684,7.003527642261584,2.4364577246974717,False,
14,20112,7526.773102662611,7845.19741492661,-5.607287184049414,-1.4266764619300987,-1.572394721589907,0.7052308491359183,1.7909159756117843,3.465047181853467,-4.058843843217397,False,
14,20113,7422.746064729731,7844.12991942843,-6.516962467118215,-4.225856446191645,-7.763028496756869,-0.04846815596980525,0.962156145911533,0.42602086238555936,-5.371964246219463,False,
14,20114,7225.681702302718,7752.11561927243,-2.887889495068263,-4.169686735271308,-8.368803760911064,-0.1615128000528765,0.5427118491611399,-1.5440752353702099,-6.790841917539925,False,
14,20121,6966.769914028987,7737.64337818679,-13.316288241520635,-7.082106846939132,-8.775829229620232,-1.3790246611401713,-0.2209436920067337,-2.6785812410631022,-9.962638835630166,False,
14,20122,7042.943540678168,7621.63993176005,-6.428114085348035,-7.287313572263788,-5.860637110333689,-2.8496094023231278,-1.1096537548714953,-2.9005697304832796,-7.59280674845847,False,
14,20123,6756.71012076573,7418.38702084481,-8.972904881237543,-7.9012991757936195,-3.6754427296019747,-5.427535022452079,-2.4544204714920634,-3.4165766174035963,-8.91941736417694,False,
14,20124,6466.028355775188,7354.66990349705,-10.513241211350888,-9.807637104864275,-5.637950369592967,-5.126932250433624,-3.6957753340872506,-4.238487183248391,-12.082684326856386,False,
14,20131,6989.64032684866,7000.38347162578,0.32827857245032455,-6.396495401371535,0.6856114455675968,-9.528222877774661,-5.7330748882458735,-5.51213119623914,-0.1534650897434986,False,
14,20132,7018.096418042534,6903.15925832803,-0.3527945736342075,-4.877665523443079,2.409648048820709,-9.426851437025352,-7.377385396921429,-6.2677316420499345,1.6649935980521224,False,
14,20133,7172.740614766419,7042.8124736348,6.157293809632036,-1.0951158507256835,6.806183325067936,-5.062752134051363,-7.286189674821251,-4.831769203329188,1.8448331773423199,False,
14,20134,7427.495037694658,7078.76068282624,14.86950921056087,5.250571754752256,15.058208859616531,-3.7514834015816123,-6.942327462608247,-3.246552128520997,4.92648883743847,False,
14,20141,7298.319226913252,7165.24042535125,4.41623439304728,6.272560709901495,12.66905611127303,2.3549703297494284,-3.971529160727225,1.7615457275186484,1.8572831288557579,False,
14,20142,7315.614550027939,7290.23408428326,4.239299580161471,7.420584248350415,12.298249771793493,5.607212748108914,-0.21301311444365822,7.164372282477771,0.34814335796700124,False,
14,20143,7445.5271821529695,7281.44967609807,3.803100962900685,6.832036036667577,7.9271518873932605,3.3883793350543367,1.8997697528327666,9.185959427654018,2.253363181146417,False,
14,20144,7314.723076602341,7325.52152829463,-1.518304092025602,2.735082711020959,-2.5154890437312973,3.4859328705243,3.7091238208592445,10.651451283467491,-0.14740864047125823,False,
14,20151,7395.596806207275,7277.18278542521,1.3328764646975522,1.9642432289335265,-4.308317480967968,1.562297333078977,3.510955571691632,7.4824847324188575,1.6271959118469015,False,
14,20152,7509.90595430045,7295.43654432192,2.6558452874170246,1.568379655747415,-5.852204592603,0.07136204377684585,2.126992895608615,2.340006010052273,2.9397748671455615,False,
14,20153,7557.105909657103,7380.5442340855,1.4986007676070168,0.9922546069239979,-5.839781429743579,1.3609179819331185,1.6201275573283103,-0.27964219550445635,2.3922582125609493,False,
14,20154,7461.922544375651,7314.34180067474,2.012372392389783,1.8749237280278441,-0.8601589829931147,-0.152613402017987,0.7104909891927386,-2.998632831666506,2.017690008515838,False,
14,20161,7639.388136193285,7375.32110522475,3.296438899716536,2.36581433678259,0.4015711078490636,1.3485757152629452,0.6570605847387306,-2.853894986952901,3.580414021315881,False,
14,20162,7582.883,7401.86437289142,0.9717438027004865,1.9447889656034556,0.3764093098560406,1.4588274179744953,1.0039269282881431,-1.1230659673204717,2.4455815182393925,False,
14,20163,7696.128493308946,7529.70764107164,1.839627303280067,2.030045599521718,1.03779099259772,2.021035336354471,1.1689562668934812,-0.45117129043482906,2.210190091970432,False,
14,20164,7686.002090118282,7575.5479420857,3.0029733545214654,2.2776958400546388,0.40277211202679464,3.5711503308043957,2.0998972000990768,1.3894062109063383,1.4580351002593028,False,
14,20171,7562.114717666345,7683.05094175501,-1.0115131886131112,1.2007078179722268,-1.1651065188103633,4.172426286799391,2.805859842983188,2.1487992582444573,-1.5740651078000045,False,
14,20172,7682.575698500695,7796.71571204144,1.3147070645913361,1.2864486334449392,-0.6583403321585164,5.33448492512405,3.7747742197705767,2.7708472914824336,-1.4639499214324947,False,
14,20173,7819.85595173138,7956.80400941427,1.6076584289101081,1.2284564148524497,-0.8015891846692682,5.672150748761928,4.687553072872441,3.5185968059789596,-1.7211440362343566,False,
14,20174,7750.880270995374,8018.85203312681,0.8441082908434927,0.6887401489329564,-1.5889556911216824,5.851775930006986,5.257709472673088,3.1578122725740116,-3.3417721267883893,False,
14,20181,7964.8923862843485,8082.62895735476,5.3262570544856835,2.273182709707655,1.0724748917354283,5.200772696015421,5.514796074977096,2.708936231993908,-1.4566618323271885,False,
14,20182,8182.211925469966,8336.31459637101,6.5034989120482,3.570380671571871,2.283932038126932,6.920848524670453,5.911386974863698,2.136612755093121,-1.8485707217446912,False,
14,20183,8537.825167515166,8540.82046358678,9.181361142909816,5.463806350071798,4.235349935219348,7.3398371190432465,6.328308567434027,1.6407554945615859,-0.03507035517705814,False,
14,20184,8564.578476304134,8679.96528040445,10.498139267532046,7.877314094243936,7.18857394531098,8.244487422220859,6.926486440487494,1.6687769678144058,-1.3293463783871307,False,
14,20191,8771.15430060197,8992.44493738374,10.122696895516302,9.07642405450159,6.8032413447939355,11.256436300977235,8.440402341727948,2.925606266750852,-2.460850617631394,False,
14,20192,8932.04924952834,9196.1561165766,9.164237383344286,9.741608672325611,6.17122800075374,10.31440824677967,9.288792272255252,3.3774052973915545,-2.871926745264708,False,
14,20193,9188.448558315798,9415.11914431143,7.620481539914081,9.35138877157668,3.8875824215048818,10.236705998588347,10.013009492141528,3.684700924707501,-2.407516915307273,False,
14,20194,9475.831959098188,9732.04536152786,10.63979371915671,9.386802384482845,1.5094882902389086,12.120786744372625,10.98208432267947,4.055597882191975,-2.6326778484050184,False,
14,20201,9818.601940341168,9969.61092915727,11.941958878403414,9.841617880204623,0.7651938257030331,10.866521825574015,10.884605703828665,2.4442033621007173,-1.5146928991427222,False,
14,20202,9438.890761932047,10242.3566871792,5.674414663919047,8.969162200348313,-0.7724464719772985,11.376498586368754,11.150128288725934,1.8613360164706823,-7.844541542405825,False,
14,20203,10182.752715356784,10449.7016158636,10.82124093888639,9.76935205009139,0.41796327851471027,10.988522351066155,11.338082376845387,1.325072884703859,-2.5546078760905755,False,
14,20204,10239.530064305822,10662.1295202753,8.059430649510112,9.12426128267974,-0.2625411018031052,9.556923793472993,10.69711663912048,-0.28496768355898894,-3.963555827809595,False,
14,20211,10665.869259657971,10815.470757534447,8.629205303004305,8.296072888829965,-1.5455449913746584,8.484381530911733,10.101581565454909,-0.7830241383737562,-1.3832176262162044,False,
14,20212,10695.520589276564,10966.544065469589,13.313321014505508,10.205799476476578,1.2366372761282651,7.070515120771814,9.025085699055674,-2.12504258967026,-2.4713663171827993,False,
14,20213,11005.860979554898,11265.44707341051,8.083357096129529,9.521328515787364,-0.24802353430402668,7.806399527317942,8.22955499311862,-3.1085273837267664,-2.3042680167421503,False,
14,20214,11619.96579986599,11618.404151570492,13.481436422285187,10.876829958981132,1.752568676301392,8.968889652641355,8.082546457910711,-2.6145701812097695,0.013441160034766142,False,
14,20221,12380.662357093424,12123.640529591175,16.077387184196958,12.738875429279295,4.44280254044933,12.095356747605358,8.985290262084117,-1.116291303370792,2.120005347196785,False,
14,20222,12343.410440092872,12455.84308772129,15.407289781373512,13.262367620996296,3.0565681445197175,13.580386066573746,10.6127579985346,1.5876722994789247,-0.9026498394095195,False,
14,20223,12726.52242775086,12697.913645616603,15.63404672648836,15.150040028586004,5.62871151279864,12.71557677978976,11.840052311652554,3.610497318533934,0.22530301380756512,False,
14,20224,12835.956204420823,12816.227648426157,10.464664229638764,14.395846980424398,3.5190170214432666,10.309707608972719,12.175256800735395,4.0927103428246845,0.15393418824836136,False,
14,20231,12806.123641876957,12825.552088237178,3.436498569398161,11.235624826724699,-1.503250602554596,5.789610446901561,10.598820225559447,1.6135299634753295,-0.15148233952471113,False,
14,20232,13179.729117161727,12971.303003646335,6.775426298329945,9.077658955963807,-4.184708665032488,4.138298084640879,8.23829823007623,-2.374459768458369,1.6068247997660823,False,
14,20233,14032.220506921574,13743.787279196054,10.259661164966548,7.734062565583355,-7.4159774630026485,8.236578565333797,7.118548676462239,-4.721503635190316,2.0986444410568073,False,
14,20234,14926.628092974184,14148.98945254322,16.287620924051716,9.189801739186592,-5.206045241237806,10.399017875441107,7.140876243079336,-5.03438055765606,5.496071949443615,False,
14,20241,15880.280574017512,15233.26062060518,24.005366636378845,14.332018755931763,3.096393929207064,18.772747682154023,10.38666055189245,-0.21215967366699573,4.247416029481843,False,
14,20242,15995.870719606284,16278.723439873129,21.367219139409887,17.979966966201747,8.90230801023794,25.49798146953357,15.726581398115624,7.488283168039393,-1.7375608186451785,False,
14,20243,16323.256411590044,16849.246501148584,16.3269662384395,19.496793234569985,11.762730668986631,22.59536733847196,19.316278591400163,12.197729914937923,-3.1217425035753643,False,
14,20244,16548.275690816088,16972.408508539345,10.86412542565589,18.14091935997103,8.951117620784437,19.95491667773226,21.70525329197295,14.564377048893615,-2.4989548036736364,False,
14,20251,16436.954203402074,16682.10157555931,3.505439509018271,13.015937578130886,-1.3160811778008767,9.511036350250347,19.389825458997034,9.003164907104583,-1.4695233154340626,False,
14,20252,16386.713961050413,16507.2064373036,2.443400851977806,8.284983006272867,-9.69498395992888,1.4035682728709808,13.366222159831388,-2.3603592382842358,-0.7299386283853293,False,
14,20253,16291.003915533429,16444.390322810366,-0.1975861632223963,4.153844905857393,-15.342948328712591,-2.4028147389891785,7.116676640466102,-12.19960195093406,-0.9327582492624997,False,
14,20254,16576.887642808255,16759.213075944503,0.17289989922060212,1.4810385242485706,-16.659880835722458,-1.256129514485682,1.8139150924116167,-19.891338199561336,-1.0879116597541816,False,
14,20261,16470.573676205182,16522.655483872208,0.20453590359306162,0.6558126228922684,-12.360124955238618,-0.955791396934691,-0.8027918443846427,-20.192617303381677,-0.31521451087486163,False,
14,20262,16783.491477744396,16722.656815563725,2.4213366855434515,0.6502965812836797,-7.634686424989187,1.305189821660191,-0.8273864571873402,-14.193608617018729,0.3637858675904493,False,
15,20063,3211.0,4363.450301310089,,,,,,,-26.411445570127746,False,
15,20064,3777.0,4896.118753824928,,,,,,,-22.857263275133064,False,
15,20071,7062.859050052712,5649.625717556676,,,,,,,25.014636422804017,False,
15,20072,5289.0,6259.24913319187,,,,,,,-15.50104673173628,False,
15,20073,5835.806577405288,6632.17013804881,81.74420982264989,,,51.9937132332539,,,-12.007586416922233,False,
15,20074,5625.0,5989.830638410667,48.92772041302622,,,22.33834470888423,,,-6.09083395565706,False,
15,20081,5268.0,5862.346583539417,-25.412641500177134,,,3.7652205051689203,,,-10.13837334708686,False,
15,20082,5349.0,6039.540835902385,1.1344299489506549,26.59842967111241,,-3.5101382388568747,18.646785052112545,,-11.433664489813978,False,
15,20083,5891.0,6086.05111606114,0.9457719659250907,6.398820206931209,,-8.23439403121734,3.5897582359947338,,-3.2048879041846834,False,
15,20084,5513.0,5955.40828225085,-1.9911111111111102,-6.330887674103125,,-0.5746799573777439,-2.138497930570759,,-7.428680978420532,False,
15,20091,5218.0,5831.24684510047,-0.9491268033409272,-0.21500899989407296,,-0.5304998262346095,-3.2124280134216416,,-10.516564662594108,False,
15,20092,5095.0,5627.68630885187,-4.748551131052537,-1.6857542698948709,-28.28418394100728,-6.819301967497637,-4.039718945581832,-22.686503997694377,-9.465458442735164,False,
15,20093,5105.0,5814.48958404692,-13.342386691563402,-5.257793934266994,-11.656614141198203,-4.462031731832939,-3.0966283707357323,-6.686386606730466,-12.202095709200854,False,
15,20094,5472.0,5689.821058069875,-0.7436967168510833,-4.945940335701987,1.3849473384011377,-4.459597253348946,-4.0678576947285325,-1.9293597641577733,-3.828258496125103,False,
15,20101,5628.0,5685.333526792405,7.857416634725944,-2.7443044761852695,-2.5292954762911966,-2.502266190817559,-4.56079928587427,-1.3483712724526287,-1.0084461451947857,False,
15,20102,5938.0,5777.52589748196,16.545632973503444,2.579241549953726,4.264995819848597,2.6625433687447186,-2.190337951813681,1.849380993768151,2.777557476427406,False,
15,20103,5614.0,5781.676812575783,9.97061704211557,8.407492483373469,13.665286417640463,-0.5643276335237535,-1.215911927236385,1.8807164434993473,-2.900141568118564,False,
15,20104,5735.0,5774.420183522276,4.806286549707606,9.794988300013141,14.740928635715129,1.4868503699674962,0.27069997859272554,4.338557673321258,-0.682669121217816,False,
15,20111,5905.0,5802.128873743917,4.9218194740582755,9.061089009846224,11.805393486031495,2.0543270927045665,1.409848299473257,5.970647585347527,1.7729893370965977,False,
15,20112,5949.0,5793.410736348339,0.18524755810036542,4.970992655995454,2.3917511060417285,0.2749418894565592,0.8129479296512171,3.0032858814648984,2.685624595464664,False,
15,20113,6098.0,5739.40577105334,8.621303883149277,4.633664366253881,-3.7738281171195878,-0.7311207957957588,0.7712496390832158,1.9871615663196007,6.247933030893682,False,
15,20114,5720.0,5684.71115980627,-0.26155187445510153,3.3667047602132043,-6.428283539799937,-1.5535589871342737,0.011147299807773292,-0.25955267878495225,0.620767514860554,False,
15,20121,5606.0,5545.17052163553,-5.063505503810328,0.8703735157460533,-8.190715494100171,-4.428690877088027,-1.609607192640375,-3.0194554921136323,1.0969812042232352,False,
15,20122,5808.0,5320.29027588925,-2.3701462430660625,0.2315250654544465,-4.7394675905410075,-8.166527145929637,-3.719974451486924,-4.532922381138141,9.16697583816013,False,
15,20123,5521.0,5414.09451168968,-9.462118727451617,-4.289330587195777,-8.922994953449658,-5.668030321263662,-4.9542018328539,-5.725451471937116,1.9745774308058017,False,
15,20124,5593.0,5279.37022962535,-2.2202797202797164,-4.779012548651931,-8.145717308865136,-7.130369842655893,-6.348404546734304,-6.359551846542078,5.940666343396561,False,
15,20131,5430.0,5008.555674551985,-3.13949339992865,-4.298009522681511,-5.168383038427564,-9.677156815824528,-7.66052103141843,-6.0509138387780546,8.414488184474722,False,
15,20132,5603.0,5010.231758353965,-3.529614325068875,-4.587876543182214,-4.819401608636661,-5.82784963708508,-7.075851654207291,-3.355877202720367,11.831154130897525,False,
15,20133,5605.0,5089.565532482307,1.5214635029885848,-1.8419809855721638,2.447349601623613,-5.994150610165294,-7.157381726432698,-2.203179893578798,10.12727833501934,False,
15,20134,5693.0,5036.451137670578,1.78794922224208,-0.8399237499417146,3.939088798710216,-4.601289195283631,-6.525111564589633,-0.17670701785532827,13.035942261381383,False,
15,20141,5668.0,5115.15993133938,4.383057090239406,1.0407138726002994,5.338723395281811,2.1284430824846545,-3.5737115900123375,4.086809441406093,10.807874554879483,False,
15,20142,5860.0,5115.602970636464,4.586828484740324,3.069824575052599,7.657701118234813,2.1031205214570248,-1.5909690503768112,5.48488260383048,14.551501233312504,False,
15,20143,5921.0,5137.953076328713,5.637823371989303,4.098914542302779,5.940895527874943,0.9507205190224965,0.14524873192013632,7.3026304583528345,15.240445213073217,False,
15,20144,5793.0,5157.545982652879,1.7565431231336692,4.091063017525676,4.930986767467391,2.404368506160237,1.8966631572811032,8.421774721870737,12.320859949371975,False,
15,20151,5988.0,5166.05979843165,5.6457304163726185,4.40673134905898,3.3660174764586803,0.9950787028264463,1.6133220623665512,5.187033652378888,15.910388838663469,False,
15,20152,6068.0,5119.0902626431625,3.549488054607508,4.147396241525776,1.077571666473177,0.06816971580310138,1.1045843609530703,2.6955534113298816,18.536686963337168,False,
15,20153,6044.0,5222.386151085555,2.0773517986826473,3.257278348199111,-0.8416361941036681,1.6433212507493966,1.2777345438847953,1.132485811964659,15.73253729511479,False,
15,20154,6109.0,5150.958321935431,5.454859312963922,4.1818573956566745,0.09079437813099833,-0.12772858913143725,0.6447102700618768,-1.2519528872192265,18.599290038607673,False,
15,20161,5993.0,5255.94097405779,0.08350033400132961,2.791299875063852,-1.6154314739951277,1.7398400160491212,0.8309005983675455,-0.7824214639990057,14.023350520490553,False,
15,20162,6218.0,5258.37873847627,2.4719841793012565,2.5219239062372893,-1.6254723352884866,2.7209615124306863,1.4940985475244417,0.3895141865713714,18.2493751258739,False,
15,20163,6162.0,5343.550304323327,1.9523494374586337,2.4906733159312857,-0.7666050322678255,2.320091807316582,1.663291186666238,0.38555664278144275,15.316590077097004,False,
15,20164,6163.0,5476.062108329577,0.8839417253232895,1.3479439190211278,-2.833913476635547,6.3115204215434595,3.273103439334962,2.6283931692730853,12.54437729304656,False,
15,20171,6136.0,5411.309952073716,2.386117136659438,1.9235981196856549,-0.8677017553781972,2.9560639813649647,3.577159430663923,2.7462588322963777,13.392137104409784,False,
15,20172,6314.0,5515.506479348831,1.543904792537787,1.6915782729947875,-0.8303456332425019,4.889867270136361,4.119385870090342,2.6252873225659004,14.47724744120762,False,
15,20173,6433.0,5685.179515402181,4.397922752353134,2.3029716017184123,-0.1877017142128734,6.393300177270733,5.137687962578879,3.4743967759126413,13.153858775643545,False,
15,20174,6389.0,5820.950446387819,3.6670452701606404,2.9987474879277505,1.6508035689066227,6.298108590361595,5.134335004783413,1.8612315654484508,9.75870794372906,False,
15,20181,6508.0,5875.315707845266,6.062581486310292,3.917863575340464,1.994265455654809,8.574739940626275,6.539003994598741,2.961844563934818,10.768515661378263,False,
15,20182,6651.0,6103.943000466402,5.33734558124801,4.866223772518019,3.1746454995232316,10.66876674555266,7.983728863452816,3.8643429933624738,8.962354325585897,False,
15,20183,6750.0,6293.386473820588,4.927716461992859,4.998672199927951,2.6957005982095383,10.69811352078971,9.05993219933256,3.92224423675368,7.255450274329189,False,
15,20184,6905.0,6364.949945067597,8.07638128032555,6.101006202469178,3.1022587145414278,9.34554423182481,9.821791109698363,4.687456104914951,8.484749441759632,False,
15,20191,7032.0,6376.427263250384,8.051628764597417,6.59826802204096,2.6804044467004964,8.529100057312466,9.81038113886991,3.2713771442711694,10.28119211094769,False,
15,20192,7435.0,6512.060516650602,11.787701097579317,8.210856901123787,3.344633128605768,6.686129214394954,8.814721756080484,0.830992892627668,14.172771905137349,False,
15,20193,7661.0,6865.42707264482,13.496296296296295,10.353001859699646,5.354329659771695,9.08955140771701,8.41258122781231,-0.6473509715202486,11.588105429378558,False,
15,20194,7634.070064099633,7327.015691696569,10.558581666902711,10.973551956343936,4.872545753874758,15.11505596952114,9.854959162236392,0.0331680525380289,4.190715365207098,False,
15,20201,8354.078188761916,7821.851428627197,18.80088436805909,13.660865857209355,7.062597835168395,22.668245174022527,13.389745441413908,3.579364302543997,6.804357829999463,False,
15,20202,8040.593185995784,7844.34,8.145167262888808,12.750232398536728,4.539375497412941,20.458647150819775,16.832874925520116,8.018153169439632,2.5018444635977577,False,
15,20203,8108.9977991418045,7870.02,5.847771820151482,10.838101279500522,0.4850994198008767,14.632635620848177,18.218645978802904,9.806064750990593,3.03655898132158,False,
15,20204,8232.809641263313,8071.04,7.842992953121342,10.159204101055181,-0.8143478552887551,10.154534118803738,16.978515516123554,7.123556353887162,2.004322135230563,False,
15,20211,8423.430648940894,8305.29957325968,0.8301629289545254,5.66652374127904,-7.994342115930316,6.180738013804632,12.856638726069079,-0.5331067153448288,1.4223577926262498,False,
15,20212,8577.596311834412,8518.271200963,6.67865060968289,5.299894577977561,-7.450337820559167,8.591305335605037,9.889803272265397,-6.943071653254719,0.6964454344292825,False,
15,20213,8890.989707683131,8706.05045702318,9.64350870367836,6.2488287988592806,-4.589272480641242,10.622977540377022,8.887388752147608,-9.331257226655296,2.124261185630516,False,
15,20214,9506.858141519631,9215.61250563012,15.47525760671926,8.156894962258761,-2.00230913879642,14.181227024399835,9.894061978546631,-7.084453537576923,3.1603502828659424,False,
15,20221,10029.287546565776,9476.37670777903,19.06416713749275,12.715396014393315,7.048872273114275,14.100359947157504,11.87396746188485,-0.9826712641842281,5.834622829344349,False,
15,20222,10337.631206091748,9941.55367220931,20.51897559959819,16.17547726187214,10.875582683894578,16.70858367464758,13.903287046645485,4.013483774380088,3.98406071064763,False,
15,20223,10519.515024997032,10301.2422190375,18.31658084033787,18.343745296037017,12.094916497177737,18.322794818257428,15.828241366115586,6.940852613967978,2.1188979087992665,False,
15,20224,10453.2801779499,10405.513275356978,9.955150506526733,16.963718520988888,8.806823558730127,12.911792558551127,15.51088274965341,5.616820771106779,0.4590537855162502,False,
15,20231,11111.78819725096,9992.32468970246,10.793395300106368,14.89602556164229,2.1806295472489747,5.444570196327203,13.346935311945835,1.472967850060984,11.203233905140797,False,
15,20232,11396.559746116664,10304.9446979337,10.24343506664187,12.32714042840321,-3.848336833468929,3.6552739914307075,10.083607891141616,-3.8196791555038683,10.593118936405821,False,
15,20233,11713.324742368844,10933.2574930219,11.348524285910688,10.585126289796415,-7.758619006240602,6.135330677074902,7.036741855845985,-8.7914995102696,7.134810918381995,False,
15,20234,12498.112127463888,11387.411395999625,19.561629600509,12.986746063291982,-3.976972457696906,9.436325673314382,6.167875134536798,-9.343007615116612,9.753759593286059,False,
15,20241,12837.613691947758,11800.151853827872,15.531482998602897,14.171267987916114,-0.7247575737261762,18.092157933863582,9.329772068920892,-4.017163243024942,8.79193633244084,False,
15,20242,13536.565198991217,12504.26609841213,18.777644311510343,16.304820299133233,3.9776798707300234,21.342389163130846,13.751550861845928,3.6679429707043116,8.25557527690628,False,
15,20243,14724.5750503466,12806.650295783144,25.707904239055313,19.89466528741939,9.309538997622974,17.134809126712035,16.501420474255212,9.464678618409227,14.976006295689782,False,
15,20244,14141.709213794946,12914.4787347101,13.150762847769194,18.291948599234438,5.305202535942456,13.410135856222173,17.49487301998216,11.32699788544536,9.50274884720228,False,
15,20251,14256.92747253414,12674.842518746058,11.055900377159888,17.173052943873685,3.0017849559575716,7.412537361834404,14.824967876974863,5.495195808053971,12.482087658668606,False,
15,20252,15019.995769029292,12625.005105844168,10.958692609471022,15.218315018363855,-1.0865052807693782,0.9655825178526145,9.730766215655306,-4.020784646190622,18.970215402736535,False,
15,20253,14528.864688001217,12553.485734405042,-1.3291409882879912,8.459053711528027,-11.435611575891363,-1.9768210697645228,4.952858666536166,-11.548561807719047,15.735700787728636,False,
15,20254,14061.53381099778,12546.255183279172,-0.5669428043319935,5.0296272985027315,-13.262321300731706,-2.8512459464682616,0.8875132158635576,-16.6073598041186,12.077537126281879,False,
15,20261,13902.721427163542,12632.07034065969,-2.484448672780115,1.6445400360177307,-15.528512907855955,-0.33745727430624095,-1.0499854431716036,-15.874953320146467,10.058929789315085,False,
15,20262,14312.25383255804,12589.78262918211,-4.711998241241789,-2.273132676660472,-17.491447695024327,-0.278989801324947,-1.361128522965994,-11.0918947386213,13.681500738411323,False,
16,20063,2499.0089302648444,2043.8269174883983,,,,,,,22.27106458387418,False,
16,20064,2768.751404455477,2543.456446825679,,,,,,,8.857826439724326,False,
16,20071,2499.814669439068,2419.633446156296,,,,,,,3.3137756220944725,False,
16,20072,3258.0908026063094,2979.092407900493,,,,,,,9.3652145185533,False,
16,20073,4015.4138644710392,3457.3182185973224,60.68025271304198,,,69.159051043614,,,16.142443668380157,False,
16,20074,3822.867290661065,3117.0105731695794,38.07188628452898,,,22.550184692948672,,,22.645310335720946,False,
16,20081,4108.0,3484.483184568065,64.3321823102107,,,44.00872124260533,,,17.894097414312114,False,
16,20082,3842.157640079908,3418.0895393989026,17.926659287898737,45.2527451489201,,14.735935358507103,37.61347308441878,,12.406582560022139,False,
16,20083,3892.24437608656,3105.529647215517,-3.0674170220484798,29.315827715147485,,-10.175186347889332,17.779913736542944,,25.33270708191204,False,
16,20084,3770.753075099373,3234.561025234537,-1.363223245782108,19.457050332569715,,3.771256122029265,13.085181593813092,,16.576965024982226,False,
16,20091,3646.170595668304,3153.138196988371,-11.242195821122102,0.563455799736515,,-9.509157313404215,-0.29428804518929486,,15.6362445246085,False,
16,20092,3366.4236246574924,2970.9552674306983,-12.381949414561799,-7.013696375878618,-52.266441524798715,-13.081408980492547,-7.248624129939207,-44.86209721435799,13.311151519585064,False,
16,20093,3500.0,2968.8171438589925,-10.077588614334132,-8.766239273950031,-38.08206698909751,-4.40222824725256,-5.805384604780015,-23.58529834132296,17.892070491433287,False,
16,20094,3459.0,3069.164622807056,-8.26766083300634,-10.49234867075609,-29.949399003325805,-5.113411097738929,-8.026551409722064,-21.111733003535157,12.701677006702926,False,
16,20101,3511.0,2951.9474203502023,-3.7071933998065965,-8.608598065427213,-9.172053865163727,-6.380652038351197,-7.244425090958808,-6.950137045769513,18.93843283914165,False,
16,20102,3538.0,3053.48145553344,5.096695914494842,-4.238936733163054,2.7747596427155647,2.7777660945434324,-3.2796313221998137,3.9689928077393937,15.867741511530319,False,
16,20103,3563.0,3013.497731066199,1.8000000000000016,-1.2695395795795197,7.496699694370512,1.504996267608738,-1.8028251934844892,4.002559411295525,18.234699939176103,False,
16,20104,3663.0,3106.4168084213197,5.89765828274067,2.271790199357233,12.764138870113324,1.2137565165922348,-0.22103328990169802,7.805518119820366,17.91720898721043,False,
16,20111,3651.0,3135.83012546742,3.9874679578467687,4.195455538770574,12.804053604197787,6.229199878343472,2.9314296892719693,10.175854780230777,16.428500713372983,False,
16,20112,3671.0,3150.9824099944685,3.759185980780111,3.861078055341891,8.100014788504945,3.193107797800443,3.035265115086222,6.314896437286036,16.50334791956025,False,
16,20113,3679.0,3067.244025188489,3.2556834128543377,4.2249989085554756,5.494538488134995,1.7835186523692537,3.1048957112763507,4.90772090476084,19.944809405046193,False,
16,20114,3747.0,3092.2602190193147,2.29320229320229,3.32388491117088,1.052094711813647,-0.45572086024088243,2.6875263670680716,2.9085596569697696,21.173502053728544,False,
16,20121,3750.0,3060.981527958761,2.7115858668857795,3.004914388430633,-1.190541150339941,-2.3868830425724186,0.5335056368390989,-2.39792405243287,22.509723294564154,False,
16,20122,3602.0,3050.9557399563028,-1.8795968400980634,1.5952186832110897,-2.2658593721308016,-3.1744598040565175,-1.0583862636251413,-4.093651378711364,18.06136525768118,False,
16,20123,3673.0,2928.203543218857,-0.16308779559662812,0.740525881098348,-3.4844730274571276,-4.533075321944358,-2.637534757203544,-5.742430468479895,25.435269296970333,False,
16,20124,3691.0,2904.635138145165,-1.494528956498531,-0.20640693132685717,-3.5302918424977374,-6.067570889414132,-4.040497264496857,-6.728023631564929,27.07275869274892,False,
16,20131,3655.0,2856.5670184647056,-2.533333333333332,-1.517636731381635,-4.522551119812268,-6.678070665469549,-5.113294170221139,-5.646799807060238,27.95078765435097,False,
16,20132,3623.0,3074.909300536451,0.5830094392004437,-0.9019851615570083,-2.497203844768098,0.7851166198986403,-4.123400064232349,-3.065013800607208,17.824613537964474,False,
16,20133,3606.0,2919.718701698057,-1.8241219711407575,-1.3172437054430406,-2.0577695865413888,-0.28976269564487955,-3.06257190765748,-0.4250371504539361,23.505048548095186,False,
16,20134,3625.0,3098.2306648410768,-1.7881332972094266,-1.3906447906207644,-1.1842378592939071,6.665054903230883,0.12058454050377332,4.16108180500063,17.002263296168874,False,
16,20141,3620.0,2950.257834503852,-0.9575923392612817,-0.996709542102752,0.520927189278883,3.2798395918434142,2.6100621048320143,7.7233562750531535,22.701140139800003,False,
16,20142,3688.0,3011.479063591604,1.7940932928512288,-0.6939385786900558,0.20804658286695243,-2.0628327779873445,1.8980747553605175,6.021474819592867,22.464739821287406,False,
16,20143,3736.0,3169.2823169642083,3.605102606766497,0.6633675657867579,1.9806112712297985,8.547522578836443,4.107396073980848,7.169967981638328,17.881577794515913,False,
16,20144,3750.0,2994.304065298844,3.4482758620689724,1.9724698556063578,3.363114646227122,-3.3543854794802264,1.602535978303071,1.4819514377992977,25.237782076274694,False,
16,20151,3647.0,2955.3472137847025,0.7458563535911678,2.3983320288194703,3.3950415709222224,0.17250625424427568,0.8257026439032865,-1.7843594609287279,23.40343574484931,False,
16,20152,3743.0,2951.3166728143337,1.4913232104121432,2.322639508209699,3.016578086899755,-1.9977688540035232,0.8419686248992418,-1.0561061304612758,26.82475027089277,False,
16,20153,3749.0,3064.603764057088,0.34796573875803816,1.508355291207584,0.844987725420826,-3.302910326000552,-2.120639601310007,-6.2280356752908546,22.33229117479354,False,
16,20154,3785.0,3056.3041605186845,0.9333333333333416,0.8796196590236762,-1.0928501965826816,2.070601177026843,-0.7643929371832395,-2.3669289154863105,23.842386137302807,False,
16,20161,3777.0,2951.1094964483573,3.564573622155187,1.584298976164681,-0.8140330526547892,-0.14339152153016732,-0.8433673811268504,-1.669070025030137,27.98576279685987,False,
16,20162,3781.0,3095.268330841848,1.0152284263959421,1.4652752801606308,-0.8573642280490681,4.877540229874566,0.875459889842672,0.03349126494343013,22.154191361226736,False,
16,20163,3836.0,3202.340800768731,2.320618831688459,1.958438553393236,0.4500832621856521,4.494448461072786,2.8247995866110065,4.945439187921013,19.787375506040995,False,
16,20164,3858.0,3135.342326985115,1.9286657859973522,2.2072716665592385,1.3276520075355622,2.5860700478520737,2.953666804317314,3.7180597415005536,23.048764621175465,False,
16,20171,3851.0,3046.051949452975,1.9592268996558193,1.8059349859343967,0.22163600976971565,3.2171782551233763,3.7938092484807,4.63717662960755,26.425946238099506,False,
16,20172,3861.0,3265.075982439908,2.115842369743448,2.081088471771273,0.6158131916106422,5.48603976934936,3.9459341333493985,3.0704742435067267,18.25145940753188,False,
16,20173,3861.0,3283.8877584565867,0.651720542231482,1.663863899407029,-0.2945746539862071,2.5464796772498577,3.458941937393667,0.6341423507826605,17.57405502235112,False,
16,20174,3873.0,3376.8161630564605,0.38880248833592645,1.2788980749916725,-0.9283735915675659,7.701673721336255,4.737842855764711,1.784176051447397,14.693836234615398,False,
16,20181,3863.0,3360.0295268674977,0.31160737470787847,0.8669931937546873,-0.9389417921797094,10.307689514977202,6.510470670728168,2.716661422247468,14.969227773465832,False,
16,20182,3899.0,3571.2521727235344,0.984200984200978,0.5840828473690698,-1.4970056244022032,9.3773067435579,7.483287414280303,3.5373532809309047,9.177392450181298,False,
16,20183,3909.0,3460.158426218403,1.243201243201253,0.7319530226115125,-0.9319108767955164,5.367743380019263,8.188603339972655,4.729661402578988,12.971705872789618,False,
16,20184,3994.0,3783.693430499543,3.124193131939057,1.4158006835122952,0.13690260852062264,12.04913882770584,9.27546961656505,4.5376267608003396,5.558234919489524,False,
16,20191,4243.0,3843.652394834028,9.836914315298984,3.7971274186600716,2.9301342249053843,14.393411251281595,10.296900050641149,3.786429379912981,10.389795021597315,False,
16,20192,4496.0,4154.84461713761,15.311618363683,7.378981763530577,6.794898916161507,16.34139557187899,12.037922257721421,4.554634843441118,8.211026266908195,False,
16,20193,4539.0,4317.52878620637,16.11665387567154,11.097344921648148,10.365391899036634,24.778355623588723,16.890575318613784,8.70197197864113,5.129582795167131,False,
16,20194,4688.0,4369.241766018286,17.376064096144205,14.660312662699436,13.244511979187141,15.47557555267991,17.747184499857305,8.471714883292254,7.295504599009628,False,
16,20201,4850.545708861504,4600.566987764206,14.318777017711625,15.780778338302596,11.983650919642525,19.692587028616092,19.07197844419093,8.77507839354978,5.433650281848923,False,
16,20202,4885.602845312577,4685.1783422591525,8.665543712468349,14.119259675498935,6.740277911968358,12.764225235621552,18.17768586012657,6.139763602405148,4.277841491019574,False,
16,20203,5112.931791515176,4539.4044176076495,12.644454538778938,13.25120984127578,2.153864919627633,5.138949672093163,13.267834372252679,-3.6227409463611053,12.634418993004948,False,
16,20204,5350.012250977429,4746.729097969169,14.121421735866658,12.437549251206395,-2.222763411493041,8.639653106101486,11.558853760608073,-6.188330739249231,12.709449824435271,False,
16,20211,5315.944843016614,4726.996344715452,9.59477885766271,11.256549711194166,-4.52422862710843,2.7481255525134474,7.322738391582411,-11.749240052608517,12.459254362647787,False,
16,20212,5683.830146687897,5069.574490175876,16.338358369452145,13.174753375440117,-0.9445063000588174,8.204514744925827,6.18281076890848,-11.99487509121809,12.116513086105375,False,
16,20213,6047.19727555356,5275.104464690857,18.272598230017103,14.581789298249658,1.3305794569738776,16.206972972699685,8.94981659406011,-4.318017778192569,14.6365406795399,False,
16,20214,6437.952474266431,5457.352502431822,20.335284710614232,16.135255041936553,3.697705790730158,14.970801783625799,10.532603763441188,-1.026249997166886,17.968419144587934,False,
16,20221,6884.962013515116,5698.985220598077,29.51530192341385,21.115385808374334,9.858836097180168,20.562505341669237,14.986198710730136,7.663460319147725,20.81031529315982,False,
16,20222,7203.402137327123,6147.828973141308,26.735000016225264,23.714546220067614,10.539792844627497,21.269131858205004,18.252352989049932,12.069542220141452,17.169852460070256,False,
16,20223,7457.668968996836,6394.448208145987,23.324386970890764,24.977493405286033,10.395704107036375,21.219366383121073,19.505451341655277,10.555634747595168,16.6272479851568,False,
16,20224,7468.296042367977,6205.553378516272,16.004212087927037,23.894725249614233,7.75947020767768,13.709960566979085,19.1902410374936,8.657637274052412,20.348590799707587,False,
16,20231,7565.667946850626,6375.522759128992,9.886850965906424,18.987612510237373,-2.1277732981369617,11.871193069349918,17.01741296941377,2.031214258683633,18.66741336649591,False,
16,20232,7473.005806874411,6459.2200627465245,3.742726900532678,13.239544231314229,-10.475001988753386,5.0650577783738715,12.966394449455986,-5.2859585395939455,15.695172703201177,False,
16,20233,7614.862415614641,6698.253598042214,2.1078093875082526,7.935399835468601,-17.042093569817432,4.751080625052295,8.849323009938791,-10.656128331716486,13.68429552802144,False,
16,20234,7655.291105616113,7028.515141783659,2.503851778066979,4.560309758003587,-19.334415491610645,13.26169824139285,8.737257428542232,-10.452983608951367,8.917615615656116,False,
16,20241,7730.233832419432,7214.910502541246,2.1751666439089323,2.6323886775042142,-16.35522383273316,13.16578694994619,9.060905898691301,-7.956507070722468,7.142477092358623,False,
16,20242,8299.1726164312,7614.204362271264,11.055348154510991,4.460543990998793,-8.779000240315437,17.88117277790391,12.26493464857381,-0.7014598008821764,8.995926843702629,False,
16,20243,8460.029018456848,8030.057052560532,11.098908380920335,6.708318739351814,-1.2270810961167875,19.88284610346167,16.047876018176154,7.198553008237363,5.354531892886261,False,
16,20244,8734.791416251546,8133.758734575519,14.101361995802941,9.607696293785803,5.047386535782216,15.725136397890394,16.66373555730054,7.926478128758308,7.389359597317746,False,
16,20251,9505.60267497224,7888.290967236624,22.966560663497404,14.805544798682922,12.173156121178707,9.333178345846417,15.705583406275597,6.644677507584296,20.50268828131454,False,
16,20252,9536.016294127312,8075.312652495966,14.903216680266818,15.767511930121879,11.306967939123087,6.0558959056775,12.749264188218993,0.48432953964518255,18.08850882299724,False,
16,20253,9375.981822597552,8641.58633564598,10.826828160310242,15.699491874969354,8.99117313561754,7.615503589609629,9.682428559755984,-6.365447458420171,8.498387430583666,False,
16,20254,8985.413882506984,8787.374370560889,2.869243858406745,12.891462340620306,3.2837660468345025,8.035837517615763,7.760103839687325,-8.903631717613216,2.253682426568271,False,
16,20261,9504.331349847664,8553.68187391266,-0.013374482061234705,7.146478554230646,-7.6590662444522755,8.43517194585852,7.535602239690352,-8.169981166585245,11.113921349288546,False,
16,20262,9457.851066538282,8633.38404450276,-0.8196842914075964,3.2157533113120427,-12.551758618809837,6.910833252187487,7.749336576317848,-4.999927611901144,9.549754971927783,False,
17,20063,2860.0,1871.9673874113803,,,,,,,52.780439404711245,False,
17,20064,3642.0,2236.271408745921,,,,,,,62.860374897088114,False,
17,20071,4209.0,3087.223934928209,,,,,,,36.33607696481782,False,
17,20072,5403.0,3721.0792095778456,,,,,,,45.19981155179353,False,
17,20073,5212.0,3951.582956789538,82.23776223776224,,,111.0925106582076,,,31.896509753005088,False,
17,20074,5076.0,4014.7906158696087,39.37397034596375,,,79.5305614590433,,,26.432496378158742,False,
17,20081,5103.0,3963.416171939793,21.240199572344977,,,28.381233609215293,,,28.752565428991183,False,
17,20082,5041.0,3957.2128246950633,-6.69998149176384,34.03798766607678,,6.345836834363094,56.33753564020732,,27.387639313749858,False,
17,20083,5214.0,3897.301267869999,0.038372985418266836,13.488140352990788,,-1.3736694765897117,28.220990606507993,,33.784884504184596,False,
17,20084,5542.0,4013.656303188661,9.180457052797486,5.939762029699223,,-0.028253345927042872,8.331286905265408,,38.078589230401775,False,
17,20091,4746.0,3835.347105785,-6.995884773662553,-1.11925905680266,,-3.2312798000244447,0.4281585529554738,,23.743689139411337,False,
17,20092,5101.0,3800.075515840812,1.190240031739731,0.8532963240732327,-33.184691342003546,-3.97090871316379,-2.151027833926247,-58.48856347413357,34.23417452459081,False,
17,20093,4755.0,3711.03742603341,-8.80322209436134,-1.357102445871669,-14.845242798862458,-4.779303139128066,-3.0024362495608363,-31.22342685606883,28.131286595038276,False,
17,20094,5275.0,3778.5326161068415,-4.817755322988093,-4.856655539818064,-10.796417569517287,-5.858092206226639,-4.459895964635735,-12.791182869901142,39.604458553940525,False,
17,20101,5020.0,3911.283098161242,5.773282764433207,-1.6643636552941234,-0.5451045984914635,1.9798988274543516,-3.1571013077660357,-3.5852598607215094,28.3466288175352,False,
17,20102,4846.0,3928.99178997732,-4.999019800039206,-3.211678613238858,-4.0649749373120905,3.3924661128210243,-1.3162576012698326,0.8347702326564146,23.339529809197536,False,
17,20103,4936.0,3972.028782271597,3.806519453207158,-0.05924322634673329,1.2978592195249357,7.03284085488598,1.636778397233679,4.639214646794516,24.268988735200182,False,
17,20104,4905.0,3964.459366746617,-7.014218009478668,-0.608358897969377,4.248296641848687,4.92060727085486,4.331453266504053,8.791349231139789,23.724310082290636,False,
17,20111,5066.0,3860.820402291629,0.9163346613545897,-1.8225959237390317,-0.15823226844490823,-1.2901826485875345,3.513932897493582,6.671034205259618,31.215634816709546,False,
17,20112,5123.0,3971.214078977576,5.716054477919941,0.8561726457507552,4.067851258989613,1.0746341875277787,2.934474916170271,4.250732517440103,29.003370206598422,False,
17,20113,4907.0,3911.232581086431,-0.5875202593192852,-0.2423372823808555,-0.1830940560341222,-1.5306082739510396,0.7936126339610159,-0.843165763272663,25.459171712999296,False,
17,20114,4793.0,3873.240684004247,-2.283384301732927,0.9403711445555797,1.5487300425249568,-2.300911027301744,-1.011766940578135,-5.343220207082188,23.746505601735123,False,
17,20121,4610.0,3613.7774196696514,-9.00118436636399,-1.5390086123740652,0.2835873113649665,-6.398717290121613,-2.2889006009616546,-5.802833498455237,27.567347532472454,False,
17,20122,4668.0,3675.939014502989,-8.881514737458518,-5.188400916218679,-6.044573561969434,-7.4353852147554855,-4.416405451532471,-7.350880367702742,26.987960942304824,False,
17,20123,4473.0,3636.470726264717,-8.84450784593438,-7.252647812872453,-7.010310530491598,-7.024942882465779,-5.7899891036611555,-6.583601737622171,23.003877569902585,False,
17,20124,4536.0,3549.92571414454,-5.361986229918636,-8.022298294918881,-8.96266943947446,-8.347401988080339,-7.301611843855804,-6.289844903277669,27.777321703563707,False,
17,20131,4629.0,3431.0981845693213,0.4121475054229995,-5.668965326972134,-4.129956714598069,-5.055077108678974,-6.965701798495145,-4.67680119753349,34.91307304518428,False,
17,20132,4531.0,3460.206522303263,-2.9348757497857703,-4.182305580053947,1.0060953361647327,-5.868772342211848,-6.574048580359236,-2.1576431288267646,30.945941255089338,False,
17,20133,4388.0,3488.616574219829,-1.9002906326849978,-2.4462512767416014,4.806396536130852,-4.0658694425064095,-5.834280220369393,-0.044291116708237155,25.780518054819556,False,
17,20134,4423.0,3383.64964978807,-2.4911816578483292,-1.7285501337240246,6.293748161194857,-4.683930812804049,-4.91841242655032,2.383199417305484,30.716842988665462,False,
17,20141,4433.0,3568.29023806602,-4.234175847915312,-2.8901309720586026,2.7788343549135313,3.998488125862809,-2.6550211179148744,4.310680680580271,24.233167826691272,False,
17,20142,4533.0,3406.3637181774816,0.04414036636504193,-2.1453769430208993,2.0369286370330473,-1.5560575294777834,-1.5768424147313582,4.997206165627878,33.07445637147952,False,
17,20143,4661.0,3461.8049401944995,6.221513217866903,-0.11492598038292412,2.3313252963586772,-0.768546312124474,-0.7525116321358744,5.081768588233518,34.64074609986907,False,
17,20144,4656.0,3410.9373148934,5.267917702916569,1.8248488598083004,3.553398993532325,0.8064565758762798,0.6200852150342079,5.538497641584528,36.50206879118536,False,
17,20151,4578.0,3491.9175244093526,3.270922625761341,3.701123478227464,6.591254450286066,-2.1403167500763765,-0.9146160039505885,1.740405113964286,31.102752799820355,False,
17,20152,4687.0,3460.9621040003926,3.397308625634232,4.539415543044761,6.6847924860656605,1.6028348802435977,-0.12489290152024324,1.4519495132111149,35.424770891957394,False,
17,20153,4676.0,3479.8718065033454,0.3218193520703627,3.0644920765956263,3.1794180569785504,0.5218915167366722,0.19771655569504332,0.9502281878309177,34.37276600997987,False,
17,20154,4697.0,3373.6281449277467,0.8805841924398594,1.9676586989764489,0.1428098391681485,-1.0938098980226907,-0.2773500627796993,-0.8974352778139072,39.226962730375135,False,
17,20161,4738.0,3345.274078929263,3.494975972040182,2.0236720355461593,-1.6774514426813045,-4.1995105684775265,-0.7921485173799868,0.12246748657060169,41.63264020257835,False,
17,20162,4646.0,3514.9236961011734,-0.8747599743972656,0.9556548855382846,-3.5837606575064767,1.5591500420766957,-0.8030697269217122,-0.678176825401469,32.17925627100924,False,
17,20163,4727.0,3592.0747821987466,1.090675791274598,1.1478689953393433,-1.916623081256283,3.224342215299747,-0.12745705228094362,-0.32517360797598693,31.59525585117562,False,
17,20164,4850.0,3497.249378143509,3.257398339365558,1.7420725320707682,-0.22558616690568067,3.6643408195899507,1.0620806271222167,1.3394306899019162,38.68041639554425,False,
17,20171,4792.0,3552.021712037374,1.139721401435212,1.1532588894195257,-0.8704131461266336,6.180289812734441,3.6570307224252083,4.449179239805195,34.909085261514285,False,
17,20172,4940.0,3725.628713570467,6.328024106758501,2.953954909708467,1.9983000241701827,5.9945829749593615,4.765888955645876,5.568958682567588,32.59506998124182,False,
17,20173,4911.0,3822.847866959791,3.8925322614766333,3.654419027258976,2.5065500319196325,6.424506691917653,5.5659300748003515,5.693387127081295,28.46443727057302,False,
17,20174,5148.0,3909.009674007969,6.144329896907208,4.376151916644388,2.63407938457362,11.773832842399123,7.593303080502645,6.531222453380428,31.695760034322838,False,
17,20181,5211.0,4095.359853524325,8.743739565943232,6.277156457771394,5.123897568351868,15.29658840895154,9.87237772955692,6.215347007131712,27.24156573238843,False,
17,20182,5206.0,4157.540075347895,5.384615384615388,6.041304277235615,3.087349367527148,11.592979198496266,11.271976785441147,6.506087829795272,25.21827584703129,False,
17,20183,5356.0,4306.159396001445,9.061290979433934,7.33349395672494,3.679074929465964,12.64270894007662,12.826527347480887,7.260597272680536,24.37997545964976,False,
17,20184,5507.0,4573.58908726702,6.973581973581977,7.5408069758936325,3.1646550592492444,17.001222014824215,14.13337464058716,6.540071560084515,20.4087182937273,False,
17,20191,5631.0,4696.130111462709,8.059873344847436,7.369840420619683,1.0926839628482892,14.669535264926271,13.976611354580843,4.104233625023923,19.907239926240173,False,
17,20192,5853.0,4623.881907048682,12.427967729542843,9.130678506851547,3.089374229615932,11.21677297751036,13.882559799334366,2.610583013893219,26.581952516513052,False,
17,20193,5881.0,4724.424017834377,9.802091112770729,9.315878540185746,1.9823845834608065,9.713170910982027,13.150175292060718,0.3236479445798306,24.480782795947786,False,
17,20194,6026.0,5021.983172160572,9.424368984928266,9.928575293022318,2.3877683171286854,9.803987116855172,11.350866567568458,-2.782508073018702,19.99243711936767,False,
17,20201,6249.0,5164.461460900749,10.974960042621195,10.65734696746576,3.2875065468460765,9.9727081303582,10.17665978392644,-3.799951570654404,21.00003160658872,False,
17,20202,6080.25601461224,5342.69780397586,3.8827270564196104,8.52103679918495,-0.6096417076665972,15.54572351494119,11.258897418284148,-2.6236623810502184,13.804977142587283,False,
17,20203,6406.3246905112,5464.2014128939545,8.932574230763478,8.303657578683136,-1.01222096150261,15.658573241245243,12.745248000849951,-0.4049272912107664,17.241737747699126,False,
17,20204,6624.22485816054,5527.549298674474,9.92739558845901,8.429414229565824,-1.4991610634564942,10.06706134175268,12.811016557074328,1.4601499895058705,19.84017690713411,False,
17,20211,6500.4181361635,5550.343772721518,4.0233339120419265,6.691507696921007,-3.9658392705447527,7.471879008919258,12.185809276714593,2.009149492788154,17.11739672975481,False,
17,20212,6675.50758051547,5905.282218539602,9.789909577371514,8.168303327158982,-0.3527334720259674,10.529968851037875,10.931870610738763,-0.32702680754538527,13.04298987705872,False,
17,20213,7450.70159655197,5961.803361643185,16.302278708846284,10.010729446679683,1.7070718679965466,9.106581385800162,9.293872646877492,-3.451375353972459,24.973957452001862,False,
17,20214,7527.57698368337,6097.519447130686,13.63709935676427,10.938155388755998,2.5087411591901745,10.311443962931154,9.354968302172113,-3.456048254902216,23.453103330824575,False,
17,20221,7717.90966060657,6262.296258305198,18.72943399855851,14.614680410385144,7.923172713464138,12.827178184579102,10.693793096087074,-1.4920161806275196,23.244083995082555,False,
17,20222,7928.95582068491,6581.307642897852,18.776822961418183,16.861408756396813,8.69310542923783,11.44780891649635,10.923253112451691,-0.008617498287071257,20.47690597234666,False,
17,20223,8475.20576094929,6747.279372509268,13.750438816009458,16.223448783187607,6.212719336507924,13.175141198377105,11.940393065595927,2.646520418718435,25.60923141081406,False,
17,20224,8520.31062787716,6461.986801826475,13.18795737786036,16.11116328846163,5.173007899705631,5.977305326468407,10.85685840648024,1.5018901043081279,31.852801455256774,False,
17,20231,8450.8058544951,6584.929658679987,9.496045252114671,13.802816101850668,-0.8118643085344761,5.1519983575818,8.938063449730915,-1.7557296463561585,28.335552428499987,False,
17,20232,8809.757210536312,6365.8865580359015,11.108668149639378,11.885777398905967,-4.975631357490846,-3.273226181645217,5.257804675195524,-5.665448437256168,38.39010686446209,False,
17,20233,8731.24,6843.006816534142,3.0209796230602937,9.203412600668676,-7.020036182518931,1.4187561940135485,2.3187084241046345,-9.621684641491292,27.593618333149838,False,
17,20234,9201.5143670012,6983.890866565186,7.995057561578167,7.905187646598127,-8.205975641863503,8.076526318363797,2.843513672078482,-8.013344734401759,31.753409994602123,False,
17,20241,9755.25266692758,7557.514956269708,15.4357683147889,9.390118412266684,-4.412697689583984,14.769866164138868,5.2479806237177495,-3.6900828260131657,29.08016356401162,False,
17,20242,10320.4580540714,7804.954206446583,17.148041738634024,10.899961809515347,-0.9858155893906204,22.60592668893999,11.717768841364052,6.459964166168528,32.229578561103025,False,
17,20243,9953.34889489317,8014.60056533942,13.99696829881174,13.64395897845321,4.440546377784534,17.121037289842555,15.643339115321304,13.324630691216669,24.19020528531659,False,
17,20244,9996.0,7835.160671269203,8.634292153561285,13.803767626448987,5.898579979850861,12.189047924265296,16.671469516796677,13.827955844718195,27.578749426982284,False,
17,20251,9781.14,8048.183154818331,0.2653681453088641,10.011167584078978,0.6210491718122935,6.492454217924704,14.602116530243137,9.354135906525388,21.532273953583836,False,
17,20252,10051.23,8154.386907151695,-2.6086831869365557,5.071986352686333,-5.827975456829013,4.4770627919443085,10.069900555994215,-1.647868285369837,23.26162732338226,False,
17,20253,9837.467365342036,8243.158184178366,-1.16424663472402,1.2816826193023934,-12.362276359150815,2.851765561809594,6.502582623985974,-9.14075649133533,19.34099947546477,False,
17,20254,9707.981789371124,8005.392047649754,-2.881334640144817,-1.5972240791241321,-15.40099170557312,2.1726596750564875,3.9984855616837724,-12.672983955112905,21.26803698791018,False,
17,20261,9757.71128832788,8008.832365647981,-0.23952945844879503,-1.723448480063547,-11.734616064142525,-0.4889400304811886,2.253136999582299,-12.348979530660838,21.836877622527197,False,
17,20262,9945.487212511169,8019.663004462572,-1.0520382827656993,-1.3342872540208326,-6.406273606707166,-1.6521647086792601,0.7208301244264073,-9.349070431567807,24.01377971838674,False,
