city_id,nbp_period_id,hedonic_qoq_index,hedonic_yoy_index,hedonic_qoq_pct,hedonic_yoy_pct,secondary_transaction_yoy_pct,headline_minus_hedonic_yoy_pp,comparison_available,opposite_direction
1,20071,117.5396396166473,,17.539639616647307,,,,False,False
2,20071,128.81097560975613,,28.810975609756127,,,,False,False
5,20071,129.48789308919402,,29.487893089194017,,,,False,False
6,20071,115.1500365077697,,15.150036507769698,,,,False,False
7,20071,95.46287997671078,,-4.537120023289219,,,,False,False
8,20071,117.26892616894264,,17.26892616894264,,,,False,False
9,20071,100.65286692417514,,0.652866924175143,,,,False,False
10,20071,,,,,,,False,False
11,20071,106.92194403534609,,6.921944035346087,,,,False,False
12,20071,115.0523560209424,,15.052356020942398,,,,False,False
13,20071,125.75404842201864,,25.75404842201864,,,,False,False
14,20071,109.74151069485347,,9.741510694853474,,,,False,False
15,20071,107.62540998113026,,7.625409981130261,,,,False,False
16,20071,98.24347464355976,,-1.7565253564402354,,,,False,False
17,20071,145.69569963517526,,45.69569963517526,,,,False,False
1,20081,98.59512547691536,124.25183021678512,-1.4048745230846436,24.251830216785123,29.6765028710243,5.424672654239178,True,False
2,20081,102.8688524590164,118.81656804733728,2.868852459016395,18.816568047337284,22.725494890627253,3.9089268432899686,True,False
5,20081,96.29622958194707,104.98814601811851,-3.703770418052926,4.988146018118513,46.56855755408999,41.58041153597148,True,False
6,20081,104.67425673869236,135.65525013409788,4.674256738692364,35.655250134097884,35.94409185145197,0.2888417173540887,True,False
7,20081,96.77581950068578,107.20706104637728,-3.2241804993142154,7.207061046377277,-0.6045305256802469,-7.811591572057523,True,True
8,20081,100.59482617802782,135.9072187023858,0.5948261780278159,35.90721870238579,35.25399353116367,-0.6532251712221182,True,False
9,20081,103.4792191636794,129.8846819588693,3.479219163679403,29.884681958869294,19.608446287880298,-10.276235670988996,True,False
10,20081,97.6900864024034,,-2.309913597596605,,9.35389359693466,,False,False
11,20081,106.42201834862388,143.801652892562,6.4220183486238795,43.801652892562004,32.52005087140919,-11.281602021152814,True,False
12,20081,91.421143847487,120.02275312855517,-8.578856152512998,20.022753128555166,4.66965351969737,-15.353099608857796,True,False
13,20081,100.23654615514543,117.1433666066844,0.2365461551454331,17.143366606684395,28.545512402868777,11.402145796184382,True,False
14,20081,98.95548119884955,113.56580792896736,-1.0445188011504456,13.56580792896736,16.879330288984228,3.3135223600168686,True,False
15,20081,98.4362847808461,103.72684040044632,-1.5637152191539059,3.7268404004463207,3.7652205051689203,0.03838010472259956,True,False
16,20081,98.7935096873172,136.61790719761285,-1.2064903126828028,36.61790719761285,44.00872124260533,7.3908140449924815,True,False
17,20081,95.5418244431172,114.92888484082104,-4.458175556882793,14.928884840821041,28.381233609215293,13.452348768394252,True,False
1,20091,96.3671875,96.7456891890241,-3.6328125,-3.2543108109758947,-8.128003919614834,-4.873693108638939,True,False
2,20091,98.41740850642928,99.1035856573705,-1.5825914935707175,-0.8964143426294982,-1.155885505683274,-0.2594711630537758,True,False
5,20091,84.1008252634739,118.95732112450256,-15.899174736526106,18.957321124502556,-2.3414211878999946,-21.298742312402553,True,True
6,20091,94.5198404392907,95.60493438750832,-5.480159560709296,-4.395065612491678,-3.949086642109789,0.4459789703818884,True,False
7,20091,89.60062221012024,88.02281690591475,-10.399377789879765,-11.977183094085248,-0.7948644879098299,11.182318606175418,True,False
8,20091,100.283405850772,101.38877225307404,0.28340585077199876,1.3887722530740376,0.48666775723866795,-0.9021044958353697,True,False
9,20091,98.8902255088429,91.78991473834084,-1.109774491157097,-8.21008526165916,-6.297132048548615,1.9129532131105442,True,False
10,20091,84.51330479270347,86.92766367842795,-15.486695207296535,-13.072336321572052,2.450038661489562,15.522374983061614,True,True
11,20091,97.45222929936304,87.9310344827586,-2.54777070063696,-12.068965517241395,-8.530304812173007,3.538660705068388,True,False
12,20091,95.56786703601108,98.1042654028436,-4.43213296398892,-1.8957345971564052,-1.1000003079685405,0.7957342891878647,True,False
13,20091,100.28076330051051,98.15577058580187,0.28076330051051457,-1.844229414198125,0.5517482086333292,2.395977622831454,True,True
14,20091,92.841675013117,91.79938644823928,-7.158324986883002,-8.200613551760725,-6.336672077488803,1.8639414742719218,True,False
15,20091,99.34734642314324,98.70405298253118,-0.6526535768567641,-1.2959470174688192,-0.5304998262346095,0.7654471912342098,True,False
16,20091,102.26879437851449,95.18221848216824,2.2687943785144853,-4.817781517831762,-9.509157313404215,-4.691375795572453,True,False
17,20091,94.3229280047523,96.70481624911127,-5.677071995247701,-3.295183750888725,-3.2312798000244447,0.06390395086428047,True,False
1,20101,103.74331550802138,98.2975273611674,3.7433155080213822,-1.702472638832603,1.1686633862885376,2.8711360251211406,True,True
2,20101,95.9047619047619,101.20603015075378,-4.095238095238102,1.2060301507537758,3.0178603439589002,1.8118301932051244,True,False
5,20101,111.22338737799788,107.98624662225696,11.22338737799788,7.986246622256957,0.8067530297344749,-7.179493592522482,True,False
6,20101,99.0661484445978,103.23125853468775,-0.9338515554021996,3.231258534687754,3.4780475792113963,0.24678904452364225,True,False
7,20101,105.92508413782072,112.23087519437505,5.925084137820718,12.230875194375045,0.12711297152396828,-12.103762222851078,True,False
8,20101,98.24570841146824,100.3933746952634,-1.754291588531757,0.39337469526340385,-0.7514206949141955,-1.1447953901775993,True,True
9,20101,99.922285978731,101.56859375680666,-0.07771402126900284,1.5685937568066635,-2.44491958724552,-4.013513344052184,True,True
10,20101,100.3977845148066,109.73863220752564,0.3977845148066024,9.73863220752564,-2.3721962888315185,-12.110828496357158,True,True
11,20101,96.62162162162164,93.4640522875817,-3.3783783783783576,-6.535947712418306,0.763947155950162,7.299894868368468,True,True
12,20101,103.0977734753146,102.89855072463769,3.0977734753145967,2.898550724637687,-1.1464638653428172,-4.045014589980504,True,True
13,20101,96.55661182417842,95.04324862956804,-3.443388175821582,-4.9567513704319595,-4.982540374176669,-0.025789003744709937,True,False
14,20101,102.76346440829876,103.7694826089386,2.763464408298759,3.7694826089386027,0.1921956454312479,-3.5772869635073548,True,False
15,20101,102.30811818271148,103.48992404685686,2.308118182711482,3.4899240468568564,-2.502266190817559,-5.992190237674416,True,True
16,20101,104.21371998724928,98.1578508195622,4.213719987249277,-1.8421491804378007,-6.380652038351197,-4.538502857913397,True,False
17,20101,101.75958247340316,99.4848519164361,1.7595824734031567,-0.5151480835639006,1.9798988274543516,2.4950469110182523,True,True
1,20111,99.48559670781891,99.69072164948454,-0.5144032921810862,-0.3092783505154557,7.985186464722438,8.294464815237895,True,True
2,20111,101.84466019417476,104.1708043694141,1.8446601941747645,4.1708043694141,1.3797878461446755,-2.791016523269424,True,False
5,20111,101.44927536231884,95.21024711546124,1.4492753623188435,-4.789752884538757,-1.8674164130617399,2.922336471477017,True,False
6,20111,101.97603404732136,105.01427959855428,1.9760340473213631,5.014279598554282,6.500066143120931,1.4857865445666487,True,False
7,20111,106.1755726733636,101.80557104909512,6.175572673363604,1.8055710490951213,-0.33029001760983556,-2.135861066704957,True,True
8,20111,102.2844024034408,106.00615927348537,2.2844024034407937,6.006159273485366,5.695805033441892,-0.3103542400434742,True,False
9,20111,104.41299790356392,101.17543392023605,4.4129979035639195,1.1754339202360455,0.5191175002495774,-0.6563164199864682,True,False
10,20111,104.99529828863128,108.94621338419957,4.995298288631275,8.946213384199567,6.733037783000784,-2.213175601198783,True,False
11,20111,93.14082887172856,102.4765034965035,-6.859171128271441,2.476503496503497,0.9622359142360759,-1.5142675822674212,True,False
12,20111,102.40518038852916,103.94366197183098,2.4051803885291605,3.943661971830977,8.740096529249008,4.796434557418031,True,False
13,20111,98.55466888711284,99.11729898973974,-1.4453311128871604,-0.8827010102602628,-0.4870401826655213,0.3956608275947415,True,False
14,20111,98.28831194467104,97.05413471729842,-1.7116880553289633,-2.9458652827015754,1.675597503531323,4.6214627862328985,True,True
15,20111,101.04032903834752,99.74008169693292,1.0403290383475223,-0.2599183030670815,2.0543270927045665,2.314245395771648,True,True
16,20111,98.0806142034549,105.25231719876416,-1.9193857965451002,5.25231719876416,6.229199878343472,0.9768826795793117,True,False
17,20111,106.4056779430312,103.86680305960968,6.405677943031193,3.86680305960968,-1.2901826485875345,-5.156985708197214,True,True
1,20121,103.84615384615384,103.3092037228542,3.8461538461538396,3.309203722854207,-3.5075825334544897,-6.8167862563086965,True,True
2,20121,95.68204121687928,92.94566253574833,-4.317958783120716,-7.054337464251674,-6.767806170123059,0.2865312941286149,True,False
5,20121,99.00891972249752,95.14285714285715,-0.9910802775024763,-4.857142857142847,-5.1801088462124945,-0.32296598906964746,True,False
6,20121,98.40162754814035,98.2236205220602,-1.598372451859646,-1.7763794779397983,-2.5604349864681075,-0.7840555085283092,True,False
7,20121,105.53070340834805,100.62131436048509,5.530703408348046,0.621314360485087,-0.29863065673250144,-0.9199450172175885,True,True
8,20121,96.27335978711992,95.27718057221055,-3.726640212880085,-4.722819427789446,-1.2839675577662857,3.4388518700231603,True,False
9,20121,99.86606222954872,97.30950707760265,-0.13393777045128274,-2.690492922397354,-4.650637871414509,-1.9601449490171552,True,False
10,20121,94.4580002916183,102.01125766498198,-5.541999708381695,2.011257664981983,-3.2955380165334613,-5.306795681515444,True,True
11,20121,101.6344108129728,100.7466035764182,1.6344108129728028,0.7466035764181953,-2.1471721869127824,-2.8937757633309777,True,True
12,20121,98.86363636363636,102.1680216802168,-1.1363636363636402,2.168021680216796,-0.13565634895961187,-2.303678029176408,True,True
13,20121,105.6564298839139,92.49763124880938,5.656429883913901,-7.502368751190616,-5.688812684722855,1.8135560664677612,True,False
14,20121,99.4682397645068,99.33145881370564,-0.531760235493195,-0.6685411862943624,-1.3790246611401713,-0.7104834748458089,True,False
15,20121,101.91339375629408,97.76512651090442,1.9133937562940844,-2.234873489095577,-4.428690877088027,-2.19381738799245,True,False
16,20121,121.74863387978144,109.00195694716244,21.748633879781437,9.00195694716244,-2.3868830425724186,-11.388839989734858,True,True
17,20121,99.16244442146626,94.75348285742515,-0.8375555785337383,-5.246517142574845,-6.398717290121613,-1.1522001475467682,True,False
1,20131,100.98360655737706,92.49249249249247,0.9836065573770583,-7.507507507507526,-7.4132605552532755,0.09424695225425062,True,False
2,20131,100.5324813631523,96.82051282051285,0.5324813631523,-3.179487179487154,-2.5618733196196897,0.6176138598674643,True,False
5,20131,96.29093383007329,95.03789865510734,-3.7090661699267145,-4.962101344892659,-3.9275463964271506,1.0345549484655083,True,False
6,20131,96.73302711782416,92.54668385163184,-3.2669728821758355,-7.45331614836816,-12.049766437246468,-4.596450288878309,True,False
7,20131,93.38112074152968,87.8961678800976,-6.618879258470315,-12.103832119902407,-9.626855234658416,2.4769768852439906,True,False
8,20131,97.56368602008726,93.70492104489291,-2.4363139799127396,-6.295078955107087,-6.070816888822694,0.2242620662843926,True,False
9,20131,98.41509433962264,94.17105127411531,-1.584905660377359,-5.828948725884686,-6.005937050223453,-0.1769883243387671,True,False
10,20131,106.82039417691853,102.08146506829026,6.820394176918526,2.0814650682902567,-2.867323104510322,-4.948788172800579,True,True
11,20131,89.01774163211552,89.78899377242486,-10.982258367884484,-10.21100622757514,-8.264824350259781,1.9461818773153592,True,False
12,20131,96.9298245614035,97.70114942528735,-3.0701754385964932,-2.2988505747126453,-3.2860569793741856,-0.9872064046615403,True,False
13,20131,95.75366583649108,95.60833205349245,-4.246334163508919,-4.391667946507553,-6.023068915790009,-1.6314009692824554,True,False
14,20131,98.90893800772032,94.07326541066416,-1.091061992279677,-5.926734589335837,-9.528222877774661,-3.6014882884388246,True,False
15,20131,93.1842385516507,86.46245059288538,-6.815761448349306,-13.537549407114625,-9.677156815824528,3.860392591290097,True,False
16,20131,97.7710233029382,86.62477558348294,-2.228976697061796,-13.375224416517057,-6.678070665469549,6.697153751047508,True,False
17,20131,95.97751818382191,90.8133472367049,-4.022481816178086,-9.1866527632951,-5.055077108678974,4.131575654616126,True,False
1,20141,101.1904761904762,101.1904761904762,1.190476190476204,1.190476190476204,-0.541504699525297,-1.731980890001501,True,True
2,20141,97.72234273318873,95.44491525423727,-2.277657266811275,-4.555084745762727,-3.534518119907548,1.0205666258551789,True,False
5,20141,107.4937022593982,104.687177254382,7.493702259398205,4.687177254381993,6.113579351825793,1.4264020974438,True,False
6,20141,99.48495363097491,101.69905267849488,-0.5150463690250859,1.6990526784948798,2.4974160581858973,0.7983633796910174,True,False
7,20141,96.57215109039208,97.3241860934773,-3.427848909607917,-2.6758139065227056,1.228328529469458,3.9041424359921635,True,True
8,20141,100.81118747243664,100.50533760808608,0.811187472436643,0.5053376080860801,-1.0436142216936894,-1.5489518297797695,True,True
9,20141,99.11033958988824,100.0766871165644,-0.8896604101117589,0.07668711656440053,1.4199329574045239,1.3432458408401233,True,False
10,20141,103.99116948459636,100.24506530205986,3.9911694845963552,0.24506530205985655,0.08745338419913207,-0.15761191786072448,True,False
11,20141,102.91435874691744,101.05895290275944,2.9143587469174435,1.0589529027594438,5.0010495711553915,3.9420966683959477,True,False
12,20141,99.04430929626412,103.16742081447966,-0.9556907037358826,3.167420814479655,0.8676416897725359,-2.2997791247071193,True,False
13,20141,102.14958040600222,102.27009325322108,2.1495804060022152,2.270093253221077,1.6228158991422825,-0.6472773540787946,True,False
14,20141,98.75657757779904,98.38198213170422,-1.2434224222009647,-1.6180178682957802,2.3549703297494284,3.9729881980452086,True,True
15,20141,101.94285714285714,101.94285714285714,1.942857142857136,1.942857142857136,2.1284430824846545,0.18558593962751857,True,False
16,20141,90.70254306719114,96.27980680553378,-9.297456932808856,-3.720193194466219,3.2798395918434142,7.000032786309633,True,True
17,20141,105.22648083623692,104.03031346882534,5.226480836236917,4.030313468825341,3.998488125862809,-0.0318253429625317,True,False
1,20151,101.87224669603523,98.93048128342244,1.8722466960352335,-1.0695187165775621,-0.591517315902379,0.47800140067518315,True,False
2,20151,101.07296137339056,104.55049944506104,1.0729613733905552,4.550499445061035,3.4075467643604807,-1.1429526807005548,True,False
5,20151,101.20332006127452,105.42185215926672,1.2033200612745247,5.42185215926672,-0.730589805111248,-6.152441964377968,True,True
6,20151,98.68863107666222,96.99405816395664,-1.3113689233377812,-3.0059418360433625,-3.9408685031882773,-0.9349266671449148,True,False
7,20151,99.65937191005628,105.9463077321378,-0.3406280899437206,5.946307732137797,2.195711686656643,-3.7505960454811538,True,False
8,20151,97.74976122757484,99.00757569705247,-2.2502387724251633,-0.9924243029475264,0.9825172023963047,1.974941505343831,True,True
9,20151,105.12644467330358,100.56923918992884,5.126444673303581,0.5692391899288367,0.8666522638496765,0.2974130739208398,True,False
10,20151,99.81877947641196,98.10398632426104,-0.18122052358803842,-1.8960136757389563,0.9819614848704417,2.877975160609398,True,True
11,20151,98.8655970265378,103.87098229885156,-1.1344029734622012,3.8709822988515583,0.0992032237795204,-3.771779075072038,True,False
12,20151,99.7391304347826,100.61403508771932,-0.2608695652174049,0.6140350877193157,4.922569188620973,4.308534100901658,True,False
13,20151,99.41418833074133,99.38964886996634,-0.5858116692586748,-0.6103511300336635,-1.3605935921072176,-0.7502424620735542,True,False
14,20151,98.65308575645444,101.98046186975918,-1.3469142435455552,1.980461869759182,1.562297333078977,-0.41816453668020515,True,False
15,20151,103.87685290763966,102.13004484304932,3.876852907639659,2.130044843049319,0.9950787028264463,-1.1349661402228728,True,False
16,20151,104.69633413118378,103.07559775747777,4.696334131183775,3.075597757477766,0.17250625424427568,-2.9030915032334903,True,False
17,20151,101.7057321884428,96.7439293598234,1.705732188442795,-3.2560706401766026,-2.1403167500763765,1.1157538901002262,True,False
1,20161,100.65005417118094,100.43243243243242,0.6500541711809404,0.4324324324324209,1.6218628284085268,1.189430395976106,True,False
2,20161,100.52301255230124,102.01698513800424,0.523012552301239,2.0169851380042445,1.9670561828271982,-0.04992895517704632,True,False
5,20161,102.542039567768,100.14307093880277,2.5420395677680006,0.1430709388027651,3.2530119220881337,3.1099409832853686,True,False
6,20161,97.14838079157074,96.19913535614802,-2.8516192084292555,-3.8008646438519804,-2.365535945322017,1.4353286985299634,True,False
7,20161,99.50487223484342,98.58242716183062,-0.49512776515658175,-1.4175728381693773,0.1399423262071986,1.557515164376576,True,True
8,20161,98.8841550010144,101.26704278810196,-1.1158449989855939,1.2670427881019606,-1.9754457644935552,-3.242488552595516,True,True
9,20161,100.24760469372376,101.3606182649396,0.24760469372375837,1.3606182649396033,1.3887623741657196,0.02814410922611632,True,False
10,20161,96.38630327705089,99.54509652363156,-3.613696722949115,-0.4549034763684432,-0.38382270353549686,0.07108077283294634,True,False
11,20161,100.1496007054308,101.2655615511237,0.1496007054307995,1.265561551123696,2.049621910170285,0.7840603590465891,True,False
12,20161,99.6554694229113,100.871839581517,-0.3445305770887046,0.8718395815169941,1.1427823958438221,0.270942814326828,True,False
13,20161,102.11501207144576,99.26944541828767,2.1150120714457614,-0.730554581712326,3.3139028906916446,4.044457472403971,True,True
14,20161,98.6244268336338,100.49822703617949,-1.3755731663661948,0.49822703617948605,1.3485757152629452,0.8503486790834591,True,False
15,20161,96.4818763326226,99.34138309549944,-3.5181236673773952,-0.6586169045005619,1.7398400160491212,2.398456920549683,True,True
16,20161,95.51102537691266,99.91202939457436,-4.488974623087344,-0.08797060542563884,-0.14339152153016732,-0.055420916104528484,True,False
17,20161,100.83850218240296,100.15972618368512,0.8385021824029621,0.15972618368512315,-4.1995105684775265,-4.35923675216265,True,True
1,20171,97.16859743570036,103.23509759853202,-2.831402564299637,3.235097598532022,1.7269890890518003,-1.5081085094802216,True,False
2,20171,101.10552763819094,104.68262226847034,1.1055276381909351,4.68262226847034,5.471405290783871,0.788783022313531,True,False
5,20171,100.44798195944423,99.70772369980024,0.4479819594442347,-0.2922763001997595,-0.7655485417767505,-0.473272241576991,True,False
6,20171,100.59816914098027,97.45814314307556,0.598169140980275,-2.54185685692444,-2.5921971457702475,-0.050340288845807546,True,False
7,20171,103.1078638629724,111.55986749228212,3.107863862972394,11.559867492282123,4.896919933513422,-6.6629475587687015,True,False
8,20171,98.41535433070868,102.57488715633976,-1.5846456692913193,2.5748871563397557,6.203814238534933,3.628927082195177,True,False
9,20171,99.50922863544224,100.1610824742268,-0.4907713645577587,0.16108247422680222,0.21052375980379345,0.049441285576991234,True,False
10,20171,100.88435384970332,108.84307634278284,0.8843538497033165,8.843076342782837,5.406207722581824,-3.436868620201013,True,False
11,20171,98.40296824505504,102.09821739710524,-1.5970317549449646,2.0982173971052447,1.8929275579273819,-0.2052898391778628,True,False
12,20171,100.4288164665523,101.21002592912704,0.42881646655230554,1.2100259291270419,3.6697427060505383,2.4597167769234964,True,False
13,20171,101.07115870123717,107.7205407249461,1.0711587012371666,7.720540724946105,3.1398283125957827,-4.580712412350322,True,False
14,20171,102.88638470008756,105.39332535917887,2.886384700087561,5.393325359178874,4.172426286799391,-1.220899072379483,True,False
15,20171,98.88324873096448,107.6243093922652,-1.1167512690355181,7.624309392265204,2.9560639813649647,-4.668245410900239,True,False
16,20171,100.73933662519904,105.51495322442412,0.7393366251990443,5.514953224424119,3.2171782551233763,-2.2977749693007423,True,False
17,20171,102.12014134275616,102.05034741997947,2.120141342756156,2.050347419979474,6.180289812734441,4.129942392754967,True,False
1,20181,100.45078164641164,104.25194196014472,0.45078164641164165,4.25194196014472,6.834825904336683,2.5828839441919635,True,False
2,20181,101.33079847908743,105.96421471172962,1.3307984790874343,5.964214711729625,8.429612972620237,2.4653982608906126,True,False
5,20181,104.78668210996244,111.5270085040812,4.786682109962442,11.527008504081195,12.510914827175345,0.9839063230941498,True,False
6,20181,100.45476816524489,103.51644523166068,0.45476816524488584,3.5164452316606827,8.08821119093266,4.571765959271977,True,False
7,20181,98.41271738042173,98.18334708098271,-1.587282619578275,-1.8166529190172866,5.551186128671759,7.367839047689046,True,True
8,20181,99.69022265246852,102.990299029903,-0.30977734753147956,2.9902990299029995,2.1693388258305246,-0.8209602040724748,True,False
9,20181,102.90478187919464,105.21067867481506,2.904781879194644,5.210678674815057,2.9418677625473455,-2.2688109122677114,True,False
10,20181,97.4014818532104,98.43088967382782,-2.5985181467896012,-1.5691103261721793,7.0253816080499965,8.594491934222177,True,True
11,20181,101.6925637672265,104.59546433730766,1.6925637672265026,4.595464337307661,8.110748023256708,3.515283685949047,True,False
12,20181,107.28987993138936,106.83176771989751,7.289879931389365,6.831767719897513,3.73156067890259,-3.100207040994923,True,False
13,20181,100.26120000046404,107.32775599730036,0.26120000046404357,7.327755997300358,9.368386715914156,2.040630718613798,True,False
14,20181,101.19381296547591,104.0961285407058,1.1938129654759138,4.096128540705806,5.200772696015421,1.1046441553096153,True,False
15,20181,101.93423597678915,108.2135523613963,1.9342359767891537,8.213552361396296,8.574739940626275,0.3611875792299788,True,False
16,20181,106.28101423448784,110.33929947702748,6.2810142344878415,10.339299477027481,10.307689514977202,-0.031609962050278995,True,False
17,20181,102.7600411946447,111.37403728094652,2.7600411946446997,11.374037280946524,15.29658840895154,3.922551128005015,True,False
1,20191,104.196462156134,114.11424264467396,4.196462156134004,14.114242644673965,14.429832027292356,0.3155893826183913,True,False
2,20191,105.8362369337979,113.97748592870543,5.836236933797906,13.977485928705434,14.566844593117168,0.5893586644117335,True,False
5,20191,105.58352862862274,111.54372447525232,5.583528628622744,11.543724475252318,12.756877110763277,1.2131526355109585,True,False
6,20191,102.24988946211056,105.70603542379212,2.249889462110559,5.706035423792116,6.409942629459087,0.7039072056669706,True,False
7,20191,100.70921801304658,112.114270997759,0.7092180130465806,12.114270997758993,11.3941203819512,-0.7201506158077926,True,False
8,20191,103.37749580145548,107.59370751602252,3.3774958014554812,7.593707516022519,9.732104009116348,2.138396493093829,True,False
9,20191,101.13041080783016,112.13696117395293,1.1304108078301596,12.136961173952926,14.241899265131664,2.104938091178738,True,False
10,20191,98.5076353196592,109.40276928329196,-1.492364680340799,9.40276928329196,10.972462268621896,1.5696929853299366,True,False
11,20191,100.56569048439836,108.40741993467778,0.5656904843983597,8.407419934677776,9.096607686243008,0.6891877515652318,True,False
12,20191,102.55417956656348,105.91526778577138,2.5541795665634766,5.915267785771377,7.957437375253185,2.0421695894818077,True,False
13,20191,99.19167709501475,112.19115899865582,-0.8083229049852463,12.191158998655823,16.023200283866256,3.8320412852104333,True,False
14,20191,101.34285107886777,107.42336000214348,1.342851078867767,7.4233600021434825,11.256436300977235,3.8330762988337526,True,False
15,20191,100.54794520547944,104.45920303605313,0.5479452054794365,4.459203036053125,8.529100057312466,4.06989702125934,True,False
16,20191,108.18095044527796,106.5929804738332,8.180950445277958,6.592980473833194,14.393411251281595,7.800430777448401,True,False
17,20191,103.10751019883406,115.47669136820711,3.1075101988340634,15.476691368207113,14.669535264926271,-0.8071561032808425,True,False
1,20201,104.24406029577106,110.5251528619721,4.244060295771064,10.525152861972103,13.800581865425698,3.2754290034535956,True,False
2,20201,101.40014738393516,113.25102880658436,1.4001473839351632,13.251028806584358,12.368739026134179,-0.8822897804501793,True,False
5,20201,107.86812191690544,115.64319084991594,7.868121916905437,15.643190849915939,15.116047180566984,-0.5271436693489555,True,False
6,20201,101.68171471518676,112.76457145426512,1.6817147151867573,12.764571454265123,16.002445906582153,3.2378744523170297,True,False
7,20201,107.3341865398538,118.9281172837563,7.334186539853803,18.928117283756293,16.684774665614732,-2.243342618141561,True,False
8,20201,102.21674876847293,112.36462093862816,2.2167487684729252,12.364620938628164,13.931067818179743,1.5664468795515791,True,False
9,20201,99.50766747376916,112.04107597237368,-0.49233252623083956,12.041075972373676,12.055391753873025,0.014315781499348645,True,False
10,20201,100.07732104512412,109.88643366050144,0.07732104512412263,9.886433660501439,9.93105887180512,0.04462521130368202,True,False
11,20201,101.35758367765352,108.54313274961784,1.3575836776535226,8.54313274961784,11.013365077507697,2.470232327889857,True,False
12,20201,104.42857142857144,110.33962264150942,4.428571428571445,10.339622641509422,17.511675385258485,7.172052743749063,True,False
13,20201,100.65633174693764,114.6712577961434,0.6563317469376386,14.671257796143394,10.818857619490906,-3.8524001766524876,True,False
14,20201,102.0501199296462,111.03638156483706,2.0501199296462005,11.036381564837058,10.866521825574015,-0.16985973926304254,True,False
15,20201,98.204361228124,116.7570470913845,-1.7956387718759999,16.757047091384507,22.668245174022527,5.91119808263802,True,False
16,20201,111.99867703214056,127.3679449073483,11.998677032140563,27.367944907348303,19.692587028616092,-7.6753578787322105,True,False
17,20201,101.8899388549194,111.35832077109656,1.889938854919393,11.358320771096558,9.9727081303582,-1.3856126407383584,True,False
1,20211,100.60269705069892,107.866920619879,0.6026970506989215,7.8669206198789965,7.2868866304345525,-0.580033989444444,True,False
2,20211,99.78494623655914,101.16279069767442,-0.21505376344086358,1.1627906976744242,7.907988277847999,6.745197580173575,True,False
5,20211,100.2602109944972,103.04582120774486,0.2602109944972,3.045821207744865,4.583100955594377,1.537279747849512,True,False
6,20211,102.2039155013425,107.50471638971352,2.203915501342493,7.504716389713522,7.388550396933047,-0.11616599278047524,True,False
7,20211,102.8842652891629,107.64081298759498,2.8842652891628973,7.640812987594984,7.921943975737578,0.28113098814259363,True,False
8,20211,101.19225037257826,109.07630522088354,1.1922503725782576,9.07630522088354,10.656044706365876,1.5797394854823352,True,False
9,20211,102.63462875685698,107.74596479844269,2.6346287568569835,7.745964798442685,6.75146732894738,-0.9944974694953048,True,False
10,20211,100.89152964792302,113.79579050520286,0.8915296479230221,13.79579050520286,4.114468594246912,-9.681321910955948,True,False
11,20211,100.5057910268698,104.91098377574392,0.5057910268698009,4.910983775743915,5.6962771594435635,0.7852933836996483,True,False
12,20211,99.2748846407383,103.00957592339262,-0.725115359261693,3.0095759233926174,4.712252764899727,1.7026768415071096,True,False
13,20211,99.8381019702372,107.49085457615853,-0.16189802976279566,7.490854576158526,9.071710364167874,1.5808557880093481,True,False
14,20211,100.31464309785112,105.58944925520366,0.31464309785111766,5.589449255203661,8.484381530911733,2.894932275708072,True,False
15,20211,101.56637102679096,109.28478206671667,1.5663710267909607,9.284782066716673,6.180738013804632,-3.104044052912041,True,False
16,20211,96.81722004674756,94.36499528661967,-3.1827799532524352,-5.635004713380326,2.7481255525134474,8.383130265893772,True,True
17,20211,103.6691683723751,106.5778193437768,3.669168372375097,6.577819343776795,7.471879008919258,0.8940596651424624,True,False
1,20221,103.7365144239132,119.831530706003,3.7365144239132064,19.831530706002994,16.46075618410341,-3.370774521899584,True,False
2,20221,100.76873798846894,113.00287356321842,0.768737988468942,13.002873563218415,10.731878958479935,-2.2709946047384797,True,False
5,20221,106.94995129705676,118.91501152085344,6.9499512970567565,18.91501152085344,15.80657068637663,-3.1084408344768093,True,False
6,20221,104.98807519553984,120.42293034052662,4.988075195539835,20.42293034052662,19.816029741385588,-0.6069005991410314,True,False
7,20221,100.70894255015264,111.498174104409,0.7089425501526421,11.498174104409003,14.465816535229603,2.9676424308206,True,False
8,20221,107.67703507610852,119.8085419734904,7.677035076108524,19.808541973490406,16.14115856900449,-3.6673834044859177,True,False
9,20221,107.15612743411543,117.23125564588976,7.156127434115433,17.23125564588976,17.92957830443158,0.6983226585418194,True,False
10,20221,105.4358169331097,110.2333892453576,5.435816933109706,10.2333892453576,11.094516730765957,0.8611274854083568,True,False
11,20221,104.33678189060107,113.9645189783408,4.336781890601074,13.964518978340806,11.959055815431574,-2.0054631629092317,True,False
12,20221,97.0625,103.12084993359896,-2.9375,3.1208499335989615,16.77521238030806,13.654362446709097,True,False
13,20221,106.98588309464994,122.71386963552789,6.985883094649935,22.713869635527885,17.548944325345907,-5.164925310181978,True,False
14,20221,103.51044643233205,114.43663307843144,3.5104464323320457,14.436633078431441,12.095356747605358,-2.3412763308260836,True,False
15,20221,102.63367779187584,114.0916174836627,2.63367779187584,14.091617483662702,14.100359947157504,0.008742463494801456,True,False
16,20221,100.63085921266396,118.62898426806352,0.6308592126639638,18.62898426806352,20.562505341669237,1.9335210736057178,True,False
17,20221,107.97904493250051,117.56489945155391,7.979044932500514,17.564899451553913,12.827178184579102,-4.737721266974811,True,False
1,20231,103.48493797991728,107.48466257668711,3.4849379799172766,7.484662576687114,4.737558125279073,-2.747104451408041,True,False
2,20231,100.06242197253434,101.90718372536554,0.06242197253433801,1.9071837253655417,6.879567842389567,4.972384117024025,True,False
5,20231,103.75910767184124,105.61316704542016,3.7591076718412353,5.613167045420155,5.021795653410033,-0.5913713920101227,True,False
6,20231,99.48215250143176,107.97713130202004,-0.5178474985682442,7.977131302020041,7.400884894817561,-0.57624640720248,True,False
7,20231,99.9188143178252,111.90229768016304,-0.08118568217480515,11.902297680163045,5.916091523537914,-5.986206156625131,True,False
8,20231,103.8634940513463,101.9483712354026,3.8634940513462936,1.948371235402604,-0.6951841315936735,-2.6435553669962775,True,True
9,20231,97.67633278460175,99.06247993321776,-2.3236672153982454,-0.9375200667822412,0.1846742567533033,1.1221943235355445,True,True
10,20231,103.60780625952025,109.61854684671384,3.6078062595202454,9.61854684671384,11.770939090022248,2.152392243308407,True,False
11,20231,100.28299303209631,104.85282932153976,0.2829930320963143,4.852829321539758,6.6205846728452755,1.7677553513055173,True,False
12,20231,100.43997485857952,102.89761751448808,0.439974858579518,2.8976175144880756,5.614746949724592,2.717129435236516,True,False
13,20231,97.3859388169974,103.37630248547728,-2.6140611830026046,3.3763024854772823,2.013382570475164,-1.3629199150021183,True,False
14,20231,98.19808717310671,99.82140783923133,-1.801912826893286,-0.17859216076867312,5.789610446901561,5.968202607670234,True,True
15,20231,99.8401219919228,112.93473033127688,-0.1598780080772002,12.934730331276882,5.444570196327203,-7.4901601349496785,True,False
16,20231,105.27830645711867,115.2701798190526,5.278306457118674,15.2701798190526,11.871193069349918,-3.398986749702683,True,False
17,20231,102.55721696673788,104.52198793307208,2.557216966737883,4.521987933072083,5.1519983575818,0.6300104245097167,True,False
1,20241,103.86447856008468,111.986301369863,3.8644785600846774,11.986301369863,14.466140053494003,2.4798386836310033,True,False
2,20241,104.21760119716696,114.48982888846602,4.217601197166957,14.489828888466022,13.914077597740459,-0.5757512907255631,True,False
5,20241,105.32193803389664,115.12392617264057,5.321938033896643,15.123926172640566,16.71268152691645,1.5887553542758859,True,False
6,20241,103.90425159949204,113.14700439933632,3.904251599492042,13.147004399336325,15.948909034867897,2.8019046355315727,True,False
7,20241,108.83334936323229,122.71977170438728,8.833349363232287,22.719771704387284,23.514375963871892,0.7946042594846077,True,False
8,20241,106.69751170795011,114.00494363055404,6.697511707950113,14.004943630554038,17.13377839127268,3.128834760718643,True,False
9,20241,103.9957378795951,113.87826537888118,3.9957378795950973,13.878265378881181,12.72025954857745,-1.1580058303037308,True,False
10,20241,105.3452168061018,114.569281180227,5.345216806101803,14.569281180226994,18.32179786080095,3.7525166805739545,True,False
11,20241,104.44228910085572,117.1201837400688,4.442289100855717,17.120183740068796,17.543014199804997,0.4228304597362005,True,False
12,20241,100.8017103153394,118.02252816020024,0.8017103153394061,18.02252816020024,15.772710756972575,-2.249817403227663,True,False
13,20241,102.7704530733672,112.05893433490506,2.770453073367193,12.05893433490506,18.856217006896834,6.797282671991773,True,False
14,20241,105.82236765043798,119.17359696403996,5.822367650437982,19.17359696403996,18.772747682154023,-0.40084928188593594,True,False
15,20241,103.15453683345706,114.81059192239846,3.1545368334570583,14.810591922398459,18.092157933863582,3.2815660114651237,True,False
16,20241,102.4228661823132,111.49189678264136,2.4228661823132,11.491896782641362,13.16578694994619,1.6738901673048279,True,False
17,20241,107.63841807909604,113.37776719828614,7.638418079096041,13.377767198286136,14.769866164138868,1.3920989658527319,True,False
1,20251,98.2191780821918,109.63302752293578,-1.780821917808197,9.633027522935777,14.49617433619721,4.863146813261434,True,False
2,20251,105.88931384441987,106.16598703169586,5.889313844419874,6.165987031695863,1.8139110009134818,-4.352076030782381,True,False
5,20251,97.81024023281006,105.894574714846,-2.1897597671899405,5.8945747148460015,6.507153167942592,0.6125784530965905,True,False
6,20251,100.69945752080906,112.77275374514966,0.6994575208090623,12.772753745149657,10.183756518346332,-2.5889972268033254,True,False
7,20251,100.53703066283497,111.76628345134736,0.5370306628349653,11.766283451347363,10.393171985012216,-1.3731114663351462,True,False
8,20251,101.43216080402009,106.74246430460074,1.4321608040200857,6.742464304600745,10.579336431523512,3.836872126922767,True,False
9,20251,101.53020562138038,108.77163023679417,1.5302056213803752,8.771630236794167,9.755330379132232,0.9837001423380656,True,False
10,20251,104.82342399393492,112.22927821687954,4.823423993934924,12.229278216879536,11.471858654982437,-0.7574195618970982,True,False
11,20251,98.43044097633684,105.1628263158533,-1.5695590236631602,5.1628263158532945,8.268554970387232,3.1057286545339373,True,False
12,20251,101.21836925960636,114.52810180275716,1.2183692596063622,14.528101802757163,14.087309954563532,-0.4407918481936317,True,False
13,20251,99.16056204285285,103.44407586970146,-0.8394379571471546,3.4440758697014644,5.2536082747346,1.8095324050331358,True,False
14,20251,100.59477424497996,104.55011694523031,0.5947742449799591,4.5501169452303145,9.511036350250347,4.960919405020032,True,False
15,20251,97.35354608165744,105.27902376024464,-2.6464539183425586,5.279023760244641,7.412537361834404,2.1335136015897627,True,False
16,20251,101.95003336330312,108.61197281810615,1.9500333633031204,8.611972818106153,9.333178345846417,0.7212055277402634,True,False
17,20251,105.35301074715896,107.5372664287214,5.353010747158962,7.537266428721395,6.492454217924704,-1.0448122107966915,True,False
1,20261,97.70536943552088,98.977219897722,-2.294630564479121,-1.0227801022780056,-4.312149224794027,-3.289369122516021,True,False
2,20261,99.95002498750624,102.6465046538746,-0.04997501249376057,2.646504653874601,2.960779287362225,0.3142746334876243,True,False
5,20261,99.64125894334175,100.62037901477274,-0.3587410566582463,0.6203790147727375,0.07621512456263968,-0.5441638902100978,True,False
6,20261,103.58602610248182,102.27018164278748,3.5860261024818243,2.2701816427874775,0.3033851595475978,-1.9667964832398797,True,False
7,20261,99.73738840941073,99.68729953099952,-0.2626115905892732,-0.3127004690004753,-0.22349051849187562,0.0892099505085997,True,False
8,20261,99.70760233918128,101.3623978201635,-0.29239766081872176,1.362397820163494,0.44753629465210665,-0.9148615255113874,True,False
9,20261,100.12714234857349,103.02998587053222,0.12714234857348572,3.029985870532215,3.4569326371970632,0.4269467666648481,True,False
10,20261,101.994315644466,102.43551678616411,1.994315644465999,2.435516786164115,2.425187224375014,-0.01032956178910105,True,False
11,20261,99.92604876251326,102.15386959006264,-0.07395123748673882,2.153869590062641,2.0445276020185643,-0.10934198804407647,True,False
12,20261,105.411877394636,101.89814814814817,5.411877394635994,1.8981481481481666,2.079080507892317,0.18093235974415034,True,False
13,20261,101.60099497185224,104.20285932362896,1.600994971852245,4.202859323628957,1.9557202950662544,-2.247139028562702,True,False
14,20261,101.58674611625813,102.7669784498958,1.5867461162581264,2.7669784498958023,-0.955791396934691,-3.7227698468304933,True,True
15,20261,101.33186090208152,101.55054202299812,1.331860902081516,1.5505420229981155,-0.33745727430624095,-1.8879992973043564,True,True
16,20261,94.54518166786556,107.33050308386218,-5.454818332134437,7.330503083862183,8.43517194585852,1.1046688619963376,True,False
17,20261,101.18421191260414,102.82386235945032,1.184211912604141,2.8238623594503167,-0.4889400304811886,-3.3128023899315053,True,True
1,20072,119.81837728081068,,19.81837728081068,,,,False,False
2,20072,105.5621301775148,,5.562130177514803,,,,False,False
5,20072,124.92290043938866,,24.922900439388656,,,,False,False
6,20072,119.82297356421716,,19.822973564217165,,,,False,False
7,20072,116.65297124606676,,16.652971246066755,,,,False,False
8,20072,114.6200184771044,,14.620018477104395,,,,False,False
9,20072,115.7718358142493,,15.7718358142493,,,,False,False
10,20072,,,,,,,False,False
11,20072,134.29752066115702,,34.29752066115702,,,,False,False
12,20072,109.67007963594996,,9.67007963594996,,,,False,False
13,20072,105.3658590236992,,5.365859023699201,,,,False,False
14,20072,109.49883918502718,,9.49883918502718,,,,False,False
15,20072,108.73004495589583,,8.730044955895835,,,,False,False
16,20072,121.75673148306296,,21.756731483062964,,,,False,False
17,20072,106.7139966472766,,6.713996647276602,,,,False,False
1,20082,97.67855392710324,101.29280143668964,-2.3214460728967623,1.2928014366896434,14.584722236722092,13.291920800032448,True,False
2,20082,103.88446215139442,116.92825112107624,3.884462151394416,16.928251121076244,4.424416829970568,-12.503834291105676,True,False
5,20082,148.65392388722978,124.93225671470114,48.65392388722978,24.93225671470114,22.971177820007682,-1.9610788946934576,True,False
6,20082,105.2168770268461,119.11924188524604,5.216877026846106,19.11924188524604,12.136608474269739,-6.982633410976302,True,False
7,20082,102.1619935658482,93.8894823152889,2.1619935658482063,-6.110517684711098,-5.0142700025086135,1.0962476822024847,True,False
8,20082,103.86908703841348,123.15962705386072,3.8690870384134826,23.159627053860717,20.236362901432937,-2.9232641524277803,True,False
9,20082,95.15741647153256,106.75731871664298,-4.842583528467443,6.757318716642985,0.0700326043030941,-6.687286112339891,True,False
10,20082,101.86363060899129,101.24063820004667,1.8636306089912864,1.240638200046675,-3.805332071986034,-5.045970272032709,True,True
11,20082,96.36015325670498,103.17948717948715,-3.639846743295024,3.179487179487154,6.08167968353428,2.902192504047126,True,False
12,20082,102.18009478672984,111.82572614107882,2.180094786729839,11.825726141078817,4.235724599955004,-7.590001541123813,True,False
13,20082,99.5389478928131,110.66513928414696,-0.4610521071869016,10.66513928414696,7.760622592173472,-2.9045166919734884,True,False
14,20082,97.70592417972446,101.33488447459362,-2.2940758202755376,1.334884474593622,5.9925538075642715,4.65766933297065,True,False
15,20082,101.10199230375557,96.44979199735126,1.1019923037555657,-3.550208002648745,-3.5101382388568747,0.040069763791870106,True,False
16,20082,99.70562771666636,111.87532737251654,-0.29437228333364374,11.875327372516537,14.735935358507103,2.8606079859905655,True,False
17,20082,98.9588190605898,106.57671043274924,-1.0411809394101965,6.576710432749238,6.345836834363094,-0.2308735983861432,True,False
1,20092,97.94132879024822,97.00595445928482,-2.058671209751779,-2.9940455407151774,-10.532756434873702,-7.538710894158525,True,False
2,20092,98.29145728643216,93.7679769894535,-1.7085427135678373,-6.232023010546499,-7.33149986023146,-1.0994768496849616,True,False
5,20092,99.7262438827986,79.8039265152936,-0.27375611720140114,-20.196073484706403,-7.16271832596348,13.033355158742923,True,False
6,20092,100.8082600757646,91.59906055568702,0.8082600757645935,-8.400939444312982,-4.1749423567951975,4.225997087517785,True,False
7,20092,99.97510539450602,86.1385931316822,-0.02489460549398359,-13.8614068683178,-6.857233961997011,7.00417290632079,True,False
8,20092,99.58133437916644,97.20340786563958,-0.41866562083356484,-2.7965921343604236,-2.783159009442482,0.013433124917941797,True,False
9,20092,99.24172134941848,95.72968118438231,-0.7582786505815164,-4.270318815617685,-6.54082305779673,-2.2705042421790447,True,False
10,20092,131.34670530974904,112.08772116382464,31.34670530974904,12.08772116382464,2.434193704239007,-9.653527459585632,True,False
11,20092,92.9193899782135,84.79125248508946,-7.080610021786498,-15.208747514910542,-6.990027011219979,8.218720503690562,True,False
12,20092,94.4927536231884,90.72356215213358,-5.507246376811594,-9.276437847866418,-2.028850501735757,7.247587346130661,True,False
13,20092,96.18477357417736,94.84820533727898,-3.815226425822644,-5.1517946627210165,-2.6141693749428874,2.537625287778129,True,False
14,20092,101.37088015022364,95.24278778010502,1.3708801502236412,-4.757212219894981,-8.114918404939875,-3.3577061850448935,True,False
15,20092,93.89312561746614,91.66616635800536,-6.10687438253386,-8.333833641994644,-6.819301967497637,1.5145316744970074,True,False
16,20092,97.50189653299118,93.0784653861384,-2.498103467008818,-6.921534613861596,-13.081408980492547,-6.159874366630952,True,False
17,20092,100.30770739676272,98.02298071316278,0.30770739676272285,-1.9770192868372192,-3.97090871316379,-1.9938894263265707,True,False
1,20102,101.340206185567,101.70876598627444,1.3402061855669984,1.708765986274443,2.7575649388876577,1.0487989526132147,True,False
2,20102,98.80834160873884,101.73824130879343,-1.1916583912611571,1.7382413087934339,6.1914897163403815,4.453248407546948,True,False
5,20102,91.43327949096384,99.00640276993346,-8.56672050903616,-0.9935972300665412,0.8399699391136384,1.8335671691801796,True,True
6,20102,103.24971972326568,105.73140040682966,3.2497197232656845,5.731400406829664,6.846197923902597,1.1147975170729332,True,False
7,20102,98.326452578061,110.38011697060364,-1.6735474219390056,10.380116970603638,2.952172007651499,-7.427944962952139,True,False
8,20102,105.11639942728044,105.97357567170482,5.116399427280442,5.973575671704822,4.042464900753862,-1.9311107709509603,True,False
9,20102,99.16665821379095,101.49177065232,-0.8333417862090471,1.4917706523199996,1.348318673761173,-0.14345197855882663,True,False
10,20102,119.53404544510606,99.8692933975293,19.53404544510606,-0.13070660247069554,2.7037544639071376,2.834461066377833,True,True
11,20102,111.66975524475528,112.32432590855804,11.66975524475528,12.324325908558038,2.1078425392740074,-10.216483369284031,True,False
12,20102,103.28638497652582,112.47443762781188,3.2863849765258237,12.47443762781188,4.195378074638945,-8.279059553172935,True,False
13,20102,105.30268608796185,104.05294937354238,5.302686087961845,4.052949373542376,-1.285911849336896,-5.338861222879272,True,True
14,20102,100.95916172144798,103.34802224210245,0.959161721447984,3.348022242102445,3.372117142914255,0.024094900811809872,True,False
15,20102,101.55980005058464,111.94020780892836,1.5598000505846414,11.940207808928363,2.6625433687447186,-9.277664440183646,True,False
16,20102,104.01647785787848,104.71625967701272,4.016477857878485,4.716259677012715,2.7777660945434324,-1.9384935824692828,True,False
17,20102,101.04064054693622,100.2117725868612,1.040640546936217,0.21177258686120126,3.3924661128210243,3.180693525959823,True,False
1,20112,100.20682523267838,98.57578840284845,0.20682523267838349,-1.4242115971515545,5.322666126024034,6.746877723175588,True,True
2,20112,98.18875119161106,103.5175879396985,-1.8112488083889389,3.517587939698501,0.4674954817146082,-3.050092457983893,True,False
5,20112,100.66666666666666,104.82505126123488,0.6666666666666572,4.825051261234876,-0.9383559066422409,-5.763407167877117,True,True
6,20112,100.81796566894872,102.54096634541024,0.817965668948716,2.54096634541024,4.924216574717066,2.3832502293068263,True,False
7,20112,97.2354043714719,100.67591791098648,-2.764595628528099,0.6759179109864846,0.16005072550691057,-0.515867185479574,True,False
8,20112,98.95840688996516,99.7960422862956,-1.0415931100348388,-0.20395771370439775,0.3280071127064854,0.5319648264108832,True,True
9,20112,97.77130810159622,99.75181880992754,-2.228691898403781,-0.24818119007245798,0.1444222218254021,0.3926034118978601,True,True
10,20112,90.6148553553913,82.58856571419605,-9.385144644608701,-17.41143428580395,1.241979474451993,18.653413760255944,True,True
11,20112,101.06827060978875,92.74778980064092,1.0682706097887547,-7.252210199359084,0.8145135871812537,8.066723786540337,True,True
12,20112,103.1616982836495,103.81818181818184,3.1616982836495,3.8181818181818414,5.9096827899574045,2.091500971775563,True,False
13,20112,100.66651017178808,94.75344796633306,0.6665101717880759,-5.246552033666944,-2.759121390357455,2.487430643309489,True,False
14,20112,100.6346433958528,96.74216852469624,0.6346433958528053,-3.2578314753037603,0.7052308491359183,3.9630623244396785,True,True
15,20112,99.02100264197334,97.2467737067564,-0.9789973580266604,-2.7532262932436,0.2749418894565592,3.028168182700159,True,True
16,20112,102.64187866927594,103.86138613861388,2.6418786692759397,3.861386138613881,3.193107797800443,-0.6682783408134378,True,False
17,20112,101.49194743602412,104.33073325160564,1.4919474360241196,4.330733251605636,1.0746341875277787,-3.2560990640778575,True,False
1,20122,91.29129129129127,94.11764705882352,-8.708708708708727,-5.882352941176478,-7.714530816997012,-1.832177875820534,True,False
2,20122,98.15384615384616,92.91262135922332,-1.8461538461538396,-7.087378640776677,-6.161003749680882,0.9263748910957954,True,False
5,20122,98.7987987987988,93.3774834437086,-1.2012012012012008,-6.6225165562914015,-2.3766551290989035,4.245861427192498,True,False
6,20122,95.63756000624664,93.17652205516168,-4.362439993753355,-6.8234779448383165,-10.550689174351902,-3.7272112295135855,True,False
7,20122,92.53140867716364,95.75351715671027,-7.46859132283636,-4.246482843289726,-3.3473130053461086,0.8991698379436177,True,False
8,20122,98.9584245017128,95.27719752880591,-1.0415754982872016,-4.722802471194086,-1.7814734217996508,2.9413290493944353,True,False
9,20122,100.4126689363458,99.93839203203616,0.4126689363457956,-0.061607967963837496,-5.061530540144743,-4.999922572180905,True,False
10,20122,106.07202106988618,119.4124322106725,6.072021069886176,19.412432210672506,-3.3583690438398817,-22.77080125451239,True,True
11,20122,93.6224229744227,93.32445362287996,-6.3775770255772954,-6.6755463771200425,-6.319022251774042,0.35652412534600053,True,False
12,20122,97.87798408488064,96.9352014010508,-2.1220159151193627,-3.0647985989491957,-4.855408105269843,-1.7906095063206475,True,False
13,20122,102.55963888880456,94.23713648917476,2.5596388888045567,-5.762863510825241,-5.936228726852222,-0.17336521602698074,True,False
14,20122,98.42012830674344,97.14562094571691,-1.579871693256564,-2.8543790542830862,-2.8496094023231278,0.0047696519599584875,True,False
15,20122,92.88537549407114,91.70731707317074,-7.114624505928859,-8.292682926829258,-8.166527145929637,0.1261557808996212,True,False
16,20122,92.36983842010773,98.093422306959,-7.630161579892274,-1.906577693041001,-3.1744598040565175,-1.2678821110155165,True,False
17,20122,94.44212721584984,88.17172897196261,-5.557872784150163,-11.828271028037392,-7.4353852147554855,4.392885813281906,True,False
1,20132,100.1082251082251,101.42543859649122,0.10822510822509912,1.4254385964912188,-3.0326007205464967,-4.4580393170377155,True,True
2,20132,96.71610169491524,95.40229885057472,-3.2838983050847617,-4.597701149425276,-3.930449678663206,0.6672514707620705,True,False
5,20132,99.54126657910284,95.752103468497,-0.4587334208971612,-4.247896531503002,-4.63219931364971,-0.3843027821467073,True,False
6,20132,102.05901449757192,98.76060564802133,2.0590144975719227,-1.2393943519786745,-7.94458097703269,-6.705186625054015,True,False
7,20132,101.83129585073996,96.73018927845948,1.8312958507399628,-3.269810721540523,-8.52449351854917,-5.2546827970086465,True,False
8,20132,104.62674876002364,99.07232538420388,4.626748760023645,-0.9276746157961213,-4.458573214409944,-3.530898598613823,True,False
9,20132,101.65425065731814,95.3354566937224,1.6542506573181441,-4.664543306277594,-4.539702440066595,0.12484086621099877,True,False
10,20132,96.03666467550735,92.4236507560158,-3.963335324492647,-7.576349243984197,-2.4232490269941565,5.15310021699004,True,False
11,20132,104.27969326283012,100.00989540213683,4.279693262830122,0.009895402136834264,-2.3415794955601865,-2.351474897697021,True,True
12,20132,100.81447963800905,100.63233965672993,0.8144796380090469,0.6323396567299255,1.5447877916813901,0.9124481349514646,True,False
13,20132,102.54880595294892,95.59823335443672,2.548805952948925,-4.401766645563285,-6.188719011354815,-1.7869523657915298,True,False
14,20132,95.7915042371101,91.56073820691194,-4.208495762889896,-8.439261793088065,-9.426851437025352,-0.9875896439372873,True,False
15,20132,102.28571428571428,95.2127659574468,2.2857142857142776,-4.7872340425531945,-5.82784963708508,-1.0406155945318858,True,False
16,20132,109.22279792746114,102.42954324586977,9.222797927461144,2.429543245869766,0.7851166198986403,-1.6444266259711258,True,False
17,20132,99.43736364680214,95.61665010489124,-0.5626363531978598,-4.383349895108765,-5.868772342211848,-1.4854224471030832,True,False
1,20142,96.14973262032086,97.1891891891892,-3.8502673796791385,-2.810810810810807,0.878004710338276,3.688815521149083,True,True
2,20142,102.10876803551608,100.76670317634174,2.1087680355160785,0.7667031763417356,0.308273978290452,-0.45842919805128357,True,False
5,20142,101.3149809918968,106.55258605931472,1.3149809918968032,6.55258605931472,2.634793503257149,-3.917792556057571,True,False
6,20142,100.01059766832124,99.6578606088768,0.010597668321238984,-0.34213939112319736,0.15408193068764398,0.49622132181084133,True,True
7,20142,108.22498981799384,103.4348916118068,8.224989817993844,3.4348916118068047,5.098657518228866,1.6637659064220616,True,False
8,20142,98.72125615440255,94.83247158573307,-1.2787438455974467,-5.1675284142669256,-0.03927478448513266,5.128253629781793,True,False
9,20142,101.94854953475644,100.36641879512878,1.948549534756438,0.36641879512878006,2.3900933361207244,2.0236745409919443,True,False
10,20142,99.8926878777426,104.2700624114494,-0.10731212225739739,4.270062411449402,0.7036982082853749,-3.566364203164027,True,False
11,20142,101.96816881536664,98.8188212629299,1.9681688153666386,-1.1811787370700984,2.478336634169187,3.6595153712392854,True,True
12,20142,98.50877192982456,100.80789946140034,-1.4912280701754383,0.8078994614003392,0.09046348863661624,-0.717435972763723,True,False
13,20142,95.49789800440836,95.23834864423978,-4.502101995591644,-4.761651355760222,1.7619674424929288,6.523618798253151,True,True
14,20142,100.04562203134276,102.75114351142732,0.04562203134275933,2.7511435114273155,5.607212748108914,2.8560692366815985,True,False
15,20142,104.37219730941705,104.02234636871508,4.3721973094170465,4.022346368715077,2.1031205214570248,-1.9192258472580521,True,False
16,20142,108.12536542311184,95.31242095289304,8.125365423111845,-4.687579047106965,-2.0628327779873445,2.6247462691196204,True,False
17,20142,97.24061810154524,101.7321016166282,-2.7593818984547624,1.7321016166281993,-1.5560575294777834,-3.2881591461059827,True,True
1,20152,99.7837837837838,102.66963292547273,-0.21621621621619624,2.669632925472726,0.24721036096519988,-2.422422564507526,True,False
2,20152,100.84925690021232,103.26086956521738,0.8492569002123247,3.2608695652173765,3.3360418171435313,0.07517225192615484,True,False
5,20152,99.67399254405302,103.71434513661342,-0.32600745594697855,3.7143451366134173,1.9321517287160583,-1.782193407897359,True,False
6,20152,101.12971548332855,98.07942092522254,1.1297154833285532,-1.9205790747774643,-0.8572506648889422,1.063328409888522,True,False
7,20152,102.32726938879053,100.1727640749722,2.3272693887905262,0.17276407497220703,1.149442473864415,0.9766783988922079,True,False
8,20152,99.89576153573948,100.18548747592448,-0.10423846426051853,0.18548747592447512,1.6647573387721604,1.4792698628476852,True,False
9,20152,100.75106128224664,99.3879523247074,0.7510612822466385,-0.612047675292601,-3.4375577990598427,-2.8255101237672418,True,False
10,20152,99.0198440314142,97.2467718215517,-0.9801559685858052,-2.753228178448296,1.982694857015832,4.735923035464128,True,True
11,20152,98.15519441109583,99.98685452198497,-1.8448055889041655,-0.013145478015033518,0.3418384699155119,0.35498394793054544,True,True
12,20152,98.9537925021796,101.06856634016027,-1.0462074978204043,1.0685663401602739,1.2835137731681323,0.21494743300785846,True,False
13,20152,97.58909929345508,101.56607124342192,-2.410900706544922,1.5660712434219164,1.7573986329605162,0.19132738953859985,True,False
14,20152,101.55608952229574,103.52014116045696,1.5560895222957356,3.5201411604569586,0.07136204377684585,-3.4487791166801127,True,False
15,20152,99.23161361141604,97.0998925886144,-0.7683863885839628,-2.900107411385605,0.06816971580310138,2.9682771271887063,True,True
16,20152,97.74497492949466,93.18000155857766,-2.25502507050534,-6.819998441422342,-1.9977688540035232,4.8222295874188195,True,False
17,20152,97.29606389047348,96.79909194097615,-2.7039361095265235,-3.2009080590238455,1.6028348802435977,4.803742939267443,True,True
1,20162,100.43057050592031,101.0834236186349,0.43057050592031487,1.083423618634896,0.31777986074321696,-0.765643757891679,True,False
2,20162,102.49739854318418,103.68421052631578,2.4973985431841754,3.6842105263157805,4.042528017858293,0.3583174915425129,True,False
5,20162,97.5367553883403,97.99577567516624,-2.4632446116597038,-2.004224324833757,1.1466339554285776,3.1508582802623346,True,True
6,20162,99.1307843713767,94.29766214733658,-0.8692156286232944,-5.702337852663419,-3.3002296870271453,2.4021081656362737,True,False
7,20162,103.89892790755506,100.09656813690826,3.8989279075550627,0.09656813690826027,0.020421325095432152,-0.07614681181282812,True,False
8,20162,102.88264259335249,104.29492512479202,2.882642593352486,4.294925124792016,0.4359710886901569,-3.858954036101859,True,False
9,20162,101.0524054982818,101.66378565254968,1.0524054982818,1.6637856525496773,2.6654096248277304,1.001623972278053,True,False
10,20162,103.2366061292834,103.78422650970197,3.236606129283402,3.7842265097019663,1.367103945078596,-2.4171225646233703,True,False
11,20162,101.05090573848156,104.25303292660206,1.0509057384815605,4.25303292660206,3.6297897524435685,-0.6232431741584916,True,False
12,20162,101.12359550561798,103.08370044052865,1.1235955056179847,3.083700440528645,2.442380998504823,-0.6413194420238222,True,False
13,20162,105.58621662751148,107.40426179065273,5.586216627511476,7.4042617906527255,2.5835022722397794,-4.820759518412946,True,False
14,20162,102.40077843668504,101.33411721955052,2.4007784366850444,1.3341172195505209,1.4588274179744953,0.12471019842397446,True,False
15,20162,103.75690607734806,103.8716814159292,3.756906077348063,3.871681415929203,2.7209615124306863,-1.1507199034985165,True,False
16,20162,104.72208119152218,107.04382155518,4.722081191522179,7.043821555180003,4.877540229874566,-2.1662813253054365,True,False
17,20162,101.95922086798042,104.96013133208255,1.9592208679804202,4.960131332082554,1.5591500420766957,-3.4009812900058582,True,False
1,20172,100.7028193116642,103.51494896142349,0.7028193116642001,3.5149489614234852,2.8530362509856078,-0.6619127104378775,True,False
2,20172,102.08747514910536,104.26395939086296,2.0874751491053587,4.263959390862965,3.300170525493029,-0.9637888653699358,True,False
5,20172,98.2640920746281,100.45124941033234,-1.7359079253719045,0.4512494103323377,1.7397324427859129,1.2884830324535752,True,False
6,20172,101.7916266297052,100.07408880856958,1.7916266297052061,0.07408880856958433,2.940195192678652,2.8661063841090675,True,False
7,20172,100.26523351387456,107.6582443164671,0.26523351387456273,7.658244316467105,5.23503724600094,-2.423207070466165,True,False
8,20172,99.96999699969996,99.67095423272508,-0.03000300030004155,-0.32904576727491985,2.053442688866358,2.382488456141278,True,True
9,20172,103.10925270719416,102.19978746014878,3.109252707194159,2.1997874601487837,3.148646651337361,0.9488591911885775,True,False
10,20172,99.71216903898804,105.12723765273569,-0.2878309610119629,5.127237652735687,5.635233219891433,0.5079955671557466,True,False
11,20172,101.32773423526687,102.37791499941716,1.327734235266874,2.3779149994171576,5.772624931928805,3.394709932511647,True,False
12,20172,102.90350128095643,102.99145299145296,2.9035012809564336,2.9914529914529595,5.568268993748071,2.5768160022951117,True,False
13,20172,102.4674484900243,104.53872968088682,2.467448490024296,4.538729680886817,6.280917958032983,1.742188277146166,True,False
14,20172,99.7189277114982,102.63310058003694,-0.28107228850180377,2.6331005800369383,5.33448492512405,2.701384345087112,True,False
15,20172,99.7946611909651,103.5143769968051,-0.20533880903489887,3.5143769968050975,4.889867270136361,1.3754902733312635,True,False
16,20172,109.01489272620282,109.84026650247768,9.014892726202817,9.840266502477675,5.48603976934936,-4.354226733128315,True,False
17,20172,101.09387208393792,101.18422522623167,1.0938720839379243,1.1842252262316748,5.9945829749593615,4.810357748727687,True,False
1,20182,108.0338886331119,111.84138402968608,8.0338886331119,11.841384029686083,10.062450414026669,-1.7789336156594135,True,False
2,20182,100.375234521576,104.18695228821812,0.37523452157600445,4.186952288218123,10.888639355566387,6.701687067348264,True,False
5,20182,103.80004074275526,117.81015610309912,3.8000407427552574,17.810156103099118,14.170845617131732,-3.6393104859673855,True,False
6,20182,102.77167507761833,104.51310021048155,2.771675077618326,4.513100210481554,5.033285732655068,0.5201855221735148,True,False
7,20182,103.85548542848188,101.69905175234597,3.8554854284818845,1.6990517523459658,6.628529319639975,4.929477567294009,True,False
8,20182,100.18450184501846,103.21128451380552,0.18450184501845968,3.2112845138055235,5.819889512124865,2.6086049983193416,True,False
9,20182,104.28003668602874,106.40532390558386,4.280036686028737,6.405323905583856,5.806742586537372,-0.5985813190464837,True,False
10,20182,105.2386213574428,103.886328299707,5.238621357442796,3.886328299707003,10.239032872485376,6.352704572778373,True,False
11,20182,103.29230084550458,106.62338648883114,3.2923008455045846,6.6233864888311444,6.059078300412746,-0.5643081884183987,True,False
12,20182,101.03916866506796,104.896265560166,1.0391686650679617,4.896265560166,3.564735698629362,-1.3315298615366382,True,False
13,20182,103.5270911870861,108.43766040607116,3.5270911870861,8.43766040607116,8.845917576283568,0.4082571702124085,True,False
14,20182,100.5645713263598,104.97889200850943,0.5645713263597969,4.978892008509433,6.920848524670453,1.94195651616102,True,False
15,20182,105.37001897533209,114.25925925925928,5.370018975332087,14.25925925925928,10.66876674555266,-3.5904925137066215,True,False
16,20182,101.90566964314988,103.1437074327358,1.9056696431498779,3.143707432735795,9.3773067435579,6.233599310822106,True,False
17,20182,101.35297654840647,111.659489897317,1.352976548406474,11.659489897317002,11.592979198496266,-0.06651069882073557,True,False
1,20192,105.14981177524,111.06784442158704,5.149811775239996,11.06784442158704,13.787327653213444,2.7194832316264037,True,False
2,20192,100.16460905349795,113.73831775700936,0.16460905349795496,13.738317757009355,13.93584410488755,0.19752634787819545,True,False
5,20192,99.38579381646478,106.80016619349664,-0.6142061835352166,6.800166193496636,13.539408892048233,6.739242698551596,True,False
6,20192,101.57539036814816,104.47559411999232,1.5753903681481631,4.475594119992323,6.592091662647803,2.1164975426554804,True,False
7,20192,105.3329193370588,113.70919325847618,5.332919337058797,13.709193258476176,12.782222990801074,-0.9269702676751024,True,False
8,20192,103.06859205776172,110.69109237181353,3.0685920577617196,10.691092371813525,10.322621971603185,-0.36847040021033983,True,False
9,20192,105.72519083969463,113.69099970683084,5.725190839694633,13.690999706830837,12.44449772662688,-1.2465019802039574,True,False
10,20192,102.7678848309088,106.83426910070114,2.767884830908798,6.834269100701135,8.338881190169744,1.5046120894686084,True,False
11,20192,102.53449333821578,107.6120851807818,2.534493338215782,7.612085180781804,8.783172898161041,1.171087717379237,True,False
12,20192,102.26415094339625,107.1993670886076,2.2641509433962455,7.199367088607602,8.601158827259203,1.4017917386516014,True,False
13,20192,105.62292922941327,114.46239540978269,5.622929229413273,14.462395409782687,14.907154953091982,0.4447595433092957,True,False
14,20192,101.58133908843914,108.50947420621996,1.5813390884391367,8.509474206219963,10.31440824677967,1.8049340405597079,True,False
15,20192,104.90463215258856,103.99783900594272,4.904632152588562,3.9978390059427227,6.686129214394954,2.688290208452231,True,False
16,20192,108.52050954268128,113.51208029151128,8.520509542681282,13.512080291511282,16.34139557187899,2.829315280367709,True,False
17,20192,104.7526858389115,119.35015610354,4.752685838911503,19.35015610354,11.21677297751036,-8.133383126029642,True,False
1,20202,99.97973358996543,105.09077621318411,-0.02026641003456575,5.090776213184114,12.509914093400543,7.419137880216429,True,False
2,20202,99.4186046511628,112.40755957271982,-0.581395348837205,12.40755957271982,12.382284496453844,-0.02527507626597547,True,False
5,20202,102.06929917753988,118.76566047762417,2.0692991775398752,18.765660477624166,18.59751154577456,-0.16814893184960766,True,False
6,20202,103.6219740741794,115.0365994890032,3.6219740741794055,15.036599489003194,18.699747389776334,3.66314790077314,True,False
7,20202,103.69979917179744,117.08421218955525,3.6997991717974372,17.084212189555245,15.044878006372265,-2.03933418318298,True,False
8,20202,105.06024096385542,114.53590192644484,5.060240963855421,14.535901926444836,17.231656357562898,2.6957544311180612,True,False
9,20202,104.0149241625436,110.2286401925391,4.014924162543593,10.228640192539103,10.88697417105311,0.6583339785140065,True,False
10,20202,109.95478862751014,117.57116151657296,9.95478862751014,17.571161516572957,10.570675497783032,-7.000486018789925,True,False
11,20202,102.99579460789438,109.03146680503792,2.995794607894382,9.031466805037923,9.867160781075413,0.83569397603749,True,False
12,20202,104.51436388508894,112.76752767527675,4.51436388508894,12.767527675276753,18.98459262714727,6.217064951870515,True,False
13,20202,104.0635390972821,112.9782804364833,4.063539097282103,12.978280436483303,11.837794773114773,-1.1404856633685299,True,False
14,20202,101.01934484823472,110.42207772268893,1.0193448482347236,10.422077722688925,11.376498586368754,0.9544208636798288,True,False
15,20202,104.2119970400624,115.98615615176678,4.2119970400624,15.986156151766778,20.458647150819775,4.472490999052997,True,False
16,20202,97.99396853189846,115.01319370707854,-2.00603146810154,15.013193707078543,12.764225235621552,-2.2489684714569904,True,False
17,20202,104.10724027745306,110.67217384037536,4.107240277453059,10.672173840375365,15.54572351494119,4.873549674565826,True,False
1,20212,107.82505998732994,116.33114801232416,7.8250599873299365,16.331148012324164,7.625748877097682,-8.705399135226482,True,False
2,20212,102.15517241379312,103.94736842105262,2.1551724137931245,3.947368421052616,8.748948419284886,4.80157999823227,True,False
5,20212,106.79437516264332,107.81610315420028,6.79437516264332,7.8161031542002775,2.665240025039717,-5.150863129160561,True,False
6,20212,106.6947219647768,110.6926009428421,6.694721964776804,10.692600942842105,8.639095342407256,-2.0535056004348498,True,False
7,20212,105.13809743621928,109.13377243146552,5.138097436219283,9.133772431465516,9.484551540973719,0.3507791095082027,True,False
8,20212,104.63917525773196,108.63914373088684,4.639175257731964,8.639143730886843,6.968116390651602,-1.6710273402352414,True,False
9,20212,104.46401686239086,108.21116656269496,4.464016862390864,8.211166562694956,6.718337971643096,-1.4928285910518602,True,False
10,20212,100.87146254921944,104.39516062452296,0.8714625492194443,4.395160624522958,1.2251892703140976,-3.169971354208861,True,False
11,20212,103.4378425262146,105.36125149942669,3.4378425262145953,5.361251499426686,5.740196228444705,0.378944729018019,True,False
12,20212,101.32802124833998,99.86910994764396,1.3280212483399794,-0.1308900523560368,4.9268022784542564,5.057692330810293,True,True
13,20212,107.2039864596596,110.73473205391592,7.203986459659603,10.73473205391592,9.749670205840765,-0.985061848075155,True,False
14,20212,103.3413516702054,108.01650341861222,3.3413516702053982,8.016503418612217,7.070515120771814,-0.9459882978404028,True,False
15,20212,105.2781056609271,110.40278624665628,5.278105660927096,10.402786246656277,8.591305335605037,-1.8114809110512393,True,False
16,20212,111.3823077455735,107.25752924275658,11.382307745573499,7.257529242756576,8.204514744925827,0.9469855021692517,True,False
17,20212,104.29250457038393,106.76748016170086,4.292504570383926,6.76748016170086,10.529968851037875,3.7624886893370153,True,False
1,20222,106.44171779141104,118.2941514284339,6.441717791411037,18.294151428433906,21.3133762947159,3.019224866281995,True,False
2,20222,103.68722186904004,114.69760900140646,3.6872218690400445,14.697609001406462,10.296595888102456,-4.401013113304007,True,False
5,20222,102.60594583314058,114.25121606146182,2.6059458331405807,14.251216061461818,15.697211580674274,1.445995519212456,True,False
6,20222,107.46053566730072,121.28727984586862,7.460535667300718,21.287279845868625,18.52706628913645,-2.7602135567321753,True,False
7,20222,108.07315172714418,114.61077745481644,8.073151727144179,14.610777454816443,13.465860836194498,-1.144916618621945,True,False
8,20222,100.79901659496008,115.41168191414496,0.7990165949600794,15.411681914144964,13.754465571151808,-1.6572163429931557,True,False
9,20222,102.22179413086754,114.71499603660732,2.2217941308675364,14.714996036607317,17.226236696203777,2.51124065959646,True,False
10,20222,105.44263407248155,115.22881329391024,5.442634072481553,15.228813293910235,14.017134705660084,-1.2116785882501517,True,False
11,20222,102.42732156916212,112.85115918684254,2.4273215691621175,12.851159186842537,15.855430943572468,3.0042717567299313,True,False
12,20222,105.79523502897617,107.66710353866318,5.795235028976165,7.667103538663184,17.452699728252853,9.785596189589668,True,False
13,20222,105.1272376588184,120.33666436519906,5.127237658818402,20.336664365199056,18.367656778368936,-1.96900758683012,True,False
14,20222,100.41075949802318,111.1913968231442,0.41075949802318235,11.191396823144203,13.580386066573746,2.3889892434295437,True,False
15,20222,106.91802980094474,115.86883029073698,6.918029800944737,15.86883029073698,16.70858367464758,0.8397533839106011,True,False
16,20222,106.88079128187064,113.83459334042304,6.880791281870643,13.83459334042304,21.269131858205004,7.434538517781963,True,False
17,20222,107.42053865770976,121.09101107839012,7.420538657709756,21.091011078390125,11.44780891649635,-9.643202161893775,True,False
1,20232,100.11415525114155,101.09510086455332,0.114155251141554,1.0951008645533165,-1.910420799545287,-3.0055216640986036,True,True
2,20232,100.74859638178415,99.01900674432864,0.7485963817841537,-0.9809932556713648,3.911382734912139,4.892375990583504,True,True
5,20232,99.98002172514065,102.91028117253131,-0.019978274859354883,2.910281172531313,5.915144701045838,3.004863528514525,True,False
6,20232,101.95090058896912,102.4410097241313,1.9509005889691196,2.4410097241313053,3.1023113377407263,0.661301613609421,True,False
7,20232,102.15111958144504,105.7704416784742,2.1511195814450446,5.770441678474199,4.89079402662993,-0.8796476518442695,True,False
8,20232,103.18924458913608,104.3658536585366,3.1892445891360808,4.365853658536594,2.8484534731823885,-1.5174001853542052,True,False
9,20232,108.29714137551046,104.9500596771154,8.297141375510463,4.950059677115405,2.945861549716322,-2.004198127399083,True,False
10,20232,103.581528799559,107.683735019021,3.5815287995589955,7.683735019021,8.76934559018261,1.0856105711616095,True,False
11,20232,103.2793645623058,105.72504893214808,3.279364562305801,5.725048932148084,3.3856617416264667,-2.3393871905216175,True,False
12,20232,106.9461827284105,104.01704199634814,6.9461827284105055,4.017041996348141,5.40257247460374,1.3855304782555988,True,False
13,20232,98.29494764260832,96.65780692606322,-1.7050523573916792,-3.3421930739367838,-2.1719318785171193,1.1702611954196644,True,False
14,20232,103.71971533694762,103.11094206813816,3.7197153369476155,3.110942068138158,4.138298084640879,1.0273560165027211,True,False
15,20232,103.31264052558772,109.12645153760867,3.3126405255877245,9.126451537608673,3.6552739914307075,-5.471177546177966,True,False
16,20232,98.17492984235967,105.88096963847262,-1.8250701576403259,5.880969638472621,5.0650577783738715,-0.8159118600987494,True,False
17,20232,95.7629135920019,93.17892298784018,-4.237086407998106,-6.821077012159819,-3.273226181645217,3.547850830514602,True,False
1,20242,104.230377166157,116.59064994298744,4.230377166156998,16.59064994298744,19.15497846312477,2.5643285201373303,True,False
2,20242,99.05593476107651,112.56630294090324,-0.9440652389234856,12.566302940903242,12.689310395530073,0.1230074546268316,True,False
5,20242,101.06618335124972,116.37460794584022,1.0661833512497196,16.374607945840225,13.64123476138126,-2.7333731844589657,True,False
6,20242,109.3456472634734,121.35383170226883,9.345647263473396,21.353831702268835,25.733682670345814,4.37985096807698,True,False
7,20242,107.59066990007042,129.25460339307966,7.590669900070424,29.254603393079663,30.315713285825275,1.0611098927456126,True,False
8,20242,104.54785827604442,115.50595933629351,4.547858276044423,15.505959336293515,19.02717744179574,3.521218105502225,True,False
9,20242,103.1306921675774,108.44556174058778,3.1306921675773935,8.445561740587777,13.275707939043047,4.830146198455269,True,False
10,20242,105.35111532401442,116.52658243309224,5.351115324014415,16.526582433092244,25.564166369777276,9.037583936685031,True,False
11,20242,103.00765389034616,116.81206019613614,3.0076538903461625,16.812060196136144,18.31166731551914,1.499607119382997,True,False
12,20242,107.74125132555676,118.89994148624923,7.74125132555676,18.899941486249233,18.60456488130162,-0.295376604947613,True,False
13,20242,101.9386675093178,116.21287484833786,1.9386675093177956,16.21287484833786,21.219152565625787,5.006277717287926,True,False
14,20242,102.5413105536764,117.81961391225622,2.5413105536763965,17.819613912256216,25.49798146953357,7.678367557277355,True,False
15,20242,101.69798761062096,113.01623978916996,1.697987610620956,13.016239789169958,21.342389163130846,8.326149373960888,True,False
16,20242,102.39396745786892,116.28322698380111,2.393967457868925,16.283226983801114,17.88117277790391,1.5979457941027952,True,False
17,20242,100.20470291832876,118.63658960974396,0.20470291832876342,18.636589609743965,22.60592668893999,3.969337079196027,True,False
1,20252,99.349139934914,104.49877750611248,-0.6508600650859933,4.498777506112475,7.048609024250552,2.5498315181380766,True,False
2,20252,100.1908928711023,107.38241034122444,0.19089287110230657,7.382410341224443,1.8267223382046005,-5.555688003019842,True,False
5,20252,104.60222929295814,109.59955365788171,4.6022292929581425,9.599553657881714,6.186941278941416,-3.412612378940298,True,False
6,20252,98.962221471606,102.0638910774314,-1.037778528394,2.063891077431407,0.6932672468311418,-1.3706238306002652,True,False
7,20252,99.34262580568236,103.19813125907272,-0.6573741943176401,3.198131259072724,1.4413801560321682,-1.756751103040556,True,False
8,20252,101.6646024275452,103.79868487607486,1.664602427545205,3.7986848760748586,4.047488425060064,0.2488035489852054,True,False
9,20252,101.80438536815116,107.37277845236784,1.8043853681511592,7.3727784523678395,3.650774568167181,-3.7220038842006584,True,False
10,20252,99.87158104309168,106.39199613950191,-0.12841895690831961,6.391996139501913,2.3912051102690457,-4.000791029232867,True,False
11,20252,100.98960865152226,103.10255862764942,0.9896086515222606,3.1025586276494153,5.054480371796366,1.9519217441469507,True,False
12,20252,98.28703703703704,104.47834645669292,-1.712962962962962,4.478346456692918,7.92016626218901,3.441819805496092,True,False
13,20252,104.81048439675816,106.35830313249272,4.810484396758156,6.358303132492722,2.275626084186011,-4.082677048306711,True,False
14,20252,100.19673856914592,102.15961428980684,0.19673856914592136,2.1596142898068393,1.4035682728709808,-0.7560460169358585,True,False
15,20252,102.07138702577517,105.6655714867404,2.0713870257751665,5.665571486740404,0.9655825178526145,-4.69998896888779,True,False
16,20252,106.16012612544117,112.60683631433062,6.160126125441167,12.606836314330621,6.0558959056775,-6.550940408653122,True,False
17,20252,101.39593908629443,108.81567230632236,1.3959390862944332,8.815672306322355,4.4770627919443085,-4.338609514378047,True,False
1,20262,101.55002348520432,101.16986429574168,1.5500234852043207,1.1698642957416752,-0.17664209662298092,-1.346506392364656,True,True
2,20262,101.70000000000002,104.19259898930368,1.700000000000017,4.192598989303676,6.892201559167255,2.699602569863579,True,False
5,20262,100.80090765147771,96.9637607294054,0.8009076514777149,-3.0362392705946064,-0.6447376809966987,2.3915015895979077,True,False
6,20262,101.2978491001528,104.68388111587304,1.2978491001528027,4.683881115873035,2.2291938479605644,-2.4546872679124707,True,False
7,20262,98.2074605337349,98.548195751891,-1.7925394662650973,-1.4518042481089992,-1.1093815996230938,0.3424226484859054,True,False
8,20262,103.2746823069404,102.96769163296136,3.274682306940406,2.967691632961362,2.049675547096097,-0.9180160858652648,True,False
9,20262,103.30658268996343,104.55026781400036,3.3065826899634345,4.550267814000364,5.276675255137153,0.7264074411367893,True,False
10,20262,102.05688198681108,104.67691948716478,2.056881986811078,4.676919487164781,5.358730216408647,0.6818107292438658,True,False
11,20262,103.17706901864476,104.36654814244253,3.177069018644758,4.366548142442525,0.09464820730631374,-4.2718999351362115,True,False
12,20262,98.04634257155838,101.6486104569006,-1.9536574284416162,1.6486104569005988,2.3645890266279945,0.7159785697273957,True,False
13,20262,100.36884054970132,99.78696532576818,0.36884054970131785,-0.213034674231821,1.719485539179999,1.93252021341182,True,True
14,20262,98.66618481846167,101.1971630391434,-1.333815181538327,1.1971630391434047,1.305189821660191,0.10802678251678621,True,False
15,20262,99.5146001667344,99.00680181392951,-0.4853998332656033,-0.9931981860704866,-0.278989801324947,0.7142083847455396,True,False
16,20262,102.58253421153768,103.71346951426852,2.582534211537677,3.7134695142685246,6.910833252187487,3.1973637379189626,True,False
17,20262,99.40229238558116,100.80213983491164,-0.5977076144188374,0.8021398349116424,-1.6521647086792601,-2.4543045435909026,True,True
1,20063,,,,,,,False,False
2,20063,,,,,,,False,False
5,20063,,,,,,,False,False
6,20063,,,,,,,False,False
7,20063,,,,,,,False,False
8,20063,,,,,,,False,False
9,20063,,,,,,,False,False
10,20063,,,,,,,False,False
11,20063,,,,,,,False,False
12,20063,,,,,,,False,False
13,20063,,,,,,,False,False
14,20063,,,,,,,False,False
15,20063,,,,,,,False,False
16,20063,,,,,,,False,False
17,20063,,,,,,,False,False
1,20073,105.60569179374116,173.94807674189906,5.605691793741158,73.94807674189906,75.94990418878169,2.001827446882629,True,False
2,20073,114.46188340807171,164.4122383252818,14.461883408071714,64.4122383252818,63.85008586712135,-0.5621524581604547,True,False
5,20073,111.00775649596866,177.42917833555558,11.007756495968664,77.42917833555558,90.43973360088144,13.010555265325863,True,False
6,20073,112.92548869715672,173.0124864534741,12.925488697156723,73.01248645347411,56.644193775414074,-16.368292678060037,True,False
7,20073,96.96735720433684,127.24726653844074,-3.0326427956631647,27.24726653844074,44.95278466253492,17.705518124094176,True,False
8,20073,108.80364689265174,148.08601950470512,8.803646892651741,48.08601950470512,56.36936790042939,8.283348395724268,True,False
9,20073,102.24358458988571,136.81741902161238,2.243584589885714,36.81741902161238,58.931788226725914,22.114369205113533,True,False
10,20073,108.18839814124344,,8.18839814124344,,37.334507889577864,,False,False
11,20073,103.28205128205128,171.46262557466372,3.2820512820512846,71.46262557466372,71.14229138728349,-0.3203341873802259,True,False
12,20073,107.88381742738588,152.94117647058823,7.883817427385878,52.94117647058823,60.37592424136336,7.434747770775125,True,False
13,20073,111.17118967284812,153.36217025548942,11.171189672848115,53.36217025548942,66.70453593157116,13.34236567608174,True,False
14,20073,106.1408687374264,155.49180558022152,6.140868737426402,55.49180558022152,48.37434890860226,-7.117456671619266,True,False
15,20073,112.26720076376606,135.68427468184794,12.267200763766056,35.68427468184794,51.9937132332539,16.30943855140596,True,False
16,20073,111.97046252382164,144.31033602048572,11.970462523821638,44.31033602048572,69.159051043614,24.84871502312828,True,False
17,20073,109.41302622538193,209.97496717317551,9.413026225381927,109.97496717317551,111.0925106582076,1.117543485032087,True,False
1,20083,102.84565784856224,98.64548607310525,2.84565784856224,-1.3545139268947537,2.4761470050328693,3.830660931927623,True,True
2,20083,97.98657718120806,100.0979431929481,-2.0134228187919376,0.09794319294809384,-0.8921531358453971,-0.990096328793491,True,True
5,20083,88.63835326809489,99.7568985700576,-11.361646731905111,-0.24310142994239925,2.40292318287203,2.646024612814429,True,True
6,20083,95.7253471918187,100.97570458403082,-4.274652808181301,0.9757045840308223,11.912448320916535,10.936743736885713,True,False
7,20083,91.03334974991289,88.1438282723837,-8.966650250087113,-11.8561717276163,-8.022322877352694,3.833848850263605,True,False
8,20083,100.2898996953123,113.522542639864,0.2898996953123003,13.522542639864,11.41010668372122,-2.112435956142779,True,False
9,20083,95.335849284535,99.5446285262358,-4.664150715464999,-0.4553714737642025,-4.787848803494022,-4.332477329729819,True,False
10,20083,99.49645888194406,93.10688732725278,-0.503541118055935,-6.893112672747222,-0.9290864917159469,5.964026181031275,True,False
11,20083,99.50298210735586,99.4041708043694,-0.49701789264413776,-0.5958291956305999,-5.53892553951486,-4.94309634388426,True,False
12,20083,100.92764378478664,104.61538461538464,0.927643784786639,4.615384615384642,3.1846992210978975,-1.4306853942867441,True,False
13,20083,103.45120184927464,102.98029278496142,3.4512018492746392,2.9802927849614207,7.975065836917894,4.994773051956473,True,False
14,20083,102.1061936531258,97.48289665478828,2.1061936531258,-2.517103345211723,-1.500180334009149,1.0169230112025738,True,False
15,20083,99.24376724566687,85.26123963863417,-0.7562327543331264,-14.738760361365834,-8.23439403121734,6.504366330148494,True,False
16,20083,95.06770912188335,94.98693531165088,-4.932290878116646,-5.013064688349118,-10.175186347889332,-5.1621216595402135,True,False
17,20083,97.95361023735816,95.4143570858248,-2.0463897626418373,-4.585642914175196,-1.3736694765897117,3.2119734375854843,True,False
1,20093,101.69310543140908,95.91884539090852,1.69310543140908,-4.0811546090914845,-7.651304045081597,-3.5701494359901123,True,False
2,20093,99.18200408997956,94.9119373776908,-0.8179959100204428,-5.088062622309195,-2.7414922537461472,2.346570368563048,True,False
5,20093,105.3095772068582,94.81355926540874,5.309577206858194,-5.186440734591258,-6.985689616237023,-1.7992488816457648,True,False
6,20093,99.20909236391992,94.93263723460404,-0.7909076360800782,-5.067362765395956,-4.954409135436522,0.11295362995943403,True,False
7,20093,104.54503088002777,98.92376698927836,4.545030880027767,-1.0762330107216371,-7.647801274612043,-6.571568263890406,True,False
8,20093,97.65941372641818,94.65387694282413,-2.3405862735818204,-5.346123057175873,-5.500242306004399,-0.15411924882852546,True,False
9,20093,97.80663003765416,98.21066872000158,-2.193369962345841,-1.7893312799984216,-5.5409914965298235,-3.751660216531402,True,False
10,20093,81.86759271102576,92.22792456397946,-18.132407288974235,-7.772075436020543,-4.7384564944605305,3.0336189415600128,True,False
11,20093,106.56506447831184,90.80919080919082,6.5650644783118395,-9.190809190809176,-7.811189824980913,1.3796193658282636,True,False
12,20093,103.88548057259716,93.38235294117648,3.88548057259716,-6.617647058823522,-5.590227153313398,1.0274199055101239,True,False
13,20093,99.77610061069235,91.47872532466194,-0.22389938930764686,-8.521274675338063,-7.180196436657038,1.3410782386810247,True,False
14,20093,99.14841600221315,92.48382694699804,-0.8515839977868467,-7.516173053001964,-5.574494796239426,1.941678256762538,True,False
15,20093,104.17043131936788,96.21666278819406,4.170431319367879,-3.783337211805943,-4.462031731832939,-0.6786945200269958,True,False
16,20093,96.3925409558907,94.37557578401292,-3.607459044109305,-5.6244242159870765,-4.40222824725256,1.2221959687345167,True,False
17,20093,98.44021308190176,98.5099281684948,-1.55978691809824,-1.4900718315052046,-4.779303139128066,-3.2892313076228614,True,False
1,20103,100.7121057985758,100.7276152812666,0.7121057985758057,0.7276152812665941,1.7997716516375162,1.072156370370922,True,False
2,20103,104.12060301507536,106.8041237113402,4.1206030150753605,6.804123711340196,1.7502060246347595,-5.053917686705437,True,False
5,20103,104.03167338981586,97.8049863046218,4.0316733898158645,-2.1950136953781936,5.438059391153138,7.633073086531332,True,True
6,20103,97.14611402024512,103.53279558051412,-2.853885979754878,3.5327955805141187,4.575294399596297,1.0424988190821782,True,False
7,20103,102.2338899797823,107.93998183689854,2.2338899797823046,7.939981836898539,5.344187452636695,-2.5957943842618443,True,False
8,20103,100.35312117131112,108.89660990728282,0.3531211713111162,8.896609907282823,6.384477233510588,-2.5121326737722347,True,False
9,20103,99.74157629849825,103.49962147035296,-0.258423701501755,3.499621470352963,-0.22702985431310996,-3.726651324666073,True,True
10,20103,89.36690758293972,109.01761756857532,-10.633092417060283,9.017617568575318,4.822436707236943,-4.1951808613383745,True,False
11,20103,93.45321311956198,98.5038503850385,-6.54678688043802,-1.496149614961496,3.5469654249048688,5.043115039866365,True,True
12,20103,101.27272727272728,109.6456692913386,1.2727272727272805,9.645669291338606,5.675453460771807,-3.9702158305668,True,False
13,20103,93.63911266271823,97.65290274566124,-6.360887337281767,-2.347097254338763,-0.5663848367417734,1.7807124175969897,True,False
14,20103,97.80045108977798,101.9429618955124,-2.1995489102220205,1.942961895512397,3.2665711628312,1.323609267318803,True,False
15,20103,98.7961893020512,106.16511634953405,-1.2038106979487964,6.1651163495340455,-0.5643276335237535,-6.729443983057799,True,True
16,20103,96.33663366336631,104.65552466055018,-3.663366336633686,4.655524660550185,1.504996267608738,-3.150528392941447,True,False
17,20103,99.4231453634582,101.21239401162046,-0.5768546365417961,1.2123940116204608,7.03284085488598,5.820446843265519,True,False
1,20113,95.8720330237358,93.83838383838383,-4.127966976264204,-6.161616161616166,0.31597611486187116,6.477592276478037,True,True
2,20113,96.60194174757282,96.04247104247104,-3.3980582524271767,-3.9575289575289645,-1.7145276378126018,2.2430013197163627,True,False
5,20113,96.40491958372752,97.14013346043852,-3.5950804162724808,-2.85986653956148,-5.1443010135155625,-2.2844344739540823,True,False
6,20113,97.74558743105898,103.17373054254963,-2.254412568941021,3.1737305425496345,2.6910403908342317,-0.48269015171540275,True,False
7,20113,100.53069150283908,98.99867497241924,0.5306915028390762,-1.0013250275807621,-0.1165736103929782,0.8847514171877839,True,False
8,20113,103.8300457276694,103.25366578621906,3.8300457276694004,3.2536657862190594,4.033639523336641,0.7799737371175812,True,False
9,20113,100.2156278878735,100.2259190798932,0.21562788787349518,0.22591907989320248,0.5818591019710828,0.35594002207788034,True,False
10,20113,117.6790496708862,108.7532755668888,17.6790496708862,8.753275566888803,4.924901572572504,-3.8283739943162987,True,False
11,20113,100.69332587627775,99.93325120616484,0.6933258762777541,-0.06674879383515986,2.064604462549302,2.131353256384462,True,True
12,20113,96.05954465849386,98.47396768402156,-3.940455341506137,-1.5260323159784406,4.55720404232034,6.08323635829878,True,True
13,20113,96.51263283542826,97.66116394550735,-3.4873671645717366,-2.3388360544926456,-5.136740067513368,-2.7979040130207222,True,False
14,20113,100.259390679561,99.17450033437746,0.25939067956099393,-0.8254996656225444,-0.04846815596980525,0.7770315096527391,True,False
15,20113,100.29268292682929,98.71979789838254,0.2926829268292863,-1.280202101617462,-0.7311207957957588,0.5490813058217032,True,False
16,20113,95.04289799809342,102.4665981500514,-4.957102001906577,2.4665981500513965,1.7835186523692537,-0.6830794976821428,True,False
17,20113,93.12694704049844,97.72375068903877,-6.873052959501564,-2.2762493109612336,-1.5306082739510396,0.745641037010194,True,False
1,20123,105.81140350877192,103.8751345532831,5.811403508771917,3.875134553283104,-3.378361220896897,-7.253495774180001,True,True
2,20123,98.43260188087774,94.67336683417086,-1.5673981191222595,-5.326633165829136,-6.191769334317487,-0.865136168488351,True,False
5,20123,101.62107396149948,98.42983316977428,1.6210739614994765,-1.5701668302257161,-2.5336456807646845,-0.9634788505389684,True,False
6,20123,101.17065264598064,96.4414844225279,1.1706526459806383,-3.558515577472093,-5.1659920458188235,-1.6074764683467304,True,False
7,20123,97.66841264551832,93.02725253468672,-2.331587354481684,-6.972747465313276,-5.122664171351743,1.850083293961533,True,False
8,20123,101.68063718458713,93.30484337164329,1.6806371845871269,-6.695156628356713,-4.807927502252118,1.8872291261045948,True,False
9,20123,98.38693105928286,98.11475409836066,-1.6130689407171417,-1.8852459016393368,-5.690574718841135,-3.805328817201798,True,False
10,20123,84.46149442553588,85.7055908057406,-15.538505574464125,-14.294409194259401,-3.782605349227963,10.511803845031437,True,False
11,20123,101.09183477537908,93.69379910778513,1.091834775379084,-6.306200892214875,-6.648728347612353,-0.3425274553974784,True,False
12,20123,104.516711833785,105.46946216955332,4.516711833784996,5.469462169553324,-1.907109655231276,-7.3765718247846,True,True
13,20123,99.37569661676818,97.0326972817128,-0.624303383231819,-2.9673027182872005,-7.2260231360098075,-4.258720417722607,True,False
14,20123,99.0597562555822,95.98324373361363,-0.9402437444177991,-4.016756266386366,-5.427535022452079,-1.4107787560657128,True,False
15,20123,100.1063829787234,91.53696498054474,0.10638297872340274,-8.463035019455262,-5.668030321263662,2.7950046981916,True,False
16,20123,99.9028182701652,103.10932798395184,-0.09718172983480144,3.109327983951843,-4.533075321944358,-7.642403305896201,True,True
17,20123,104.00794965220273,98.47376123771691,4.007949652202726,-1.5262387622830857,-7.024942882465779,-5.498704120182693,True,False
1,20133,99.7837837837838,95.64766839378238,-0.21621621621619624,-4.352331606217618,-4.325232597543193,0.027099008674424496,True,False
2,20133,99.67141292442496,96.60297239915074,-0.32858707557504374,-3.397027600849256,-0.0857644324265161,3.31126316842274,True,False
5,20133,105.4944670319134,99.40179461615156,5.494467031913402,-0.5982053838484376,-2.1941242314236664,-1.5959188475752288,True,False
6,20133,101.8392326267127,99.41325898270225,1.8392326267127004,-0.5867410172977543,-4.743969958970218,-4.1572289416724635,True,False
7,20133,101.1487848475692,100.1771282912368,1.1487848475692033,0.17712829123679796,-5.235270455733387,-5.412398746970185,True,True
8,20133,91.54654898048004,89.19819682020915,-8.45345101951996,-10.801803179790852,-6.05456672516087,4.747236454629982,True,False
9,20133,99.62280418148508,96.5329991645781,-0.37719581851492023,-3.4670008354218993,-3.961962114571027,-0.4949612791491278,True,False
10,20133,96.62896252513836,105.73814193180333,-3.3710374748616374,5.738141931803327,-1.1881149472664831,-6.926256879069809,True,True
11,20133,103.24008971195144,102.1351585550028,3.240089711951441,2.1351585550028034,-0.3452174030855626,-2.480375958088366,True,True
12,20133,99.64093357271096,95.93777009507346,-0.3590664272890365,-4.062229904926539,-1.800634700160486,2.2615952047660532,True,False
13,20133,100.37747332807336,96.56193058702785,0.3774733280733642,-3.4380694129721547,-1.6608548369018372,1.7772145760703175,True,False
14,20133,103.03588912399874,95.23587001020134,3.035889123998743,-4.764129989798661,-5.062752134051363,-0.2986221442527013,True,False
15,20133,98.7709497206704,93.94261424017004,-1.2290502793295985,-6.057385759829955,-5.994150610165294,0.0632351496646617,True,False
16,20133,89.56356736242884,91.82879377431908,-10.436432637571158,-8.171206225680919,-0.28976269564487955,7.881443530036039,True,False
17,20133,99.07621247113164,91.0828025477707,-0.9237875288683597,-8.917197452229303,-4.0658694425064095,4.851328009722893,True,False
1,20143,104.11568409343714,101.40845070422534,4.115684093437139,1.408450704225345,1.9534654527972206,0.5450147485718757,True,False
2,20143,104.13043478260867,105.27472527472528,4.130434782608674,5.274725274725284,-0.6455302382834316,-5.9202555130087156,True,True
5,20143,110.67980741146148,111.78993587095458,10.679807411461482,11.78993587095458,4.980024924144955,-6.809910946809625,True,False
6,20143,99.32433167679096,97.1968282361064,-0.6756683232090381,-2.8031717638936016,-0.07464585155785297,2.7285259123357486,True,False
7,20143,98.8322147523738,101.06596372929404,-1.167785247626199,1.0659637292940403,1.9673987197920129,0.9014349904979726,True,False
8,20143,102.6651147568124,106.3501211836766,2.6651147568124003,6.350121183676606,1.1392089802489735,-5.2109122034276325,True,False
9,20143,98.61483947170622,99.3509303331891,-1.3851605282937811,-0.6490696668109024,0.08681416807223563,0.735883834883138,True,True
10,20143,97.38788910139226,105.08900240007976,-2.612110898607739,5.089002400079764,1.4270227572684924,-3.6619796428112714,True,False
11,20143,103.06262602603786,98.6489574793175,3.0626260260378615,-1.3510425206824976,0.6508627020565871,2.0019052227390848,True,True
12,20143,102.493321460374,103.69369369369367,2.4933214603740055,3.6936936936936746,1.7648138294997118,-1.9288798641939628,True,False
13,20143,103.60252592045948,98.29828503241517,3.6025259204594846,-1.7017149675848344,0.30750080290999904,2.0092157704948335,True,True
14,20143,102.44391837022285,102.16080870291611,2.443918370222846,2.160808702916114,3.3883793350543367,1.2275706321382227,True,False
15,20143,96.77765843179375,101.92307692307692,-3.2223415682062466,1.9230769230769198,0.9507205190224965,-0.9723564040544233,True,False
16,20143,97.66145255621966,103.93008843922148,-2.3385474437803424,3.9300884392214783,8.547522578836443,4.617434139614964,True,False
17,20143,98.29738933030649,100.93240093240092,-1.702610669693513,0.9324009324009239,-0.768546312124474,-1.700947244525398,True,True
1,20153,101.30010834236188,99.8931623931624,1.3001083423618809,-0.10683760683760113,0.29887024919375005,0.4057078560313512,True,True
2,20153,101.1578947368421,100.31315240083508,1.1578947368420955,0.31315240083507945,2.9816982948687842,2.668545894033705,True,False
5,20153,98.78719025751217,92.57017142571318,-1.2128097424878348,-7.429828574286816,-1.5684481616573653,5.861380412629451,True,False
6,20153,100.25049349472836,98.99397442135826,0.25049349472836013,-1.00602557864174,-5.057096085782343,-4.051070507140603,True,False
7,20153,96.51653025141592,97.8256698833898,-3.483469748584085,-2.174330116610193,2.882445523946875,5.056775640557068,True,True
8,20153,103.6293677204659,101.12645124382712,3.6293677204658934,1.1264512438271197,2.217355838890467,1.0909045950633471,True,False
9,20153,101.21002592912706,102.00348432055748,1.210025929127056,2.003484320557476,-0.3122599192089348,-2.3157442397664108,True,True
10,20153,99.96456069505444,99.81970975911256,-0.03543930494555525,-0.1802902408874445,0.5627532354464115,0.743043476333856,True,True
11,20153,104.65175593622564,101.52855889410468,4.651755936225641,1.5285588941046768,1.8335729717219085,0.30501407761723165,True,False
12,20153,99.647577092511,98.26238053866204,-0.3524229074890002,-1.7376194613379567,-1.8763456084777919,-0.1387261471398351,True,False
13,20153,104.13201796937908,102.08515537467837,4.132017969379078,2.085155374678365,1.2207300332830906,-0.8644253413952745,True,False
14,20153,97.260593507165,98.28236296883112,-2.739406492835002,-1.7176370311688771,1.3609179819331185,3.0785550131019956,True,True
15,20153,102.76548672566372,103.10765815760269,2.7654867256637203,3.1076581576026854,1.6433212507493966,-1.4643369068532888,True,False
16,20153,103.49651188587832,98.747303940436,3.49651188587832,-1.252696059564002,-3.302910326000552,-2.05021426643655,True,False
17,20153,102.94324577861164,101.3741339491917,2.94324577861164,1.3741339491917017,0.5218915167366722,-0.8522424324550295,True,False
1,20163,101.82207931404072,101.60427807486631,1.822079314040721,1.6042780748663148,0.07197575741448858,-1.5323023174518262,True,False
2,20163,101.42131979695432,103.95421436004165,1.4213197969543216,3.9542143600416466,4.063954630101785,0.1097402700601382,True,False
5,20163,102.787448313156,101.96398643246978,2.7874483131560055,1.963986432469781,3.707179326780352,1.743192894310571,True,False
6,20163,100.19976628302454,94.24994709572763,0.19976628302454458,-5.750052904272366,-0.7361066830749774,5.013946221197388,True,False
7,20163,104.96940522234416,108.8629812402002,4.9694052223441645,8.862981240200199,0.10094560348414827,-8.76203563671605,True,False
8,20163,100.43872768969986,101.08379327646765,0.43872768969986,1.0837932764676452,1.1537816246725008,0.06998834820485555,True,False
9,20163,101.5940488841658,102.04953031596924,1.594048884165801,2.0495303159692355,5.184338098197627,3.1348077822283917,True,False
10,20163,103.49473659677903,107.4492911371685,3.4947365967790347,7.449291137168501,-1.4006448393638182,-8.849935976532318,True,True
11,20163,101.4959339999963,101.1092346665069,1.4959339999962964,1.109234666506893,2.5568777823502753,1.4476431158433822,True,False
12,20163,98.29059829059828,101.67992926613616,-1.7094017094017175,1.6799292661361562,3.0152807721490538,1.3353515060128975,True,False
13,20163,100.84297780300726,104.01186684856248,0.8429778030072583,4.011866848562477,3.412001028129086,-0.5998658204333909,True,False
14,20163,101.49576313713688,105.74666664221712,1.4957631371368763,5.7466666422171215,2.021035336354471,-3.7256313058626507,True,False
15,20163,98.50905218317358,99.56942949407966,-1.49094781682642,-0.4305705059203433,2.320091807316582,2.7506623132369254,True,True
16,20163,99.57501063892462,102.98791211380484,-0.4249893610753759,2.987912113804839,4.494448461072786,1.5065363472679474,True,False
17,20163,97.1623282314825,99.06595284200932,-2.8376717685174953,-0.9340471579906762,3.224342215299747,4.158389373290423,True,True
1,20173,102.5211390310972,104.22563107889331,2.5211390310972064,4.225631078893315,2.692600889650576,-1.533030189242739,True,False
2,20173,101.1684518013632,104.004004004004,1.1684518013632044,4.004004004004003,7.247658419711023,3.24365441570702,True,False
5,20173,111.0433190768152,108.5194770664289,11.043319076815195,8.519477066428905,5.257948948728863,-3.261528117700042,True,False
6,20173,100.68466694597014,100.55838127557875,0.684666945970136,0.5583812755787534,0.8277364870654225,0.2693552114866691,True,False
7,20173,96.96240644458972,99.44614262044216,-3.0375935554102824,-0.5538573795578401,7.056533934578946,7.610391314136786,True,True
8,20173,101.55062024809924,100.77434726496574,1.5506202480992357,0.7743472649657406,3.024858060263247,2.2505107952975063,True,False
9,20173,100.7902672351045,101.39121338912136,0.7902672351044941,1.3912133891213614,-0.42400922704581845,-1.8152226161671798,True,True
10,20173,102.05821796479276,103.66805972172864,2.0582179647927603,3.668059721728639,7.374402112934364,3.706342391205725,True,False
11,20173,100.09089948705558,100.96067099497164,0.09089948705558015,0.9606709949716361,4.963232680828589,4.002561685856953,True,False
12,20173,98.58921161825724,103.30434782608695,-1.410788381742762,3.3043478260869534,7.750990952528247,4.446643126441294,True,False
13,20173,101.9441144718591,105.68022144436566,1.9441144718590948,5.680221444365657,6.26119920895718,0.5809777645915233,True,False
14,20173,100.8471604331145,101.97722978798754,0.847160433114496,1.9772297879875396,5.672150748761928,3.6949209607743887,True,False
15,20173,104.320987654321,109.62162162162164,4.3209876543210015,9.621621621621642,6.393300177270733,-3.228321444350909,True,False
16,20173,95.18735156435515,105.00028065682886,-4.812648435644846,5.000280656828863,2.5464796772498577,-2.4538009795790057,True,False
17,20173,106.60262780170036,111.0152926296424,6.602627801700365,11.015292629642403,6.424506691917653,-4.59078593772475,True,False
1,20183,98.78185343887574,107.762158224465,-1.2181465611242572,7.762158224464997,14.601451983930346,6.839293759465349,True,False
2,20183,104.85981308411216,107.98845043310877,4.859813084112162,7.988450433108767,10.454608328222626,2.4661578951138594,True,False
5,20183,99.20361492465244,105.24895560966002,-0.7963850753475583,5.248955609660015,12.893983610779669,7.645028001119654,True,False
6,20183,100.80051032758956,104.63334842025522,0.8005103275895635,4.633348420255217,6.218059574143897,1.58471115388868,True,False
7,20183,106.70368146555457,111.91619124812648,6.703681465554567,11.91619124812648,7.194765079374021,-4.721426168752459,True,False
8,20183,103.11136958418145,104.7975568909467,3.111369584181446,4.797556890946694,6.585207277680882,1.787650386734188,True,False
9,20183,102.98055311247924,108.71763128030535,2.9805531124792424,8.717631280305355,8.21081863710804,-0.5068126431973141,True,False
10,20183,98.85969627721464,100.63051332727528,-1.1403037227853616,0.6305133272752812,14.024826671912827,13.394313344637546,True,False
11,20183,101.8349230628578,108.48123471200992,1.834923062857797,8.481234712009922,8.75633667898661,0.2751019669766883,True,False
12,20183,101.74050632911391,108.24915824915824,1.740506329113913,8.249158249158242,5.022909596611558,-3.2262486525466842,True,False
13,20183,103.32523043373982,109.90674946954198,3.3252304337398186,9.906749469541978,13.668669950951085,3.7619204814091063,True,False
14,20183,101.06599730158152,105.2066946742822,1.0659973015815183,5.206694674282204,7.3398371190432465,2.1331424447610425,True,False
15,20183,102.10696920583467,111.8343195266272,2.106969205834673,11.834319526627198,10.69811352078971,-1.1362060058374883,True,False
16,20183,99.71647619395507,108.0514047060024,-0.28352380604492566,8.051404706002401,5.367743380019263,-2.683661325983138,True,False
17,20183,106.99100168100466,112.06628689798032,6.991001681004661,12.06628689798032,12.64270894007662,0.5764220420963007,True,False
1,20193,102.03191643415484,114.72213393482627,2.0319164341548372,14.722133934826275,14.13666334347614,-0.5854705913501341,True,False
2,20193,105.7518488085456,114.70588235294116,5.751848808545603,14.70588235294116,13.755486508259951,-0.9503958446812089,True,False
5,20193,106.18272145677534,114.31370023234162,6.18272145677534,14.313700232341617,12.121947766620211,-2.1917524657214056,True,False
6,20193,105.81748484274364,109.67548240877332,5.817484842743639,9.67548240877332,13.458947761250828,3.783465352477508,True,False
7,20193,102.96991331868244,109.73028870744548,2.969913318682444,9.730288707445482,13.325292458882142,3.5950037514366606,True,False
8,20193,103.59019264448337,111.2051137431848,3.5901926444833663,11.205113743184796,9.811580170410528,-1.3935335727742686,True,False
9,20193,101.50421179302046,112.0611121654963,1.5042117930204597,12.061112165496297,13.236148917642577,1.17503675214628,True,False
10,20193,106.24872699127104,114.8193401197873,6.248726991271042,14.819340119787299,7.364201730799258,-7.455138388988041,True,False
11,20193,101.50570280258188,107.26418803875532,1.5057028025818795,7.2641880387553215,7.378044744045997,0.11385670529067582,True,False
12,20193,102.28782287822878,107.7760497667185,2.2878228782287806,7.776049766718501,8.287124191812968,0.511074425094467,True,False
13,20193,104.52322842656083,115.78952257300097,4.523228426560834,15.789522573000966,11.718285199694755,-4.071237373306211,True,False
14,20193,104.17251698552754,111.8447880260637,4.172516985527537,11.844788026063696,10.236705998588347,-1.6080820274753496,True,False
15,20193,104.15584415584416,106.08465608465607,4.155844155844164,6.084656084656075,9.08955140771701,3.0048953230609357,True,False
16,20193,99.05893805226226,112.76357287143968,-0.9410619477377367,12.763572871439678,24.778355623588723,12.014782752149046,True,False
17,20193,100.51465885846936,112.12569316081328,0.5146588584693603,12.125693160813285,9.713170910982027,-2.412522249831257,True,False
1,20203,104.93482733458316,108.08071475854696,4.9348273345831615,8.08071475854696,9.999856458367828,1.9191416998208677,True,False
2,20203,98.3187134502924,104.50660450660452,-1.6812865497075933,4.506604506604518,9.813588223417735,5.3069837168132175,True,False
5,20203,101.35986219329835,113.37127937720524,1.3598621932983548,13.37127937720524,10.974062557048935,-2.3972168201563058,True,False
6,20203,100.57120982253068,109.33325434518044,0.5712098225306761,9.333254345180436,10.021292373643021,0.6880380284625858,True,False
7,20203,101.19522936465997,115.066268637451,1.1952293646599657,15.066268637451003,10.955555161353804,-4.1107134760971995,True,False
8,20203,101.29969418960243,112.00338123415048,1.2996941896024339,12.003381234150481,14.5480163719631,2.5446351378126195,True,False
9,20203,100.74859638178414,109.40807858413072,0.7485963817841395,9.40807858413072,10.019041272879047,0.6109626887483266,True,False
10,20203,100.03905613657386,110.69975481179112,0.03905613657386198,10.699754811791124,8.17677684998448,-2.522977961806644,True,False
11,20203,100.6730697304647,108.13710124077124,0.6730697304647038,8.137101240771244,9.837631944808267,1.700530704037023,True,False
12,20203,96.66230366492144,106.56565656565655,-3.3376963350785616,6.565656565656553,17.705799936974454,11.140143371317901,True,False
13,20203,102.96983325071882,111.2992286271693,2.969833250718821,11.299228627169299,12.83358347463941,1.5343548474701105,True,False
14,20203,99.1930981513727,105.14393153375453,-0.8069018486273052,5.143931533754525,10.988522351066155,5.84459081731163,True,False
15,20203,99.52158832945524,110.82552859137247,-0.47841167054475875,10.825528591372475,14.632635620848177,3.807107029475702,True,False
16,20203,90.38616513396872,104.94359947114052,-9.613834866031283,4.943599471140516,5.138949672093163,0.19535020095264688,True,False
17,20203,104.79862254828566,115.38905374216948,4.798622548285664,15.38905374216948,15.658573241245243,0.2695194990757628,True,False
1,20213,103.2637189088141,114.47855086645062,3.2637189088140985,14.478550866450618,8.540888180490281,-5.937662685960337,True,False
2,20213,100.56258790436006,106.31970260223048,0.5625879043600577,6.319702602230478,8.932806478315047,2.613103876084569,True,False
5,20213,105.89620109199342,112.64138973274164,5.896201091993419,12.641389732741644,11.3790817205069,-1.2623080122347439,True,False
6,20213,102.1022293284825,112.37770079902444,2.102229328482494,12.377700799024439,11.47595021979695,-0.9017505792274889,True,False
7,20213,103.71756372449885,111.85397837151798,3.717563724498845,11.853978371517982,12.03963064072715,0.185652269209168,True,False
8,20213,104.64461646727656,112.2264150943396,4.644616467276563,12.2264150943396,9.702969992179366,-2.5234451021602347,True,False
9,20213,102.35641709303162,109.93808049535605,2.3564170930316237,9.938080495356047,9.369508952937643,-0.5685715424184039,True,False
10,20213,102.24712104107373,106.69937359170588,2.2471210410737257,6.6993735917058785,5.086963736663552,-1.6124098550423263,True,False
11,20213,102.6109420108084,107.38936735255112,2.610942010808401,7.389367352551119,7.659192529095904,0.269825176544785,True,False
12,20213,100.52424639580605,103.85917400135412,0.5242463958060455,3.85917400135412,5.99441339690443,2.13523939555031,True,False
13,20213,101.72578068479868,109.39686616446916,1.7257806847986785,9.39686616446916,9.090007239659958,-0.30685892480920174,True,False
14,20213,102.32148253859307,111.42316324832382,2.3214825385930737,11.423163248323817,7.806399527317942,-3.616763721005875,True,False
15,20213,102.01007971104272,113.1633569599026,2.010079711042721,13.1633569599026,10.622977540377022,-2.5403794195255784,True,False
16,20213,101.67929644947311,120.65862177190274,1.6792964494731137,20.658621771902745,16.206972972699685,-4.45164879920306,True,False
17,20213,104.14387883887252,106.10043574541037,4.143878838872524,6.1004357454103655,9.106581385800162,3.0061456403897964,True,False
1,20223,101.1527377521614,115.8759088235152,1.1527377521614,15.875908823515203,18.602570493445604,2.726661669930401,True,False
2,20223,98.89638258736971,112.7972027972028,-1.1036174126302853,12.7972027972028,9.442416196481918,-3.3547866007208818,True,False
5,20223,99.507752378532,107.3587305262613,-0.49224762146799605,7.358730526261297,8.193409391028595,0.834678864767298,True,False
6,20223,101.47570975733696,120.54303699187594,1.4757097573369578,20.543036991875937,18.23584298965899,-2.3071940022169457,True,False
7,20223,102.56296094315532,113.33490943719912,2.5629609431553178,13.334909437199116,13.99271404903606,0.6578046118369443,True,False
8,20223,103.10975609756096,113.7188971082717,3.109756097560961,13.718897108271705,10.348713357311556,-3.370183750960148,True,False
9,20223,100.15076323889691,112.24303013235708,0.15076323889691423,12.243030132357077,15.81152827011556,3.568498137758482,True,False
10,20223,100.40735218789902,113.15546023000093,0.40735218789902206,13.155460230000926,14.92613864479262,1.7706784147916927,True,False
11,20223,102.3981017514835,112.61707820565525,2.3981017514834946,12.617078205655247,14.748526750294854,2.131448544639607,True,False
12,20223,97.68715763846622,104.62842242503258,-2.3128423615337823,4.628422425032582,17.121851441537416,12.493429016504834,True,False
13,20223,96.33207269157792,113.95616942974868,-3.6679273084220796,13.956169429748684,13.919759499723284,-0.03640993002539972,True,False
14,20223,99.62268562418704,108.25865004104382,-0.3773143758129578,8.258650041043822,12.71557677978976,4.456926738745938,True,False
15,20223,99.70799481357572,113.25399178600244,-0.29200518642427653,13.253991786002445,18.322794818257428,5.0688030322549835,True,False
16,20223,105.3122714899249,117.90187400410512,5.312271489924896,17.901874004105125,21.219366383121073,3.317492379015949,True,False
17,20223,100.73537927041112,117.1278529589982,0.7353792704111157,17.127852958998204,13.175141198377105,-3.9527117606210993,True,False
1,20233,105.7012542759407,105.64102564102564,5.701254275940698,5.641025641025635,1.9173729868493306,-3.7236526541763046,True,False
2,20233,99.38080495356036,99.5040297582145,-0.6191950464396427,-0.49597024178549987,7.202426080363922,7.698396322149422,True,True
5,20233,101.8419870643208,105.3243317574888,1.8419870643208043,5.324331757488807,9.932599827012778,4.608268069523971,True,False
6,20233,100.3770202386885,101.33186878850432,0.37702023868850176,1.3318687885043232,3.488691642573394,2.1568228540690706,True,False
7,20233,105.75842574669944,109.0658391643776,5.758425746699444,9.065839164377607,8.936621296019776,-0.12921786835783067,True,False
8,20233,102.59406403365271,103.84387936132468,2.594064033652714,3.8438793613246816,5.477436461559004,1.6335571002343228,True,False
9,20233,100.02992757526786,104.82343348177884,0.029927575267862494,4.823433481778835,1.362834564674964,-3.460598917103871,True,False
10,20233,101.7136879044828,109.08473908979106,1.7136879044827964,9.084739089791057,11.783316928694632,2.6985778389035744,True,False
11,20233,103.11831810292183,106.46866534392836,3.118318102921833,6.468665343928365,5.521800821004197,-0.9468645229241677,True,False
12,20233,102.98420128730253,109.65732087227413,2.9842012873025254,9.657320872274127,7.455896413844854,-2.2014244584292735,True,False
13,20233,106.9305760715665,107.29214775134608,6.930576071566506,7.292147751346079,7.03202095872244,-0.26012679262363836,True,False
14,20233,105.4877546414093,109.18137459935686,5.487754641409296,9.181374599356857,8.236578565333797,-0.9447960340230601,True,False
15,20233,99.950981038273,109.39239033743422,-0.04901896172700049,9.392390337434222,6.135330677074902,-3.25705966035932,True,False
16,20233,107.07120874006328,107.64940534822462,7.071208740063284,7.649405348224619,4.751080625052295,-2.8983247231723235,True,False
17,20233,107.99776286353467,99.8965338851526,7.997762863534675,-0.10346611484739299,1.4187561940135485,1.5222223088609415,True,True
1,20243,106.21026894865524,117.15210355987054,6.210268948655241,17.15210355987054,18.40422448885306,1.2521209289825208,True,False
2,20243,99.76412280904805,113.00047807023172,-0.23587719095195325,13.000478070231722,10.735502121640739,-2.2649759485909833,True,False
5,20243,103.50321250057026,118.2728864891594,3.503212500570257,18.272886489159404,13.251015480860119,-5.021871008299286,True,False
6,20243,101.04034635038563,122.1557798486792,1.040346350385633,22.155779848679202,21.61677615877,-0.539003689909201,True,False
7,20243,102.56731511332868,125.3545288941677,2.567315113328675,25.3545288941677,25.214948848894725,-0.13958004527297518,True,False
8,20243,101.16337885685384,113.89521640091117,1.1633788568538392,13.895216400911167,18.232084166258744,4.336867765347577,True,False
9,20243,104.71906391433932,113.52920057443752,4.719063914339316,13.529200574437525,16.18114305453866,2.651942480101134,True,False
10,20243,101.41277310279304,116.18184443207346,1.4127731027930395,16.18184443207346,16.982882617728336,0.8010381856548747,True,False
11,20243,102.6769384042493,116.3120668595572,2.6769384042492987,16.312066859557206,17.218578623555736,0.9065117639985303,True,False
12,20243,106.64370078740156,123.125,6.643700787401556,23.125,19.870034884291666,-3.254965115708334,True,False
13,20243,108.25830394233496,117.6558584976076,8.258303942334962,17.655858497607596,15.73720330394881,-1.9186551936587861,True,False
14,20243,101.85847173722128,113.76605611302772,1.8584717372212793,13.766056113027716,22.59536733847196,8.829311225444243,True,False
15,20243,104.8212485816166,118.52313245593795,4.821248581616601,18.523132455937954,17.134809126712035,-1.3883233292259192,True,False
16,20243,107.07052101649056,116.28248009098787,7.070521016490559,16.282480090987875,19.88284610346167,3.6003660124737955,True,False
17,20243,102.09522811796134,112.15259796305888,2.095228117961341,12.15259796305888,17.121037289842555,4.968439326783674,True,False
1,20253,100.46794571829668,98.84898710865562,0.46794571829667575,-1.1510128913443793,4.946585251167468,6.097598142511847,True,True
2,20253,100.60681632988812,108.28945446589384,0.6068163298881188,8.28945446589384,-3.3465321241537893,-11.63598659004763,True,True
5,20253,99.17729660179728,105.01884123154576,-0.8227033982027194,5.018841231545764,4.877229768095548,-0.14161146345021614,True,False
6,20253,101.16886298010112,102.19370958826104,1.1688629801011245,2.1937095882610436,3.9532154324690927,1.7595058442080491,True,False
7,20253,98.9777393945885,99.5864786992136,-1.0222606054115033,-0.4135213007863996,-1.9267815999354565,-1.513260299149057,True,False
8,20253,101.37420203693776,104.015,1.3742020369377599,4.015000000000001,3.184197001093181,-0.8308029989068197,True,False
9,20253,101.3437186029444,103.9118975890982,1.3437186029444064,3.911897589098203,3.373061283844714,-0.538836305253489,True,False
10,20253,104.0812212000276,109.19146124604896,4.081221200027599,9.19146124604896,4.411253850078323,-4.780207395970637,True,False
11,20253,100.20696426550546,100.62234586121504,0.2069642655054622,0.6223458612150381,2.3404960241384165,1.7181501629233784,True,False
12,20253,101.6486104569006,99.58467928011076,1.6486104569005988,-0.41532071988923747,3.9560782421138807,4.371398962003118,True,True
13,20253,96.89617751398856,95.19558911528924,-3.1038224860114383,-4.804410884710762,0.5254208149135353,5.329831699624298,True,True
14,20253,97.72882015926578,98.0177534788218,-2.27117984073422,-1.9822465211781974,-2.4028147389891785,-0.4205682178109811,True,False
15,20253,100.47251418261452,101.2818085404632,0.4725141826145176,1.281808540463203,-1.9768210697645228,-3.2586296102277257,True,True
16,20253,102.2959348933353,107.58536978054948,2.2959348933353,7.585369780549485,7.615503589609629,0.0301338090601444,True,False
17,20253,96.88071627996533,103.25791390898362,-3.119283720034673,3.2579139089836247,2.851765561809594,-0.4061483471740308,True,False
1,20064,116.95654142844596,,16.95654142844596,,,,False,False
2,20064,105.63607085346214,,5.636070853462144,,,,False,False
5,20064,98.8099074068502,,-1.1900925931497994,,,,False,False
6,20064,111.04047118662528,,11.040471186625282,,,,False,False
7,20064,117.83995422947422,,17.839954229474216,,,,False,False
8,20064,101.25749630430025,,1.257496304300247,,,,False,False
9,20064,114.83552408020655,,14.835524080206554,,,,False,False
10,20064,,,,,,,False,False
11,20064,115.61382598331348,,15.613825983313475,,,,False,False
12,20064,112.3529411764706,,12.352941176470594,,,,False,False
13,20064,104.11279484922736,,4.112794849227356,,,,False,False
14,20064,121.91142823013416,,21.911428230134163,,,,False,False
15,20064,103.27905054515132,,3.279050545151321,,,,False,False
16,20064,107.74503599821168,,7.7450359982116765,,,,False,False
17,20064,123.4327409710244,,23.4327409710244,,,,False,False
1,20074,99.5947833229732,148.12613985474573,-0.4052166770268002,48.12613985474573,52.471069271516456,4.344929416770725,True,False
2,20074,95.59255631733596,148.78048780487805,-4.407443682664038,48.78048780487805,51.876002795006414,3.0955149901283647,True,False
5,20074,78.62046336830886,141.17576447432845,-21.37953663169114,41.175764474328446,71.67698198731418,30.501217512985733,True,False
6,20074,95.77775410819258,149.23160184845986,-4.222245891807418,49.23160184845986,43.05658563402235,-6.1750162144375125,True,False
7,20074,97.9343777972948,105.75260281059876,-2.0656222027051996,5.752602810598759,24.58266362711019,18.83006081651143,True,False
8,20074,108.3335447653524,158.43452592313912,8.3335447653524,58.43452592313912,59.04224295240208,0.6077170292629575,True,False
9,20074,106.03904435882995,126.33711110649278,6.039044358829955,26.337111106492785,47.13892988395985,20.801818777467062,True,False
10,20074,94.03825003552376,,-5.96174996447624,,38.39664715122122,,False,False
11,20074,97.4180734856008,144.47717231222384,-2.5819265143992,44.47717231222384,60.33426030054259,15.857087988318746,True,False
12,20074,110.96153846153848,151.04712041884815,10.961538461538481,51.04712041884815,51.56882777489626,0.5217073560481111,True,False
13,20074,99.76987818579262,146.96488617808456,-0.23012181420737932,46.964886178084555,57.563171145626946,10.59828496754239,True,False
14,20074,98.74510746804766,125.94434562308344,-1.2548925319523363,25.944345623083436,31.51661980004954,5.572274176966104,True,False
15,20074,86.32438108697444,113.40984423578676,-13.67561891302556,13.409844235786764,22.33834470888423,8.928500473097465,True,False
16,20074,101.43381518895389,135.85728398662133,1.4338151889538864,35.857283986621326,22.550184692948672,-13.307099293672653,True,False
17,20074,103.0256224121272,175.25983392899494,3.0256224121272055,75.25983392899494,79.5305614590433,4.270727530048362,True,False
1,20084,99.93491711233268,98.98237784455924,-0.06508288766731596,-1.0176221554407618,-3.644543641022091,-2.626921485581329,True,False
2,20084,98.92367906066536,103.5860655737705,-1.0763209393346358,3.5860655737704974,0.07326499928543839,-3.512800574485059,True,False
5,20084,107.34772909977994,136.20724255168065,7.34772909977994,36.20724255168065,2.537966107939371,-33.66927644374128,True,False
6,20084,100.42572380562174,105.87592404995154,0.42572380562174317,5.875924049951536,5.5587671537481675,-0.3171568962033682,True,False
7,20084,105.63172071835638,95.07166390934472,5.631720718356377,-4.928336090655279,-7.891275443046508,-2.9629393523912295,True,False
8,20084,97.05485779183688,101.70362518778693,-2.9451422081631193,1.7036251877869262,2.861107298493626,1.1574821107066997,True,False
9,20084,102.31580299250696,96.04941899313258,2.31580299250696,-3.9505810068674236,-9.359684385251377,-5.4091033783839535,True,False
10,20084,101.48600277808258,100.48087690256612,1.4860027780825789,0.4808769025661235,-6.393060831837804,-6.873937734403928,True,True
11,20084,94.10589410589412,96.0244648318043,-5.894105894105877,-3.975535168195705,-6.9193689676067205,-2.9438337994110153,True,False
12,20084,99.54044117647058,93.8474870017331,-0.4595588235294201,-6.1525129982669,-3.441311504262823,2.711201494004077,True,False
13,20084,95.05382974812392,98.1124904208573,-4.946170251876083,-1.8875095791427015,1.9707555414638422,3.8582651206065437,True,True
14,20084,99.11144947547636,97.8445558900272,-0.8885505245236374,-2.1554441099728052,-2.6322461450457024,-0.4768020350728972,True,False
15,20084,99.01836686221296,97.798890642023,-0.9816331377870426,-2.2011093579770034,-0.5746799573777439,1.6264294005992594,True,False
16,20084,98.18835544316694,91.9477488790459,-1.811644556833059,-8.052251120954097,3.771256122029265,11.82350724298336,True,True
17,20084,105.76838645892607,97.95449285046568,5.768386458926074,-2.0455071495343162,-0.028253345927042872,2.0172538036072734,True,False
1,20094,95.13163665452956,91.30859375,-4.868363345470442,-8.69140625,-6.896209961118305,1.7951962888816952,True,False
2,20094,108.24742268041236,103.85756676557864,8.247422680412356,3.857566765578639,-3.5419422797004607,-7.3995090452791,True,True
5,20094,92.4474629966558,81.65308279248987,-7.552537003344199,-18.34691720751013,-8.880703445411909,9.466213762098223,True,False
6,20094,104.19295329947175,98.49380679720912,4.192953299471753,-1.5061932027908824,2.36068222929795,3.8668754320888326,True,True
7,20094,101.37205863494812,94.93460713723294,1.372058634948118,-5.065392862767055,-4.005353284562507,1.060039578204548,True,False
8,20094,105.07500283246708,102.47561651373374,5.075002832467078,2.4756165137337405,-2.1964893699088384,-4.672105883642579,True,True
9,20094,104.72117213516616,100.51952918055348,4.721172135166157,0.5195291805534765,-4.157074447195241,-4.676603627748718,True,True
10,20094,101.64925728615856,92.37628615122698,1.6492572861585586,-7.623713848773022,-2.884100288589142,4.73961356018388,True,False
11,20094,97.68976897689768,94.26751592356688,-2.310231023102318,-5.732484076433124,-6.933206306383699,-1.2007222299505749,True,False
12,20094,101.6732283464567,95.3831948291782,1.6732283464566962,-4.616805170821806,-2.3780153332699894,2.2387898375518165,True,False
13,20094,102.56670416429868,98.70903026805104,2.5667041642986845,-1.2909697319489624,-8.540610063769039,-7.249640331820077,True,False
14,20094,100.46896234302471,93.75056238256172,0.46896234302471385,-6.249437617438275,-4.686342817072808,1.5630948003654668,True,False
15,20094,103.42123338193842,100.49495111645284,3.4212333819384213,0.49495111645283885,-4.459597253348946,-4.954548369801785,True,True
16,20094,100.21751973130633,96.32594502269885,0.21751973130632507,-3.6740549773011537,-5.113411097738929,-1.4393561204377754,True,False
17,20094,99.0090268619684,92.21443619159956,-0.990973138031606,-7.78556380840044,-5.858092206226639,1.9274716021738003,True,False
1,20104,98.1818181818182,103.9572192513369,-1.8181818181817988,3.9572192513368947,4.949313988267101,0.9920947369302064,True,False
2,20104,99.42084942084942,98.09523809523807,-0.5791505791505784,-1.9047619047619264,1.2128478755366823,3.1176097802986087,True,True
5,20104,98.6653956148713,104.38326108745308,-1.3346043851286993,4.383261087453079,4.70743260237132,0.32417151491824114,True,False
6,20104,102.66819465221452,102.01769767478169,2.668194652214524,2.0176976747816866,3.310765305889962,1.2930676311082756,True,False
7,20104,95.38534949405748,101.5653921853498,-4.614650505942521,1.5653921853497934,2.521253529261802,0.9558613439120087,True,False
8,20104,98.24723273892424,101.82051191660632,-1.7527672610757605,1.8205119166063213,3.186141796740105,1.3656298801337838,True,False
9,20104,97.9667282809612,96.82396679709696,-2.033271719038794,-3.1760332029030423,-0.6044580478948292,2.571575155008213,True,False
10,20104,97.13459654725096,104.17569770584052,-2.8654034527490353,4.17569770584052,2.6687350752540473,-1.5069626305864725,True,False
11,20104,105.4276189412553,106.30618243243244,5.427618941255304,6.306182432432436,2.465760751682211,-3.840421680750225,True,False
12,20104,97.03770197486534,104.64666021297194,-2.9622980251346576,4.646660212971938,1.3136494117008013,-3.3330108012711364,True,False
13,20104,101.9942095407736,97.107835394136,1.9942095407735962,-2.8921646058639965,1.532630586624384,4.42479519248838,True,True
14,20104,100.0058883127046,101.473094016649,0.005888312704598775,1.473094016649,1.5162643869486958,0.043170370299695726,True,False
15,20104,98.38138608705988,100.99155617288554,-1.6186139129401198,0.991556172885538,1.4868503699674962,0.4952941970819582,True,False
16,20104,107.09146968139775,111.83387870928296,7.091469681397754,11.833878709282956,1.2137565165922348,-10.620122192690722,True,False
17,20104,97.16914297685577,99.33156497392812,-2.830857023144233,-0.6684350260718759,4.92060727085486,5.589042296926736,True,True
1,20114,103.55220667384285,98.97119341563786,3.5522066738428464,-1.028806584362144,1.688654373046261,2.717460957408405,True,True
2,20114,102.41206030150754,98.93203883495148,2.4120603015075375,-1.0679611650485157,-3.807337215253892,-2.7393760502053763,True,False
5,20114,99.01864573110892,97.487922705314,-0.9813542688910815,-2.5120772946859944,-2.345514422068551,0.1665628726174435,True,False
6,20114,101.29279750941288,101.79156097503066,1.2927975094128783,1.791560975030663,-0.13826437379070855,-1.9298253488213715,True,True
7,20114,97.54119199651907,101.23618369178728,-2.458808003480925,1.236183691787275,-2.0422690469988125,-3.2784527387860876,True,True
8,20114,96.3179051667187,101.22602451043863,-3.6820948332812975,1.2260245104386343,0.5902404759937419,-0.6357840344448924,True,False
9,20114,99.4467213114754,101.74004192872115,-0.5532786885245997,1.7400419287211548,0.024143146079702582,-1.7158987826414522,True,False
10,20114,101.27699354295444,113.39116214895796,1.2769935429544432,13.39116214895796,3.9238171795454635,-9.467344969412498,True,False
11,20114,97.40340067439875,92.3272156355267,-2.5965993256012467,-7.672784364473301,0.05809632294233591,7.730880687415637,True,True
12,20114,104.28441203281676,105.82793709528217,4.2844120328167605,5.8279370952821665,8.255609484271753,2.4276723889895866,True,False
13,20114,90.10844662796494,86.28034688077781,-9.891553372035062,-13.719653119222187,-6.250235726570552,7.469417392651635,True,False
14,20114,98.9759794826933,98.15315353840728,-1.0240205173066954,-1.846846461592719,-0.1615128000528765,1.6853336615398424,True,False
15,20114,96.5953307392996,96.92759888616098,-3.404669260700402,-3.072401113839021,-1.5535589871342737,1.5188421267047474,True,False
16,20114,91.7753259779338,87.81190019193858,-8.224674022066196,-12.188099808061423,-0.45572086024088243,11.732378947820541,True,False
17,20114,101.09763746602552,101.67466766001922,1.0976374660255175,1.6746676600192245,-2.300911027301744,-3.9755786873209686,True,True
1,20124,94.81865284974094,95.11434511434511,-5.181347150259057,-4.885654885654887,-9.350455240435995,-4.464800354781108,True,False
2,20124,99.68152866242038,92.14916584887143,-0.31847133757962354,-7.850834151128566,-3.472920102536925,4.3779140485916415,True,False
5,20124,98.3050847457627,97.72051536174428,-1.6949152542373014,-2.279484638255724,-3.2882324850894262,-1.0087478468337023,True,False
6,20124,98.87876740540244,94.14307177724774,-1.1212325945975579,-5.856928222752259,-13.084634722205857,-7.227706499453598,True,False
7,20124,104.15198605209297,99.33211713060663,4.1519860520929655,-0.6678828693933667,-4.740430752289216,-4.072547882895849,True,False
8,20124,95.45159014017584,92.46562881727591,-4.548409859824162,-7.534371182724087,-5.538132294920706,1.996238887803381,True,False
9,20124,96.85672514619884,95.55944776426952,-3.1432748538011595,-4.440552235730479,-9.585020289010227,-5.144468053279748,True,False
10,20124,106.66774473044644,90.2675105394143,6.667744730446444,-9.732489460585697,-3.0981234759787757,6.634365984606921,True,False
11,20124,106.57383086530216,102.5149741190217,6.573830865302156,2.5149741190217014,-6.648877293885391,-9.163851412907093,True,True
12,20124,98.53068280034572,99.65034965034964,-1.4693171996542844,-0.3496503496503607,-3.011517127188923,-2.6618667775385623,True,False
13,20124,97.96786940010684,105.496065802612,-2.032130599893165,5.496065802611994,-6.73109518046614,-12.227160983078134,True,True
14,20124,97.55499219179832,94.60522282190152,-2.44500780820168,-5.3947771780984795,-5.126932250433624,0.26784492766485535,True,False
15,20124,99.78746014877792,94.56193353474322,-0.21253985122207553,-5.438066465256782,-7.130369842655893,-1.692303377399111,True,False
16,20124,96.01167315175095,107.8688524590164,-3.988326848249045,7.868852459016395,-6.067570889414132,-13.936423348430527,True,True
17,20124,96.32696390658172,93.82690518043636,-3.6730360934182755,-6.173094819563644,-8.347401988080339,-2.1743071685166946,True,False
1,20134,100.1083423618635,100.98360655737706,0.10834236186350665,0.9836065573770583,0.35789907555356937,-0.6257074818234889,True,False
2,20134,101.31868131868131,98.1895633652822,1.318681318681314,-1.810436634717803,-1.9695951122535527,-0.15915847753574974,True,False
5,20134,92.74224914256136,93.7768989808658,-7.257750857438637,-6.223101019134205,-0.877919955971096,5.345181063163109,True,False
6,20134,98.35422419599088,98.88588034223991,-1.6457758040091193,-1.1141196577600851,3.758435474585964,4.872555132346049,True,True
7,20134,97.84236352111692,94.1083062772358,-2.1576364788830773,-5.891693722764202,-3.7203529853403694,2.171340737423833,True,False
8,20134,104.0868076685112,97.2676887118228,4.086807668511199,-2.7323112881772005,-1.7437360305436411,0.9885752576335594,True,False
9,20134,99.7079186499351,99.37466307277629,-0.29208135006490465,-0.6253369272237137,1.7002425320038927,2.3255794592276064,True,True
10,20134,103.877659386788,102.97237200936684,3.8776593867879967,2.972372009366836,-1.8899974011065357,-4.862369410473372,True,True
11,20134,91.21173219896602,87.4128728842653,-8.788267801033982,-12.587127115734702,1.552283570835744,14.139410686570447,True,True
12,20134,103.69369369369367,100.96491228070175,3.6936936936936746,0.9649122807017534,-0.15121909126981636,-1.1161313719715698,True,True
13,20134,97.26244828666007,95.86663298580028,-2.7375517133399256,-4.13336701419972,-0.5861455014734451,3.547221512726275,True,False
14,20134,100.9331950145696,98.53376464039113,0.9331950145696055,-1.4662353596088735,-3.7514834015816123,-2.285248041972739,True,False
15,20134,98.98190045248867,93.1842385516507,-1.0180995475113264,-6.815761448349306,-4.601289195283631,2.2144722530656757,True,False
16,20134,108.5103253045116,103.78292511394017,8.510325304511596,3.7829251139401663,6.665054903230883,2.8821297892907163,True,False
17,20134,100.34965034965036,94.8864888692969,0.3496503496503607,-5.1135111307031025,-4.683930812804049,0.4295803178990534,True,False
1,20144,97.008547008547,98.26839826839826,-2.991452991453002,-1.7316017316017422,1.2848279847724298,3.016429716374172,True,True
2,20144,97.28601252609604,101.08459869848156,-2.7139874739039556,1.0845986984815568,0.5211072416800633,-0.5634914568014935,True,False
5,20144,92.89531674428932,111.97444096479576,-7.1046832557106825,11.974440964795761,-0.026427492052016888,-12.000868456847778,True,True
6,20144,98.94100815639165,97.77670714092216,-1.0589918436083536,-2.2232928590778442,-4.210386034769586,-1.9870931756917418,True,False
7,20144,99.38975016672956,102.66433193068085,-0.6102498332704442,2.664331930680845,2.212622288177757,-0.4517096425030882,True,False
8,20144,99.93535315697063,102.10839545223764,-0.06464684302936519,2.1083954522376445,0.09072562799838924,-2.0176698242392552,True,False
9,20144,95.15461672473867,94.81393078008028,-4.845383275261327,-5.186069219919716,-0.4937941418283742,4.692275078091342,True,False
10,20144,101.02660244458733,102.20469857950488,1.0266024445873256,2.2046985795048784,4.405493501808055,2.200794922303177,True,False
11,20144,99.97311430884037,108.12472545762634,-0.02688569115963446,8.12472545762634,2.7618150341510717,-5.3629104234752685,True,False
12,20144,99.9131190269331,99.9131190269331,-0.08688097306689713,-0.08688097306689713,0.4385470022628235,0.5254279753297206,True,True
13,20144,101.04821094542751,102.12436573932692,1.0482109454275133,2.124365739326919,2.385187475910322,0.26082173658340313,True,False
14,20144,100.86071216251106,102.08744426832824,0.8607121625110636,2.087444268328241,3.4859328705243,1.3984886021960587,True,False
15,20144,97.33629300776916,100.22857142857144,-2.6637069922308427,0.22857142857144197,2.404368506160237,2.175797077588795,True,False
16,20144,93.23385013172002,89.29843554082412,-6.766149868279982,-10.701564459175884,-3.3543854794802264,7.3471789796956575,True,False
17,20144,99.51501154734412,100.09291521486644,-0.48498845265588386,0.09291521486643717,0.8064565758762798,0.7135413610098427,True,False
1,20154,98.71657754010695,101.65198237885464,-1.2834224598930462,1.6519823788546404,-0.7163844854022661,-2.3683668642569065,True,True
2,20154,99.47970863683663,102.57510729613732,-0.5202913631633663,2.5751072961373183,3.087830807287495,0.5127235111501767,True,False
5,20154,99.18282312749676,98.83567074400425,-0.8171768725032393,-1.164329255995753,4.046953666967323,5.211282922963076,True,True
6,20154,97.6720487685556,97.7243357192478,-2.327951231444402,-2.2756642807521956,-4.283638055444228,-2.007973774692032,True,False
7,20154,100.3141215356186,98.73549457085409,0.3141215356185967,-1.2645054291459132,0.8204666709808128,2.084972100126726,True,True
8,20154,98.92624184646262,100.10531265254808,-1.0737581535373835,0.1053126525480792,1.8274591994198897,1.7221465468718105,True,False
9,20154,99.15670367207514,106.29362627302896,-0.8432963279248611,6.293626273028963,1.1659507538238856,-5.127675519205077,True,False
10,20154,104.3364962151382,103.09006259208152,4.336496215138197,3.090062592081523,-0.9913328581383274,-4.08139545021985,True,True
11,20154,98.43572537675004,99.96725029814876,-1.5642746232499576,-0.032749701851244595,-0.5768625800929961,-0.5441128782417515,True,False
12,20154,102.6525198938992,100.95652173913044,2.6525198938991963,0.9565217391304373,-0.7031084635068963,-1.6596302026373335,True,True
13,20154,95.66220967772136,96.64388361818048,-4.337790322278636,-3.3561163818195183,-1.6305793482693232,1.7255370335501952,True,False
14,20154,103.16467697540725,100.52743045996311,3.1646769754072466,0.5274304599631137,-0.152613402017987,-0.6800438619811007,True,True
15,20154,100.96878363832076,106.95553021664766,0.9687836383207582,6.955530216647659,-0.12772858913143725,-7.083258805779097,True,True
16,20154,103.40561457953544,109.52058332469284,3.4056145795354382,9.520583324692836,2.070601177026843,-7.4499821476659935,True,False
17,20154,99.1684702130083,101.02111858899976,-0.8315297869916947,1.0211185889997552,-1.0938098980226907,-2.114928487022446,True,True
1,20164,103.89473684210526,106.93391115926327,3.89473684210526,6.933911159263275,4.340288279584392,-2.5936228796788825,True,False
2,20164,99.5995995995996,104.0794979079498,-0.40040040040040026,4.079497907949801,6.016174487818859,1.9366765798690588,True,False
5,20164,99.01003092993484,101.78634900763876,-0.9899690700651576,1.786349007638762,2.4658657915962223,0.6795167839574603,True,False
6,20164,97.53327441945596,94.1160349353318,-2.4667255805440362,-5.883965064668203,-2.969571404578686,2.9143936600895173,True,False
7,20164,99.2070184501234,107.6615298335362,-0.7929815498766004,7.661529833536207,3.476400762692222,-4.185129070843985,True,False
8,20164,100.86369502630794,103.06350172448772,0.863695026307937,3.063501724487722,3.0908317194542567,0.027329994966534876,True,False
9,20164,98.0439330543933,100.90429540316504,-1.9560669456066933,0.9042954031650368,1.5237279921673341,0.6194325890022974,True,False
10,20164,100.97759180301394,103.99017653036712,0.9775918030139366,3.9901765303671226,1.6158476278573142,-2.3743289025098084,True,False
11,20164,101.16286159967004,103.91043977039978,1.1628615996700375,3.910439770399776,4.750677250574942,0.8402374801751655,True,False
12,20164,101.39130434782608,100.43066322136087,1.391304347826079,0.43066322136087365,2.629717927190378,2.1990547058295045,True,False
13,20164,100.09638432130193,108.83306828395838,0.09638432130192598,8.833068283958383,5.783061698159719,-3.0500065857986636,True,False
14,20164,98.56075671265768,101.02752017129488,-1.4392432873423218,1.0275201712948814,3.5711503308043957,2.5436301595095143,True,False
15,20164,106.48648648648648,105.01066098081024,6.486486486486484,5.010660980810243,6.3115204215434595,1.3008594407332161,True,False
16,20164,100.44453163471644,100.03879033426988,0.44453163471644075,0.038790334269876325,2.5860700478520737,2.5472797135821974,True,False
17,20164,100.8738645509946,100.76958419480816,0.8738645509945968,0.7695841948081608,3.6643408195899507,2.89475662478179,True,False
1,20174,100.52539332383694,100.84555654203984,0.525393323836937,0.8455565420398443,4.264482037858741,3.418925495818897,True,False
2,20174,101.2512030798845,105.7286432160804,1.2512030798845046,5.7286432160804,6.885903702997709,1.157260486917309,True,False
5,20174,97.54088321849038,106.909224651781,-2.4591167815096213,6.9092246517810025,5.803342232840869,-1.1058824189401335,True,False
6,20174,100.54567681950115,103.66421680609167,0.5456768195011534,3.664216806091673,5.97084733937312,2.3066305332814467,True,False
7,20174,102.62019944668306,102.86755059616824,2.62019944668306,2.8675505961682433,6.037369752001931,3.1698191558336877,True,False
8,20174,101.76337306669292,101.6732283464567,1.763373066692921,1.6732283464566962,3.2291965022829494,1.5559681558262533,True,False
9,20174,98.38027442484268,101.73903766136776,-1.619725575157318,1.7390376613677603,5.13257910767464,3.3935414463068794,True,False
10,20174,99.30467670588467,101.95057112745818,-0.695323294115326,1.9505711274581756,8.51840626782323,6.567835140365055,True,False
11,20174,101.41465838002355,101.2119645180776,1.4146583800235533,1.2119645180775933,5.085692098332317,3.873727580254724,True,False
12,20174,98.14814814814817,100.0,-1.8518518518518334,0.0,6.345074470969725,6.345074470969725,True,False
13,20174,102.4781014999697,108.19480177177807,2.4781014999696964,8.194801771778074,7.440003224707259,-0.7547985470708154,True,False
14,20174,102.2914520236438,105.83724452089533,2.2914520236437994,5.837244520895325,5.851775930006986,0.014531409111660842,True,False
15,20174,101.9723865877712,104.97461928934013,1.9723865877711972,4.974619289340126,6.298108590361595,1.3234893010214694,True,False
16,20174,100.04824088037788,104.58601579093676,0.04824088037787533,4.586015790936756,7.701673721336255,3.1156579303994993,True,False
17,20174,100.5696530295184,110.6804969793685,0.5696530295184061,10.680496979368499,11.773832842399123,1.0933358630306245,True,False
1,20184,102.6241799437676,110.0120352787906,2.6241799437676008,10.012035278790606,11.910737745722976,1.8987024669323702,True,False
2,20184,102.31729055258468,109.12547528517108,2.31729055258468,9.125475285171078,12.377180648519758,3.2517053633486803,True,False
5,20184,102.59446889733049,110.70189592793088,2.5944688973304864,10.701895927930877,11.996453981165022,1.2945580532341445,True,False
6,20184,99.79315918401596,103.85023727677503,-0.20684081598403736,3.850237276775033,6.838509422551597,2.9882721457765644,True,False
7,20184,100.457607312317,109.5576977331421,0.4576073123169948,9.557697733142106,8.601024493135135,-0.9566732400069711,True,False
8,20184,100.7520210565896,103.75605033881898,0.752021056589598,3.75605033881898,5.673080257958185,1.917029919139205,True,False
9,20184,103.25488707534636,114.10444630872485,3.2548870753463603,14.104446308724846,10.471122133129285,-3.633324175595561,True,False
10,20184,106.74904523938152,108.17427311556736,6.749045239381516,8.17427311556736,11.106393248576584,2.9321201330092244,True,False
11,20184,102.48126499182744,109.62216250340376,2.4812649918274445,9.622162503403757,9.264847748418825,-0.35731475498493204,True,False
12,20184,100.46656298600313,110.80617495711836,0.46656298600312596,10.806174957118358,7.123081673150455,-3.683093283967903,True,False
13,20184,105.7360316717959,113.4008473298958,5.7360316717958995,13.400847329895797,12.097978448174484,-1.302868881721313,True,False
14,20184,104.29309156293584,107.26537969333536,4.293091562935842,7.265379693335362,8.244487422220859,0.9791077288854968,True,False
15,20184,96.56084656084656,105.89941972920695,-3.4391534391534435,5.899419729206954,9.34554423182481,3.446124502617856,True,False
16,20184,96.96445103345376,104.72093310703988,-3.0355489665462443,4.720933107039883,12.04913882770584,7.328205720665958,True,False
17,20184,103.28096118299446,115.0875386199794,3.28096118299446,15.087538619979398,17.001222014824215,1.913683394844817,True,False
1,20194,98.82464476691388,110.4746867572904,-1.1753552330861226,10.4746867572904,13.083918707373199,2.6092319500827994,True,False
2,20194,105.43900543900544,118.205574912892,5.439005439005442,18.205574912892004,11.881530517132832,-6.324044395759172,True,False
5,20194,101.58949138556916,113.19392546032444,1.5894913855691613,13.193925460324436,17.462349961900593,4.268424501576156,True,False
6,20194,103.1772332132728,113.39467473318264,3.1772332132727996,13.39467473318264,15.564536222870217,2.1698614896875767,True,False
7,20194,102.15791166657364,111.58753867262789,2.1579116665736393,11.587538672627886,14.547012090415222,2.9594734177873363,True,False
8,20194,102.9585798816568,113.64060459040866,2.958579881656803,13.640604590408657,14.176081735410161,0.5354771450015043,True,False
9,20194,104.91997628927088,113.8682106424042,4.919976289270878,13.868210642404193,12.116141711748751,-1.752068930655442,True,False
10,20194,100.56046065719087,108.16289465548188,0.5604606571908732,8.162894655481878,6.9644832810180635,-1.1984113744638147,True,False
11,20194,102.89296237081616,107.69509982617748,2.8929623708161643,7.695099826177483,9.249025139544266,1.5539253133667827,True,False
12,20194,101.010101010101,108.359133126935,1.0101010101009962,8.359133126935006,9.815329017702101,1.4561958907670949,True,False
13,20194,103.19115038246538,113.00267134700452,3.1911503824653806,13.002671347004522,13.94763246986841,0.9449611228638872,True,False
14,20194,102.8216786997722,110.2668325036689,2.8216786997722068,10.266832503668894,12.120786744372625,1.8539542407037306,True,False
15,20194,108.8113050706567,119.54337899543378,8.8113050706567,19.543378995433784,15.11505596952114,-4.428323025912643,True,False
16,20194,105.78930322543334,123.02632228758031,5.789303225433343,23.026322287580314,15.47557555267991,-7.550746734900404,True,False
17,20194,103.79986811737554,112.68903803131992,3.7998681173755386,12.689038031319924,9.803987116855172,-2.8850509144647525,True,False
1,20204,102.19909015143078,111.77121594812849,2.199090151430781,11.771215948128486,9.929670140785607,-1.8415458073428788,True,False
2,20204,103.7174721189591,102.80029476787033,3.717472118959094,2.8002947678703265,8.883985060261178,6.083690292390852,True,False
5,20204,99.34376750603523,110.8651088483619,-0.6562324939647652,10.8651088483619,9.213505808521226,-1.6516030398406727,True,False
6,20204,100.93329412552872,106.95543168629706,0.9332941255287182,6.955431686297061,9.265666457668932,2.3102347713718707,True,False
7,20204,99.6988282802654,112.29646309899827,-0.30117171973459733,12.296463098998274,8.776223913135395,-3.520239185862879,True,False
8,20204,101.28301886792453,110.1806239737274,1.2830188679245254,10.180623973727407,10.107864340174277,-0.07275963355312953,True,False
9,20204,100.1780185758514,104.4632768361582,0.17801857585139658,4.463276836158201,7.648147975845987,3.184871139687786,True,False
10,20204,102.53868816809822,112.877442731956,2.5386881680982185,12.877442731955995,8.99718788503936,-3.8802548469166354,True,False
11,20204,100.6693048389462,105.80011070120416,0.6693048389462035,5.8001107012041615,7.207856137414659,1.4077454362104973,True,False
12,20204,102.708192281652,108.35714285714285,2.7081922816520034,8.357142857142847,17.69815306105682,9.341010203913974,True,False
13,20204,100.4769858504478,108.37180299366156,0.4769858504478037,8.37180299366156,11.083204250799072,2.7114012571375117,True,False
14,20204,105.04374328762796,107.41618199536464,5.0437432876279615,7.416181995364639,9.556923793472993,2.1407417981083547,True,False
15,20204,103.74680670278124,105.66728048190008,3.7468067027812424,5.667280481900079,10.154534118803738,4.4872536369036595,True,False
16,20204,110.0416281448232,109.16193033783172,10.041628144823207,9.16193033783172,8.639653106101486,-0.522277231730234,True,False
17,20204,94.2281591542253,104.74866989597396,-5.771840845774705,4.748669895973961,10.06706134175268,5.318391445778719,True,False
1,20214,103.7461491375128,116.21149262326244,3.746149137512802,16.211492623262444,11.945331348327715,-4.2661612749347295,True,False
2,20214,109.16083916083916,111.89964157706092,9.16083916083916,11.899641577060919,10.52090017121352,-1.3787414058473981,True,False
5,20214,98.31670870712486,111.47685436881478,-1.6832912928751398,11.476854368814784,11.375140678601902,-0.10171369021288257,True,False
6,20214,105.29095302400238,117.2294565266027,5.290953024002377,17.229456526602704,15.60727084637874,-1.6221856802239643,True,False
7,20214,101.52834313397034,113.90654527131568,1.5283431339703384,13.906545271315679,13.900176648702711,-0.006368622612967556,True,False
8,20214,101.6139878950908,112.59314456035769,1.6139878950908013,12.593144560357686,14.40979900732222,1.8166544469645345,True,False
9,20214,102.31624894395948,112.28463261994902,2.3162489439594793,12.284632619949022,10.145811905235224,-2.1388207147137983,True,False
10,20214,101.36909911509292,105.48232643082552,1.3690991150929221,5.482326430825523,9.296704367680775,3.8143779368552515,True,False
11,20214,102.91035968315636,109.78002120982296,2.910359683156358,9.780021209822962,10.008685551064357,0.22866434124139445,True,False
12,20214,104.30247718383312,105.47132498352012,4.302477183833119,5.47132498352012,8.282479156530954,2.8111541730108343,True,False
13,20214,105.1780727668958,114.5152937513762,5.178072766895795,14.515293751376205,12.690582810619278,-1.824710940756928,True,False
14,20214,104.5538256232128,110.90349235511418,4.553825623212802,10.903492355114182,8.968889652641355,-1.9346027024728265,True,False
15,20214,103.51009250731636,112.90515746586313,3.510092507316358,12.905157465863127,14.181227024399835,1.2760695585367081,True,False
16,20214,104.09045014168171,114.1332645240684,4.090450141681714,14.133264524068395,14.970801783625799,0.8375372595574042,True,False
17,20214,100.24237527772166,112.87241300886969,0.24237527772166345,12.872413008869685,10.311443962931154,-2.5609690459385313,True,False
1,20224,96.46723646723648,107.74596252741416,-3.532763532763525,7.745962527414164,11.394607415770874,3.64864488835671,True,False
2,20224,99.31804091754492,102.62652146060218,-0.6819590824550801,2.626521460602177,9.293619791666675,6.667098331064498,True,False
5,20224,99.69247844215354,108.86102748261202,-0.3075215578464565,8.861027482612016,5.2171205605932025,-3.6439069220188136,True,False
6,20224,99.5349294223252,113.95321568230048,-0.4650705776747941,13.953215682300481,11.21980409823944,-2.7334115840610416,True,False
7,20224,101.03767986325114,112.7871877307812,1.0376798632511424,12.787187730781199,10.937137905244887,-1.8500498255363116,True,False
8,20224,94.44115907746897,105.6915949702184,-5.558840922531033,5.691594970218404,4.665771812080544,-1.02582315813786,True,False
9,20224,99.06542056074764,108.676804513865,-0.9345794392523601,8.676804513864994,10.794002294495876,2.1171977806308817,True,False
10,20224,99.9332015745149,111.55260838988784,-0.06679842548510351,11.552608389887837,10.051107969658869,-1.5015004202289681,True,False
11,20224,99.68851908821688,109.09134692492162,-0.31148091178312143,9.091346924921623,10.726068578515747,1.6347216535941236,True,False
12,20224,99.1277258566978,99.4375,-0.8722741433022065,-0.5625,12.149361998253895,12.711861998253895,True,True
13,20224,104.81865471722728,113.56675457276695,4.818654717227275,13.566754572766953,5.531595880552809,-8.035158692214145,True,False
14,20224,101.6206960425483,105.2215861468682,1.6206960425483032,5.221586146868205,10.309707608972719,5.088121462104514,True,False
15,20224,106.10637715085882,116.0946771005586,6.106377150858819,16.0946771005586,12.911792558551127,-3.1828845420074714,True,False
16,20224,97.27459693072876,110.18164736069606,-2.7254030692712377,10.181647360696061,13.709960566979085,3.5283132062830234,True,False
17,20224,94.18290509858022,110.04768621129696,-5.817094901419779,10.047686211296963,5.977305326468407,-4.070380884828555,True,False
1,20234,101.88781014023732,111.57708210277612,1.8878101402373204,11.577082102776117,7.403445580388079,-4.173636522388038,True,False
2,20234,109.71962616822432,109.92509363295882,9.719626168224323,9.92509363295882,10.558451228592713,0.6333575956338926,True,False
5,20234,107.35113961952658,113.4156480059046,7.3511396195265775,13.4156480059046,14.818597805955026,1.4029498000504255,True,False
6,20234,106.41047359720956,108.33153959977103,6.41047359720956,8.331539599771034,11.546152701854284,3.2146131020832502,True,False
7,20234,104.37450657444953,112.6678003920654,4.374506574449526,12.667800392065402,13.11397877600633,0.44617838394092857,True,False
8,20234,100.92824601366743,110.97683155917346,0.9282460136674331,10.976831559173462,9.371216784651693,-1.6056147745217686,True,False
9,20234,101.0830540928674,106.95833860959858,1.0830540928673997,6.958338609598584,5.648541639900295,-1.3097969696982892,True,False
10,20234,103.22660621335751,112.67974235281946,3.2266062133575133,12.67974235281946,11.762632371490177,-0.9171099813292827,True,False
11,20234,105.2945723523517,112.45600485241498,5.294572352351693,12.456004852414978,10.925666010096657,-1.5303388423183204,True,False
12,20234,106.30681818181816,117.5989943431804,6.306818181818159,17.598994343180394,10.502559850916482,-7.096434492263912,True,False
13,20234,103.73973032714092,106.1877630844567,3.7397303271409186,6.187763084456705,13.749239912388944,7.561476827932239,True,False
14,20234,102.92934500033614,110.58738831155846,2.9293450003361414,10.587388311558456,10.399017875441107,-0.18837043611734927,True,False
15,20234,107.78370293479516,111.1216612993344,7.7837029347951585,11.121661299334406,9.436325673314382,-1.6853356260200236,True,False
16,20234,103.55547714720689,114.60017195843002,3.5554771472068865,14.600171958430025,13.26169824139285,-1.338473717037175,True,False
17,20234,101.84705679268082,108.02563320109856,1.8470567926808172,8.025633201098557,8.076526318363797,0.050893117265239596,True,False
1,20244,100.82872928176796,115.93435680254105,0.8287292817679628,15.934356802541046,15.956712022215914,0.022355219674867755,True,False
2,20244,101.45615018034252,104.48990644541745,1.4561501803425188,4.489906445417446,6.1691810344827624,1.679274589065316,True,False
5,20244,103.497459628951,114.02713877091176,3.497459628951006,14.027138770911762,12.355520173148825,-1.6716185977629365,True,False
6,20244,101.36329706374066,116.36178453376678,1.36329706374066,16.36178453376678,16.39288196179114,0.031097428024359886,True,False
7,20244,100.73981674985986,120.98924041912358,0.7398167498598553,20.989240419123576,20.74906268339649,-0.24017773572708379,True,False
8,20244,99.5,112.28347345257576,-0.5,12.283473452575763,14.553611316635262,2.2701378640594996,True,False
9,20244,99.19886154008329,111.41301130645827,-0.8011384599167144,11.413011306458273,13.11381950310393,1.7008081966456565,True,False
10,20244,100.21114676639212,112.7879360860561,0.21114676639211893,12.787936086056106,18.22792965980735,5.439993573751245,True,False
11,20244,101.01605698910905,111.58586916606322,1.016056989109046,11.585869166063219,12.807598721484137,1.221729555420918,True,False
12,20244,98.4771573604061,114.05665419561733,-1.5228426395939039,14.056654195617327,17.941851796098018,3.8851976004806907,True,False
13,20244,94.52930681611788,107.20990609442836,-5.470693183882119,7.209906094428362,11.308304881823794,4.098398787395432,True,False
14,20244,99.5068739792292,109.98325704604451,-0.49312602077080214,9.983257046044514,19.95491667773226,9.971659631687746,True,False
15,20244,101.44447202243838,111.55226872945627,1.4444720224383758,11.552268729456273,13.410135856222173,1.8578671267658997,True,False
16,20244,97.1730967206398,109.11570296503832,-2.826903279360195,9.115702965038324,15.725136397890394,6.60943343285207,True,False
17,20244,99.7742547842594,109.87005649717514,-0.22574521574060213,9.870056497175142,12.189047924265296,2.318991427090154,True,False
1,20254,101.49045179319982,99.49771689497716,1.4904517931998242,-0.5022831050228405,2.1734294574660584,2.675712562488899,True,True
2,20254,101.88391038696538,108.74602530299995,1.8839103869653826,8.746025302999954,0.9515351433646346,-7.794490159635319,True,False
5,20254,97.34049186254518,98.77136788634448,-2.6595081374548215,-1.2286321136555216,1.3336597426514052,2.562291856306927,True,True
6,20254,98.61240488479264,99.42028089575066,-1.3875951152073611,-0.5797191042493353,-0.5240367728302942,0.05568233141904111,True,False
7,20254,101.65030210523328,100.48654019797512,1.6503021052332798,0.48654019797511694,-1.0796624500206242,-1.5662026479957412,True,True
8,20254,98.63961928567994,103.11557788944722,-1.3603807143200584,3.1155778894472235,2.1523085599994385,-0.963269329447785,True,False
9,20254,99.73520776804084,104.47372615695234,-0.2647922319591629,4.473726156952338,3.370787049592905,-1.1029391073594335,True,False
10,20254,96.61849985162154,105.27686312973972,-3.381500148378464,5.2768631297397235,3.3648198494019788,-1.9120432803377447,True,False
11,20254,101.01863887455708,100.6249176837378,1.0186388745570838,0.6249176837378059,2.320225835919154,1.6953081521813482,True,False
12,20254,96.75625579240037,97.8444236176195,-3.243744207599633,-2.1555763823805023,-0.5102938520046396,1.6452825303758627,True,False
13,20254,100.98812344675072,101.69993020113634,0.9881234467507198,1.6999302011363397,1.5127488192748118,-0.187181381861528,True,False
14,20254,103.30950880931816,101.76348187366054,3.30950880931816,1.7634818736605382,-1.256129514485682,-3.0196113881462203,True,True
15,20254,97.72033365201996,97.56364172574034,-2.27966634798004,-2.4363582742596606,-2.8512459464682616,-0.414887672208601,True,False
16,20254,104.53553897080666,115.7367110334613,4.535538970806655,15.736711033461305,8.035837517615763,-7.700873515845542,True,False
17,20254,103.44827586206895,107.0602149431789,3.4482758620689538,7.060214943178906,2.1726596750564875,-4.887555268122418,True,False
