city_id,year,avg_gross_monthly_wage_pln,population_mid_year,primary_annual_transaction_price_pln_m2,secondary_annual_transaction_price_pln_m2,primary_price_quarters_available,secondary_price_quarters_available,primary_affordability_m2,primary_annual_price_yoy_pct,primary_affordability_yoy_pct,secondary_affordability_m2,secondary_annual_price_yoy_pct,secondary_affordability_yoy_pct,wage_yoy_pct,transactions,transaction_quarters_available,sold_units,sold_units_quarters_available,sold_area_m2,sold_area_quarters_available,avg_sold_area_m2,transactions_full_year_available,sold_units_full_year_available,transactions_per_1000,sold_units_per_1000,completed,started,completed_months_available,started_months_available,started_full_year_available,completed_full_year_available,started_per_1000,completed_per_1000,completed_h1,started_h1,completed_h1_months_available,started_h1_months_available,started_h1_yoy_pct,completed_h1_yoy_pct
1,2005,2365.0,292138.0,,,,,,,,,,,,,,,,,,,,,,,1225.0,1338.0,12.0,12.0,True,True,4.580027247396778,4.193223750419323,383.0,386.0,6.0,6.0,,
1,2006,2478.96,295210.0,,,,,,,,,,,,,,,,,,,,,,,1219.0,1850.0,12.0,12.0,True,True,6.266725381931506,4.129263913824057,496.0,540.0,6.0,6.0,39.896373056994825,29.503916449086166
1,2007,2715.96,294817.0,4413.0,4029.657867142557,4.0,4.0,0.6154452753229096,,,0.6739927034862381,,,,,,,,,,,,,,,1667.0,1722.0,12.0,12.0,True,True,5.840911480681236,5.654355074503845,402.0,608.0,6.0,6.0,12.592592592592599,-18.95161290322581
1,2008,2994.05,294265.0,5112.75,4410.509268237246,4.0,4.0,0.5856046159112024,15.85656016315431,-4.848629213385469,0.6788445093091565,9.451209349560784,0.719860288964913,10.239105141460115,,,,,,,,,,,,1574.0,2058.0,12.0,12.0,True,True,6.993696158224729,5.348920190984317,628.0,675.0,6.0,6.0,11.019736842105265,56.21890547263681
1,2009,3144.6,294399.0,4901.5,4043.3258123678147,4.0,4.0,0.6415587065184127,-4.1318272945088275,9.554926495950799,0.7777260962698647,-8.325194065767915,14.566161411740296,5.0283061405119955,,,,,,,,,,,,1533.0,1300.0,12.0,12.0,True,True,4.415775868803903,5.207218774520294,483.0,345.0,6.0,6.0,-48.88888888888889,-23.089171974522294
1,2010,3241.41,293946.0,4769.75,4150.916042361164,4.0,4.0,0.6795764977200063,-2.6879526675507526,5.9258475982513215,0.780890282270366,2.6609339683745015,0.4068509486408578,3.0786109521083738,1491.0,4.0,1496.0,4.0,80612.1,4.0,53.885093582887706,True,True,5.072360229429895,5.089370156423288,1630.0,2075.0,12.0,12.0,True,True,7.059119702258237,5.54523619984623,736.0,578.0,6.0,6.0,67.53623188405797,52.38095238095237
1,2011,3360.36,294197.0,4761.75,4308.561283587652,4.0,4.0,0.7056985352023941,-0.16772367524503506,3.8438700528973246,0.779926239601238,3.797842202002588,-0.12345430478725161,3.6696992975279397,1766.0,4.0,1822.0,4.0,98722.1,4.0,54.183369923161365,True,True,6.002780449834635,6.193129093770501,1711.0,1191.0,12.0,12.0,True,True,4.048307766564581,5.815830888826195,592.0,485.0,6.0,6.0,-16.089965397923876,-19.565217391304344
1,2012,3493.98,294675.0,4456.25,4050.3846930858263,4.0,4.0,0.7840628330995792,-6.4157085105265965,11.104500574697983,0.8626291734620586,-5.992176355603496,10.603942996340932,3.9763596757490305,2045.0,4.0,2056.0,4.0,107206.29999999999,4.0,52.1431420233463,True,True,6.939848986171206,6.977178247221516,2249.0,2013.0,12.0,12.0,True,True,6.831254772206669,7.632137100195131,1074.0,1148.0,6.0,6.0,136.70103092783506,81.41891891891892
1,2013,3627.02,294925.0,4514.25,3900.792559549148,4.0,4.0,0.8034601539569142,1.3015427769985877,2.4739497956628,0.929816170593601,-3.6932821169317176,7.78863029427761,3.807692087533421,2090.0,4.0,2069.0,4.0,108305.70000000001,4.0,52.34688255195747,True,True,7.086547427312028,7.015342883784013,1574.0,1324.0,12.0,12.0,True,True,4.489276934813936,5.3369500720522165,403.0,643.0,6.0,6.0,-43.98954703832752,-62.47672253258845
1,2014,3706.73,295401.0,4497.5,3935.4661127066693,4.0,4.0,0.8241756531406337,-0.3710472392977837,2.578285815631176,0.9418782664731541,0.8888848260500515,1.297255980378642,2.1976719179932935,2399.0,4.0,2412.0,4.0,122371.3,4.0,50.734369817578774,True,True,8.121164112511467,8.165172088110738,1736.0,2031.0,12.0,12.0,True,True,6.875399880162897,5.87675735694869,860.0,699.0,6.0,6.0,8.709175738724717,113.39950372208438
1,2015,3844.68,295624.0,4566.0,3928.0467020310352,4.0,4.0,0.8420236530880421,1.5230683713173931,2.1655577763546097,0.978776550190218,-0.18852685966926908,3.917521513181188,3.721609073226273,2441.0,4.0,2448.0,4.0,121826.79999999999,4.0,49.76584967320261,True,True,8.257110383460072,8.280789110491707,2088.0,1893.0,12.0,12.0,True,True,6.403404324412091,7.063026006007631,915.0,359.0,6.0,6.0,-48.640915593705294,6.3953488372092915
1,2016,3967.71,296310.0,4577.5,3989.9962948907514,4.0,4.0,0.8667853631895139,0.2518615856329287,2.9407380672336947,0.9944144572466673,1.5771093767211308,1.5976993986431598,3.200006242392095,2869.0,4.0,2864.0,4.0,142836.3,4.0,49.87300977653631,True,True,9.682427187742567,9.665552968175222,1795.0,1514.0,12.0,12.0,True,True,5.109513684992069,6.057844824676859,875.0,409.0,6.0,6.0,13.927576601671298,-4.371584699453557
1,2017,4164.59,297132.0,4587.25,4105.502027311975,4.0,4.0,0.9078620088288191,0.21299836155106444,4.738963921605133,1.0143923866788862,2.894883199995224,2.009014378927443,4.962056198663722,3146.0,4.0,3146.0,4.0,161938.09999999998,4.0,51.47428480610298,True,True,10.587886865096994,10.587886865096994,2033.0,2507.0,12.0,12.0,True,True,8.437327517736225,6.842076922041382,1086.0,1326.0,6.0,6.0,224.20537897310516,24.11428571428571
1,2018,4396.32,297403.0,5183.0,4552.033376905687,4.0,4.0,0.8482191780821917,12.987083764782813,-6.569592092918297,0.9657925669667352,10.876412838750248,-4.791027648705692,5.5642932437526715,2982.0,4.0,2992.0,4.0,150707.7,4.0,50.3702205882353,True,True,10.026798653678679,10.060423062309392,1927.0,3438.0,12.0,12.0,True,True,11.560071687239201,6.479423543138435,716.0,1891.0,6.0,6.0,42.60935143288085,-34.06998158379374
1,2019,4744.13,297356.0,5578.317313357567,5182.244511189529,4.0,4.0,0.8504589706003165,7.627191073848483,0.26405822645851895,0.9154585411314442,13.844607060246062,-5.211680805680152,7.911389525785206,3452.0,4.0,3510.0,4.0,180151.7,4.0,51.32527065527066,True,True,11.6089804813086,11.804032876417493,2450.0,2903.0,12.0,12.0,True,True,9.762708672433044,8.239282207186,861.0,2060.0,6.0,6.0,8.937070333157049,20.251396648044697
1,2020,5126.79,295302.0,5823.272833500809,5778.305741360164,4.0,4.0,0.8803966680911806,4.391208071951791,3.5201812816122002,0.887247963240034,11.50198970510976,-3.081578970965071,8.065967838149458,3363.0,4.0,3402.0,4.0,171883.90000000002,4.0,50.52436801881247,True,True,11.388341426742793,11.520409614564073,2832.0,3258.0,12.0,12.0,True,True,11.03277322876242,9.590182254099194,1104.0,1568.0,6.0,6.0,-23.883495145631073,28.222996515679434
1,2021,5650.97,294131.0,6671.123733540426,6291.3919765157025,4.0,4.0,0.847079176719299,14.55969734342517,-3.784372724185614,0.8982066323468244,8.879527289166301,1.2351303762672794,10.224331404251007,4549.0,4.0,4592.0,4.0,236576.2,4.0,51.519207317073175,True,True,15.46589784823769,15.612091211059017,3234.0,3082.0,12.0,12.0,True,True,10.478324284077503,10.995100822422662,1440.0,1878.0,6.0,6.0,19.770408163265294,30.434782608695656
1,2022,6183.98,293028.0,8338.493477997177,7352.592669759552,4.0,4.0,0.7416183770267012,24.993836286886918,-12.4499341491362,0.8410611437016041,16.867502409722125,-6.362176206148817,9.432185978690377,3667.0,4.0,3827.0,4.0,195585.8,4.0,51.10681996341782,True,True,12.51416246911558,13.060185374776472,1979.0,1366.0,12.0,12.0,True,True,4.66167055707987,6.753620814393164,1207.0,1071.0,6.0,6.0,-42.97124600638978,-16.180555555555554
1,2023,7089.31,292058.0,8701.2168680073,7571.726592857741,4.0,4.0,0.8147492595048434,4.349987092599417,9.8609857500213,0.9362871087668704,2.9803626141220008,11.322121557793775,14.639924449949726,,2.0,3958.0,4.0,195474.0,4.0,49.387064173825166,False,True,,13.552102664539236,2786.0,826.0,12.0,12.0,True,True,2.8282053564702903,9.539201117586233,1633.0,303.0,6.0,6.0,-71.70868347338936,35.29411764705883
1,2024,8281.89,290907.0,10145.986161227833,8858.756876104208,4.0,4.0,0.8162725503853588,16.604221169715604,0.18696437741363425,0.9348817351946681,16.99784411735754,-0.1501007072556182,16.822229525863563,4395.0,4.0,4402.0,4.0,216386.0,4.0,49.15629259427533,True,True,15.107921088182822,15.131983761133283,2503.0,2855.0,12.0,12.0,True,True,9.814133039081218,8.60412434214371,1513.0,1229.0,6.0,6.0,305.61056105610567,-7.348438456827921
1,2025,9090.46,289685.0,10348.073492134024,9479.321585038813,4.0,4.0,0.8784688287061367,1.9917958461096008,7.619547942830529,0.9589779098060611,7.005099221184508,2.5774569877948794,9.76310962835778,,,,,,,,,,,,1693.0,1891.0,12.0,12.0,True,True,6.527780175017692,5.844279130779985,1120.0,1263.0,6.0,6.0,2.766476810414975,-25.974884335756776
1,2026,,,,,,,,,,,,,,,,,,,,,,,,,,,,,,,,,311.0,1351.0,6.0,6.0,6.967537608867769,-72.23214285714286
2,2005,2343.98,367368.0,,,,,,,,,,,,,,,,,,,,,,,505.0,633.0,12.0,12.0,True,True,1.7230678774416932,1.3746434093334206,257.0,38.0,6.0,6.0,,
2,2006,2482.78,364953.0,,,,,,,,,,,,,,,,,,,,,,,681.0,1184.0,12.0,12.0,True,True,3.2442533696119775,1.865993703298781,150.0,475.0,6.0,6.0,1150.0,-41.63424124513618
2,2007,2690.84,362397.0,4039.25,3634.324274587516,4.0,4.0,0.6661731757133131,,,0.7403962323382389,,,,,,,,,,,,,,,668.0,1243.0,12.0,12.0,True,True,3.429940093323068,1.8432823671277632,414.0,697.0,6.0,6.0,46.736842105263165,175.99999999999997
2,2008,2973.85,360142.0,4735.25,3841.0020674619873,4.0,4.0,0.6280238635763687,17.230921581976855,-5.726635885045283,0.7742380628201604,5.68682861679779,4.570772919122756,10.517533558294057,,,,,,,,,,,,1512.0,1604.0,12.0,12.0,True,True,4.453798779370359,4.198343986538642,586.0,1186.0,6.0,6.0,70.15781922525109,41.54589371980677
2,2009,3074.32,358029.0,4827.25,3698.3685493974754,4.0,4.0,0.6368677818633798,1.9428752441792874,1.4082137319827437,0.8312638286146082,-3.713445490508671,7.365404587153934,3.3784488121458844,,,,,,,,,,,,987.0,1131.0,12.0,12.0,True,True,3.158961983526474,2.7567599272684613,237.0,416.0,6.0,6.0,-64.92411467116357,-59.55631399317406
2,2010,3184.45,365202.0,4735.0,3809.6278039709614,4.0,4.0,0.6725343189017952,-1.9110259464498403,5.600304812729018,0.8358953062765585,3.0083333525971145,0.5571609761571228,3.582255588227623,1782.0,4.0,1595.0,4.0,83987.9,4.0,52.65699059561128,True,True,4.879491349992606,4.367445961413136,996.0,750.0,12.0,12.0,True,True,2.053657975586114,2.7272577915783596,619.0,394.0,6.0,6.0,-5.288461538461542,161.1814345991561
2,2011,3363.68,363607.0,4641.5,3774.7551313697304,4.0,4.0,0.7246967575137347,-1.974656810982045,7.756100639907482,0.8910988614987152,-0.915382667169784,6.604123124947003,5.628287459372894,2411.0,4.0,2206.0,4.0,114805.1,4.0,52.04220308250227,True,True,6.630785435923951,6.066989909435187,865.0,1261.0,12.0,12.0,True,True,3.4680300434260065,2.3789420995745405,171.0,421.0,6.0,6.0,6.852791878172582,-72.37479806138933
2,2012,3468.51,362286.0,4580.75,3560.590011400438,4.0,4.0,0.7571925994651532,-1.308844123666919,4.484060624598918,0.9741391142744286,-5.673616235116663,9.318859709465933,3.1165271369452574,2961.0,4.0,2479.0,4.0,127027.2,4.0,51.24130697862041,True,True,8.173100809857406,6.842660218722225,1023.0,837.0,12.0,12.0,True,True,2.3103294082575645,2.823735943425912,468.0,561.0,6.0,6.0,33.2541567695962,173.6842105263158
2,2013,3589.06,360289.0,4773.5,3484.062200276414,4.0,4.0,0.7518717921860271,4.207826229329248,-0.7027019655084454,1.0301366031052075,-2.149301404514259,5.748407800305588,3.4755557862021336,3120.0,4.0,2716.0,4.0,142034.7,4.0,52.29554491899853,True,True,8.659714840031198,7.538392790232286,1044.0,1204.0,12.0,12.0,True,True,3.341761752371013,2.897673811856593,589.0,536.0,6.0,6.0,-4.456327985739749,25.85470085470085
2,2014,3677.79,358614.0,4706.0,3454.4786652661323,4.0,4.0,0.7815108372290692,-1.4140567717607633,3.9420344467064217,1.0646440046016796,-0.8491104150762485,3.3497888913425866,2.4722350699068807,2683.0,4.0,2498.0,4.0,130089.4,4.0,52.077421937550035,True,True,7.48158186796946,6.965706860301048,1225.0,1208.0,12.0,12.0,True,True,3.368524374396984,3.4159291048313785,554.0,591.0,6.0,6.0,10.261194029850751,-5.942275042444822
2,2015,3850.09,356961.0,4725.75,3565.0808839152332,4.0,4.0,0.8147045442522352,0.41967700807479247,4.247376420377957,1.0799446423139116,3.20170507235078,1.4371599939602797,4.684878690735483,2746.0,4.0,2677.0,4.0,138906.4,4.0,51.88883078072469,True,True,7.692717131563392,7.4994187040040785,940.0,1129.0,12.0,12.0,True,True,3.1628105031081826,2.6333408971848464,217.0,488.0,6.0,6.0,-17.428087986463623,-60.83032490974729
2,2016,3950.95,354990.0,4867.75,3708.868540337803,4.0,4.0,0.8116583637204047,3.0048140506797827,-0.3739000295654882,1.065270973351929,4.03322283854215,-1.358742697268489,2.6196790204904286,2653.0,4.0,2624.0,4.0,140142.1,4.0,53.407812500000006,True,True,7.473449956336798,7.391757514296177,864.0,1261.0,12.0,12.0,True,True,3.552212738386997,2.4338713766584976,474.0,776.0,6.0,6.0,59.01639344262295,118.43317972350232
2,2017,4185.1,353215.0,5105.75,3921.6367242991328,4.0,4.0,0.819683689957401,4.88932258230188,0.9887566734618103,1.0671819687092392,5.736741047768468,0.1793905405398588,5.926422759083283,3073.0,4.0,3075.0,4.0,158387.8,4.0,51.50822764227642,True,True,8.700083518536868,8.705745792222867,1432.0,2087.0,12.0,12.0,True,True,5.908582591339552,4.054187959175007,714.0,880.0,6.0,6.0,13.4020618556701,50.63291139240506
2,2018,4481.39,351254.0,5465.0,4336.212751330286,4.0,4.0,0.8200164684354987,7.036184693727665,0.04059840181949159,1.033480195044668,10.571505118318814,-3.1580156573797535,7.07963967408185,3517.0,4.0,3484.0,4.0,178593.3,4.0,51.26099311136624,True,True,10.012697364300477,9.918748256247614,1139.0,1929.0,12.0,12.0,True,True,5.491752407090026,3.2426676991578742,589.0,1095.0,6.0,6.0,24.431818181818187,-17.507002801120453
2,2019,4957.38,349021.0,6092.0,4921.522017405659,4.0,4.0,0.813752462245568,11.473010064043908,-0.7638878523844483,1.0072859539117216,13.498167632476289,-2.534566337946531,10.621481281477397,3210.0,4.0,3251.0,4.0,166697.19999999998,4.0,51.2756690249154,True,True,9.197154325957463,9.314625767503962,1340.0,2089.0,12.0,12.0,True,True,5.985313204649577,3.8393105285928355,783.0,971.0,6.0,6.0,-11.324200913242011,32.93718166383701
2,2020,5252.17,341716.0,6471.220169516412,5453.758785475972,4.0,4.0,0.8116197351375992,6.224887877813723,-0.26208548753062777,0.9630367250541355,10.814474997530898,-4.392916300058336,5.946487862540284,2806.0,4.0,2845.0,4.0,145169.8,4.0,51.026291739894546,True,True,8.211497266736119,8.32562712896089,1665.0,2622.0,12.0,12.0,True,True,7.673038429573096,4.8724671949806275,873.0,1201.0,6.0,6.0,23.686920700308956,11.494252873563227
2,2021,5848.22,336665.0,7214.7258538373835,5947.0,4.0,4.0,0.8105949024923015,11.48942030783251,-0.1262700499913283,0.983389944509837,9.044059958016293,2.1134416711426462,11.348642561074751,3658.0,4.0,3729.0,4.0,189103.0,4.0,50.71145079109681,True,True,10.865400323763978,11.07629245689335,1438.0,2263.0,12.0,12.0,True,True,6.721815454531953,4.271308273803336,901.0,1398.0,6.0,6.0,16.402997502081607,3.2073310423825996
2,2022,6435.59,331898.0,7945.809460803045,6537.25,4.0,4.0,0.8099351024898079,10.13321395402449,-0.08139700860009258,0.9844491185131363,9.925172355809654,0.1077064097729119,10.043568812390768,3411.0,4.0,3492.0,4.0,169541.4,4.0,48.55137457044673,True,True,10.27725385510006,10.521304738202701,1642.0,1522.0,12.0,12.0,True,True,4.585746223237259,4.947303087093022,561.0,395.0,6.0,6.0,-71.7453505007153,-37.735849056603776
2,2023,7478.19,328370.0,8622.303397520634,7005.5,4.0,4.0,0.867307685107714,8.51384544337186,7.083602432039071,1.0674741274712725,7.162797812535859,8.433651612541748,16.200534838297642,,2.0,3857.0,4.0,190597.09999999998,4.0,49.41589318122893,False,True,,11.745896397356642,2375.0,1327.0,12.0,12.0,True,True,4.041173066967141,7.232694825958522,1102.0,548.0,6.0,6.0,38.73417721518988,96.4349376114082
2,2024,8448.23,324984.0,9137.673139297876,7759.5,4.0,4.0,0.9245493761061744,5.97717011356198,6.599928950399114,1.0887595850248082,10.762971950610245,1.994002196939304,12.971588044700667,,2.0,4328.0,4.0,213897.8,4.0,49.42185767097966,False,True,,13.317578711567338,1513.0,1828.0,12.0,12.0,True,True,5.624892302390272,4.655613814833961,815.0,993.0,6.0,6.0,81.20437956204381,-26.043557168784027
2,2025,9219.1,322464.0,9950.43141948026,7782.5,4.0,4.0,0.9265025415834223,8.894586923743187,0.2112559402153158,1.1845936395759717,0.2964108512146346,8.802131881941587,9.124633207192524,,,,,,,,,,,,1178.0,1756.0,12.0,12.0,True,True,5.445569117792994,3.653120968542225,345.0,444.0,6.0,6.0,-55.2870090634441,-57.668711656441715
2,2026,,,,,,,,,,,,,,,,,,,,,,,,,,,,,,,,,985.0,539.0,6.0,6.0,21.39639639639639,185.50724637681157
3,2005,3017.45,458807.0,,,,,,,,,,,,,,,,,,,,,,,2636.0,3299.0,12.0,12.0,True,True,7.190387243437873,5.745335184511134,1263.0,1373.0,6.0,6.0,,
3,2006,3177.7,457630.0,,,,,,,,,,,,,,,,,,,,,,,3099.0,6065.0,12.0,12.0,True,True,13.253064702925945,6.771846251338418,1118.0,3072.0,6.0,6.0,123.74362709395483,-11.4806017418844
3,2007,3473.08,456103.0,6590.25,5485.11533383106,4.0,4.0,0.5270027692424415,,,0.6331826750439975,,,,,,,,,,,,,,,3295.0,5857.0,12.0,12.0,True,True,12.841397666755096,7.224245400709927,1021.0,3352.0,6.0,6.0,9.114583333333325,-8.676207513416811
3,2008,3847.9,455717.0,6862.0,5949.376246265886,4.0,4.0,0.5607548819586127,4.123515799855837,6.404541813829434,0.646773685294341,8.464013683930416,2.146459589943639,10.79214990728692,,,,,,,,,,,,4550.0,5740.0,12.0,12.0,True,True,12.595536264831024,9.984266551390446,1772.0,2867.0,6.0,6.0,-14.468973747016712,73.55533790401567
3,2009,4053.17,455830.0,5624.0,5520.715971282214,4.0,4.0,0.7206916785206259,-18.041387350626636,28.52169489873788,0.7341747014488469,-7.205129701667801,13.513384687988728,5.334598092466014,,,,,,,,,,,,4276.0,4092.0,12.0,12.0,True,True,8.977030910646514,9.380690169580765,1523.0,2023.0,6.0,6.0,-29.43843739100105,-14.051918735891643
3,2010,4108.37,460416.0,5501.266306265123,5516.931591841166,4.0,4.0,0.7468044212513724,-2.1823203011180126,3.6232890581376687,0.7446838757391432,-0.06854870746355601,1.4314269164487747,1.3618969843357087,3120.0,4.0,1359.0,4.0,76682.3,4.0,56.42553348050037,True,True,6.776480400333611,2.9516784820683903,3534.0,4688.0,12.0,12.0,True,True,10.182096191270503,7.675667222685571,1611.0,2652.0,6.0,6.0,31.092436974789916,5.778069599474711
3,2011,4327.35,460435.0,5584.5,5446.602724424061,4.0,4.0,0.7748858447488585,1.5129915386951298,3.760211201003849,0.7945044312842895,-1.2747822996593272,6.690161714015419,5.330094417007247,5696.0,4.0,3758.0,4.0,208731.30000000002,4.0,55.54318786588611,True,True,12.370910117606178,8.161846949080761,4422.0,4595.0,12.0,12.0,True,True,9.979693116292202,9.603961471217437,1009.0,1711.0,6.0,6.0,-35.48265460030166,-37.36809435133458
3,2012,4411.71,460354.0,5522.207896080307,5143.755216764507,4.0,4.0,0.7989032798152086,-1.1154463948373605,3.0994804240015883,0.8576827267404507,-5.560301035019554,7.951912282482243,1.9494609865159829,6663.0,4.0,4770.0,4.0,266944.4,4.0,55.96318658280923,True,True,14.473644195553858,10.361591297132208,5095.0,3856.0,12.0,12.0,True,True,8.376162692189054,11.067569739808931,1144.0,1715.0,6.0,6.0,0.23378141437755406,13.379583746283451
3,2013,4562.66,460815.0,5730.802621846573,4837.470029624714,4.0,4.0,0.79616422010532,3.777379079015253,-0.34285248028048665,0.9431913731885108,-5.954505497103558,9.969729339545918,3.4215757608727637,7041.0,4.0,6271.0,4.0,341825.5,4.0,54.50892999521607,True,True,15.279450538719443,13.6084979872617,3851.0,4509.0,12.0,12.0,True,True,9.784837733146707,8.356932825537363,1645.0,2018.0,6.0,6.0,17.66763848396502,43.79370629370629
3,2014,4814.14,461935.0,5767.081838293213,4935.565816080076,4.0,4.0,0.8347618665707649,0.6330564641737757,4.847950396507272,0.9753977921468557,2.0278324383328883,3.414621875671897,5.511697124046067,5969.0,4.0,5469.0,4.0,301175.5,4.0,55.06957396233315,True,True,12.921731412428155,11.839328043988873,3945.0,5057.0,12.0,12.0,True,True,10.947427668394905,8.54016257698594,1275.0,2312.0,6.0,6.0,14.568880079286428,-22.49240121580547
3,2015,4992.14,461798.0,5954.957394998592,5105.012247170742,4.0,4.0,0.8383166610382073,3.257723090695408,0.42584533503498,0.9778899164770277,3.4331713405301834,0.2554982541724593,3.6974412875404594,7167.0,4.0,6822.0,4.0,362149.7,4.0,53.08556141893873,True,True,15.519772714476892,14.772692822402869,4506.0,6007.0,12.0,12.0,True,True,13.007851917938147,9.75751302517551,1205.0,3685.0,6.0,6.0,59.38581314878893,-5.490196078431375
3,2016,5118.59,462996.0,6350.456607567299,5442.241859679084,4.0,4.0,0.806019207170176,6.641512043409015,-3.8526556096395326,0.9405296809616306,6.605853153344321,-3.82049501542997,2.5329818474641996,8058.0,4.0,7704.0,4.0,403973.8,4.0,52.43688992731049,True,True,17.404038047844907,16.639452608661845,5080.0,6461.0,12.0,12.0,True,True,13.954764188027543,10.97201703686425,1456.0,3182.0,6.0,6.0,-13.64993215739484,20.829875518672193
3,2017,5312.48,464293.0,6644.192695973564,5973.068137557846,4.0,4.0,0.7995674182085969,4.6254325721436285,-0.800451019552062,0.8894055580239981,9.75381637871684,-5.4356735329565975,3.7879572304091447,8737.0,4.0,8573.0,4.0,461718.0,4.0,53.85722617520121,True,True,18.817858550527358,18.464633324215526,6442.0,8002.0,12.0,12.0,True,True,17.234806469190794,13.874859194517255,2460.0,4658.0,6.0,6.0,46.38592080452546,68.95604395604396
3,2018,5642.0,464829.0,7492.4303103483835,6861.047024514623,4.0,4.0,0.7530266904461415,12.766601650323285,-5.820738402113523,0.8223234704325811,14.86637799045496,-7.5423508416626035,6.202752763304531,9892.0,4.0,9682.0,4.0,508849.1,4.0,52.55619706672175,True,True,21.280944175169793,20.829165133844917,6851.0,5904.0,12.0,12.0,True,True,12.701445047533609,14.73875339103197,1894.0,2721.0,6.0,6.0,-41.58437097466724,-23.008130081300816
3,2019,6154.35,468158.0,8417.464277209025,7745.008830001276,4.0,4.0,0.7311406140045533,12.34624719275672,-2.906414436468563,0.7946214310512266,12.883774186771246,-3.3687521246088092,9.080999645515785,9958.0,4.0,9978.0,4.0,519554.1,4.0,52.069963920625376,True,True,21.270596678899004,21.31331729886064,7265.0,7256.0,12.0,12.0,True,True,15.49904092208186,15.518265201064597,2914.0,3103.0,6.0,6.0,14.03895626607865,53.85427666314677
3,2020,6490.53,487262.0,8992.985175797454,8564.103176019487,4.0,4.0,0.7217325363181699,6.837224128728403,-1.2867672108726302,0.7578762033337314,10.575770331537203,-4.624243228487302,5.462477759633422,8406.0,4.0,8475.0,4.0,444639.9,4.0,52.46488495575222,True,True,17.251499193452393,17.39310678854497,6558.0,7143.0,12.0,12.0,True,True,14.659464518062151,13.458878385755508,2459.0,2277.0,6.0,6.0,-26.619400580083784,-15.614275909402886
3,2021,7084.42,486283.0,10256.824512290763,9478.914110346948,4.0,4.0,0.6907030525393831,14.053613030461133,-4.299305105057327,0.7473872974824007,10.68192332022624,-1.3839866993042182,9.150100222940205,9593.0,4.0,9699.0,4.0,523440.4,4.0,53.96849159707187,True,True,19.727195892103982,19.9451759572101,7328.0,6775.0,12.0,12.0,True,True,13.93221642541483,15.069414312242047,2458.0,3777.0,6.0,6.0,65.87615283267456,-0.04066693777958763
3,2022,7876.68,486226.0,11152.086480541555,10566.275960856205,4.0,4.0,0.7062965314825556,8.72845164873397,2.257624153511806,0.7454546927583499,11.47137570665735,-0.25858142499356473,11.183131434895177,9129.0,4.0,9186.0,4.0,482400.10000000003,4.0,52.51470716307425,True,True,18.77521975377705,18.892449190294226,7165.0,5663.0,12.0,12.0,True,True,11.646847350820401,14.735945835887016,2152.0,3289.0,6.0,6.0,-12.920307122054542,-12.449145646867377
3,2023,8915.97,486492.0,11625.297202915955,11062.739083325792,4.0,4.0,0.766945553681296,4.243248321290105,8.586906418956186,0.8059459716842197,4.6985629024718145,8.114682154865571,13.194518502719399,,1.0,,2.0,,2.0,,False,False,,,6236.0,4664.0,12.0,12.0,True,True,9.587002458416583,12.81829917038718,2291.0,1954.0,6.0,6.0,-40.589844937671025,6.459107806691455
3,2024,10107.32,487834.0,12845.369561383268,12681.257911326964,4.0,4.0,0.7868454038399485,10.494977781396276,2.5946887706870925,0.7970281868466763,14.630362479041636,-1.106499089375368,13.36197856206336,9985.0,4.0,10037.0,4.0,536100.0,4.0,53.412374215403005,True,True,20.468028058724897,20.574621695084804,6452.0,5525.0,12.0,12.0,True,True,11.325573863240365,13.225810419117979,3364.0,3864.0,6.0,6.0,97.74820880245649,46.83544303797469
3,2025,10972.26,489160.0,14142.416377835161,13363.950117693337,4.0,4.0,0.7758405428648234,10.097388091901816,-1.3986052306360741,0.8210341929870844,5.383473872545319,3.0119394190291082,8.55756026325476,,,,,,,,,,,,5750.0,5337.0,12.0,12.0,True,True,10.910540518439774,11.754845040477553,2194.0,3776.0,6.0,6.0,-2.2774327122153215,-34.78002378121284
3,2026,,,,,,,,,,,,,,,,,,,,,,,,,,,,,,,,,1618.0,3109.0,6.0,6.0,-17.66419491525424,-26.253418413855968
4,2005,2741.05,253092.0,,,,,,,,,,,,,,,,,,,,,,,1300.0,,12.0,0.0,False,True,,5.136472112907559,368.0,,6.0,0.0,,
4,2006,2914.02,252443.0,,,,,,,,,,,,,,,,,,,,,,,1448.0,1487.0,12.0,12.0,True,True,5.89043863367176,5.7359483130845375,755.0,481.0,6.0,6.0,,105.16304347826089
4,2007,3198.33,251183.0,6880.5,5573.831639873226,4.0,4.0,0.46483976455199477,,,0.5738117343050471,,,,,,,,,,,,,,,1256.0,1758.0,12.0,12.0,True,True,6.998881293718125,5.000338398697364,735.0,877.0,6.0,6.0,82.32848232848234,-2.6490066225165587
4,2008,3493.85,249787.0,6897.0,5906.461264722404,4.0,4.0,0.5065753226040307,0.23980815347721673,8.978482744964822,0.5915301639016516,5.967701329004327,3.08784720446047,9.239822032123012,,,,,,,,,,,,1747.0,1192.0,12.0,12.0,True,True,4.772065800061652,6.993958852942708,627.0,815.0,6.0,6.0,-7.069555302166474,-14.693877551020407
4,2009,3583.9,248889.0,5852.5,5460.942229273807,4.0,4.0,0.6123707817172149,-15.14426562273452,20.884447858483668,0.656278687730521,-7.542909628639293,10.945937803373717,2.5773859782188824,,,,,,,,,,,,965.0,859.0,12.0,12.0,True,True,3.451337744938507,3.877230411950709,377.0,370.0,6.0,6.0,-54.601226993865026,-39.87240829346093
4,2010,3662.62,249676.0,5462.6274209828125,5365.780969305674,4.0,4.0,0.6704868770532106,-6.661641674791752,9.490344260551776,0.6825884285906546,-1.742579503185615,4.008928120325739,2.1964898574178937,2336.0,4.0,2066.0,4.0,121581.5,4.0,58.848741529525654,True,True,9.356125538698153,8.274724042358896,1119.0,890.0,12.0,12.0,True,True,3.5646197471923613,4.481808423717137,801.0,585.0,6.0,6.0,58.10810810810811,112.46684350132625
4,2011,3938.74,249081.0,6238.032324775739,5306.332160797111,4.0,4.0,0.6314074366617842,14.194724333833818,-5.828516817984641,0.7422716634852212,-1.1079246217583827,8.743663442668526,7.538865620785118,2401.0,4.0,2104.0,4.0,122141.1,4.0,58.05185361216731,True,True,9.639434561447882,8.447051360802309,1100.0,1035.0,12.0,12.0,True,True,4.155274790128512,4.416234076465086,388.0,537.0,6.0,6.0,-8.20512820512821,-51.560549313358294
4,2012,4067.07,248574.0,6287.786987156625,5068.191437183125,4.0,4.0,0.6468205758730948,0.7976018685134978,2.4410766038485354,0.802469687739431,-4.487859342341139,8.109972024468682,3.2581485449661773,2330.0,4.0,1942.0,4.0,112565.90000000001,4.0,57.963903192584965,True,True,9.373466251498549,7.812562858545141,1133.0,1494.0,12.0,12.0,True,True,6.010282652248425,4.557998825299508,598.0,718.0,6.0,6.0,33.70577281191807,54.12371134020619
4,2013,4298.33,248362.0,6116.167758863594,4840.689702203574,4.0,4.0,0.7027815732769641,-2.729405888646985,8.651703345758865,0.887958176299406,-4.488814951038944,10.653173554853822,5.686157356524468,2244.0,4.0,2078.0,4.0,120222.6,4.0,57.85495668912416,True,True,9.035198621367199,8.366819400713474,1066.0,736.0,12.0,12.0,True,True,2.963416303621327,4.29212198323415,366.0,229.0,6.0,6.0,-68.1058495821727,-38.79598662207358
4,2014,4457.62,247792.0,5908.528205186425,4917.050495526044,4.0,4.0,0.7544383042949955,-3.3949290121458198,7.350325190964213,0.9065638036574826,1.577477550104267,2.09532699339694,3.7058578564233002,2229.0,4.0,2108.0,4.0,123114.3,4.0,58.40336812144213,True,True,8.995447794924775,8.507135016465421,932.0,855.0,12.0,12.0,True,True,3.450474591592949,3.761219086976174,535.0,448.0,6.0,6.0,95.63318777292575,46.174863387978135
4,2015,4566.82,247672.0,6245.957145645167,4995.115300956758,4.0,4.0,0.7311641584323225,5.710879744342279,-3.084963439710564,0.9142571742288466,1.5876348128160078,0.84862979751954,2.4497377524329123,2347.0,4.0,2215.0,4.0,127302.09999999999,4.0,57.47273137697517,True,True,9.476242772699376,8.943279821699667,1109.0,1346.0,12.0,12.0,True,True,5.43460706095158,4.477696308020286,599.0,1007.0,6.0,6.0,124.77678571428572,11.962616822429917
4,2016,4798.54,247329.0,6551.564518184966,5194.275640920263,4.0,4.0,0.7324265809610586,4.8928829547425945,0.17265924678842026,0.9238131226994047,3.9871019578939126,1.0452144910559014,5.073990216386903,2015.0,4.0,1933.0,4.0,111810.0,4.0,57.84273150543197,True,True,8.147043007492044,7.815500810661104,1216.0,1549.0,12.0,12.0,True,True,6.262912962086937,4.916528187151527,423.0,927.0,6.0,6.0,-7.944389275074482,-29.38230383973289
4,2017,5045.45,246643.0,6879.72333343729,5744.347373138058,4.0,4.0,0.733379782218533,5.008861842716561,0.130142908825559,0.8783330241471347,10.589960376464337,-4.923084272647715,5.145523430043308,2914.0,4.0,2913.0,4.0,172206.4,4.0,59.116512186749056,True,True,11.814647081003718,11.810592637942289,1111.0,2479.0,12.0,12.0,True,True,10.050964349282161,4.504486241247471,528.0,1570.0,6.0,6.0,69.36353829557713,24.822695035460995
4,2018,5347.46,246204.0,7288.270838190335,6386.190691535256,4.0,4.0,0.7337076404981356,5.938429279087343,0.04470511562384427,0.8373473731512483,11.173476753836486,-4.666299668702956,5.985789176386658,2971.0,4.0,2978.0,4.0,176787.6,4.0,59.3645399597045,True,True,12.067228802131565,12.095660509171257,1521.0,1827.0,12.0,12.0,True,True,7.420675537359263,6.177803772481357,454.0,1089.0,6.0,6.0,-30.63694267515924,-14.015151515151514
4,2019,5624.49,246244.0,8129.813960623045,7054.114197386764,4.0,4.0,0.691835019502581,11.546540202966217,-5.7069899077412,0.7973346961243728,10.458871933417612,-4.778503917232458,5.180590411148467,2839.0,4.0,2866.0,4.0,170184.6,4.0,59.380530355896724,True,True,11.529214925033708,11.638862266694822,1479.0,1525.0,12.0,12.0,True,True,6.193044297526031,6.006237715436721,688.0,1091.0,6.0,6.0,0.18365472910928382,51.541850220264315
4,2020,5848.66,246637.0,8149.705083561255,7616.965156656656,4.0,4.0,0.7176529629025857,0.24466885754770296,3.7318063804528734,0.767846495252602,7.97904518583501,-3.698346630982574,3.985605806037529,3028.0,4.0,3053.0,4.0,178171.2,4.0,58.35938421225025,True,True,12.277152252095185,12.378515794467173,1985.0,1533.0,12.0,12.0,True,True,6.215612418250303,8.048265264335846,829.0,587.0,6.0,6.0,-46.196150320806595,20.49418604651163
4,2021,6298.57,244862.0,9703.873257088799,8316.829247255106,4.0,4.0,0.6490779334322835,19.07023821834304,-9.555458280691386,0.7573282813373601,9.188227544756721,-1.3698329002311382,7.6925312806694235,3917.0,4.0,3980.0,4.0,228552.6,4.0,57.42527638190955,True,True,15.996765525071265,16.254053303493393,2375.0,1641.0,12.0,12.0,True,True,6.701734037947905,9.699340853215281,807.0,614.0,6.0,6.0,4.599659284497437,-2.6537997587454787
4,2022,6985.73,243770.0,10280.432194266945,9314.920891137679,4.0,4.0,0.6795171514185667,5.94153408544329,4.689609123718408,0.7499505451137327,12.000867328278808,-0.9741794153783734,10.909777933721454,3391.0,4.0,3456.0,4.0,195229.30000000002,4.0,56.489959490740745,True,True,13.91065348484227,14.177298272962219,1001.0,1499.0,12.0,12.0,True,True,6.149239036796981,4.106329737047217,678.0,1148.0,6.0,6.0,86.97068403908794,-15.98513011152416
4,2023,7890.4,242141.0,10975.37735796,9856.473872068393,4.0,4.0,0.7189183335256724,6.7598827613551515,5.798408770823715,0.8005296927088784,5.813822653566003,6.7443310661871925,12.950257167110667,,1.0,,2.0,,2.0,,False,False,,,1374.0,788.0,12.0,12.0,True,True,3.254302245385953,5.6743798035029185,844.0,328.0,6.0,6.0,-71.42857142857143,24.48377581120944
4,2024,8999.18,240554.0,12746.783463792433,11406.11664958083,4.0,4.0,0.7059961460522494,16.139819598528014,-1.797448593368156,0.7889784294228409,15.722080711884878,-1.4429525089756146,14.052266044813955,,1.0,2676.0,4.0,149035.0,4.0,55.69319880418535,False,True,,11.12432135819816,1813.0,1816.0,12.0,12.0,True,True,7.549240503171845,7.53676929088687,479.0,814.0,6.0,6.0,148.1707317073171,-43.24644549763034
4,2025,9795.07,239325.0,13246.876763752434,11784.178598583316,4.0,4.0,0.7394248602661082,3.9232901490837246,4.734971203565874,0.8312051551202351,3.314554467723929,5.352076067312028,8.84402801144104,,,,,,,,,,,,864.0,1786.0,12.0,12.0,True,True,7.462655384936801,3.6101535568787217,296.0,322.0,6.0,6.0,-60.44226044226044,-38.20459290187892
4,2026,,,,,,,,,,,,,,,,,,,,,,,,,,,,,,,,,247.0,1533.0,6.0,6.0,376.0869565217392,-16.554054054054056
5,2005,3395.63,318744.0,,,,,,,,,,,,,,,,,,,,,,,317.0,320.0,12.0,12.0,True,True,1.0039404663303466,0.9945285244584996,92.0,92.0,6.0,6.0,,
5,2006,3523.92,315996.0,,,,,,,,,,,,,,,,,,,,,,,440.0,416.0,12.0,12.0,True,True,1.3164723604096256,1.3924226888947961,98.0,137.0,6.0,6.0,48.91304347826087,6.521739130434789
5,2007,3727.38,313461.0,5078.6224999999995,3201.2284983919963,4.0,4.0,0.7339352353910928,,,1.1643592457933865,,,,,,,,,,,,,,,619.0,769.0,12.0,12.0,True,True,2.453255747923984,1.974727318549995,160.0,328.0,6.0,6.0,139.41605839416061,63.26530612244898
5,2008,4150.44,311179.0,5457.5525,3713.4796980715787,4.0,4.0,0.7604947455842156,7.461275178456361,3.618781182915942,1.1176686928315067,16.001706842760232,-4.00997828896571,11.350063583535874,,,,,,,,,,,,1303.0,658.0,12.0,12.0,True,True,2.114538577474701,4.187300556914188,378.0,449.0,6.0,6.0,36.890243902439025,136.24999999999997
5,2009,4494.03,308724.0,4948.9425,3477.561822000574,4.0,4.0,0.9080788471476481,-9.319378970701608,19.406327580877324,1.2922933451732777,-6.353013756706883,15.624008569066739,8.278399398617985,,,,,,,,,,,,949.0,920.0,12.0,12.0,True,True,2.9800080330651326,3.073943068890012,423.0,395.0,6.0,6.0,-12.026726057906457,11.904761904761907
5,2010,4563.66,312294.0,4949.75,3578.836956356301,4.0,4.0,0.921998080711147,0.01631661713588084,1.5328221340272785,1.2751796339574997,2.9122454046687674,-1.3242899748495796,1.549388855882139,673.0,4.0,682.0,4.0,37327.4,4.0,54.73225806451613,True,True,2.1550205895726466,2.183839587055787,1137.0,1670.0,12.0,12.0,True,True,5.347525088538364,3.640800015370132,333.0,250.0,6.0,6.0,-36.70886075949367,-21.276595744680847
5,2011,5013.92,310434.0,4761.649916980505,3486.0744683628805,4.0,4.0,1.0529795527638175,-3.80019360613153,14.20626298393628,1.4382710540187116,-2.5919730103565297,12.789681996022818,9.866203880218949,949.0,4.0,971.0,4.0,54200.6,4.0,55.81936148300721,True,True,3.0570105078696277,3.1278790338687132,663.0,1290.0,12.0,12.0,True,True,4.155472660855448,2.135719669881521,147.0,270.0,6.0,6.0,8.000000000000007,-55.855855855855864
5,2012,4966.8,308269.0,4952.712630460013,3369.1180329880726,4.0,4.0,1.0028443745056692,4.012531723471735,-4.761267977764194,1.474213711531781,-3.3549609004690173,2.4990183465516624,-0.9397836423397199,904.0,4.0,908.0,4.0,48997.7,4.0,53.96222466960352,True,True,2.9325037548374957,2.945479435168635,376.0,606.0,12.0,12.0,True,True,1.9658155701676132,1.2197139511271002,221.0,333.0,6.0,6.0,23.33333333333334,50.340136054421755
5,2013,5270.37,305995.0,4883.842856702568,3270.8292171139606,4.0,4.0,1.079144058201415,-1.3905465326997768,7.608327436982032,1.6113253398935785,-2.917345575659147,9.300661585851877,6.1119835709108505,983.0,4.0,996.0,4.0,54623.8,4.0,54.843172690763055,True,True,3.212470792006405,3.2549551463259205,510.0,1334.0,12.0,12.0,True,True,4.359548358633311,1.666693900227128,214.0,318.0,6.0,6.0,-4.504504504504503,-3.167420814479638
5,2014,5199.41,303314.0,4856.956175207943,3382.5037469078816,4.0,4.0,1.0705079091592578,-0.5505230672548378,-0.8002776808641143,1.5371483342045207,3.4142574369094625,-4.603477885723373,-1.3463950348836962,1079.0,4.0,1104.0,4.0,60877.2,4.0,55.142391304347825,True,True,3.5573695905892904,3.6397924263304695,1314.0,625.0,12.0,12.0,True,True,2.0605708935294778,4.332144246556374,961.0,258.0,6.0,6.0,-18.867924528301884,349.0654205607477
5,2015,5262.02,300797.0,4936.127048372907,3412.163952106832,4.0,4.0,1.0660219942544868,1.630051215390571,-0.41904547050884977,1.5421357454852014,0.8768713183559429,0.3244586855868814,1.2041750890966485,1147.0,4.0,1153.0,4.0,61772.4,4.0,53.57536860364267,True,True,3.813202924231292,3.833149931681499,1159.0,1365.0,12.0,12.0,True,True,4.537944194922157,3.853096939131707,619.0,810.0,6.0,6.0,213.953488372093,-35.587929240374606
5,2016,5274.86,299012.0,5027.16203724434,3502.3903198626213,4.0,4.0,1.0492719273658893,1.8442594361796516,-1.5712684146176215,1.5060742859199376,2.644256519387911,-2.338410199675245,0.24401275555774316,1308.0,4.0,1349.0,4.0,72353.2,4.0,53.6346923647146,True,True,4.374406378339331,4.511524621085441,1675.0,1795.0,12.0,12.0,True,True,6.0031035543724,5.601781868286222,667.0,1193.0,6.0,6.0,47.28395061728394,7.7544426494345675
5,2017,5290.36,297197.0,5175.449307957145,3608.1517645616814,4.0,4.0,1.0222030369162698,2.9497213261518107,-2.5797783914388805,1.4662243567359128,3.019693267745449,-2.645947119380221,0.2938466613331858,1559.0,4.0,1610.0,4.0,85427.70000000001,4.0,53.06068322981367,True,True,5.245678792181617,5.41728213945632,1642.0,1427.0,12.0,12.0,True,True,4.801528952176503,5.524954827942408,551.0,719.0,6.0,6.0,-39.73176865046102,-17.391304347826086
5,2018,5698.98,295449.0,5503.524801023182,4072.8342001674664,4.0,4.0,1.0355145485926547,6.339072678417068,1.302237539475759,1.3992663879530547,12.878683213100238,-4.566693253679055,7.723860001965832,1820.0,4.0,1876.0,4.0,102209.5,4.0,54.48267590618337,True,True,6.1601156206316485,6.349657639728007,894.0,3106.0,12.0,12.0,True,True,10.512812702023023,3.025902947716865,376.0,1514.0,6.0,6.0,110.57023643949933,-31.76043557168784
5,2019,6175.8,293636.0,6609.915061885179,4642.6270811417235,4.0,4.0,0.9343236550211634,20.103302898831377,-9.772039775686158,1.3302382233296317,13.990082899785804,-4.933168209979099,8.366760367644744,1656.0,4.0,1707.0,4.0,94905.20000000001,4.0,55.59765670767429,True,True,5.639635467040826,5.813319892656214,1344.0,2783.0,12.0,12.0,True,True,9.477720715443612,4.577095451511395,631.0,1291.0,6.0,6.0,-14.72919418758256,67.81914893617021
5,2020,6525.94,287590.0,6989.039775256407,5262.725525370267,4.0,4.0,0.9337391415490381,5.7356972036959775,-0.06256006352659549,1.2400304687257764,13.35662833543907,-6.781323301480713,5.669548884355047,1513.0,4.0,1531.0,4.0,80599.6,4.0,52.64506858262574,True,True,5.260961785875726,5.323550888417539,3451.0,1616.0,12.0,12.0,True,True,5.619110539309434,11.999721826210926,1226.0,289.0,6.0,6.0,-77.61425251742835,94.29477020602219
5,2021,6924.74,284957.0,7960.196218611005,5657.86963094032,4.0,4.0,0.869920767004449,13.895420180506402,-6.8347112919264426,1.2239129657798653,7.508354818528229,-1.2997666873841407,6.110997036442267,1360.0,4.0,1379.0,4.0,71724.3,4.0,52.0118201595359,True,True,4.772649908582698,4.839326635246721,2325.0,4847.0,12.0,12.0,True,True,17.009583902132604,8.159125762834393,1323.0,2142.0,6.0,6.0,641.1764705882354,7.911908646003263
5,2022,8017.49,281418.0,9317.114533688902,6282.034628140828,4.0,4.0,0.8605121221822798,17.046292299998967,-1.0815519273746799,1.2762568936002157,11.03180239055408,4.27676879679082,15.780375869707752,,2.0,,2.0,,2.0,,False,False,,,1870.0,1264.0,12.0,12.0,True,True,4.4915392760946355,6.6449196568805124,787.0,716.0,6.0,6.0,-66.5732959850607,-40.51398337112623
5,2023,9105.52,279119.0,9717.582695062862,6842.72769132366,4.0,4.0,0.9370149229217439,4.298199404181879,8.89038036389902,1.330685716391357,8.925341809979304,4.264723118368607,13.570706043911507,,2.0,4031.0,4.0,214718.0,4.0,53.26668320516001,False,True,,14.441868880298367,2968.0,2513.0,12.0,12.0,True,True,9.003328329493872,10.633457414221173,679.0,940.0,6.0,6.0,31.28491620111731,-13.722998729351964
5,2024,10051.54,278090.0,11489.71722031723,7796.060830890309,4.0,4.0,0.8748291892010966,18.236371954464815,-6.636578799272852,1.289310103914635,13.932063097811742,-3.1093452020306556,10.389521960305403,5710.0,4.0,5565.0,4.0,293728.3,4.0,52.78136567834681,True,True,20.532920996799596,20.01150706605775,2664.0,3818.0,12.0,12.0,True,True,13.729368190154267,9.579632493077781,1165.0,2393.0,6.0,6.0,154.5744680851064,71.57584683357878
5,2025,10801.86,277884.0,11885.467285214052,8160.589806789118,4.0,4.0,0.9088292231840057,3.4443847251263815,3.8864768577232978,1.3236616783524036,4.67580979428015,2.6643376433233,7.464726798082677,,,,,,,,,,,,2334.0,3291.0,12.0,12.0,True,True,11.84307120956946,8.399188150451268,1269.0,2325.0,6.0,6.0,-2.84162139573757,8.927038626609441
5,2026,,,,,,,,,,,,,,,,,,,,,,,,,,,,,,,,,1420.0,1532.0,6.0,6.0,-34.10752688172043,11.899133175728927
6,2005,2372.75,209057.0,,,,,,,,,,,,,,,,,,,,,,,726.0,302.0,12.0,12.0,True,True,1.4445820996187642,3.4727371004080227,332.0,117.0,6.0,6.0,,
6,2006,2461.78,207718.0,,,,,,,,,,,,,,,,,,,,,,,442.0,480.0,12.0,12.0,True,True,2.3108252534686446,2.1278849209023774,206.0,311.0,6.0,6.0,165.8119658119658,-37.951807228915655
6,2007,2655.81,206796.0,3913.555967622855,3531.6979797158183,4.0,4.0,0.6786181217214516,,,0.7519923887188401,,,,,,,,,,,,,,,578.0,407.0,12.0,12.0,True,True,1.968123174529488,2.795025048840403,136.0,166.0,6.0,6.0,-46.62379421221865,-33.98058252427184
6,2008,2953.74,205655.0,4703.423500291353,4072.8791624439586,4.0,4.0,0.6279978827798582,20.18286027344778,-7.459311403766367,0.7252216140455265,15.323540853051277,-3.559979472521335,11.218046471697885,,,,,,,,,,,,768.0,604.0,12.0,12.0,True,True,2.93695752595366,3.7344095694245216,401.0,325.0,6.0,6.0,95.78313253012047,194.8529411764706
6,2009,3082.94,204891.0,4748.492741189844,3962.779029686395,4.0,4.0,0.6492460172167176,0.958222046041568,3.383472304524915,0.7779742390137703,-2.7032506579816484,7.274000656705759,4.374115528110134,,,,,,,,,,,,626.0,473.0,12.0,12.0,True,True,2.308544543196138,3.055283052940344,276.0,304.0,6.0,6.0,-6.4615384615384635,-31.17206982543641
6,2010,3200.8,203092.0,4738.394091424333,4142.7364130029255,4.0,4.0,0.6755031215729587,-0.21267063710369571,4.044245734275553,0.7726294122777296,4.541191471147243,-0.6870184728502315,3.8229741740027468,529.0,4.0,405.0,4.0,21103.0,4.0,52.10617283950617,True,True,2.6047308608906308,1.9941701297933943,744.0,589.0,12.0,12.0,True,True,2.900163472711874,3.6633643865834205,416.0,337.0,6.0,6.0,10.855263157894735,50.72463768115942
6,2011,3381.09,202166.0,4832.311926958606,4285.921028251549,4.0,4.0,0.699683723051383,1.9820604559728006,3.579643188342052,0.788882944345646,3.456281089938651,2.1036646818816562,5.632654336415888,415.0,4.0,347.0,4.0,17739.0,4.0,51.12103746397695,True,True,2.0527685169613092,1.7164112659893356,876.0,792.0,12.0,12.0,True,True,3.917572687791221,4.333072821344835,379.0,534.0,6.0,6.0,58.456973293768556,-8.89423076923077
6,2012,3467.85,201363.0,4820.751060961603,3949.0414617344413,4.0,4.0,0.7193588625811063,-0.23924088866257298,2.8120047503632284,0.878149807643929,-7.860144045970396,11.315603149758434,2.566036396546667,1196.0,4.0,907.0,4.0,48485.0,4.0,53.456449834619626,True,True,5.939522156503429,4.504303173870076,810.0,977.0,12.0,12.0,True,True,4.8519340693176005,4.022586075892791,342.0,236.0,6.0,6.0,-55.80524344569289,-9.762532981530347
6,2013,3597.04,200236.0,4665.5023739906,3732.3159373388357,4.0,4.0,0.7709866401639617,-3.2204253031899,7.176915482435509,0.9637554966916095,-5.488053911199464,9.748415168177305,3.72536297706072,1475.0,4.0,1110.0,4.0,56853.0,4.0,51.21891891891892,True,True,7.366307756846921,5.54345871871192,666.0,876.0,12.0,12.0,True,True,4.374837691524002,3.326075231227152,152.0,596.0,6.0,6.0,152.54237288135593,-55.55555555555556
6,2014,3669.64,199475.0,4597.330688106848,3715.635777049879,4.0,4.0,0.7982110161214299,-1.4611863936410674,3.5311086521134127,0.9876210210554064,-0.44691179870613995,2.4763048766749174,2.018326179302976,1226.0,4.0,1032.0,4.0,53952.0,4.0,52.27906976744186,True,True,6.146133600701842,5.173580649204161,1377.0,907.0,12.0,12.0,True,True,4.546935706228851,6.903120691816017,361.0,507.0,6.0,6.0,-14.932885906040273,137.5
6,2015,3845.52,198475.0,4602.872953042801,3583.497811084543,4.0,4.0,0.8354608174570317,0.12055397603418783,4.666660893331387,1.0731191151017212,-3.5562679954128873,8.656973902291853,4.7928407146205165,1446.0,4.0,1285.0,4.0,67482.0,4.0,52.51517509727626,True,True,7.285552336566318,6.474367048746693,943.0,766.0,12.0,12.0,True,True,3.859428139564177,4.751228114372087,211.0,110.0,6.0,6.0,-78.30374753451676,-41.551246537396125
6,2016,3920.24,197724.0,4634.017403698809,3499.6867675120498,4.0,4.0,0.8459700640897287,0.6766306820486845,1.2578982057692478,1.1201688209333442,-2.3388054909158185,4.384388011498919,1.9430402130270918,1410.0,4.0,1301.0,4.0,65916.6,4.0,50.66610299769408,True,True,7.1311525156278455,6.579879023284983,755.0,892.0,12.0,12.0,True,True,4.511339038255346,3.8184540065950516,397.0,484.0,6.0,6.0,340.00000000000006,88.15165876777252
6,2017,4197.4,197336.0,4598.723512882875,3560.671147547505,4.0,4.0,0.9127315413160615,-0.7616262033837584,7.891706818038369,1.1788227067503991,1.742566809166446,5.236164828100054,7.069975307634224,1391.0,4.0,1286.0,4.0,65301.7,4.0,50.77892690513219,True,True,7.048891231199579,6.516803826975311,609.0,894.0,12.0,12.0,True,True,4.5303441845380465,3.08610694450075,389.0,690.0,6.0,6.0,42.561983471074385,-2.015113350125941
6,2018,4493.16,196335.0,4790.347342322969,3793.124694895231,4.0,4.0,0.9379612121865771,4.166891723394084,2.7641940404663945,1.1845537284990586,6.528363269599713,0.4861648588750045,7.046266736551199,1757.0,4.0,1673.0,4.0,86513.79999999999,4.0,51.71177525403466,True,True,8.948990246262765,8.521150075126696,895.0,1868.0,12.0,12.0,True,True,9.514350472406857,4.558535156747396,518.0,1124.0,6.0,6.0,62.89855072463768,33.16195372750643
6,2019,4879.19,195266.0,5133.71730573593,4193.746458778666,4.0,4.0,0.9504204671629376,7.167955450312946,1.3283337108701332,1.1634442014935145,10.56178734178157,-1.7820658107498333,8.591503529809753,1815.0,4.0,1748.0,4.0,92214.9,4.0,52.75451945080091,True,True,9.295012956684728,8.951891266272675,1424.0,1102.0,12.0,12.0,True,True,5.6435836243892945,7.292616226071103,551.0,457.0,6.0,6.0,-59.341637010676166,6.370656370656369
6,2020,5218.61,188230.0,5660.759889108242,4751.883488167603,4.0,4.0,0.9218921314859204,10.266295395413461,-3.0016541796680785,1.0982192667380348,13.308792862777906,-5.606193633674083,6.9564825309119005,2162.0,4.0,2160.0,4.0,116393.90000000001,4.0,53.886064814814816,True,True,11.485948042288689,11.475322743452159,1545.0,833.0,12.0,12.0,True,True,4.425436965414653,8.208043351219253,840.0,253.0,6.0,6.0,-44.63894967177243,52.45009074410163
6,2021,5648.73,186498.0,6381.966022791697,5266.801089215545,4.0,4.0,0.8851081280951487,12.74044735709623,-3.9900550329551754,1.0725162967643687,10.836073786954369,-2.3404224231113657,8.242041463148242,2096.0,4.0,2102.0,4.0,111906.49999999999,4.0,53.23810656517602,True,True,11.238726420658667,11.270898347435361,1173.0,1909.0,12.0,12.0,True,True,10.236034702785016,6.2896116848438055,772.0,899.0,6.0,6.0,255.33596837944663,-8.0952380952381
6,2022,6185.4,184520.0,7590.690210827466,6151.746091039957,4.0,4.0,0.8148666100451655,18.93968384850522,-7.935925094389407,1.0054706271133427,16.8023243489573,-6.251249501130507,9.500719630784271,1971.0,4.0,1975.0,4.0,104139.0,4.0,52.72860759493671,True,True,10.681768913938868,10.703446780836765,1093.0,1288.0,12.0,12.0,True,True,6.980273141122913,5.923477129850423,831.0,491.0,6.0,6.0,-45.38375973303671,7.642487046632129
6,2023,7062.45,183147.0,8333.219004601575,6544.281617523132,4.0,4.0,0.8475056273092234,9.78209850686509,4.005442959829808,1.0791788026189777,6.380879845722243,7.330713948078982,14.179357842661755,,2.0,2093.0,4.0,104216.5,4.0,49.792881032011465,False,True,,11.427978618268387,1177.0,879.0,12.0,12.0,True,True,4.799423413978935,6.426531693120826,797.0,373.0,6.0,6.0,-24.032586558044812,-4.091456077015643
6,2024,8213.37,181211.0,9446.8868170512,7843.051527274867,4.0,4.0,0.8694261039705952,13.364197098800123,2.586469747813691,1.0472161213575253,19.845874393212483,-2.9617595512332673,16.296327761612496,,1.0,2227.0,4.0,113682.0,4.0,51.047148630444546,False,True,,12.289540921908713,1303.0,1432.0,12.0,12.0,True,True,7.902390031510229,7.190512717219153,782.0,888.0,6.0,6.0,138.06970509383376,-1.8820577164366359
6,2025,9008.73,179694.0,9900.424621027254,8111.766150731651,4.0,4.0,0.9099336992947346,4.800923444509131,4.659118830127662,1.1105756542534755,3.426148897814918,6.050282420577724,9.683723002859956,,,,,,,,,,,,1045.0,1120.0,12.0,12.0,True,True,6.2328180128440565,5.815441806626821,587.0,502.0,6.0,6.0,-43.468468468468465,-24.936061381074172
6,2026,,,,,,,,,,,,,,,,,,,,,,,,,,,,,,,,,493.0,785.0,6.0,6.0,56.37450199203187,-16.013628620102217
7,2005,2579.09,757762.0,,,,,,,,,,,,,,,,,,,,,,,4557.0,4306.0,12.0,12.0,True,True,5.68252300854358,6.013761576853946,3190.0,2144.0,6.0,6.0,,
7,2006,2753.21,756757.0,,,,,,,,,,,,,,,,,,,,,,,6612.0,9649.0,12.0,12.0,True,True,12.750460187352083,8.737282905873352,4472.0,3532.0,6.0,6.0,64.73880597014924,40.18808777429468
7,2007,2995.18,756336.0,7773.25,6896.71361901566,4.0,4.0,0.3853188820634869,,,0.43429090512641727,,,,,,,,,,,,,,,4922.0,10499.0,12.0,12.0,True,True,13.881396627953714,6.507689704046879,2289.0,4778.0,6.0,6.0,35.27746319365799,-48.81484794275492
7,2008,3259.63,756441.0,7839.75,6516.882392516567,4.0,4.0,0.4157823910201218,0.8554980220628394,7.906051422524274,0.5001824190878573,-5.507423498807018,15.172206736003325,8.829185558130082,,,,,,,,,,,,6621.0,7583.0,12.0,12.0,True,True,10.02457561131668,8.752830690033989,3538.0,3928.0,6.0,6.0,-17.78987023859355,54.5653123634775
7,2009,3423.56,754854.0,7097.25,6200.048846722625,4.0,4.0,0.48237838599457533,-9.47096527312733,16.0170311231941,0.552182746400411,-4.861734901918235,10.396272505415617,5.02909839460306,,,,,,,,,,,,10344.0,6199.0,12.0,12.0,True,True,8.212184077980641,13.703312163676683,6120.0,3629.0,6.0,6.0,-7.612016293279023,72.97908422837762
7,2010,3543.43,757103.0,6882.0,6368.00260742301,4.0,4.0,0.5148837547224644,-3.0328648420162696,6.738562438047246,0.5564429254268078,2.708910282040211,0.7715161428292205,3.501326104990121,9326.0,4.0,8352.0,4.0,447038.30000000005,4.0,53.52470067049809,True,True,12.318006929044001,11.031524112307045,4716.0,9158.0,12.0,12.0,True,True,12.096108455520582,6.22900714962165,2559.0,3851.0,6.0,6.0,6.117387710112987,-58.186274509803916
7,2011,3722.48,758241.0,6909.25,6330.677094860135,4.0,4.0,0.5387675941672396,0.39596047660563904,4.638685766586148,0.588006613545694,-0.5861416030101041,5.672403525424619,5.053013605461376,8670.0,4.0,7307.0,4.0,385446.4,4.0,52.75029423840154,True,True,11.434359260446216,9.636777752719782,4852.0,9423.0,12.0,12.0,True,True,12.427447210055906,6.399020891774515,2443.0,4850.0,6.0,6.0,25.94131394443002,-4.533020711215318
7,2012,3877.57,759131.0,6595.180984933903,6116.590260474314,4.0,4.0,0.5879398926061256,-4.545631075241118,9.12681070116892,0.6339430687481283,-3.3817367586105096,7.812234445023747,4.166308482517045,8288.0,4.0,7273.0,4.0,381282.6,4.0,52.42439158531555,True,True,10.917746739363825,9.580691606587004,6824.0,9021.0,12.0,12.0,True,True,11.883324485497234,8.989225838491643,3095.0,5898.0,6.0,6.0,21.608247422680414,26.68849774866966
7,2013,3997.8,758940.0,5975.683904498015,5699.609927871317,4.0,4.0,0.6690112904048986,-9.393177865036206,13.78906225250558,0.7014164215783611,-6.8172023111886855,10.643440421783467,3.10065324417097,10450.0,4.0,9721.0,4.0,506541.1,4.0,52.10792099578232,True,True,13.76920441668643,12.808654175560651,7019.0,8650.0,12.0,12.0,True,True,11.397475426252404,9.248425435475795,3904.0,3720.0,6.0,6.0,-36.927772126144454,26.138933764135697
7,2014,4152.52,759800.0,5966.083661744582,5848.692732830291,4.0,4.0,0.6960210810697439,-0.1606551301384429,4.037269781874464,0.709991136427938,2.615666806073036,1.2224856142206697,3.8701285707138933,11478.0,4.0,10883.0,4.0,561032.0,4.0,51.5512266838188,True,True,15.10660700184259,14.32350618583838,7346.0,9266.0,12.0,12.0,True,True,12.195314556462227,9.668333772045274,3356.0,3222.0,6.0,6.0,-13.387096774193552,-14.036885245901642
7,2015,4431.17,762508.0,6106.362012016274,5951.476319661884,4.0,4.0,0.7256644776841296,2.351263546154714,4.258979709181432,0.7445497153976316,1.7573771016323292,4.8674662536722035,6.710383092676242,11404.0,4.0,11090.0,4.0,565853.0,4.0,51.02371505861136,True,True,14.955908659318984,14.54410970114412,6455.0,10942.0,12.0,12.0,True,True,14.350013376908832,8.465484952289026,3256.0,6291.0,6.0,6.0,95.25139664804469,-2.979737783075087
7,2016,4635.26,762448.0,6332.7872823092775,6007.006963671351,4.0,4.0,0.7319462652643739,3.7080223846446936,0.8656600637655387,0.7716421885362742,0.9330566237155224,3.63877288223442,4.605781317349589,10850.0,4.0,10960.0,4.0,566098.4,4.0,51.651313868613144,True,True,14.23047866870921,14.37475080267769,9363.0,8054.0,12.0,12.0,True,True,10.563343336201289,12.280181730426207,4431.0,5257.0,6.0,6.0,-16.43617866793833,36.08722358722358
7,2017,4966.2,766739.0,6630.401811255997,6356.287577589125,4.0,4.0,0.7490043803332113,4.699581964139377,2.3305146673131993,0.7813051155063737,5.814553171489956,1.252254881038728,7.139621078429248,10545.0,4.0,10502.0,4.0,530693.5,4.0,50.532612835650355,True,True,13.753050255693267,13.696968590354736,11044.0,10582.0,12.0,12.0,True,True,13.80130657237991,14.403858418575291,5257.0,4706.0,6.0,6.0,-10.481263077801028,18.641390205371255
7,2018,5368.39,769498.0,6929.388502803448,6802.278841172776,4.0,4.0,0.7747278129705227,4.509329902750103,3.4343500936360183,0.7892046364677459,7.016536903649828,1.0110673544294402,8.098546172123555,11443.0,4.0,11585.0,4.0,581920.6,4.0,50.230522227017694,True,True,14.870733907040695,15.055269799271734,9606.0,10070.0,12.0,12.0,True,True,13.086453765961705,12.483463244868734,4506.0,5039.0,6.0,6.0,7.076073098172553,-14.28571428571429
7,2019,5878.79,774839.0,7797.651644141692,7689.7833525106,4.0,4.0,0.7539180086887678,12.53015530861008,-2.6860794118084286,0.7644935794037243,13.047164517366493,-3.131134299289118,9.507505974789465,12971.0,4.0,13163.0,4.0,671224.9,4.0,50.99330699688521,True,True,16.740251845867334,16.988045258434333,13039.0,10240.0,12.0,12.0,True,True,13.215648670239883,16.828012012818146,7030.0,3763.0,6.0,6.0,-25.322484619964282,56.01420328450955
7,2020,6482.24,801546.0,8645.440172709374,8669.186304451767,4.0,4.0,0.7497871560620084,10.87235705386529,-0.5479180201496847,0.7477333826210731,12.736418011326766,-2.1923266897445393,10.264867430202473,11464.0,4.0,11576.0,4.0,598411.2000000001,4.0,51.69412577747063,True,True,14.302360687970497,14.442090659799936,10158.0,9010.0,12.0,12.0,True,True,11.240777198064741,12.673009409316496,5047.0,3428.0,6.0,6.0,-8.902471432367786,-28.2076813655761
7,2021,7203.41,801242.0,9569.5199567809,9611.30193021869,4.0,4.0,0.7527451776612588,10.688637774494381,0.39451484002290815,0.7494728656220768,10.867405459761903,0.23263412353025092,11.12532087673397,15409.0,4.0,15566.0,4.0,814785.7999999999,4.0,52.34394192470769,True,True,19.231393261960807,19.427339056115382,10101.0,10805.0,12.0,12.0,True,True,13.485314049937472,12.60667813219976,4117.0,5323.0,6.0,6.0,55.28004667444575,-18.42678819100456
7,2022,8157.43,802781.0,11350.877168746625,10877.700273580933,4.0,4.0,0.7186607588760254,18.614906703898626,-4.528015561804322,0.7499222992760931,13.17613734909926,0.059966634501607,13.244005269726422,15553.0,4.0,15950.0,4.0,826776.8,4.0,51.83553605015674,True,True,19.373901474997542,19.86843236200159,10766.0,5326.0,12.0,12.0,True,True,6.634437038245798,13.410880426915933,4941.0,3847.0,6.0,6.0,-27.728724403531846,20.014573718727235
7,2023,9223.73,804237.0,12193.540222542713,11778.110927157315,4.0,4.0,0.7564439721080921,7.423770350685022,5.25744765738414,0.78312473511626,8.27758286154696,4.42745013346284,13.071518848460851,,3.0,16472.0,4.0,855742.9,4.0,51.95136595434677,False,True,,20.48152472467693,9635.0,5708.0,12.0,12.0,True,True,7.097410340484211,11.980299339622524,4262.0,2444.0,6.0,6.0,-36.46997660514687,-13.742157458004456
7,2024,10455.44,807644.0,15405.061146520029,14704.32152993983,4.0,4.0,0.6787016228339907,26.33788764677252,-10.277344012332534,0.7110453874877138,24.844481605580924,-9.204069849466002,13.353708315399526,14770.0,4.0,15120.0,4.0,789750.8,4.0,52.23219576719577,True,True,18.28776044891066,18.721119701254516,8653.0,6716.0,12.0,12.0,True,True,8.315544967832363,10.713878887232493,3954.0,3382.0,6.0,6.0,38.37970540098199,-7.226654152979817
7,2025,11419.23,810590.0,15644.821075091553,14999.031413066234,4.0,4.0,0.7299048001373947,1.5563711580962147,7.544283906320959,0.761331161027656,2.004239927196494,7.072090533856534,9.218072123220056,,,,,,,,,,,,7946.0,7962.0,12.0,12.0,True,True,9.82247498735489,9.802736278513182,2731.0,5413.0,6.0,6.0,60.05322294500295,-30.930703085483056
7,2026,,,,,,,,,,,,,,,,,,,,,,,,,,,,,,,,,4501.0,3573.0,6.0,6.0,-33.99224090153334,64.81142438667156
8,2005,2419.23,355544.0,,,,,,,,,,,,,,,,,,,,,,,1661.0,1331.0,12.0,12.0,True,True,3.743559165672884,4.671714330715749,666.0,615.0,6.0,6.0,,
8,2006,2545.84,354272.0,,,,,,,,,,,,,,,,,,,,,,,1404.0,1658.0,12.0,12.0,True,True,4.68001987173697,3.963056634450366,402.0,285.0,6.0,6.0,-53.65853658536586,-39.63963963963963
8,2007,2762.84,352786.0,3883.5,4092.9225,4.0,4.0,0.7114304107119866,,,0.675028662282269,,,,,,,,,,,,,,,1379.0,1529.0,12.0,12.0,True,True,4.334072213749979,3.9088852732251285,895.0,909.0,6.0,6.0,218.94736842105266,122.636815920398
8,2008,3076.91,351345.0,4920.5,4752.37,4.0,4.0,0.6253246621278326,26.702716621604218,-12.10318638164216,0.6474474840974083,16.11189803862643,-4.085926972583486,11.367650678287555,,,,,,,,,,,,2196.0,1275.0,12.0,12.0,True,True,3.628911753404773,6.250266831746574,1110.0,691.0,6.0,6.0,-23.982398239823986,24.022346368715077
8,2009,3178.15,350392.0,4676.5,4632.4575,4.0,4.0,0.6796001283010799,-4.958845645767706,8.679565905582653,0.6860613400122937,-2.523214732859591,5.964013586170025,3.2903139838344364,,,,,,,,,,,,1250.0,1350.0,12.0,12.0,True,True,3.8528276901299114,3.567433046416585,514.0,616.0,6.0,6.0,-10.85383502170767,-53.6936936936937
8,2010,3489.07,349994.0,4667.5,4780.3325,4.0,4.0,0.7475243706480986,-0.19245161980113723,9.994736539679794,0.7298801913883605,3.1921501708326527,6.387016556753022,9.783049887513172,1645.0,4.0,1639.0,4.0,89833.5,4.0,54.80994508846858,True,True,4.700080572809819,4.6829374217843736,1751.0,1951.0,12.0,12.0,True,True,5.574381275107574,5.002942907592701,758.0,700.0,6.0,6.0,13.636363636363647,47.47081712062258
8,2011,3606.97,349060.0,4875.0,4906.1425,4.0,4.0,0.739891282051282,4.445634708087831,-1.0211156848570435,0.7351947074509149,2.6318252966712974,0.7281354015712171,3.37912394993507,1352.0,4.0,1332.0,4.0,71799.5,4.0,53.903528528528525,True,True,3.873259611528104,3.8159628717125997,1493.0,1698.0,12.0,12.0,True,True,4.864493210336332,4.277201627227411,816.0,549.0,6.0,6.0,-21.571428571428577,7.651715039577844
8,2012,3710.8,348120.0,4851.0,4741.0575,4.0,4.0,0.7649556792413935,-0.4923076923076919,3.3875783913310586,0.782694578161096,-3.3648635358634604,6.460855910521146,2.878593390019879,1771.0,4.0,1766.0,4.0,95452.4,4.0,54.05005662514156,True,True,5.087326209353097,5.072963345972653,2194.0,1479.0,12.0,12.0,True,True,4.248534987935194,6.302424451338618,1061.0,692.0,6.0,6.0,26.047358834244072,30.024509803921575
8,2013,3820.91,346987.0,4797.0,4522.305,4.0,4.0,0.7965207421304982,-1.1131725417439675,4.126391076723257,0.8449032075457095,-4.614002255825833,7.948008216789959,2.9672846825482324,1828.0,4.0,1828.0,4.0,97560.5,4.0,53.370076586433264,True,True,5.268208895434123,5.268208895434123,2407.0,1389.0,12.0,12.0,True,True,4.003031813871989,6.936859305968235,825.0,571.0,6.0,6.0,-17.485549132947973,-22.24316682375118
8,2014,3955.65,343144.0,4842.5,4523.845,4.0,4.0,0.8168611254517295,0.9485094850948617,2.553653940866085,0.8743999849685389,0.03405343071729572,3.491142791197599,3.5263850758065596,1332.0,4.0,1331.0,4.0,73205.7,4.0,55.00052592036063,True,True,3.8817522672697176,3.8788380388408368,1336.0,1940.0,12.0,12.0,True,True,5.653603152029469,3.8934091809852425,342.0,1159.0,6.0,6.0,102.97723292469354,-58.54545454545455
8,2015,4060.17,341368.0,4957.5,4599.615,4.0,4.0,0.8189954614220878,2.374806401652041,0.2612850463630467,0.8827195319608272,1.6749026547107526,0.9514578151082365,2.642296462022675,2466.0,4.0,2466.0,4.0,132896.3,4.0,53.89144363341443,True,True,7.223875700124206,7.223875700124206,1836.0,3339.0,12.0,12.0,True,True,9.781233156007593,5.378360010311453,595.0,1051.0,6.0,6.0,-9.318377911993093,73.9766081871345
8,2016,4169.46,340745.0,5054.5,4631.225,4.0,4.0,0.8249005836383421,1.956631366616235,0.7210201392326088,0.9002931189911956,0.6872314313263406,1.9908460608468959,2.691759212052691,2947.0,4.0,2987.0,4.0,159613.5,4.0,53.436056243722796,True,True,8.648696239123097,8.766086076097963,2298.0,2267.0,12.0,12.0,True,True,6.6530690105504116,6.744046134205931,856.0,1193.0,6.0,6.0,13.510941960038059,43.865546218487395
8,2017,4431.61,340230.0,5096.0,4797.855,4.0,4.0,0.869625196232339,0.8210505490157338,5.421818517418497,0.9236648460614171,3.5979681401788755,2.596013073654291,6.287384937138141,3402.0,4.0,3487.0,4.0,181555.5,4.0,52.06638944651563,True,True,9.999118243541135,10.24894924021985,2716.0,2329.0,12.0,12.0,True,True,6.8453693089968555,7.982835140934074,1022.0,1179.0,6.0,6.0,-1.1735121542330251,19.39252336448598
8,2018,4708.4,339811.0,5570.5,5041.4425,4.0,4.0,0.8452383089489274,9.311224489795912,-2.8042986092247646,0.9339390462154432,5.077008371449332,1.1123298886859478,6.24581134170199,4591.0,4.0,4630.0,4.0,248160.7,4.0,53.59842332613391,True,True,13.510451397982997,13.625221078776143,2889.0,2837.0,12.0,12.0,True,True,8.34875857461942,8.501784815676949,1651.0,1486.0,6.0,6.0,26.039016115352,61.54598825831703
8,2019,5054.93,339770.0,5965.3616999999995,5598.0275,4.0,4.0,0.8473803021868734,7.08844268916613,0.2534188542175464,0.9029841314641631,11.040193357357552,-3.3144470055853414,7.359824993628417,4294.0,4.0,4343.0,4.0,231786.30000000002,4.0,53.37008979967764,True,True,12.637960973599787,12.782176178002766,2328.0,2750.0,12.0,12.0,True,True,8.093710451187569,6.851693792859876,1370.0,1173.0,6.0,6.0,-21.06325706594886,-17.019987886129616
8,2020,5412.39,336075.0,6285.53,6375.59,4.0,4.0,0.8610872909683035,5.367123002784568,1.6175722690338512,0.8489237858770718,13.8899371251749,-5.986854442218603,7.071512365156396,4485.0,4.0,4680.0,4.0,240624.1,4.0,51.41540598290599,True,True,13.345235438518188,13.925463066279848,2912.0,3462.0,12.0,12.0,True,True,10.301272037491632,8.664732574574128,1213.0,1375.0,6.0,6.0,17.220801364023863,-11.459854014598536
8,2021,5833.53,334301.0,7353.43,7041.0375,4.0,4.0,0.7933073409279751,16.98981629234131,-7.871437745191779,0.8285043219837984,10.437426183302257,-2.4053353472923256,7.781035734675434,5098.0,4.0,5206.0,4.0,270073.0,4.0,51.87725701114099,True,True,15.249730033712133,15.57279218428901,2960.0,5053.0,12.0,12.0,True,True,15.115120804305104,8.854295978773619,1542.0,3150.0,6.0,6.0,129.0909090909091,27.12283594394065
8,2022,6402.56,331991.0,8787.7725,7819.385,4.0,4.0,0.7285759844147082,19.505761256991615,-8.159682026583425,0.8188060825755479,11.054443326001318,-1.1705719754157462,9.754471134973187,3749.0,4.0,3835.0,4.0,200960.2,4.0,52.40161668839635,True,True,11.292474796003507,11.551517962836343,3048.0,2530.0,12.0,12.0,True,True,7.6206885126404025,9.180971773331205,1117.0,2015.0,6.0,6.0,-36.03174603174604,-27.561608300907913
8,2023,7443.57,330447.0,9365.1975,8152.2525000000005,4.0,4.0,0.7948118552758764,6.57077774828605,9.091141113356628,0.9130691180137023,4.256952432959893,11.512253932170458,16.259277538984396,,2.0,5564.0,4.0,283111.0,4.0,50.88263838964774,False,True,,16.837798497187144,3376.0,3573.0,12.0,12.0,True,True,10.812626533150551,10.21646436493598,2047.0,1604.0,6.0,6.0,-20.397022332506197,83.25872873769025
8,2024,8507.48,328868.0,10625.98,9555.0775,4.0,4.0,0.8006301536422994,13.462422976130494,0.73203467308669,0.8903622184121479,17.207820783274297,-2.48687631128639,14.293007253240052,,2.0,5644.0,4.0,287833.0,4.0,50.998051027639974,False,True,,17.161900823430678,3720.0,4339.0,12.0,12.0,True,True,13.193743386404272,11.311529245776422,2170.0,1923.0,6.0,6.0,19.88778054862843,6.008793356130915
8,2025,9288.09,327384.0,11002.3125,10021.665,4.0,4.0,0.8441943455069105,3.541626278235044,5.441237963174994,0.926801085448376,4.883136740649152,4.092589092696719,9.175572554975165,,,,,,,,,,,,2907.0,2155.0,12.0,12.0,True,True,6.582484177601837,8.879480976468,934.0,1291.0,6.0,6.0,-32.865314612584505,-56.958525345622114
8,2026,,,,,,,,,,,,,,,,,,,,,,,,,,,,,,,,,1433.0,1433.0,6.0,6.0,10.999225406661495,53.426124197002146
9,2005,2562.95,173847.0,,,,,,,,,,,,,,,,,,,,,,,1119.0,891.0,12.0,12.0,True,True,5.125196293292378,6.436694334673592,493.0,318.0,6.0,6.0,,
9,2006,2741.54,174693.0,,,,,,,,,,,,,,,,,,,,,,,1299.0,1650.0,12.0,12.0,True,True,9.445140904329309,7.435901839226529,464.0,853.0,6.0,6.0,168.23899371069183,-5.882352941176472
9,2007,2931.15,175098.0,3418.0,4693.5075,4.0,4.0,0.8575629022820364,,,0.6245116259002463,,,,,,,,,,,,,,,1653.0,1477.0,12.0,12.0,True,True,8.435276245302632,9.440427646232395,717.0,1139.0,6.0,6.0,33.528722157092616,54.52586206896552
9,2008,3132.8,175843.0,4397.5,4713.935,4.0,4.0,0.7124047754405913,28.657109420713866,-16.92681976507715,0.6645827742639642,0.43522887733749016,6.416397501960747,6.879552394111532,,,,,,,,,,,,1573.0,1070.0,12.0,12.0,True,True,6.08497352752171,8.945479774571636,484.0,1013.0,6.0,6.0,-11.062335381913957,-32.49651324965133
9,2009,3322.72,176387.0,4423.75,4447.745,4.0,4.0,0.7511093529245549,0.5969300739056216,5.432947506566976,0.7470572166344968,-5.646874638704191,12.40995788099899,6.0623084780387915,,,,,,,,,,,,676.0,665.0,12.0,12.0,True,True,3.7701191130865657,3.8324819856338617,313.0,205.0,6.0,6.0,-79.76307996051332,-35.33057851239669
9,2010,3443.21,175447.0,4878.5765,4425.8375,4.0,4.0,0.705781696771589,10.281469341621928,-6.034761247010978,0.7779793090008389,-0.49255296785225555,4.139186621561142,3.626245967159436,1884.0,4.0,1638.0,4.0,79874.8,4.0,48.763614163614164,True,True,10.73828563611803,9.336152798280963,994.0,662.0,12.0,12.0,True,True,3.773219262797312,5.665528621179045,354.0,375.0,6.0,6.0,82.92682926829269,13.09904153354633
9,2011,3546.91,175317.0,4879.33575,4439.8775000000005,4.0,4.0,0.7269247663475504,0.015562941362090577,2.995695364823825,0.7988756446546103,0.3172280952475237,2.685975759510706,3.0117245244989377,1816.0,4.0,1638.0,4.0,83371.3,4.0,50.89822954822955,True,True,10.358379392757119,9.3430756857578,957.0,1165.0,12.0,12.0,True,True,6.645105722776456,5.458683413473879,210.0,471.0,6.0,6.0,25.6,-40.67796610169492
9,2012,3649.18,175482.0,4537.7375,4163.04,4.0,4.0,0.8041849049223319,-7.0009170817974535,10.628354150454488,0.8765661631884392,-6.2352508599618055,9.724982737134003,2.8833548074239213,2035.0,4.0,1727.0,4.0,86095.5,4.0,49.85263462651998,True,True,11.59663099349221,9.8414652215042,1224.0,347.0,12.0,12.0,True,True,1.9774107885709076,6.975074366601702,282.0,29.0,6.0,6.0,-93.84288747346072,34.28571428571428
9,2013,3795.3,174642.0,4485.7775,4026.5699999999997,4.0,4.0,0.846074064083651,-1.1450640324611072,5.208896474544611,0.942564018507067,-3.278133287213192,7.529135630625516,4.004187242065349,2312.0,4.0,1844.0,4.0,93173.6,4.0,50.527982646420824,True,True,13.238510782057007,10.558743028595643,1187.0,315.0,12.0,12.0,True,True,1.8036898340605354,6.796761374697954,674.0,143.0,6.0,6.0,393.1034482758621,139.00709219858155
9,2014,3954.4,174775.0,4594.9039999999995,4060.85,4.0,4.0,0.8606055752198524,2.4327220866393606,1.7175223485830227,0.973786276272209,0.851344941227894,3.3124813967114086,4.192026980739327,2013.0,4.0,1864.0,4.0,93996.4,4.0,50.42725321888412,True,True,11.517665570018595,10.66514089543699,873.0,655.0,12.0,12.0,True,True,3.74767558289229,4.994993563152625,417.0,331.0,6.0,6.0,131.46853146853147,-38.13056379821958
9,2015,4104.05,174083.0,4727.77325,4042.36,4.0,4.0,0.8680725117263185,2.891665418907574,0.8676374777793594,1.0152608872045044,-0.4553233928857203,4.259108178343407,3.7843920695933564,1911.0,4.0,1804.0,4.0,92963.4,4.0,51.53181818181818,True,True,10.97752221641401,10.3628728824756,700.0,564.0,12.0,12.0,True,True,3.2398338723482474,4.02107040894286,228.0,112.0,6.0,6.0,-66.1631419939577,-45.32374100719424
9,2016,4254.72,173599.0,4847.9115,4150.87,4.0,4.0,0.8776397836470406,2.541117004712534,1.1021281968364605,1.025018851469692,2.6843230192263867,0.9611287490899123,3.671251568572509,1547.0,4.0,1450.0,4.0,75272.6,4.0,51.912137931034486,True,True,8.911341655193866,8.35258267616749,548.0,357.0,12.0,12.0,True,True,2.0564634588908923,3.1567002114067475,174.0,196.0,6.0,6.0,75.0,-23.684210526315784
9,2017,4427.76,172970.0,5104.6875,4233.995,4.0,4.0,0.8673910009182737,5.296631343208302,-1.1677664253297637,1.0457641069486385,2.002592227653488,2.0238901410643884,4.0670126353790526,2149.0,4.0,2042.0,4.0,107381.59999999999,4.0,52.58648383937316,True,True,12.424119789558883,11.805515407296062,847.0,794.0,12.0,12.0,True,True,4.590391397352142,4.896802913800081,466.0,429.0,6.0,6.0,118.87755102040818,167.816091954023
9,2018,4648.58,173125.0,5381.62575,4526.21,4.0,4.0,0.8637873044219025,5.425175390266301,-0.4154639018108419,1.0270358644428783,6.90163781487696,-1.790866829461768,4.987171843098981,2123.0,4.0,1984.0,4.0,104307.20000000001,4.0,52.5741935483871,True,True,12.262815884476533,11.459927797833934,663.0,1297.0,12.0,12.0,True,True,7.491696750902527,3.8296028880866424,316.0,965.0,6.0,6.0,124.94172494172493,-32.188841201716734
9,2019,5018.92,172194.0,5808.28625,5113.6525,4.0,4.0,0.8640965310550939,7.928096820928143,0.035798932400177286,0.9814745917912882,12.978684152966835,-4.436191006465496,7.966733927349856,2153.0,4.0,2132.0,4.0,109043.3,4.0,51.14601313320826,True,True,12.503339256884678,12.381383788053009,1279.0,837.0,12.0,12.0,True,True,4.86079654343357,7.4276687921762665,456.0,675.0,6.0,6.0,-30.051813471502587,44.303797468354425
9,2020,5438.71,171310.0,6330.45825,5629.8375,4.0,4.0,0.8591336969957902,8.990121655935933,-0.574337921857393,0.9660509739401892,10.094252591469587,-1.571473982117999,8.36415005618738,2163.0,4.0,2121.0,4.0,110280.59999999999,4.0,51.99462517680339,True,True,12.626233144591676,12.381063568968537,1509.0,666.0,12.0,12.0,True,True,3.8876889848812093,8.808592609888507,843.0,29.0,6.0,6.0,-95.7037037037037,84.86842105263158
9,2021,5902.66,170080.0,6774.206,6095.73264403125,4.0,4.0,0.8713434460068087,7.009725559757074,1.4211698427978536,0.9683265892213464,8.275463439775145,0.2355585101141866,8.530515508273107,2584.0,4.0,2519.0,4.0,135160.0,4.0,53.65621278285034,True,True,15.192850423330198,14.810677328316087,802.0,530.0,12.0,12.0,True,True,3.1161806208842897,4.715428033866416,447.0,292.0,6.0,6.0,906.8965517241379,-46.97508896797154
9,2022,6506.02,168803.0,7521.017,7031.57475,4.0,4.0,0.8650452458756576,11.024332593369612,-0.7228148854524052,0.9252578876445849,15.352413903603491,-4.447745425579397,10.22183219091055,2310.0,4.0,2273.0,4.0,117847.59999999999,4.0,51.846722393312795,True,True,13.684590913668595,13.465400496436676,1391.0,584.0,12.0,12.0,True,True,3.459654153066,8.240374874854119,737.0,472.0,6.0,6.0,61.64383561643836,64.87695749440716
9,2023,7386.7,167844.0,8368.476999999999,7210.68125,4.0,4.0,0.8826815201858117,11.267891031226206,2.038769000146523,1.0244108349679166,2.5471747989310733,10.716249885288075,13.536386300687653,2386.0,4.0,2372.0,4.0,122163.0,4.0,51.50210792580101,True,True,14.215581134863324,14.132170348657088,962.0,1165.0,12.0,12.0,True,True,6.940968995019185,5.731512595028717,370.0,197.0,6.0,6.0,-58.26271186440678,-49.79647218453188
9,2024,8613.33,166697.0,9171.48925,8208.3735,4.0,4.0,0.9391419174372362,9.595679715675875,6.396463045871759,1.049334560616668,13.83631054277985,2.4329814560709817,16.60592686856106,2696.0,4.0,2646.0,4.0,136500.0,4.0,51.58730158730159,True,True,16.173056503716325,15.873111093780933,918.0,740.0,12.0,12.0,True,True,4.439192067043798,5.506997726413792,426.0,281.0,6.0,6.0,42.639593908629436,15.135135135135137
9,2025,9304.52,165855.0,10043.432499999999,8614.25375,4.0,4.0,0.9264282903280329,9.507106493092143,-1.3537492974327825,1.0801307077818552,4.944709813704273,2.9348263481466796,8.024654808302945,,,,,,,,,,,,600.0,1092.0,12.0,12.0,True,True,6.584064393596816,3.6176177986795697,195.0,674.0,6.0,6.0,139.8576512455516,-54.22535211267605
9,2026,,,,,,,,,,,,,,,,,,,,,,,,,,,,,,,,,778.0,336.0,6.0,6.0,-50.14836795252226,298.974358974359
10,2005,2471.69,128641.0,,,,,,,,,,,,,,,,,,,,,,,114.0,111.0,12.0,12.0,True,True,0.8628664267224291,0.8861871409581704,69.0,61.0,6.0,6.0,,
10,2006,2595.37,128034.0,,,,,,,,,,,,,,,,,,,,,,,391.0,143.0,12.0,12.0,True,True,1.116890825874377,3.053876314104066,165.0,52.0,6.0,6.0,-14.754098360655743,139.1304347826087
10,2007,2876.99,127246.0,,3784.571050184482,3.0,4.0,,,,0.7601891896995192,,,,,,,,,,,,,,,186.0,1103.0,12.0,12.0,True,True,8.668248903698348,1.4617355358911086,55.0,89.0,6.0,6.0,71.15384615384615,-66.66666666666667
10,2008,3193.94,126382.0,3962.7225599049657,3754.4074190741962,4.0,4.0,0.8059963703531638,,,0.8507174750862807,-0.7970158496248936,11.908652032074363,11.016722338277173,,,,,,,,,,,,247.0,627.0,12.0,12.0,True,True,4.961149530787613,1.9543922394011803,43.0,362.0,6.0,6.0,306.7415730337078,-21.818181818181813
10,2009,3352.46,125992.0,3602.3215574785627,3727.4696875553527,4.0,4.0,0.9306387412973058,-9.094782614179431,15.464383653431014,0.8993929611802419,-0.717496225422598,5.721698157079058,4.963148963349351,,,,,,,,,,,,541.0,188.0,12.0,12.0,True,True,1.4921582322687155,4.293923423709441,158.0,146.0,6.0,6.0,-59.66850828729282,267.4418604651163
10,2010,3541.8,122668.0,3905.7132384727965,3798.8007792275503,4.0,4.0,0.9068254077416362,8.422115465077805,-2.5588160581488273,0.9323468657180257,1.9136598725496112,3.6640162821087063,5.647792963972731,1059.0,4.0,938.0,4.0,49415.899999999994,4.0,52.6821961620469,True,True,8.633058336322431,7.646656014608537,727.0,484.0,12.0,12.0,True,True,3.9456092868555777,5.926566015586787,633.0,377.0,6.0,6.0,158.21917808219177,300.63291139240505
10,2011,3714.16,122563.0,4734.317880682858,3957.3699704665423,4.0,4.0,0.7845185079680972,21.215194040565578,-13.4873701960042,0.9385425238778294,4.174190763202801,0.6645228710059792,4.866452086509665,848.0,4.0,747.0,4.0,38702.9,4.0,51.81111111111111,True,True,6.9188906929497485,6.0948247023979505,410.0,260.0,12.0,12.0,True,True,2.1213579954798756,3.3452183774874964,128.0,68.0,6.0,6.0,-81.96286472148542,-79.77883096366509
10,2012,3771.22,122120.0,4458.371581783804,3823.3741131755464,4.0,4.0,0.8458738646658803,-5.828639011017422,7.820765995271861,0.9863591394324137,-3.385982566477075,5.094773474622927,1.536282766493624,959.0,4.0,752.0,4.0,40388.5,4.0,53.70811170212766,True,True,7.852931542744841,6.157877497543399,352.0,349.0,12.0,12.0,True,True,2.85784474287586,2.882410743530953,61.0,90.0,6.0,6.0,32.35294117647059,-52.34375
10,2013,3872.66,121272.0,4552.29262897608,3743.382286425513,4.0,4.0,0.8507054171671417,2.1066222379494404,0.5711906589252358,1.0345350016863846,-2.092178907483244,4.884211067552235,2.6898457263166753,1025.0,4.0,793.0,4.0,42847.700000000004,4.0,54.03240857503153,True,True,8.452074675110495,6.539019724256217,308.0,557.0,12.0,12.0,True,True,4.592981067352728,2.5397453657893,62.0,73.0,6.0,6.0,-18.88888888888889,1.6393442622950838
10,2014,4009.85,120031.0,4505.028849917404,3805.085598378928,4.0,4.0,0.8900830901612355,-1.0382412316342404,4.628825936623504,1.0538133496151327,1.6483304998575088,1.8634795243585467,3.5425263255746797,1071.0,4.0,883.0,4.0,47944.5,4.0,54.29728199320498,True,True,8.922694970465963,7.356432921495281,449.0,405.0,12.0,12.0,True,True,3.3741283501762047,3.7407003190842363,135.0,108.0,6.0,6.0,47.94520547945205,117.74193548387095
10,2015,4225.15,119465.0,4487.177711,3828.753885473677,4.0,4.0,0.9416052298624906,-0.3962491587091832,5.788464051364239,1.103531364611931,0.6220172052064488,4.717914706143733,5.3692781525493505,1046.0,4.0,841.0,4.0,45727.3,4.0,54.372532699167664,True,True,8.755702507010422,7.0397187460762565,328.0,414.0,12.0,12.0,True,True,3.465450131837777,2.745574017494664,58.0,260.0,6.0,6.0,140.74074074074073,-57.03703703703704
10,2016,4378.37,118938.0,4459.27970175,3840.0725491649346,4.0,4.0,0.9818558809580283,-0.6217273093867104,4.2746843176960425,1.140178979418533,0.29562264981828346,3.3209400277888435,3.626380128516149,1047.0,4.0,915.0,4.0,48880.1,4.0,53.42087431693989,True,True,8.80290571558291,7.693083791555264,453.0,600.0,12.0,12.0,True,True,5.0446451092165665,3.808707057458508,212.0,386.0,6.0,6.0,48.46153846153847,265.51724137931035
10,2017,4615.56,128142.0,4684.690618074161,4098.972362817739,4.0,4.0,0.9852432906012095,5.054872791130394,0.34500069805316613,1.1260285728853137,6.742055269479352,-1.2410688838024209,5.417312835598653,1038.0,4.0,1025.0,4.0,56938.5,4.0,55.54975609756097,True,True,8.100388631362083,7.998938677404754,616.0,1025.0,12.0,12.0,True,True,7.998938677404754,4.8071670490549545,217.0,550.0,6.0,6.0,42.48704663212435,2.358490566037741
10,2018,4797.19,128224.0,5005.71641483549,4534.8882000412095,4.0,4.0,0.9583423435220025,6.852657367015191,-2.730386223974346,1.0578408526050116,10.634759121035176,-6.055594140526932,3.9351671303156976,1331.0,4.0,1331.0,4.0,72577.9,4.0,54.528850488354614,True,True,10.380272023958073,10.380272023958073,795.0,939.0,12.0,12.0,True,True,7.323122036436237,6.2000873471425,366.0,550.0,6.0,6.0,0.0,68.66359447004609
10,2019,5147.55,128208.0,5435.259585681086,4913.4555046009145,4.0,4.0,0.9470660819146446,8.581052845354066,-1.1766423223998013,1.0476435565926834,8.347886163020846,-0.9639726039334384,7.303442223468326,1368.0,4.0,1360.0,4.0,75851.6,4.0,55.773235294117654,True,True,10.67016098839386,10.60776238612255,1179.0,1105.0,12.0,12.0,True,True,8.618806938724571,9.19599400973418,476.0,728.0,6.0,6.0,32.363636363636374,30.05464480874316
10,2020,5523.14,127713.0,6067.496742798495,5375.472737334845,4.0,4.0,0.9102831421467855,11.632142810308554,-3.8838831281441832,1.0274705630333767,9.403101998202734,-1.9255588823470227,7.296480850113163,1712.0,4.0,1707.0,4.0,95257.4,4.0,55.803983596953714,True,True,13.40505665045845,13.365906368184914,929.0,939.0,12.0,12.0,True,True,7.352423010969909,7.2741224464228385,318.0,581.0,6.0,6.0,-20.192307692307686,-33.19327731092437
10,2021,6011.09,127259.0,6336.704700417255,5641.494580434789,4.0,4.0,0.9486145061492587,4.436886726610645,4.210927592493219,1.0655137418454679,4.948808339261279,3.702605230827949,8.834648406522373,1511.0,4.0,1510.0,4.0,86278.6,4.0,57.138145695364244,True,True,11.873423490676496,11.865565500278958,1105.0,1091.0,12.0,12.0,True,True,8.573067523711487,8.683079389276985,426.0,762.0,6.0,6.0,31.15318416523236,33.96226415094339
10,2022,6560.39,126623.0,7670.820671960831,6346.727170814775,4.0,4.0,0.855239651733772,21.05378165177443,-9.843287637939058,1.0336650408052432,12.500811271286082,-2.9890464842867948,9.138109727187583,1687.0,4.0,1682.0,4.0,94903.79999999999,4.0,56.4231866825208,True,True,13.323013986400575,13.283526689464,874.0,880.0,12.0,12.0,True,True,6.949764260837289,6.902379504513398,450.0,528.0,6.0,6.0,-30.708661417322837,5.633802816901401
10,2023,7516.59,126300.0,9086.399824601374,7046.928902786032,4.0,4.0,0.8272352246319689,18.45407699093937,-3.274453779713282,1.0666476281644173,11.032485139602555,3.190839010428359,14.575352989685065,,2.0,1373.0,4.0,74805.0,4.0,54.48288419519301,False,True,,10.870942201108472,726.0,468.0,12.0,12.0,True,True,3.705463182897862,5.748218527315914,255.0,290.0,6.0,6.0,-45.07575757575758,-43.333333333333336
10,2024,8564.07,125812.0,10399.53601598626,8434.895602037148,4.0,4.0,0.8235050089576338,14.451666410601671,-0.4509256331528433,1.0153142853281616,19.69605083857704,-4.812586788815598,13.935574509185678,1499.0,4.0,1500.0,4.0,80062.0,4.0,53.37466666666667,True,True,11.914602740597081,11.922551108002416,640.0,1175.0,12.0,12.0,True,True,9.33933170126856,5.086955139414364,377.0,936.0,6.0,6.0,222.75862068965515,47.84313725490197
10,2025,9465.22,125095.0,11166.635889473753,8880.864916275761,4.0,4.0,0.8476339780114442,7.376289406645653,2.930033064929649,1.0657993437838813,5.287194237838633,4.972357740382072,10.52245019015492,,,,,,,,,,,,365.0,686.0,12.0,12.0,True,True,5.48383228746153,2.9177824853111636,165.0,180.0,6.0,6.0,-80.76923076923077,-56.233421750663126
10,2026,,,,,,,,,,,,,,,,,,,,,,,,,,,,,,,,,323.0,277.0,6.0,6.0,53.8888888888889,95.75757575757575
11,2005,2734.73,570010.0,,,,,,,,,,,,,,,,,,,,,,,3375.0,1263.0,12.0,12.0,True,True,2.2157506008666514,5.920948755284995,1114.0,600.0,6.0,6.0,,
11,2006,2889.84,566546.0,,,,,,,,,,,,,,,,,,,,,,,2828.0,2500.0,12.0,12.0,True,True,4.412704352338556,4.9916511633653755,984.0,1716.0,6.0,6.0,186.0,-11.669658886894075
11,2007,3156.71,564035.0,6494.585215282904,5273.7153929919605,4.0,4.0,0.48605259541005097,,,0.5985742052358062,,,,,,,,,,,,,,,3986.0,3803.0,12.0,12.0,True,True,6.74248938452401,7.066937335449041,1582.0,1309.0,6.0,6.0,-23.717948717948723,60.77235772357723
11,2008,3517.34,559458.0,7072.574299364939,5518.842089277586,4.0,4.0,0.4973210391463585,8.899553472975064,2.3183589271447147,0.6373329664267344,4.648083524024926,6.475180662965485,11.424235992536547,,,,,,,,,,,,3343.0,2220.0,12.0,12.0,True,True,3.9681262936627952,5.975426216087714,1664.0,1511.0,6.0,6.0,15.431627196333086,5.183312262958273
11,2009,3668.55,556022.0,6231.0806730476415,5100.866549197437,4.0,4.0,0.5887502012079874,-11.897982130677043,18.384334235801724,0.719201328757994,-7.573609342659438,12.845461735686147,4.298987302905033,,,,,,,,,,,,3531.0,2433.0,12.0,12.0,True,True,4.375726140332577,6.350468146943825,2175.0,875.0,6.0,6.0,-42.09133024487095,30.709134615384627
11,2010,3814.08,556722.0,6490.779314076845,5213.621828695097,4.0,4.0,0.5876151099034029,4.167794555325255,-0.19279675866870072,0.7315605399317225,2.210512241599427,1.7184633397538285,3.9669624238459322,5423.0,4.0,4453.0,4.0,243288.4,4.0,54.63471816752751,True,True,9.74094790577703,7.9986061265766395,3180.0,2762.0,12.0,12.0,True,True,4.961183499125237,5.71200706995592,1965.0,1657.0,6.0,6.0,89.37142857142857,-9.6551724137931
11,2011,3987.13,554290.0,6293.32951978211,5264.471782303636,4.0,4.0,0.6335485830619663,-3.042004430292633,7.816931931194593,0.7573656322753249,0.975328769122985,3.527403534642648,4.537136085242066,5041.0,4.0,4404.0,4.0,238516.9,4.0,54.15915077202543,True,True,9.094517310433167,7.94529939201501,2512.0,2167.0,12.0,12.0,True,True,3.909505854336178,4.531923722239261,1111.0,1405.0,6.0,6.0,-15.208207604103807,-43.46055979643766
11,2012,4119.68,552393.0,5782.254176707316,4978.049249483798,4.0,4.0,0.7124695445930634,-8.120905499518294,12.456970726644023,0.8275691528016106,-5.440669922149432,9.269435730186991,3.324446406312309,5277.0,4.0,4680.0,4.0,249070.30000000002,4.0,53.220149572649575,True,True,9.5529813013561,8.472229010867263,2734.0,3319.0,12.0,12.0,True,True,6.008403437407788,4.94937481104938,1024.0,2069.0,6.0,6.0,47.25978647686833,-7.830783078307835
11,2013,4256.82,549082.0,5981.494523033603,4857.147185599623,4.0,4.0,0.7116649498896624,3.4457209980302883,-0.11293039955280193,0.8764033366377156,-2.42870365126886,5.9009188139485635,3.3288993319869453,5104.0,4.0,4960.0,4.0,262529.4,4.0,52.92931451612904,True,True,9.295515059681433,9.03325914890672,2597.0,1715.0,12.0,12.0,True,True,3.1233950484627067,4.729712501957813,1131.0,619.0,6.0,6.0,-70.08216529724504,10.44921875
11,2014,4354.4,546829.0,6127.295268225,4988.228001177826,4.0,4.0,0.7106561393541941,2.4375303635227885,-0.1417535787907931,0.8729352385199382,2.698720268696575,-0.39571941054933335,2.2923214982075724,5387.0,4.0,5259.0,4.0,276906.6,4.0,52.65385054192812,True,True,9.851342924387698,9.617266092325023,3642.0,3817.0,12.0,12.0,True,True,6.980244281118961,6.660217362283273,1906.0,2273.0,6.0,6.0,267.20516962843294,68.52343059239612
11,2015,4549.11,544612.0,6244.621232500968,5009.20915569088,4.0,4.0,0.7284845358311801,1.9148083965269125,2.5087233458909397,0.9081493422633053,0.42061338230932055,4.033988111543385,4.471568987690611,5817.0,4.0,5857.0,4.0,305040.0,4.0,52.08127027488475,True,True,10.680998582477065,10.754445366609623,3629.0,4570.0,12.0,12.0,True,True,8.39129508714461,6.663459490426212,990.0,2490.0,6.0,6.0,9.546854377474713,-48.058761804826865
11,2016,4770.94,541561.0,6260.6612600419685,5171.913811647475,4.0,4.0,0.7620504930445666,0.2568614963789573,4.607641694835518,0.9224709022133244,3.2481106478005506,1.577004935589854,4.87633844861961,6070.0,4.0,6115.0,4.0,320879.7,4.0,52.47419460343418,True,True,11.20834033469914,11.291433467328703,2915.0,3553.0,12.0,12.0,True,True,6.560664449618788,5.382588480337395,857.0,1724.0,6.0,6.0,-30.76305220883534,-13.434343434343432
11,2017,5062.37,539549.0,6321.194454824087,5401.748480585731,4.0,4.0,0.8008565526941823,0.9668818079723529,5.092321309914327,0.9371724763184585,4.443899827190734,1.5937168391826795,6.108439846235769,6452.0,4.0,6518.0,4.0,343457.2,4.0,52.693648358392146,True,True,11.958135405681412,12.08045979141839,4069.0,7432.0,12.0,12.0,True,True,13.774467193897124,7.541483720662998,1738.0,2830.0,6.0,6.0,64.15313225058003,102.8004667444574
11,2018,5355.57,537643.0,6757.738362463916,5836.67763525599,4.0,4.0,0.7925092261262574,6.906035097633745,-1.0422998400704153,0.9175716622843966,8.051636543860297,-2.0914841749365864,5.7917536647854595,7336.0,4.0,7538.0,4.0,402781.3,4.0,53.433443884319445,True,True,13.644741957023527,14.020455953113869,4006.0,5610.0,12.0,12.0,True,True,10.434433257756542,7.451040932365901,2129.0,1989.0,6.0,6.0,-29.717314487632507,22.497123130034513
11,2019,5713.03,535802.0,7159.956815127817,6339.904157219108,4.0,4.0,0.7979140304211475,5.951968411473829,0.6819862932458731,0.9011224552179861,8.621797423304955,-1.7926890882242752,6.674546313464291,3543.0,4.0,3644.0,4.0,191123.49999999997,4.0,52.448819978046096,True,True,6.612517310499028,6.801019779694737,5043.0,4273.0,12.0,12.0,True,True,7.9749608997353505,9.412058932217498,2204.0,2541.0,6.0,6.0,27.75263951734539,3.522780648191648
11,2020,6104.97,549559.0,7486.6358796599325,6938.5254146990865,4.0,4.0,0.8154490345371662,4.562584286009885,2.19760568776608,0.8798656249160347,9.442118408025802,-2.3589280434487936,6.860457585554425,4463.0,4.0,4529.0,4.0,241542.09999999998,4.0,53.33232501655994,True,True,8.12105706575636,8.241153361149577,4927.0,4199.0,12.0,12.0,True,True,7.6406718841835,8.96537041518745,1898.0,1782.0,6.0,6.0,-29.87012987012987,-13.883847549909255
11,2021,6662.69,546127.0,8128.925759613436,7445.229429501794,4.0,4.0,0.8196273649221811,8.579152108873211,0.512396263659376,0.8948938461988862,7.302762251605621,1.708013230348171,9.135507627392103,6265.0,4.0,6382.0,4.0,335629.8,4.0,52.59006581009088,True,True,11.47169065070945,11.68592653357186,6389.0,6837.0,12.0,12.0,True,True,12.519066078036793,11.698744065025169,2798.0,5340.0,6.0,6.0,199.66329966329965,47.41833508956796
11,2022,7362.74,543347.0,9403.579278863159,8435.304987663569,4.0,4.0,0.7829720770844731,15.680466976122776,-4.47218936390541,0.8728481081321695,13.298120192758489,-2.4635031473685176,10.507017435900522,9098.0,4.0,9254.0,4.0,505095.69999999995,4.0,54.58133779987032,True,True,16.744364098817147,17.031473441465582,5319.0,4236.0,12.0,12.0,True,True,7.7961229196075434,9.78932431760919,2686.0,2935.0,6.0,6.0,-45.037453183520604,-4.002859185132235
11,2023,8303.38,540146.0,10469.072686833155,8994.424135182617,4.0,4.0,0.793134239142601,11.330721806801304,1.2978958452730893,0.9231697188395278,6.628321659225667,5.765219657179843,12.775678619644303,8522.0,4.0,8680.0,4.0,461426.1,4.0,53.15968894009216,True,True,15.777215789804979,16.069729295412724,4619.0,3182.0,12.0,12.0,True,True,5.890999840783788,8.551391660773199,2768.0,1262.0,6.0,6.0,-57.00170357751277,3.052866716306779
11,2024,9495.07,536818.0,12195.006903616904,10468.424542108842,4.0,4.0,0.7786030852663041,16.48602763981608,-1.8321178382117775,0.907019959097612,16.38793528938134,-1.749381442257103,14.351866348402709,9583.0,4.0,9744.0,4.0,515299.30000000005,4.0,52.88375410509032,True,True,17.851487841316796,18.151403268891876,5045.0,4309.0,12.0,12.0,True,True,8.026929052304505,9.397971006933448,1677.0,2547.0,6.0,6.0,101.82250396196513,-39.41473988439307
11,2025,10294.78,534913.0,12441.147141432131,10931.781536543083,4.0,4.0,0.8274783573385937,2.0183689911829727,6.277302645875449,0.9417293938399981,4.426234268302798,3.82675534250847,8.422370767145493,,,,,,,,,,,,5608.0,3130.0,12.0,12.0,True,True,5.851418828856281,10.48394785694122,1791.0,1908.0,6.0,6.0,-25.08833922261484,6.797853309481217
11,2026,,,,,,,,,,,,,,,,,,,,,,,,,,,,,,,,,2319.0,2515.0,6.0,6.0,31.813417190775684,29.48073701842546
12,2005,2416.75,158935.0,,,,,,,,,,,,,,,,,,,,,,,456.0,374.0,12.0,12.0,True,True,2.3531632428351212,2.8690974297668856,237.0,203.0,6.0,6.0,,
12,2006,2522.57,163155.0,,,,,,,,,,,,,,,,,,,,,,,1011.0,1273.0,12.0,12.0,True,True,7.802396494131347,6.196561551898501,593.0,612.0,6.0,6.0,201.47783251231525,150.21097046413502
12,2007,2734.81,166684.0,3868.75,4162.818109561153,4.0,4.0,0.7068975767366721,,,0.6569612046509296,,,,,,,,,,,,,,,793.0,1797.0,12.0,12.0,True,True,10.780878788605985,4.757505219457177,331.0,626.0,6.0,6.0,2.287581699346397,-44.18212478920742
12,2008,3107.71,171330.0,4172.0,4247.6162514652715,4.0,4.0,0.7448969319271332,7.838449111470114,5.375510744552514,0.7316362439587037,2.037036922400115,11.366735018615316,13.635316530215992,,,,,,,,,,,,918.0,794.0,12.0,12.0,True,True,4.6343314072258215,5.358080896515497,350.0,566.0,6.0,6.0,-9.584664536741217,5.740181268882183
12,2009,3258.06,172813.0,3906.5,4128.654922065782,4.0,4.0,0.8340099833610649,-6.3638542665388265,11.9631384711689,0.7891335220551255,-2.800660943851807,7.85872468336426,4.837967506620622,,,,,,,,,,,,1546.0,1306.0,12.0,12.0,True,True,7.557301823358197,8.946086231938569,487.0,653.0,6.0,6.0,15.371024734982331,39.142857142857146
12,2010,3428.12,178834.0,4159.75,4232.029921078929,4.0,4.0,0.8241168339443475,6.482785101753485,-1.1862147473160833,0.8100415318249977,2.503842073617113,2.6494894951898385,5.219670601523596,,3.0,,3.0,,3.0,,False,False,,,937.0,1496.0,12.0,12.0,True,True,8.365299663374973,5.239495845309057,457.0,624.0,6.0,6.0,-4.44104134762634,-6.160164271047231
12,2011,3532.66,179634.0,4220.75,4521.0205494211405,4.0,4.0,0.8369744713617248,1.4664342809063147,1.5601716756395545,0.7813855215615669,6.828652767855092,-3.53759765858791,3.049484848838424,415.0,4.0,319.0,4.0,16437.0,4.0,51.52664576802508,True,True,2.3102530701314894,1.7758330828239643,1565.0,1595.0,12.0,12.0,True,True,8.879165414119822,8.712159168086218,650.0,584.0,6.0,6.0,-6.41025641025641,42.23194748358863
12,2012,3702.54,180776.0,4294.0,4408.286462253028,4.0,4.0,0.8622589659990685,1.7354735532784549,3.0209397660847292,0.8399045823595755,-2.4935539649902028,7.489140658897875,4.80884093006404,1131.0,4.0,991.0,4.0,54061.0,4.0,54.55196770938446,True,True,6.256361463911139,5.481922379076869,1576.0,1944.0,12.0,12.0,True,True,10.753639863698721,8.717971412134354,757.0,691.0,6.0,6.0,18.32191780821917,16.46153846153846
12,2013,3859.86,182520.0,4587.75,4366.93639529121,4.0,4.0,0.841340526401831,6.8409408476944655,-2.426004300575757,0.8838828072151494,-0.9380077115198282,5.2360977400580655,4.248975027953783,1293.0,4.0,1215.0,4.0,63272.0,4.0,52.07572016460905,True,True,7.084155161078239,6.656804733727811,1346.0,1325.0,12.0,12.0,True,True,7.259478413324567,7.374534297611221,723.0,520.0,6.0,6.0,-24.74674384949349,-4.491413474240424
12,2014,4087.48,183664.0,4675.25,4401.34948704317,4.0,4.0,0.8742805197583017,1.9072530107351104,3.915179683230696,0.928687897208084,0.7880373936535179,5.069121112797981,5.897105076349907,1214.0,4.0,1177.0,4.0,60505.0,4.0,51.40611724723874,True,True,6.609896332433139,6.408441501872986,1649.0,2613.0,12.0,12.0,True,True,14.227066817667044,8.978351772802508,694.0,1118.0,6.0,6.0,114.99999999999999,-4.011065006915626
12,2015,4231.81,185706.0,4827.75,4439.904744986377,4.0,4.0,0.8765594738749936,3.2618576546708633,0.26066623528588906,0.9531308086685054,0.8759871956705023,2.6319834181003365,3.531026451505581,1948.0,4.0,1915.0,4.0,97700.0,4.0,51.01827676240209,True,True,10.489698771175945,10.311998535319267,2392.0,2435.0,12.0,12.0,True,True,13.112123463969931,12.880574671793049,1131.0,1012.0,6.0,6.0,-9.48121645796064,62.96829971181557
12,2016,4319.48,187027.0,4928.25,4541.9483654510495,4.0,4.0,0.8764733931923095,2.0817150846667687,-0.009820290037310109,0.9510191777732908,2.2983290481603635,-0.22154680931618653,2.0716903641703865,1109.0,4.0,1052.0,4.0,53274.0,4.0,50.64068441064639,True,True,5.929625134338893,5.624856304169986,2958.0,3167.0,12.0,12.0,True,True,16.933383949910976,15.815898239291654,1164.0,1110.0,6.0,6.0,9.683794466403173,2.917771883289122
12,2017,4510.48,189111.0,4874.75,4806.446183244372,4.0,4.0,0.9252741166213652,-1.085578044944957,5.56784995506967,0.9384230735223599,5.823443960861852,-1.3244847785744307,4.4218285534369794,1088.0,4.0,1094.0,4.0,56292.1,4.0,51.45530164533821,True,True,5.7532348726409355,5.7849622708356465,2599.0,3576.0,12.0,12.0,True,True,18.90952932404778,13.743251318009001,839.0,1627.0,6.0,6.0,46.57657657657657,-27.920962199312715
12,2018,4802.41,190849.0,5161.0,5040.247223227551,4.0,4.0,0.9305192792094555,5.872096004923333,0.5668766146018411,0.9528123894138567,4.864322434280588,1.533350606724393,6.472260158564058,2663.0,4.0,2586.0,4.0,134664.2,4.0,52.074323279195674,True,True,13.953439630283627,13.549979303009186,2307.0,3139.0,12.0,12.0,True,True,16.44755801707109,12.088090584703089,720.0,1165.0,6.0,6.0,-28.395820528580206,-14.183551847437425
12,2019,5117.26,194886.0,5626.5,5477.495358101476,4.0,4.0,0.9094925797565094,9.0195698508041,-2.2596737029253022,0.9342335621391864,8.67513269704121,-1.9498935447406884,6.556083299843207,4036.0,4.0,4028.0,4.0,208703.7,4.0,51.8132323733863,True,True,20.709543014890755,20.668493375614464,3291.0,3656.0,12.0,12.0,True,True,18.75968514926675,16.8867953572858,1610.0,1478.0,6.0,6.0,26.86695278969957,123.61111111111111
12,2020,5518.24,194557.0,6080.1050000000005,6461.9651757343,4.0,4.0,0.9075895893245264,8.061939038478627,-0.20923649893795915,0.853956938784174,17.972992276054534,-8.592778787693822,7.835834020550059,3749.0,4.0,3740.0,4.0,196111.7,4.0,52.436283422459894,True,True,19.269417188793003,19.22315825182337,3837.0,3728.0,12.0,12.0,True,True,19.161479669197202,19.721726794718258,1078.0,2096.0,6.0,6.0,41.81326116373478,-33.04347826086956
12,2021,6072.54,196241.0,6713.720779727097,6850.203348460037,4.0,4.0,0.9044969547045775,10.421132196353454,-0.34075254457806015,0.8864758739410473,6.008051144930837,3.8080298525558387,10.044869378642463,4237.0,4.0,4247.0,4.0,230816.7,4.0,54.348175182481754,True,True,21.590799068492313,21.64175681942102,2693.0,2710.0,12.0,12.0,True,True,13.809550501679057,13.72292232510026,1386.0,1967.0,6.0,6.0,-6.154580152671752,28.57142857142858
12,2022,6508.96,196726.0,7615.08829604343,7933.30280541204,4.0,4.0,0.85474517785721,13.425752215345677,-5.500491360263027,0.8204603000353946,15.811201534557217,-7.446967914892499,7.186778514427239,3360.0,4.0,3434.0,4.0,183873.30000000002,4.0,53.54493302271404,True,True,17.07959293636835,17.45575063794313,3134.0,3529.0,12.0,12.0,True,True,17.938655795370213,15.930786982910242,1323.0,2766.0,6.0,6.0,40.62023385866802,-4.545454545454541
12,2023,7428.94,197536.0,8769.696107052092,8510.482077102195,4.0,4.0,0.8471148725468455,15.162106677194554,-0.8926994276227784,0.8729164732028366,7.275396967028769,6.39350534878762,14.134055210048913,,2.0,2853.0,4.0,150785.0,4.0,52.851384507535926,False,True,,14.442936983638425,2175.0,2293.0,12.0,12.0,True,True,11.608010691722015,11.010651223068201,749.0,958.0,6.0,6.0,-65.3651482284888,-43.386243386243386
12,2024,8680.49,197706.0,9830.348358035018,10049.24589116457,4.0,4.0,0.8830297446076608,12.094515454532239,4.2396696392352995,0.8637951637378086,18.08080670544483,-1.04492351158878,16.846952593505947,,2.0,3574.0,4.0,189556.5,4.0,53.0376329043089,False,True,,18.07734717206357,2561.0,4043.0,12.0,12.0,True,True,20.449556412046167,12.953577534318635,1385.0,1541.0,6.0,6.0,60.855949895615865,84.913217623498
12,2025,9537.56,198540.0,10344.723525998546,10664.115387247004,4.0,4.0,0.9219734076053392,5.232522279264851,4.410232298005035,0.8943601652515661,6.1185635493608,3.5384548092972423,9.873520964830318,,,,,,,,,,,,3097.0,1824.0,12.0,12.0,True,True,9.187065578724692,15.598871763876298,1714.0,1104.0,6.0,6.0,-28.358208955223883,23.754512635379065
12,2026,,,,,,,,,,,,,,,,,,,,,,,,,,,,,,,,,1526.0,1942.0,6.0,6.0,75.90579710144927,-10.968494749124858
13,2005,2630.23,411453.0,,,,,,,,,,,,,,,,,,,,,,,1536.0,1589.0,12.0,12.0,True,True,3.861923476071386,3.733111679827344,633.0,490.0,6.0,6.0,,
13,2006,2734.68,410809.0,,,,,,,,,,,,,,,,,,,,,,,897.0,1485.0,12.0,12.0,True,True,3.614818565318676,2.183496466727847,515.0,673.0,6.0,6.0,37.34693877551021,-18.641390205371245
13,2007,2975.73,408583.0,4645.554277194981,4138.911963749369,4.0,4.0,0.640554349909946,,,0.7189643138252059,,,,,,,,,,,,,,,1992.0,2521.0,12.0,12.0,True,True,6.170104972551477,4.875386396399263,1114.0,621.0,6.0,6.0,-7.726597325408613,116.31067961165047
13,2008,3290.65,407260.0,5481.967866719499,4575.552501725131,4.0,4.0,0.6002680205364246,18.004602672074487,-6.289291358209514,0.7191809073897237,10.549645457552014,0.03012577402701222,10.58294939393023,,,,,,,,,,,,1911.0,2212.0,12.0,12.0,True,True,5.431419731866621,4.692334135441733,878.0,940.0,6.0,6.0,51.36876006441224,-21.184919210053867
13,2009,3472.49,406427.0,5148.865360108818,4368.078020084084,4.0,4.0,0.6744184897323885,-6.076330885354409,12.352893484097315,0.7949697748148637,-4.534413747035426,10.538220167748435,5.525959916733769,,,,,,,,,,,,1810.0,1565.0,12.0,12.0,True,True,3.8506300024358615,4.453444283967355,927.0,784.0,6.0,6.0,-16.595744680851066,5.580865603644658
13,2010,3586.82,410583.0,4825.593875176695,4308.623574185049,4.0,4.0,0.7432908969921684,-6.278499481394295,10.2121172993209,0.8324746727679562,-1.3611122701029599,4.717776592427891,3.2924500862493655,1750.0,4.0,1749.0,4.0,98037.7,4.0,56.0535734705546,True,True,4.262231996940935,4.259796435799826,1509.0,3060.0,12.0,12.0,True,True,7.452817091793864,3.6752617619336405,563.0,1876.0,6.0,6.0,139.28571428571428,-39.26645091693636
13,2011,3761.89,409906.0,4892.25,4150.128031994058,4.0,4.0,0.7689488476672287,1.3813040746381455,3.4519393119018194,0.9064515530602758,-3.67856554331204,8.886382098130197,4.8809251649093,2481.0,4.0,2533.0,4.0,140637.4,4.0,55.52206869324911,True,True,6.052607183110274,6.1794655360009365,1805.0,2560.0,12.0,12.0,True,True,6.245334296155704,4.403448595531659,850.0,1716.0,6.0,6.0,-8.528784648187637,50.97690941385436
13,2012,3881.46,409211.0,4705.958253331896,3884.9807748469707,4.0,4.0,0.8247969469877601,-3.8078950721672777,7.262914755637984,0.9990937471634954,-6.388893429383891,10.220313903203081,3.1784555103950396,2752.0,4.0,2774.0,4.0,151692.2,4.0,54.683561643835624,True,True,6.725136909809365,6.778898905454643,1946.0,1688.0,12.0,12.0,True,True,4.125011302237721,4.755492887532349,702.0,990.0,6.0,6.0,-42.307692307692314,-17.411764705882348
13,2013,4029.51,408502.0,4578.355802543208,3742.6221657856163,4.0,4.0,0.8801216361912432,-2.711508345794267,6.707673859067298,1.076654233718023,-3.664332394719816,7.763083972322682,3.814286376775744,3134.0,4.0,3172.0,4.0,172030.90000000002,4.0,54.23420554854982,True,True,7.671933062751223,7.764955863129189,1426.0,1457.0,12.0,12.0,True,True,3.566690003965709,3.490802982604736,757.0,494.0,6.0,6.0,-50.101010101010104,7.834757834757844
13,2014,4176.65,408105.0,4754.229469236033,3799.4136420540563,4.0,4.0,0.8785124965100084,3.841415439908147,-0.18283151044875545,1.0992880463897057,1.5174247827530518,2.102235979096201,3.6515606115880006,2984.0,4.0,3011.0,4.0,163252.40000000002,4.0,54.218664895383604,True,True,7.311843765697553,7.378003209958221,1404.0,1494.0,12.0,12.0,True,True,3.660822582423641,3.440291101554747,535.0,339.0,6.0,6.0,-31.376518218623485,-29.32628797886394
13,2015,4381.58,407043.0,4726.802353531533,3798.8795289937825,4.0,4.0,0.9269649272994019,-0.5768992826698183,5.515280770834385,1.1533874571591267,-0.01405777603054048,4.9213134762171595,4.906563872960401,2722.0,4.0,2763.0,4.0,152492.0,4.0,55.19073470865002,True,True,6.687254172163629,6.787980631038981,1132.0,2648.0,12.0,12.0,True,True,6.505455197608115,2.7810329621194816,729.0,1147.0,6.0,6.0,238.34808259587018,36.261682242990645
13,2016,4539.15,405413.0,4779.438707926249,3942.1064265638133,4.0,4.0,0.9497244922237934,1.1135721457739667,2.455277891764318,1.1514529312077977,3.770240579541828,-0.16772559293248834,3.5961913282423152,3700.0,4.0,3758.0,4.0,205328.6,4.0,54.63773283661522,True,True,9.12649569698061,9.269559683581928,2955.0,2205.0,12.0,12.0,True,True,5.438898111308715,7.288863455291271,1503.0,1297.0,6.0,6.0,13.07759372275501,106.17283950617282
13,2017,4732.93,404403.0,5189.34581265423,4170.738279177383,4.0,4.0,0.91204752407495,8.576469534972574,-3.9671471523938684,1.1347942937655395,5.799738207800242,-1.4467493191219205,4.269081215646109,4112.0,4.0,4178.0,4.0,229327.5,4.0,54.889301101005266,True,True,10.168074915369075,10.331278452434823,2661.0,2582.0,12.0,12.0,True,True,6.384720192481263,6.580069880787235,1230.0,1437.0,6.0,6.0,10.79414032382422,-18.16367265469062
13,2018,5007.48,403274.0,5580.564114133372,4630.643265025341,4.0,4.0,0.8973071355488998,7.538875141547807,-1.6161864526742398,1.0813789172275174,11.026944273728612,-4.707053677612016,5.800846410151839,4152.0,4.0,4244.0,4.0,234814.40000000002,4.0,55.32855796418474,True,True,10.295729454415607,10.523862187991291,2299.0,3071.0,12.0,12.0,True,True,7.615169834901333,5.700838635766254,1297.0,1889.0,6.0,6.0,31.4544189283229,5.447154471544713
13,2019,5408.91,402067.0,6464.314779818822,5283.405916870002,4.0,4.0,0.8367336963364271,15.836224575348169,-6.750580354564861,1.0237543897070753,14.096586899165708,-5.328800719379867,8.016607155695077,3444.0,4.0,3531.0,4.0,194455.3,4.0,55.07088643443783,True,True,8.565736556345087,8.782118403151713,3215.0,2351.0,12.0,12.0,True,True,5.847284159107811,7.996179741187414,1567.0,807.0,6.0,6.0,-57.27898358920063,20.817270624518123
13,2020,5695.84,400024.0,6953.765059140986,5898.8682821009,4.0,4.0,0.8191015876374201,7.571572486695666,-2.1072545274808174,0.9655818247854502,11.648969905297557,-5.682277458978213,5.304765655187471,226.0,4.0,230.0,4.0,16797.2,4.0,73.0313043478261,True,True,0.564966102033878,0.5749655020698757,2659.0,2898.0,12.0,12.0,True,True,7.244565326080435,6.647101173929564,1338.0,1348.0,6.0,6.0,67.03841387856258,-14.61391193363114
13,2021,6244.67,395441.0,8250.975967863034,6499.460944526185,4.0,4.0,0.7568401634330952,18.654799201431405,-7.601184656949444,0.960798142076572,10.181489629929196,-0.49541971338794566,9.635628809798025,683.0,4.0,689.0,4.0,39125.8,4.0,56.78635703918723,True,True,1.7271855978515127,1.7423585313611891,2997.0,3421.0,12.0,12.0,True,True,8.65110092276724,7.578880288083431,1111.0,2153.0,6.0,6.0,59.71810089020772,-16.965620328849027
13,2022,6943.84,393028.0,10071.776347743313,7386.60037707059,4.0,4.0,0.6894354838961293,22.06769704544247,-8.906065348225212,0.9400589778154234,13.649430931522865,-2.158535008854734,11.196268177501768,155.0,4.0,155.0,4.0,8661.5,4.0,55.880645161290325,True,True,0.39437393773471613,0.39437393773471613,2468.0,2622.0,12.0,12.0,True,True,6.671280417680165,6.279450827930835,1090.0,2064.0,6.0,6.0,-4.133766836971664,-1.8901890189018888
13,2023,7933.31,390278.0,10794.573582045687,7763.1468947657895,4.0,4.0,0.7349350059733025,7.176462317536703,6.5995329715330175,1.021919346309026,5.0976971607137544,8.70800347908336,14.249608285905202,,3.0,422.0,4.0,25718.0,4.0,60.943127962085306,False,True,,1.081280523114293,2524.0,2419.0,12.0,12.0,True,True,6.198145936998755,6.467184929716766,1276.0,833.0,6.0,6.0,-59.64147286821706,17.064220183486235
13,2024,9044.66,387700.0,11921.989414703323,9052.31639704407,4.0,4.0,0.758653584178264,10.444283176992153,3.2273028243565705,0.9991542057625638,16.606274745973025,-2.227684663049534,14.008654647303587,,1.0,2224.0,4.0,122507.0,4.0,55.08408273381295,False,True,,5.736394119164302,2086.0,2096.0,12.0,12.0,True,True,5.406241939644055,5.3804488006190345,1368.0,1244.0,6.0,6.0,49.33973589435774,7.210031347962387
13,2025,9908.84,385158.0,11765.396546162168,9265.109250137419,4.0,4.0,0.8422019573349807,-1.3134793455530924,11.012717121373928,1.0694790242061132,2.350700569445796,7.0384349120441225,9.554588011047404,,,,,,,,,,,,2380.0,2109.0,12.0,12.0,True,True,5.475674917825931,6.179282268575494,961.0,1361.0,6.0,6.0,9.405144694533751,-29.751461988304094
13,2026,,,,,,,,,,,,,,,,,,,,,,,,,,,,,,,,,680.0,2691.0,6.0,6.0,97.72226304188096,-29.240374609781483
14,2005,3613.44,1694825.0,,,,,,,,,,,,,,,,,,,,,,,14436.0,16042.0,12.0,12.0,True,True,9.465284026374405,8.517693567182452,5620.0,8304.0,6.0,6.0,,
14,2006,3789.94,1700536.0,,,,,,,,,,,,,,,,,,,,,,,13686.0,17670.0,12.0,12.0,True,True,10.39084147586408,8.048050732239718,5989.0,7332.0,6.0,6.0,-11.705202312138729,6.565836298932393
14,2007,4099.73,1704717.0,7818.75,7796.469630745833,4.0,4.0,0.5243459632294164,,,0.5258444134550945,,,,,,,,,,,,,,,15729.0,24170.0,12.0,12.0,True,True,14.178306428574361,9.226751419737118,5037.0,10198.0,6.0,6.0,39.08892525913803,-15.895808983135751
14,2008,4504.85,1707981.0,8405.0,8124.39249501773,4.0,4.0,0.5359726353361095,7.498001598721027,2.2173665713158375,0.5544845356452919,4.206042988722936,5.446501181217389,9.881626351003625,,,,,,,,,,,,19049.0,21330.0,12.0,12.0,True,True,12.488429320935069,11.152934371049795,9047.0,12493.0,6.0,6.0,22.50441262992744,79.61087949176098
14,2009,4603.26,1711466.0,7567.20622975,7621.559164719045,4.0,4.0,0.608316974619057,-9.967802144556813,13.497767332390055,0.6039787792121261,-6.1891806754418415,8.926172036382285,2.184534446207964,,,,,,,,,,,,19482.0,11273.0,12.0,12.0,True,True,6.586750773897934,11.383223505462569,10052.0,3042.0,6.0,6.0,-75.65036420395421,11.108654802697027
14,2010,4694.47,1696569.0,7881.96766764096,7779.847394804838,4.0,4.0,0.5955962010949273,4.159546183021878,-2.0911422917461397,0.6034141496316283,2.076848406800069,-0.09348500310463193,1.9814218618978696,9868.0,4.0,9868.0,4.0,564061.6000000001,4.0,57.16068098905554,True,True,5.816444836608473,5.816444836608473,12462.0,13855.0,12.0,12.0,True,True,8.16648188196295,7.345413007074867,5631.0,8130.0,6.0,6.0,167.25838264299804,-43.98129725427775
14,2011,4936.36,1703163.0,7553.0502174237645,7821.820598137618,4.0,4.0,0.653558477423141,-4.173037293308757,9.731807594080944,0.6311011532500952,0.539511910745305,4.588391511098844,5.152658340558136,10801.0,4.0,10799.0,4.0,615894.6,4.0,57.03255857023798,True,True,6.3417300634173,6.3405557776912715,9356.0,14737.0,12.0,12.0,True,True,8.65272437224153,5.4933086263616575,3008.0,5955.0,6.0,6.0,-26.75276752767528,-46.58142425856864
14,2012,5077.53,1711324.0,6808.112982812018,7533.085058572175,4.0,4.0,0.7458057780208548,-9.86273377202348,14.114620769885455,0.6740306209900141,-3.6914109182482613,6.802311724330923,2.8597995283974553,10604.0,4.0,10604.0,4.0,618087.2,4.0,58.288117691437186,True,True,6.196371931907692,6.196371931907692,13496.0,11797.0,12.0,12.0,True,True,6.893492991391461,7.8862915497007,6043.0,8574.0,6.0,6.0,43.97984886649875,100.89760638297874
14,2013,5226.05,1718219.0,7151.993099338068,7006.278971603712,4.0,4.0,0.7307123940714767,5.051034220410555,-2.0237687068383137,0.7459094936386433,-6.993231629171504,10.664036678786747,2.92504426364788,12948.0,4.0,12947.0,4.0,757067.1000000001,4.0,58.47432609871014,True,True,7.535709941515022,7.535127943527571,13128.0,10475.0,12.0,12.0,True,True,6.096428918548799,7.6404695792561945,5525.0,5195.0,6.0,6.0,-39.409843713552604,-8.571901373489988
14,2014,5385.8,1729119.0,7343.546008924126,7265.611428506802,4.0,4.0,0.7334059041034118,2.678315078405036,0.3686142528563252,0.7412727824761841,3.701429217337182,-0.621618467388152,3.0568019823767445,13933.0,4.0,13937.0,4.0,818502.5,4.0,58.728743632058546,True,True,8.057860679340173,8.060173996121724,14964.0,18340.0,12.0,12.0,True,True,10.606557443414827,8.654118079785139,6971.0,8088.0,6.0,6.0,55.688161693936465,26.17194570135746
14,2015,5591.46,1739586.0,7481.13280363512,7316.876341126843,4.0,4.0,0.747408199635633,1.8735743541852035,1.909215000026343,0.7641867566589053,0.7055829110114598,3.09116626489081,3.818559916818298,21919.0,4.0,21912.0,4.0,1241074.8,4.0,56.639047097480834,True,True,12.600124397414097,12.596100451486732,13306.0,20156.0,12.0,12.0,True,True,11.586664873136481,7.64894635850139,5717.0,8178.0,6.0,6.0,1.1127596439169052,-17.988810787548417
14,2016,5739.61,1748916.0,7651.100429905128,7470.610265318377,4.0,4.0,0.7501679075556416,2.2719503948308573,0.3692370409307699,0.7682919863515854,2.1010868166163155,0.5372024124872921,2.6495763181709098,24734.0,4.0,24731.0,4.0,1375351.3000000003,4.0,55.612441874570386,True,True,14.142474538514142,14.140759190264141,20119.0,21992.0,12.0,12.0,True,True,12.574646238012575,11.503697147261503,9702.0,10467.0,6.0,6.0,27.989728539985336,69.7043904145531
14,2017,6059.04,1758143.0,7703.8566597234485,7863.855674084382,4.0,4.0,0.786494384257859,0.6895247330974463,4.842446115908139,0.7704922688202154,5.2638993977722315,0.2863862317604715,5.565360712661671,22997.0,4.0,23289.0,4.0,1287772.0,4.0,55.29528962170982,True,True,13.08027845289035,13.24636278163949,20331.0,22770.0,12.0,12.0,True,True,12.951164950746326,11.563905780132787,7692.0,10361.0,6.0,6.0,-1.012706601700586,-20.717377860234997
14,2018,6432.78,1769529.0,8312.376988893404,8409.93232442925,4.0,4.0,0.7738797228031368,7.898905133468559,-1.6039099206824559,0.7649027069235742,6.944133679163045,-0.7254533397460294,6.168303889725091,22977.0,4.0,23192.0,4.0,1317641.7,4.0,56.81449206622973,True,True,12.984811212475185,13.10631247071961,23430.0,24245.0,12.0,12.0,True,True,13.70138607505161,13.24081153798553,9952.0,13259.0,6.0,6.0,27.970273139658342,29.38117524700987
14,2019,6802.6,1783321.0,9091.871016886074,9333.941389949907,4.0,4.0,0.7482068308454579,9.377510536807865,-3.3174266234405114,0.728802519300639,10.987116541194819,-4.7195790126210335,5.748991882203347,22509.0,4.0,22916.0,4.0,1311122.4,4.0,57.21427823354861,True,True,12.621956450913773,12.850182328363767,21599.0,22259.0,12.0,12.0,True,True,12.481768565502229,12.111672548015752,9414.0,9566.0,6.0,6.0,-27.852779244286896,-5.405948553054662
14,2020,7147.46,1861187.0,9919.943870483956,10330.949688118842,4.0,4.0,0.7205141574708631,9.107837672355057,-3.7012056336484744,0.6918492699872472,10.681535875535285,-5.070406363146529,5.069532237673835,21481.0,4.0,21691.0,4.0,1220509.9,4.0,56.268032824673824,True,True,11.541559230748978,11.654390450825199,23543.0,15254.0,12.0,12.0,True,True,8.195844909726965,12.649454353592626,8956.0,6207.0,6.0,6.0,-35.1139452226636,-4.865094540046744
14,2021,7687.58,1860205.0,10996.804157088856,11166.46651199626,4.0,4.0,0.6990740118841131,10.855507860372239,-2.9756730474261417,0.6884523400254814,8.087512272354846,-0.49099277965970467,7.556810391383784,21089.0,4.0,21286.0,4.0,1232689.9,4.0,57.91082871370854,True,True,11.33692254348311,11.442824849949334,18528.0,18020.0,12.0,12.0,True,True,9.687104378280887,9.960192559422214,7624.0,8045.0,6.0,6.0,29.611728693410665,-14.872711031710583
14,2022,8540.11,1862345.0,12571.637857339494,12523.406227838806,4.0,4.0,0.6793156227463367,14.320830650016214,-2.8263658499512068,0.6819318837566597,12.15191676243126,-0.9471180341373175,11.089705733143607,22565.0,4.0,22754.0,4.0,1303203.0,4.0,57.27357827195218,True,True,12.116444590019572,12.21792954581455,15465.0,13468.0,12.0,12.0,True,True,7.2317427759088675,8.304046779732005,5284.0,7858.0,6.0,6.0,-2.324425108763206,-30.69254984260231
14,2023,9625.74,1861644.0,13736.17533973361,13422.407955905697,4.0,4.0,0.7007583815675633,9.263212125651886,3.1565237281806935,0.7171395796955188,7.178571961264524,5.162934418743581,12.71213134257052,,1.0,23564.0,4.0,1317538.0,4.0,55.91317263622475,False,True,,12.657629493071715,16092.0,15465.0,12.0,12.0,True,True,8.307173659410715,8.643972746669073,8107.0,7748.0,6.0,6.0,-1.3998472893866132,53.425435276305834
14,2024,10714.99,1862402.0,16186.920849007482,16333.40976754156,4.0,4.0,0.6619535673245107,17.841542122608047,-5.537545502666418,0.6560167259927122,21.68762729607736,-8.523146042051943,11.316013106524792,24405.0,4.0,24395.0,4.0,1391185.0,4.0,57.02746464439434,True,True,13.104045206137021,13.098675796095579,14873.0,16170.0,12.0,12.0,True,True,8.682336037010268,7.985923554635358,6211.0,8449.0,6.0,6.0,9.047496128033039,-23.387196250154187
14,2025,11687.95,1864035.0,16422.88993069854,16598.227852904445,4.0,4.0,0.7116865575620928,1.4577762126113614,7.5130632558705335,0.7041685476052061,1.621327629269076,7.340029560927497,9.08036311746443,,,,,,,,,,,,19844.0,14399.0,12.0,12.0,True,True,7.724640363512488,10.64572285391637,8300.0,7003.0,6.0,6.0,-17.11445141436856,33.633875382386094
14,2026,,,,,,,,,,,,,,,,,,,,,,,,,,,,,,,,,6867.0,6528.0,6.0,6.0,-6.782807368270738,-17.26506024096386
15,2005,2649.62,636095.0,,,,,,,,,,,,,,,,,,,,,,,1979.0,1351.0,12.0,12.0,True,True,2.1238965877738387,3.111170501261604,899.0,899.0,6.0,6.0,,
15,2006,2797.71,635280.0,,,,,,,,,,,,,,,,,,,,,,,4379.0,3984.0,12.0,12.0,True,True,6.271250472232716,6.893023548671452,1756.0,459.0,6.0,6.0,-48.94327030033371,95.32814238042269
15,2007,3048.98,633950.0,5953.1664068645005,6132.718906802006,4.0,4.0,0.5121610570946362,,,0.49716610957307583,,,,,,,,,,,,,,,3327.0,424.0,12.0,12.0,True,True,0.6688224623393012,5.248047953308621,858.0,212.0,6.0,6.0,-53.812636165577345,-51.13895216400911
15,2008,3415.39,632803.0,5505.25,5985.836704438449,4.0,4.0,0.620387811634349,-7.524002795352991,21.131390807738583,0.5705785454300009,-2.3950584495344374,14.766178635942296,12.017461577314382,,,,,,,,,,,,5287.0,5430.0,12.0,12.0,True,True,8.580869559720798,8.354890858608446,2264.0,3114.0,6.0,6.0,1368.867924528302,163.86946386946386
15,2009,3556.1,632240.0,5222.5,5740.810949017284,4.0,4.0,0.6809191000478698,-5.136006539212568,9.757008000214773,0.6194421017484882,-4.093425322469624,8.563861489334945,4.119880892079686,,,,,,,,,,,,5889.0,1986.0,12.0,12.0,True,True,3.1412121978995318,9.314500822472478,4105.0,1128.0,6.0,6.0,-63.77649325626204,81.31625441696113
15,2010,3675.85,630256.0,5728.75,5754.7391050931055,4.0,4.0,0.6416495745145101,9.693633317376737,-5.767135263293244,0.638751806619134,0.24261652577508563,3.117273562152234,3.367453108742713,9521.0,4.0,7677.0,4.0,425486.4,4.0,55.42352481438062,True,True,15.106559874082912,12.180764641669418,4666.0,4724.0,12.0,12.0,True,True,7.495366961996394,7.403340864664518,2454.0,2276.0,6.0,6.0,101.77304964539009,-40.21924482338611
15,2011,3827.68,630583.0,5918.0,5754.914135237967,4.0,4.0,0.6467860763771545,3.303512982762391,0.800515120193257,0.6651150495126761,0.0030414957422841837,4.127306196295666,4.130473223880182,9001.0,4.0,7305.0,4.0,401319.6,4.0,54.937659137577,True,True,14.274092387520755,11.584517819224432,3752.0,7364.0,12.0,12.0,True,True,11.678082028852664,5.950049398731016,1676.0,2943.0,6.0,6.0,29.30579964850615,-31.70334148329258
15,2012,3923.93,631377.0,5632.0,5389.731384709952,4.0,4.0,0.6967205255681818,-4.832713754646845,7.720396436287769,0.7280381376949021,-6.345581218874507,9.460481796093667,2.5145780211512037,8819.0,4.0,7252.0,4.0,401975.60000000003,4.0,55.429619415333704,True,True,13.967882897223054,11.486005983746637,6676.0,4425.0,12.0,12.0,True,True,7.008490964986055,10.573714278473876,3428.0,2513.0,6.0,6.0,-14.610941216445806,104.53460620525061
15,2013,4129.56,631263.0,5582.75,5036.201025764709,4.0,4.0,0.7396999686534415,-0.8744673295454586,6.168821142481717,0.8199752112502217,-6.559331694120574,12.628057349633991,5.240409487427167,11730.0,4.0,10251.0,4.0,563782.6,4.0,54.997814847331966,True,True,18.581795543220494,16.23887349646661,7839.0,5242.0,12.0,12.0,True,True,8.3039874030317,12.417962085533288,4080.0,1359.0,6.0,6.0,-45.92120970951055,19.019836639439912
15,2014,4337.99,633105.0,5810.5,5131.565490239359,4.0,4.0,0.746577747181826,4.079530697237033,0.9298065188382942,0.8453541143051175,1.8935793862630668,3.095081742312744,5.047268958436235,9449.0,4.0,8441.0,4.0,468124.30000000005,4.0,55.45839355526597,True,True,14.924854487012423,13.332701526603012,5935.0,6191.0,12.0,12.0,True,True,9.77878866854629,9.374432361140727,2833.0,2810.0,6.0,6.0,106.76968359087566,-30.56372549019608
15,2015,4569.88,634404.0,6052.25,5164.62363352395,4.0,4.0,0.7550712544921311,4.160571379399358,1.137658782674178,0.8848427928681143,0.6442116610899884,4.67125881269963,5.345563267780706,11055.0,4.0,10190.0,4.0,556900.5,4.0,54.651668302257114,True,True,17.425804377021585,16.06231990971053,6671.0,9422.0,12.0,12.0,True,True,14.851734856652858,10.515381365817365,2477.0,3721.0,6.0,6.0,32.41992882562277,-12.566184256971413
15,2016,4800.54,637075.0,6134.0,5333.483031296741,4.0,4.0,0.7826116726442778,1.3507373290924773,3.647393274250743,0.9000759863358626,3.269539268586996,1.721570610116152,5.047397305837342,12792.0,4.0,12143.0,4.0,669644.1,4.0,55.14651239397183,True,True,20.079268531962484,19.060550170702037,8475.0,9205.0,12.0,12.0,True,True,14.448848251775694,13.302986304595219,4648.0,4199.0,6.0,6.0,12.846009137328673,87.64634638675817
15,2017,5070.35,638364.0,6318.0,5608.236598303137,4.0,4.0,0.8025245330800886,2.999673948483861,2.5444113769131027,0.9040898883499525,5.151484787598459,0.445951461323868,5.620409370612478,12575.0,4.0,12045.0,4.0,661466.0,4.0,54.91623080116231,True,True,19.698792538426353,18.86854521871534,8844.0,10276.0,12.0,12.0,True,True,16.09739897613274,13.854164708536196,3381.0,5298.0,6.0,6.0,26.172898309121216,-27.259036144578307
15,2018,5338.47,639258.0,6703.5,6159.398781799963,4.0,4.0,0.7963705526963527,6.101614434947766,-0.766827695611616,0.866719332376128,9.827727019640896,-4.133500048543759,5.2879978699695185,12995.0,4.0,12425.0,4.0,697228.1,4.0,56.11493762575453,True,True,20.328255571302982,19.436596804420123,9444.0,10997.0,12.0,12.0,True,True,17.202756946334656,14.773377884985406,4293.0,6013.0,6.0,6.0,13.495658739146844,26.974267968056797
15,2019,5757.54,641607.0,7440.517516024908,6770.232636060594,4.0,4.0,0.7738090781454087,10.994518028267454,-2.833037268210803,0.8504198170877255,9.917101910425853,-1.8805990220290836,7.8500019668556575,12518.0,4.0,12250.0,4.0,669980.7,4.0,54.69230204081632,True,True,19.510385641054416,19.092684462607174,11400.0,12107.0,12.0,12.0,True,True,18.86980659500286,17.767885948875247,4416.0,6225.0,6.0,6.0,3.525694328953932,2.8651292802236217
15,2020,6140.64,675446.0,8184.119703790704,7901.8128571567995,4.0,4.0,0.7503116061652655,9.993957895593585,-3.036598127855994,0.7771178729496642,16.7140522626803,-8.619500941203938,6.653883429381313,6879.0,4.0,6762.0,4.0,364423.30000000005,4.0,53.892827565808936,True,True,10.184381875086979,10.011162994525098,11010.0,7605.0,12.0,12.0,True,True,11.25922723652224,16.300340811848766,5170.0,2763.0,6.0,6.0,-55.6144578313253,17.074275362318847
15,2021,6693.9,672826.0,8849.718702494516,8686.308434218994,4.0,4.0,0.75639692345398,8.132811136615237,0.8110386722945284,0.7706265614089794,9.928045516183847,-0.8353059126083417,9.00981005237238,16386.0,4.0,16380.0,4.0,905336.1,4.0,55.270824175824174,True,True,24.35399345447411,24.345075844274746,11012.0,9518.0,12.0,12.0,True,True,14.146302312930832,16.366787252573474,5456.0,4160.0,6.0,6.0,50.56098443720594,5.531914893617018
15,2022,7391.95,673923.0,10334.928488901114,10031.171468595705,4.0,4.0,0.7152395885407782,16.78256491913075,-5.441235102499187,0.7368979807734083,15.48256137300783,-4.376773696186042,10.42815100315213,12787.0,4.0,12755.0,4.0,698546.0,4.0,54.76644453155625,True,True,18.973977739296625,18.92649456985442,9039.0,4061.0,12.0,12.0,True,True,6.025910972024994,13.412511518378212,2896.0,2918.0,6.0,6.0,-29.855769230769237,-46.9208211143695
15,2023,8334.84,674132.0,11679.94620330009,10654.484569164422,4.0,4.0,0.7136026018377591,13.01429144713886,-0.22887249660757947,0.7822846751425404,6.213761797613615,6.159155751993883,12.755632816780427,13782.0,4.0,13104.0,4.0,710262.0,4.0,54.20192307692308,True,True,20.444067333993935,19.43832958530377,8184.0,6342.0,12.0,12.0,True,True,9.407653100579708,12.140055656755651,3257.0,2320.0,6.0,6.0,-20.493488690884163,12.465469613259671
15,2024,9425.25,673531.0,13810.11578877013,12506.38674568331,4.0,4.0,0.6824888468831131,18.23783730158086,-4.360095503368122,0.7536349380250221,17.38143374742458,-3.662316037610991,13.08255467411492,13958.0,4.0,13194.0,4.0,715938.9,4.0,54.262460209185996,True,True,20.72361925434761,19.589298785059633,6039.0,7519.0,12.0,12.0,True,True,11.163554461487296,8.966179730405877,2348.0,3946.0,6.0,6.0,70.08620689655172,-27.909118821000924
15,2025,10155.68,672545.0,14466.830435140608,12599.89713556861,4.0,4.0,0.7019975830594778,4.755316004696297,2.858469594845392,0.806012929369974,0.7477010889462177,6.950048186753888,7.74971486167475,,,,,,,,,,,,7700.0,5009.0,12.0,12.0,True,True,7.4478287698220935,11.44904801909166,3481.0,2625.0,6.0,6.0,-33.47693867207299,48.25383304940374
15,2026,,,,,,,,,,,,,,,,,,,,,,,,,,,,,,,,,3182.0,2657.0,6.0,6.0,1.2190476190476085,-8.58948577994829
16,2005,2468.95,118411.0,,,,,,,,,,,,,,,,,,,,,,,784.0,443.0,12.0,12.0,True,True,3.741206475749719,6.621006494329074,267.0,229.0,6.0,6.0,,
16,2006,2586.19,118201.0,,,,,,,,,,,,,,,,,,,,,,,479.0,632.0,12.0,12.0,True,True,5.34682447695028,4.05241918427086,151.0,345.0,6.0,6.0,50.655021834061145,-43.44569288389513
16,2007,2767.01,118045.0,3399.0466567943704,2993.263661455923,4.0,4.0,0.8140547275127897,,,0.9244123849264008,,,,,,,,,,,,,,,489.0,346.0,12.0,12.0,True,True,2.9310856029480283,4.142488034224237,174.0,184.0,6.0,6.0,-46.666666666666664,15.231788079470189
16,2008,2908.94,117406.0,3903.28877281646,3310.6658491042554,4.0,4.0,0.7452535974941519,14.83481007870715,-8.451659046173521,0.8786570836760987,10.60388337103415,-4.949663374960622,5.12936346453392,,,,,,,,,,,,759.0,409.0,12.0,12.0,True,True,3.4836379742091546,6.464746265097184,239.0,247.0,6.0,6.0,34.239130434782616,37.356321839080465
16,2009,3060.42,117557.0,3492.898555081449,3040.518807771279,4.0,4.0,0.8761834767710955,-10.513959935351892,17.568500134341324,1.0065453277834873,-8.15990056520105,14.554966491857503,5.207395133622561,,,,,,,,,,,,645.0,435.0,12.0,12.0,True,True,3.700332604608828,5.486700068902746,307.0,284.0,6.0,6.0,14.979757085020239,28.451882845188294
16,2010,3138.35,118796.0,3568.75,3031.33585384279,4.0,4.0,0.8793975481611208,2.171590262998113,0.36682629554596335,1.0353026359720416,-0.3020193101591184,2.8570306169798387,2.5463825226602843,1042.0,4.0,661.0,4.0,34964.0,4.0,52.895612708018156,True,True,8.771339102326678,5.564160409441395,665.0,461.0,12.0,12.0,True,True,3.880602040472743,5.597831576820768,198.0,317.0,6.0,6.0,11.61971830985915,-35.504885993485345
16,2011,3247.3,119119.0,3687.0,3111.579194917423,4.0,4.0,0.8807431516137781,3.3134851138353794,0.15301423747098308,1.0436179819251488,2.647128030135937,0.8031802165074042,3.4715694552870158,905.0,4.0,768.0,4.0,41249.2,4.0,53.70989583333333,True,True,7.5974445722344885,6.447334178426615,557.0,769.0,12.0,12.0,True,True,6.455729144804775,4.6759962726349285,198.0,469.0,6.0,6.0,47.94952681388012,0.0
16,2012,3351.95,119182.0,3679.0,2986.1939873197716,4.0,4.0,0.9111035607502038,-0.216978573365878,3.447135419764158,1.1224823351173205,-4.0296325352239375,7.55682199406833,3.2226773011424736,1056.0,4.0,859.0,4.0,44686.6,4.0,52.02165308498254,True,True,8.860398382306053,7.207464214394792,452.0,1046.0,12.0,12.0,True,True,8.776493094594821,3.7925190045476667,211.0,614.0,6.0,6.0,30.91684434968016,6.565656565656575
16,2013,3363.53,119069.0,3627.25,2987.3564213850727,4.0,4.0,0.9272947825487629,-1.4066322370209328,1.777100046149216,1.125921893993659,0.038926944138162334,0.3064243212325568,0.34547054699505253,799.0,4.0,745.0,4.0,39030.3,4.0,52.38966442953021,True,True,6.710394813091568,6.256876265022802,697.0,613.0,12.0,12.0,True,True,5.148275369743594,5.853748666739453,292.0,368.0,6.0,6.0,-40.065146579804555,38.38862559241707
16,2014,3578.27,118706.0,3698.5,3031.330820089627,4.0,4.0,0.9674922265783426,1.964298021917421,4.334915367375736,1.1804287332433752,1.4720171449835284,4.841085295568748,6.384364046106317,652.0,4.0,599.0,4.0,31372.600000000002,4.0,52.37495826377296,True,True,5.492561454349401,5.046080231833268,843.0,960.0,12.0,12.0,True,True,8.08720704934881,7.101578690209425,303.0,487.0,6.0,6.0,32.33695652173913,3.767123287671237
16,2015,3731.67,138763.0,3731.0,3006.892952793702,4.0,4.0,1.00017957652104,0.8787346221441172,3.378564607004675,1.2410385266734913,-0.8061761894797903,5.13455761650119,4.286987846082058,879.0,4.0,779.0,4.0,40422.9,4.0,51.89075738125803,True,True,6.334541628532102,5.613888428471566,736.0,1164.0,12.0,12.0,True,True,8.388403248704625,5.304007552445537,253.0,799.0,6.0,6.0,64.06570841889116,-16.5016501650165
16,2016,3919.96,138898.0,3813.0,3096.015238761013,4.0,4.0,1.0280514030946761,2.19780219780219,2.786682234662674,1.266130718907159,2.963932782658829,2.021870529751024,5.045730195864051,1025.0,4.0,958.0,4.0,49437.2,4.0,51.60459290187891,True,True,7.3795159037567135,6.897147547120909,1145.0,1103.0,12.0,12.0,True,True,7.941079065213323,8.243459229074574,654.0,387.0,6.0,6.0,-51.56445556946183,158.49802371541503
16,2017,4173.04,139560.0,3861.5,3242.9579633514822,4.0,4.0,1.0806784928136735,1.271964332546549,5.119110733235455,1.2868005219800354,4.746188673453489,1.6325173036412233,6.456188328452339,1246.0,4.0,1167.0,4.0,61355.2,4.0,52.5751499571551,True,True,8.928059615935798,8.361994840928633,1486.0,984.0,12.0,12.0,True,True,7.05073086844368,10.64775007165377,623.0,818.0,6.0,6.0,111.36950904392764,-4.7400611620795114
16,2018,4419.34,140113.0,3916.25,3543.7833890772445,4.0,4.0,1.1284621768273222,1.4178428071992766,4.421637363138253,1.2470683207166167,9.276266579011395,-3.0876736980399833,5.902172037651221,1837.0,4.0,1866.0,4.0,102210.0,4.0,54.77491961414791,True,True,13.110846245530393,13.317822043636207,1219.0,1492.0,12.0,12.0,True,True,10.64854795771984,8.70012061693062,258.0,418.0,6.0,6.0,-48.8997555012225,-58.58747993579454
16,2019,4893.47,140874.0,4491.5,4171.316891049073,4.0,4.0,1.089495714126684,14.688796680497918,-3.4530588176373556,1.1731235309646562,17.70800957829508,-5.9294898702477505,10.728525073879801,1703.0,4.0,1691.0,4.0,95186.1,4.0,56.289828503843886,True,True,12.088816956997032,12.003634453483254,1062.0,1859.0,12.0,12.0,True,True,13.19618950267615,7.538651560969377,392.0,1051.0,6.0,6.0,151.43540669856458,51.93798449612403
16,2020,5212.8,140536.0,5049.773149166672,4642.969711400045,4.0,4.0,1.0322839949474227,12.429548016624103,-5.251211036210535,1.122729701897652,11.307048413489195,-4.295696722199871,6.525635183213541,2008.0,4.0,2012.0,4.0,107796.9,4.0,53.576988071570575,True,True,14.28815392497296,14.316616382990834,1433.0,952.0,12.0,12.0,True,True,6.774065008254113,10.196675584903511,400.0,497.0,6.0,6.0,-52.71170313986679,2.0408163265306145
16,2021,5697.74,139972.0,5871.231184881125,5132.256950503502,4.0,4.0,0.9704506296178766,16.267226496105323,-5.989956797954177,1.1101821391543971,10.538238875478623,-1.1175942635210379,9.302869858809082,1861.0,4.0,1870.0,4.0,100097.0,4.0,53.52780748663102,True,True,13.295516246106365,13.359814820106878,1293.0,990.0,12.0,12.0,True,True,7.072843140056582,9.2375617980739,415.0,630.0,6.0,6.0,26.7605633802817,3.750000000000009
16,2022,6462.8,139503.0,7253.582290551763,6111.703945100411,4.0,4.0,0.8909804481598278,23.544484319239544,-8.188997877134764,1.057446508871074,19.084137915207467,-4.750178229627322,13.42742912101993,1559.0,4.0,1666.0,4.0,91093.2,4.0,54.67779111644658,True,True,11.175386909242096,11.94239550403934,1803.0,624.0,12.0,12.0,True,True,4.473022085546547,12.924453237564784,793.0,428.0,6.0,6.0,-32.06349206349206,91.08433734939759
16,2023,7487.1,139132.0,7577.206818738948,6640.377890425348,4.0,4.0,0.9881081748334878,4.461582087635851,10.901218637767096,1.1275111331834786,8.650189048321955,6.625831540850724,15.849167543479602,,1.0,1736.0,4.0,97540.0,4.0,56.18663594470046,False,True,,12.477359629704166,772.0,1747.0,12.0,12.0,True,True,12.556421240261047,5.548687577264756,223.0,629.0,6.0,6.0,46.9626168224299,-71.87894073139975
16,2024,8679.92,138887.0,8306.056720889756,7748.23266298714,4.0,4.0,1.0450109229533646,9.618978597077653,5.758756942727028,1.1202451420261907,16.683610343308786,-0.6444274423058394,15.931669137583304,,2.0,1789.0,4.0,100330.8,4.0,56.08205701509223,False,True,,12.880975181262464,762.0,513.0,12.0,12.0,True,True,3.6936502336431776,5.486474616054778,460.0,204.0,6.0,6.0,-67.56756756756756,106.27802690582962
16,2025,9302.48,138760.0,9350.753668551022,8348.141081484864,4.0,4.0,0.994837456929982,12.57753206806127,-4.801238429315601,1.1143175359879507,7.742519418182314,-0.5291347238086441,7.172416335634413,,,,,,,,,,,,1063.0,842.0,12.0,12.0,True,True,6.068031132891322,7.660709138080138,397.0,561.0,6.0,6.0,175.0,-13.695652173913043
16,2026,,,,,,,,,,,,,,,,,,,,,,,,,,,,,,,,,296.0,464.0,6.0,6.0,-17.290552584670227,-25.440806045340047
17,2005,2401.67,770751.0,,,,,,,,,,,,,,,,,,,,,,,682.0,880.0,12.0,12.0,True,True,1.141743572178304,0.8848512684381856,238.0,456.0,6.0,6.0,,
17,2006,2500.84,764168.0,,,,,,,,,,,,,,,,,,,,,,,1186.0,994.0,12.0,12.0,True,True,1.3007610891845771,1.5520147402141937,401.0,345.0,6.0,6.0,-24.342105263157897,68.4873949579832
17,2007,2698.09,756666.0,4975.0,3693.6691792913,4.0,4.0,0.5423296482412061,,,0.7304633601533528,,,,,,,,,,,,,,,1559.0,2061.0,12.0,12.0,True,True,2.7237909460713183,2.060354238197567,418.0,413.0,6.0,6.0,19.71014492753622,4.239401496259343
17,2008,3002.12,750125.0,5225.0,3957.896641923379,4.0,4.0,0.5745684210526315,5.025125628140703,5.944497579281682,0.758513996601258,7.153522684529534,3.840115463425331,11.26834167874311,,,,,,,,,,,,2397.0,1529.0,12.0,12.0,True,True,2.0383269455090818,3.1954674220963173,870.0,695.0,6.0,6.0,68.28087167070218,108.13397129186603
17,2009,3159.24,744541.0,4969.25,3781.248165941516,4.0,4.0,0.6357579111535946,-4.894736842105263,10.64964377764821,0.8355018928553613,-4.463190728902378,10.149831987157775,5.233634898005413,,,,,,,,,,,,1800.0,1452.0,12.0,12.0,True,True,1.9501948180153947,2.417596881837266,660.0,578.0,6.0,6.0,-16.834532374100718,-24.13793103448276
17,2010,3243.15,733367.0,4926.75,3944.190759289194,4.0,4.0,0.6582737098492921,-0.8552598480656037,3.541567993207062,0.8222599255276556,4.309227699343698,-1.5849117088712616,2.6560185361036215,2735.0,4.0,2042.0,4.0,106724.8,4.0,52.26483839373164,True,True,3.729374242364328,2.784417624463604,2082.0,2374.0,12.0,12.0,True,True,3.2371241138475004,2.8389605749917846,1228.0,1171.0,6.0,6.0,102.59515570934256,86.06060606060606
17,2011,3427.06,727884.0,4972.25,3904.1269365899707,4.0,4.0,0.6892372668309116,0.9235297102552442,4.703751117253097,0.8778044504345288,-1.015767875954443,6.75510543350748,5.670721366572629,3389.0,4.0,2467.0,4.0,126910.4,4.0,51.44321037697608,True,True,4.6559616642212225,3.389276313258706,1525.0,1972.0,12.0,12.0,True,True,2.7092228981541013,2.0951140566353983,598.0,594.0,6.0,6.0,-49.27412467976089,-51.302931596091206
17,2012,3568.84,722022.0,4571.75,3619.028218645474,4.0,4.0,0.7806288620331383,-8.054703605007795,13.259816263627489,0.9861321284020663,-7.302496116929891,12.340752876556206,4.137073760015886,3637.0,4.0,2384.0,4.0,125062.70000000001,4.0,52.459186241610745,True,True,5.037242632495962,3.3018384481359293,2595.0,915.0,12.0,12.0,True,True,1.2672744043810298,3.5940733107855443,1106.0,563.0,6.0,6.0,-5.218855218855223,84.94983277591975
17,2013,3710.91,715360.0,4492.75,3440.892732720121,4.0,4.0,0.8259774080462968,-1.7280034997539273,5.809232558356703,1.078473026698052,-4.922191128756259,9.363947856116939,3.9808453166855218,8398.0,4.0,4727.0,4.0,250094.2,4.0,52.90759466892321,True,True,11.739543726235741,6.607861775889063,1435.0,1631.0,12.0,12.0,True,True,2.2799709237307093,2.0059830015656455,735.0,860.0,6.0,6.0,52.75310834813498,-33.54430379746836
17,2014,3837.47,708554.0,4570.75,3461.8490528328502,4.0,4.0,0.8395711863479735,1.7361304323632476,1.64578088568188,1.10850298249133,0.6090372976016223,2.784488350647063,3.410484220851484,6777.0,4.0,4150.0,4.0,220730.09999999998,4.0,53.18797590361445,True,True,9.564549773200067,5.8569989019891215,1752.0,2361.0,12.0,12.0,True,True,3.332138411468992,2.4726414641650463,707.0,1664.0,6.0,6.0,93.48837209302326,-3.809523809523807
17,2015,4047.78,703186.0,4659.5,3451.5948949602093,4.0,4.0,0.8687155274171049,1.9416944702729255,3.471336504043876,1.1727274269382832,-0.29620465006265917,5.793799877976924,5.480433723260392,6093.0,4.0,4830.0,4.0,251622.3,4.0,52.09571428571428,True,True,8.664848276273988,6.868737432201438,2252.0,2717.0,12.0,12.0,True,True,3.8638425679692143,3.202566603999511,828.0,1264.0,6.0,6.0,-24.03846153846154,17.114568599717117
17,2016,4230.12,698688.0,4740.25,3487.380483843173,4.0,4.0,0.8923833131163967,1.7330185642236318,2.7244575413152505,1.2129792030430564,1.0367841526018884,3.4323215420876796,4.504691460504273,5897.0,4.0,5427.0,4.0,272532.5,4.0,50.21789202137461,True,True,8.44010488229367,7.7674154987633965,2066.0,2340.0,12.0,12.0,True,True,3.349134377576257,2.956970779518183,656.0,1004.0,6.0,6.0,-20.569620253164555,-20.772946859903385
17,2017,4462.5,693797.0,4947.75,3752.3769916439005,4.0,4.0,0.9019251174776414,4.37740625494436,1.0692495277531133,1.1892461791385724,7.598726580837423,-1.9565895148856538,5.493461178406278,6024.0,4.0,5323.0,4.0,270172.60000000003,4.0,50.755701671989485,True,True,8.682655012921646,7.672273013576017,2520.0,3552.0,12.0,12.0,True,True,5.119653155029497,3.632186359987143,1055.0,1988.0,6.0,6.0,98.00796812749005,60.82317073170731
17,2018,4779.47,687702.0,5320.0,4283.162103035172,4.0,4.0,0.8983966165413534,7.523621848314899,-0.39121883490238485,1.115874180109394,14.14530343228484,-6.1696224311038055,7.102969187675079,7592.0,4.0,7029.0,4.0,367576.7,4.0,52.29430929008394,True,True,11.039665436482663,10.220996885278797,2800.0,3842.0,12.0,12.0,True,True,5.58672215581749,4.071530982896662,995.0,2099.0,6.0,6.0,5.583501006036218,-5.687203791469198
17,2019,5174.84,682679.0,5847.75,4766.604802126585,4.0,4.0,0.8849283912615964,9.92011278195488,-1.4991402496156936,1.0856448593538286,11.287051189326514,-2.709025918370289,8.272256128817634,7594.0,4.0,7313.0,4.0,377399.1,4.0,51.606604676603304,True,True,11.123822470004205,10.712208812633756,4202.0,6708.0,12.0,12.0,True,True,9.82599435459418,6.155162235838512,2001.0,3497.0,6.0,6.0,66.60314435445451,101.10552763819096
17,2020,5510.99,678104.0,6339.951390820995,5374.727494111259,4.0,4.0,0.8692479895001769,8.41693627157445,-1.7719401836644333,1.0253524492242694,12.757984293419188,-5.553603428421794,6.495853011880559,8493.0,4.0,8049.0,4.0,398057.6,4.0,49.45429245869052,True,True,12.524627490768378,11.869860670339653,5768.0,4037.0,12.0,12.0,True,True,5.95336408574496,8.50606986538938,2716.0,2019.0,6.0,6.0,-42.26479839862739,35.732133933033495
17,2021,6062.04,668712.0,7038.551074228578,5878.737200008747,4.0,4.0,0.8612624865643099,11.01900693464335,-0.918667978796095,1.031180641990763,9.377400183538587,0.5684087233519541,9.99911086755738,9555.0,4.0,9291.0,4.0,458502.0,4.0,49.34904746528899,True,True,14.288662383806482,13.89387359580806,4921.0,7117.0,12.0,12.0,True,True,10.642847743124095,7.358922824773594,2396.0,3918.0,6.0,6.0,94.05646359583952,-11.782032400589104
17,2022,6629.23,661329.0,8160.5954675294815,6513.217518884698,4.0,4.0,0.81234635712275,15.94141154149229,-5.679584354903556,1.0178118542454524,10.792799495697935,-1.2964544911841291,9.356421270727333,6986.0,4.0,7168.0,4.0,348920.10000000003,4.0,48.67746930803572,True,True,10.563577281504365,10.838780697655782,5788.0,4003.0,12.0,12.0,True,True,6.0529630486490085,8.7520734762879,3199.0,1883.0,6.0,6.0,-51.939765186319555,33.514190317195336
17,2023,7548.1,655279.0,8798.329358008154,6694.428474953804,4.0,4.0,0.8579015052590403,7.814796028257698,5.607847900942398,1.1275197021284311,2.782203351011936,10.778794472217058,13.86088580423368,8858.0,4.0,8629.0,4.0,417746.8,4.0,48.41195967087727,True,True,13.517906113273888,13.168436650648044,5204.0,5037.0,12.0,12.0,True,True,7.6868021102461705,7.94165538648423,2073.0,2452.0,6.0,6.0,30.217737652681897,-35.198499531103465
17,2024,8621.77,648711.0,10006.264903973037,7803.057599831229,4.0,4.0,0.8616371925728934,13.729146714261532,0.4354447790279936,1.1049219988055041,16.560474565158078,-2.004195871723491,14.224374345861879,9679.0,4.0,9633.0,4.0,468817.8,4.0,48.667891622547494,True,True,14.920357447307044,14.849447596849753,5489.0,10413.0,12.0,12.0,True,True,16.051832017647303,8.461394981740714,2522.0,6999.0,6.0,6.0,185.4404567699837,21.6594307766522
17,2025,9374.53,642590.0,9844.45478867829,8112.780073449537,4.0,4.0,0.9522650264777761,-1.617088062804528,10.518096791326204,1.1555262086642477,3.9692449998703916,4.579889794342962,8.730921840874895,,,,,,,,,,,,5792.0,7520.0,12.0,12.0,True,True,11.702640875208143,9.01352339750074,2263.0,4366.0,6.0,6.0,-37.61965995142164,-10.269627279936556
17,2026,,,,,,,,,,,,,,,,,,,,,,,,,,,,,,,,,2602.0,3182.0,6.0,6.0,-27.118644067796616,14.98011489173663
